kodis-id,buyer or seller,Segment,WC,Analytic,Clout,Authentic,Tone,WPS,BigWords,Dic,Linguistic,function,pronoun,ppron,i,we,you,shehe,they,ipron,det,article,number,prep,auxverb,adverb,conj,negate,verb,adj,quantity,Drives,affiliation,achieve,power,Cognition,allnone,cogproc,insight,cause,discrep,tentat,certitude,differ,memory,Affect,tone_pos,tone_neg,emotion,emo_pos,emo_neg,emo_anx,emo_anger,emo_sad,swear,Social,socbehav,prosocial,polite,conflict,moral,comm,socrefs,family,friend,female,male,Culture,politic,ethnicity,tech,Lifestyle,leisure,home,work,money,relig,Physical,health,illness,wellness,mental,substances,sexual,food,death,need,want,acquire,lack,fulfill,fatigue,reward,risk,curiosity,allure,Perception,attention,motion,space,visual,auditory,feeling,time,focuspast,focuspresent,focusfuture,Conversation,netspeak,assent,nonflu,filler,AllPunc,Period,Comma,QMark,Exclam,Apostro,OtherP,Emoji
2523,buyer,1,257,7.66,3.36,48.39,43.41,17.13,15.18,91.44,72.37,64.2,22.57,12.84,9.34,0,2.72,0.39,0.39,9.73,19.46,9.34,1.56,5.84,13.23,3.11,8.95,2.72,18.29,2.72,2.33,0.78,0,0,0.78,26.07,1.17,13.62,1.95,1.95,3.11,3.11,0.39,5.84,0.39,4.67,3.11,1.56,3.11,2.72,0.39,0,0,0,0,7.78,3.11,0.39,0.39,0.39,0.78,2.33,4.67,0,0,0,0.39,0.78,0,0,0.78,8.17,0,0,3.5,4.67,0,0,0,0,0,0,0,0,0,0,0,0,3.11,1.17,0,0,0,0,0,5.84,2.72,0,0.78,1.95,0.39,0,0,1.56,8.17,5.84,1.17,0.39,0.39,0,0,0,10.51,5.45,3.89,0.39,0,0.39,0.39,0
2523,seller,1,102,3.68,96.5,6.58,80.19,17,16.67,95.1,78.43,66.67,28.43,16.67,3.92,5.88,5.88,0,0.98,11.76,18.63,1.96,0.98,11.76,11.76,1.96,6.86,4.9,18.63,5.88,2.94,6.86,5.88,0,0.98,27.45,1.96,13.73,0,1.96,1.96,2.94,0.98,3.92,0.98,7.84,5.88,1.96,3.92,3.92,0,0,0,0,0,18.63,3.92,0.98,0,0,0,0.98,14.71,0,0,0,0,0.98,0,0,0.98,4.9,0,0,0.98,4.9,0,0,0,0,0,0,0,0,0,0,1.96,0,2.94,0,0,0,0,0,0,3.92,4.9,0,0.98,0.98,1.96,1.96,0,1.96,0.98,8.82,3.92,0.98,0.98,0,0,0,7.84,5.88,0,0,0,1.96,0,0
2525,buyer,1,112,13.27,1,99,47.3,10.18,18.75,92.86,77.68,64.29,22.32,17.86,13.39,0,4.46,0,0,4.46,14.29,8.04,0,9.82,10.71,6.25,6.25,3.57,16.96,7.14,2.68,2.68,0,0.89,1.79,26.79,0,20.54,4.46,0.89,4.46,1.79,0.89,8.93,0,7.14,4.46,2.68,2.68,1.79,0.89,0,0,0,0,8.93,3.57,0.89,1.79,0,0.89,0.89,5.36,0.89,0,0,0.89,0,0,0,0,4.46,0,0,2.68,1.79,0,0.89,0.89,0.89,0,0,0,0,0,0,2.68,0.89,4.46,0,0,0,0,0,0,6.25,5.36,0,1.79,4.46,0,0,0,2.68,2.68,4.46,0,0,0,0,0,0,11.61,8.93,1.79,0,0,0,0.89,0
2525,seller,1,156,38.2,84.23,53.41,8.34,10.4,13.46,89.74,73.08,57.69,20.51,14.1,6.41,0,7.69,0,0,6.41,16.67,7.05,0,11.54,10.9,3.85,3.21,0.64,17.31,8.97,1.28,1.92,0,0,1.92,22.44,0.64,12.18,4.49,0,1.92,4.49,0,2.56,0,3.85,1.28,2.56,3.21,0.64,2.56,0,0.64,0,0,17.31,7.05,3.85,3.21,0,0,1.28,10.26,1.28,0,0,1.28,0,0,0,0,6.41,0,0,2.56,3.85,0,0,0,0,0,0,0,0,0,0,0,0.64,1.28,0,0,0,0,0,0,5.77,7.05,0,0.64,5.77,0,0.64,0.64,0.64,1.28,8.97,0.64,0.64,0,0.64,0,0,11.54,5.77,1.92,3.85,0,0,0,0
2526,buyer,1,69,43.12,2.33,74.45,99,69,13.04,94.2,69.57,62.32,21.74,17.39,11.59,0,5.8,0,0,4.35,17.39,5.8,0,17.39,8.7,4.35,4.35,2.9,15.94,0,0,0,0,0,0,31.88,0,30.43,8.7,0,11.59,1.45,1.45,8.7,0,13.04,13.04,0,8.7,8.7,0,0,0,0,0,8.7,2.9,0,0,0,0,2.9,5.8,0,0,0,0,0,0,0,0,10.14,0,0,7.25,2.9,0,1.45,0,0,0,0,0,0,0,0,0,0,1.45,0,0,0,0,0,0,8.7,5.8,1.45,0,4.35,0,0,0,0,1.45,0,0,0,0,0,0,0,4.35,1.45,2.9,0,0,0,0,0
2526,seller,1,88,9.2,13.41,58.59,55.62,11,22.73,89.77,67.05,59.09,18.18,14.77,7.95,1.14,5.68,0,0,3.41,15.91,5.68,1.14,9.09,12.5,7.95,5.68,4.55,17.05,4.55,4.55,3.41,1.14,0,2.27,37.5,4.55,19.32,3.41,1.14,2.27,1.14,3.41,7.95,0,2.27,2.27,0,1.14,1.14,0,0,0,0,0,17.05,10.23,2.27,2.27,0,1.14,3.41,7.95,0,0,0,1.14,1.14,0,0,1.14,10.23,0,0,3.41,6.82,0,0,0,0,0,0,0,0,0,0,0,1.14,2.27,0,0,0,0,0,2.27,5.68,4.55,4.55,0,0,2.27,0,0,2.27,1.14,9.09,3.41,0,0,0,0,0,21.59,9.09,9.09,0,0,2.27,1.14,0
2527,buyer,1,88,9.2,78.1,95.15,99,8.8,11.36,95.45,75,60.23,23.86,22.73,11.36,1.14,10.23,0,0,1.14,10.23,10.23,0,7.95,10.23,7.95,10.23,0,14.77,9.09,1.14,2.27,1.14,0,1.14,21.59,1.14,13.64,4.55,0,3.41,3.41,1.14,4.55,0,15.91,12.5,3.41,9.09,6.82,2.27,0,0,0,0,19.32,7.95,5.68,5.68,0,1.14,4.55,11.36,0,0,0,0,0,0,0,0,7.95,0,0,5.68,2.27,0,0,0,0,0,0,0,0,0,0,0,2.27,2.27,0,1.14,0,0,0,0,1.14,5.68,0,2.27,5.68,0,0,0,2.27,1.14,2.27,5.68,1.14,0,1.14,0,0,21.59,5.68,4.55,3.41,2.27,4.55,1.14,0
2527,seller,1,40,39.7,69.2,15.38,90.5,13.33,20,90,72.5,55,12.5,12.5,5,2.5,5,0,0,0,12.5,10,0,12.5,12.5,7.5,7.5,2.5,22.5,7.5,0,7.5,2.5,0,5,25,0,7.5,0,0,2.5,2.5,0,2.5,0,5,5,0,2.5,2.5,0,0,0,0,0,15,7.5,7.5,7.5,0,0,0,7.5,0,0,0,0,0,0,0,0,10,0,0,2.5,7.5,0,0,0,0,0,0,0,0,0,0,2.5,0,2.5,0,0,0,0,0,0,10,2.5,0,2.5,2.5,0,0,0,2.5,5,2.5,12.5,0,0,0,0,0,15,5,7.5,0,0,2.5,0,0
2528,buyer,1,53,54.43,20.62,2.78,99,10.6,13.21,79.25,56.6,54.72,20.75,11.32,7.55,0,3.77,0,0,9.43,15.09,11.32,0,9.43,9.43,1.89,1.89,1.89,11.32,0,0,1.89,0,0,1.89,16.98,0,5.66,0,0,3.77,0,0,1.89,0,7.55,7.55,0,3.77,3.77,0,0,0,0,0,15.09,11.32,5.66,5.66,0,0,3.77,3.77,0,0,0,0,0,0,0,0,1.89,0,0,0,1.89,0,0,0,0,0,0,0,0,0,0,0,0,5.66,5.66,0,0,0,0,0,1.89,0,0,0,0,0,0,0,1.89,5.66,7.55,3.77,0,0,0,0,0,13.21,9.43,3.77,0,0,0,0,0
2528,seller,1,63,33.38,95.15,67.59,88.66,9,22.22,80.95,61.9,47.62,20.63,14.29,4.76,1.59,7.94,0,0,6.35,19.05,7.94,1.59,6.35,11.11,1.59,1.59,1.59,19.05,6.35,1.59,1.59,1.59,0,0,22.22,0,6.35,6.35,0,0,0,0,0,0,11.11,7.94,3.17,0,0,0,0,0,0,0,20.63,11.11,0,6.35,0,0,1.59,9.52,0,0,0,0,0,0,0,0,12.7,0,0,3.17,9.52,0,0,0,0,0,0,0,0,0,0,0,0,3.17,0,0,0,0,0,0,1.59,1.59,0,0,1.59,0,0,0,7.94,6.35,4.76,1.59,0,0,0,0,0,14.29,6.35,1.59,1.59,3.17,1.59,0,0
2531,buyer,1,88,38.37,7.37,3.28,99,12.57,12.5,87.5,65.91,55.68,17.05,11.36,7.95,2.27,1.14,0,0,5.68,12.5,7.95,0,10.23,10.23,0,7.95,3.41,13.64,4.55,1.14,6.82,2.27,2.27,2.27,22.73,0,14.77,2.27,0,9.09,0,0,3.41,0,9.09,9.09,0,6.82,6.82,0,0,0,0,0,9.09,5.68,3.41,4.55,0,0,1.14,3.41,0,0,0,0,0,0,0,0,10.23,0,0,4.55,5.68,0,0,0,0,0,0,0,0,0,0,1.14,0,6.82,0,1.14,0,1.14,0,0,5.68,4.55,0,0,3.41,0,0,1.14,0,2.27,4.55,2.27,3.41,0,3.41,0,0,6.82,6.82,0,0,0,0,0,0
2531,seller,1,59,11.79,50.15,41.6,73.26,59,11.86,88.14,76.27,61.02,10.17,8.47,1.69,1.69,5.08,0,0,1.69,15.25,8.47,0,5.08,16.95,8.47,10.17,0,23.73,10.17,0,1.69,1.69,0,0,33.9,0,22.03,3.39,3.39,3.39,6.78,0,10.17,0,3.39,3.39,0,0,0,0,0,0,0,0,13.56,6.78,5.08,0,0,0,0,6.78,0,0,0,0,0,0,0,0,5.08,0,0,3.39,3.39,0,0,0,0,0,0,0,0,0,0,0,0,1.69,0,0,0,0,0,0,5.08,10.17,3.39,0,5.08,0,1.69,0,0,0,15.25,5.08,1.69,0,1.69,0,0,1.69,0,0,0,0,1.69,0,0
2533,buyer,1,74,35.05,40.06,65.19,99,14.8,14.86,91.89,70.27,58.11,21.62,16.22,9.46,1.35,5.41,0,0,5.41,13.51,9.46,0,10.81,12.16,0,6.76,1.35,20.27,4.05,1.35,6.76,1.35,1.35,4.05,18.92,0,10.81,1.35,0,5.41,1.35,1.35,2.7,0,14.86,12.16,2.7,5.41,2.7,2.7,0,0,0,0,21.62,14.86,5.41,13.51,0,0,4.05,6.76,0,0,0,0,0,0,0,0,5.41,0,0,4.05,1.35,0,0,0,0,0,0,0,0,0,0,0,0,4.05,0,1.35,0,0,0,0,4.05,4.05,0,0,4.05,0,0,0,8.11,2.7,4.05,4.05,0,0,0,0,0,10.81,6.76,4.05,0,0,0,0,0
2533,seller,1,131,13.19,35.69,45.92,55.92,14.56,15.27,91.6,73.28,62.6,21.37,16.79,9.92,0,6.87,0,0,4.58,11.45,7.63,0,11.45,12.21,5.34,10.69,0.76,19.08,3.82,0,0.76,0,0,0.76,26.72,0,15.27,3.82,1.53,5.34,1.53,0.76,3.82,0,5.34,3.82,1.53,3.82,2.29,1.53,0,0,0,0,13.74,6.87,2.29,1.53,0,0,1.53,6.87,0,0,0,0,0,0,0,0,6.87,0.76,0,3.82,2.29,0,0,0,0,0,0,0,0,0,0,0,3.05,2.29,0,0,0,0,0,0,3.82,4.58,0,0,3.05,0.76,0.76,0,2.29,4.58,3.82,6.11,0,0,0,0,0,13.74,5.34,5.34,0,1.53,0,1.53,0
2536,buyer,1,107,19.22,62.24,54.14,33.26,21.4,14.95,91.59,79.44,58.88,26.17,19.63,11.21,2.8,4.67,0,0.93,6.54,17.76,9.35,1.87,6.54,10.28,0.93,6.54,0,20.56,7.48,4.67,4.67,3.74,0.93,0,24.3,1.87,11.21,4.67,1.87,3.74,0.93,0.93,0.93,0,6.54,3.74,2.8,0.93,0,0.93,0,0,0,0,14.02,5.61,1.87,0.93,0,1.87,2.8,8.41,0,0,0,0,0,0,0,0,5.61,0,0,0.93,4.67,0,0,0,0,0,0,0,0,0,0,0.93,0,2.8,0,0.93,0,0,0,0,5.61,5.61,0,0,3.74,1.87,0,0,1.87,5.61,5.61,1.87,0.93,0.93,0,0,0,12.15,4.67,4.67,0.93,0,1.87,0,0
2536,seller,1,51,7.78,73.71,90.94,80.19,17,13.73,94.12,80.39,62.75,21.57,15.69,5.88,1.96,7.84,0,0,5.88,19.61,7.84,3.92,7.84,7.84,15.69,1.96,3.92,17.65,11.76,3.92,7.84,1.96,3.92,1.96,23.53,0,7.84,1.96,1.96,1.96,0,0,3.92,0,3.92,3.92,0,0,0,0,0,0,0,0,15.69,5.88,1.96,0,0,0,0,9.8,0,0,0,0,0,0,0,0,5.88,0,0,1.96,3.92,0,0,0,0,0,0,0,0,0,0,0,0,3.92,0,0,0,0,0,0,9.8,7.84,0,5.88,3.92,0,0,0,5.88,3.92,3.92,3.92,1.96,0,1.96,0,0,11.76,1.96,3.92,1.96,0,3.92,0,0
2539,buyer,1,39,3.2,3.65,48.76,1,9.75,7.69,89.74,76.92,58.97,33.33,25.64,17.95,0,7.69,0,0,7.69,15.38,10.26,0,2.56,12.82,0,2.56,5.13,23.08,7.69,0,0,0,0,0,33.33,2.56,17.95,0,0,5.13,0,5.13,2.56,0,10.26,0,10.26,0,0,0,0,0,0,0,25.64,17.95,2.56,5.13,2.56,2.56,2.56,7.69,0,0,0,0,0,0,0,0,5.13,0,0,0,5.13,0,0,0,0,0,0,0,0,0,0,0,5.13,0,0,0,0,0,0,0,7.69,2.56,0,2.56,0,0,0,0,0,10.26,7.69,0,0,0,0,0,0,7.69,0,0,2.56,5.13,0,0,0
2539,seller,1,101,9.75,97.6,62.01,4.64,25.25,11.88,91.09,78.22,61.39,23.76,16.83,3.96,3.96,8.91,0,0,6.93,19.8,6.93,1.98,7.92,13.86,3.96,3.96,2.97,20.79,9.9,2.97,4.95,3.96,0.99,0,37.62,2.97,19.8,5.94,4.95,1.98,0.99,2.97,3.96,0,1.98,0,1.98,0,0,0,0,0,0,0,17.82,4.95,1.98,0.99,0,0,1.98,12.87,0,0,0,0,0,0,0,0,5.94,0,0,1.98,3.96,0,0,0,0,0,0,0,0,0,0,0,0,1.98,0,0.99,0,0,0,0,8.91,5.94,1.98,0,3.96,0,0,0,3.96,4.95,5.94,2.97,0,0,0,0,0,6.93,3.96,1.98,0,0,0.99,0,0
2540,buyer,1,114,52.34,14.81,39.59,5.65,19,15.79,89.47,71.93,58.77,16.67,13.16,8.77,1.75,2.63,0,0,3.51,14.91,7.89,1.75,13.16,10.53,3.51,3.51,2.63,16.67,7.02,2.63,4.39,1.75,0.88,1.75,26.32,0,19.3,3.51,0.88,8.77,0,2.63,3.51,0,7.02,2.63,4.39,4.39,1.75,2.63,0,0,0,0,7.89,2.63,0,0,0,0.88,0.88,5.26,0.88,0,0,0.88,0,0,0,0,8.77,0,0,3.51,4.39,0.88,0.88,0,0,0,0,0,0,0,0.88,2.63,0.88,2.63,0,0.88,0,0,0,0,5.26,6.14,0,0.88,6.14,0,0,0,2.63,1.75,2.63,2.63,0,0,0,0,0,8.77,4.39,4.39,0,0,0,0,0
2540,seller,1,213,26.4,51.25,76.31,7.54,30.43,15.96,95.31,78.4,66.67,21.6,15.96,7.51,0,8.45,0,0,5.63,15.02,8.45,0.47,14.55,11.74,4.23,7.98,2.35,16.43,6.57,2.35,1.88,0,0.94,0.94,24.88,1.41,15.96,2.82,0,5.16,2.82,1.41,7.51,0,1.41,0,1.41,0.94,0,0.94,0,0,0,0,14.08,3.29,0,0,0,0.47,0.47,10.8,0.47,0,0,0.47,0.47,0,0,0.47,7.98,0.47,0,2.82,5.16,0,0,0,0,0,0,0,0,0,0,0,0.47,3.29,0,0,0,0,0,0,5.63,7.04,0.94,1.41,5.63,0.47,0,0,2.35,3.29,6.57,1.41,0.94,0.47,0.47,0,0,7.98,3.29,3.76,0,0,0.47,0.47,0
2542,buyer,1,145,9.58,9.86,94.42,63.69,20.71,11.03,90.34,69.66,60.69,24.83,19.31,13.79,0,4.83,0.69,0,5.52,16.55,8.28,0.69,8.97,9.66,4.83,11.03,0.69,14.48,5.52,2.07,3.45,1.38,0,2.07,28.28,0,15.17,2.76,2.76,2.76,3.45,1.38,4.14,0,8.28,5.52,2.76,2.76,0.69,2.07,1.38,0,0,0,14.48,7.59,0.69,4.14,0,0.69,2.07,6.9,0.69,0,0,0.69,0,0,0,0,6.21,0,0,2.76,3.45,0,0,0,0,0,0,0,0,0,0,0,0.69,2.76,0,0.69,0,0,0,0,5.52,1.38,0,0,0.69,0.69,0,0,8.97,7.59,3.45,2.76,0.69,0,0.69,0,0,6.21,4.83,0,0,0,1.38,0,0
2542,seller,1,106,43.04,10.65,83.95,64.84,8.83,16.04,87.74,70.75,57.55,20.75,16.98,11.32,0,4.72,0,0.94,3.77,18.87,8.49,0,13.21,9.43,2.83,4.72,2.83,15.09,7.55,1.89,5.66,1.89,1.89,2.83,25.47,1.89,13.21,2.83,1.89,0.94,3.77,0.94,4.72,0,10.38,6.6,3.77,6.6,2.83,3.77,0.94,0,0,0,12.26,4.72,1.89,4.72,0,0,0.94,7.55,0.94,0,0,0,0,0,0,0,5.66,0,0,2.83,2.83,0,0,0,0,0,0,0,0,0,0,0,0.94,0,0,0,0,0,0,0,5.66,4.72,0,0.94,2.83,0,0.94,0,1.89,1.89,4.72,3.77,0.94,0,0.94,0,0,20.75,10.38,2.83,0,0.94,3.77,2.83,0
2543,buyer,1,95,33.7,34.07,76.52,99,7.92,5.26,90.53,71.58,61.05,26.32,21.05,13.68,0,5.26,1.05,0,5.26,12.63,6.32,0,14.74,11.58,1.05,4.21,0,17.89,3.16,1.05,2.11,0,1.05,1.05,18.95,0,9.47,2.11,0,5.26,3.16,0,2.11,0,11.58,9.47,2.11,6.32,4.21,2.11,0,0,0,0,21.05,11.58,2.11,6.32,0,0,4.21,9.47,2.11,0,0,3.16,0,0,0,0,5.26,0,0,3.16,2.11,0,0,0,0,0,0,0,0,0,0,0,1.05,2.11,0,0,0,0,0,0,4.21,4.21,0,1.05,3.16,0,0,1.05,6.32,1.05,5.26,5.26,1.05,0,1.05,0,0,14.74,11.58,1.05,0,1.05,0,1.05,0
2543,seller,1,66,12.37,81.31,61.28,99,13.2,12.12,93.94,75.76,60.61,19.7,16.67,7.58,0,9.09,0,0,3.03,6.06,3.03,0,13.64,10.61,7.58,10.61,0,19.7,3.03,0,3.03,0,1.52,1.52,22.73,1.52,12.12,4.55,0,3.03,6.06,0,3.03,0,10.61,9.09,1.52,3.03,1.52,1.52,0,0,0,0,16.67,7.58,3.03,4.55,0,0,3.03,9.09,0,0,0,0,0,0,0,0,4.55,0,0,1.52,3.03,0,0,0,0,0,0,0,0,0,0,0,1.52,1.52,0,0,0,0,0,3.03,6.06,10.61,6.06,1.52,3.03,3.03,0,0,3.03,1.52,6.06,4.55,4.55,0,4.55,0,0,10.61,6.06,4.55,0,0,0,0,0
2544,buyer,1,84,49.68,67.92,79.29,88.66,28,4.76,94.05,80.95,63.1,22.62,15.48,8.33,2.38,2.38,1.19,0,7.14,15.48,5.95,0,17.86,10.71,4.76,2.38,0,20.24,8.33,2.38,2.38,2.38,0,0,17.86,0,11.9,1.19,1.19,7.14,1.19,2.38,0,0,9.52,7.14,2.38,4.76,2.38,2.38,0,0,0,0,11.9,3.57,2.38,2.38,0,0,2.38,8.33,1.19,0,0,2.38,0,0,0,0,5.95,1.19,0,1.19,3.57,0,1.19,1.19,1.19,0,0,0,0,0,0,0,2.38,3.57,0,0,0,0,0,0,10.71,16.67,0,3.57,14.29,0,1.19,0,3.57,2.38,3.57,3.57,0,0,0,0,0,7.14,0,3.57,1.19,1.19,1.19,0,0
2544,seller,1,45,66.04,66.21,10.18,85.84,45,8.89,91.11,73.33,60,17.78,13.33,6.67,0,6.67,0,0,4.44,8.89,4.44,0,22.22,8.89,4.44,6.67,0,13.33,6.67,2.22,2.22,0,0,2.22,24.44,0,20,2.22,2.22,4.44,4.44,4.44,4.44,0,4.44,4.44,0,4.44,4.44,0,0,0,0,0,11.11,2.22,2.22,2.22,0,0,0,8.89,0,0,0,0,0,0,0,0,4.44,0,0,0,4.44,0,0,0,0,0,0,0,0,0,0,0,2.22,0,0,0,0,0,0,0,8.89,2.22,0,0,2.22,0,0,0,0,0,2.22,2.22,2.22,0,2.22,0,0,2.22,0,2.22,0,0,0,0,0
2545,buyer,1,70,8.96,57.11,4.17,99,8.75,18.57,95.71,74.29,64.29,21.43,17.14,10,2.86,2.86,0,0,4.29,17.14,8.57,0,10,14.29,10,7.14,0,20,4.29,2.86,8.57,4.29,1.43,2.86,25.71,2.86,15.71,1.43,1.43,8.57,0,1.43,0,0,12.86,11.43,0,5.71,4.29,0,0,0,0,0,15.71,8.57,7.14,5.71,0,0,2.86,7.14,0,0,0,0,0,0,0,0,8.57,0,0,2.86,5.71,0,0,0,0,0,0,0,0,0,0,0,0,1.43,0,1.43,0,0,0,0,4.29,5.71,0,0,5.71,0,0,0,0,1.43,7.14,1.43,0,0,0,0,0,15.71,8.57,2.86,2.86,0,1.43,0,0
2545,seller,1,45,27.51,86.16,1,54.76,15,11.11,93.33,75.56,64.44,20,17.78,8.89,0,8.89,0,0,2.22,13.33,8.89,0,13.33,17.78,4.44,4.44,0,17.78,8.89,0,6.67,0,2.22,4.44,24.44,2.22,11.11,2.22,0,8.89,0,0,0,0,11.11,6.67,4.44,6.67,4.44,2.22,0,0,0,0,13.33,4.44,4.44,4.44,0,0,0,8.89,0,0,0,0,0,0,0,0,6.67,0,0,2.22,4.44,0,0,0,0,0,0,0,0,0,0,0,0,0,0,0,0,0,0,0,15.56,0,0,0,0,0,0,0,2.22,0,2.22,8.89,8.89,0,8.89,0,0,8.89,2.22,0,4.44,0,2.22,0,0
2546,buyer,1,45,17.49,1,93.95,97.84,45,11.11,100,73.33,62.22,15.56,11.11,11.11,0,0,0,0,4.44,11.11,8.89,0,8.89,11.11,6.67,6.67,6.67,13.33,4.44,0,0,0,0,0,24.44,4.44,11.11,2.22,2.22,2.22,0,0,6.67,0,6.67,6.67,0,0,0,0,0,0,0,0,13.33,13.33,8.89,8.89,0,2.22,2.22,0,0,0,0,0,0,0,0,0,11.11,0,0,6.67,4.44,0,0,0,0,0,0,0,0,0,0,2.22,0,0,0,2.22,0,0,0,0,13.33,4.44,0,4.44,4.44,0,0,0,0,4.44,2.22,2.22,4.44,0,4.44,0,0,2.22,0,2.22,0,0,0,0,0
2546,seller,1,130,14.06,67.13,46.9,56.22,8.67,19.23,90.77,73.08,65.38,22.31,16.15,6.92,0.77,8.46,0,0,6.15,16.92,9.23,0,9.23,15.38,6.15,2.31,3.08,17.69,4.62,0.77,3.85,0.77,1.54,1.54,26.92,0.77,12.31,3.85,0.77,3.08,2.31,0.77,3.85,0,3.85,3.08,0.77,0.77,0.77,0,0,0,0,0,14.62,5.38,2.31,2.31,0,0.77,3.08,9.23,0,0,0,0,0,0,0,0,8.46,0,0,5.38,3.85,0,0,0,0,0,0,0,0,0,0,0,0,0.77,0,0,0,0,0,0.77,3.85,4.62,0.77,0.77,3.08,0,0.77,0,2.31,4.62,6.92,1.54,0.77,0,0.77,0,0,16.92,5.38,4.62,5.38,0.77,0.77,0,0
2547,buyer,1,120,39.7,2.99,99,31.71,15,14.17,92.5,72.5,52.5,20,16.67,13.33,0.83,2.5,0,0,3.33,14.17,6.67,0.83,10.83,9.17,0.83,6.67,0.83,22.5,6.67,2.5,1.67,0.83,0,0.83,28.33,1.67,15,5.83,0.83,2.5,2.5,1.67,4.17,0,4.17,2.5,1.67,0.83,0.83,0,0,0,0,0,10.83,6.67,1.67,2.5,0,2.5,0.83,4.17,0,0,0,0,0,0,0,0,10.83,0,0,5.83,5,0.83,0,0,0,0,0,0,0,0,0,2.5,0,4.17,0,1.67,0,0,0,0,8.33,9.17,0,2.5,6.67,0.83,0,0,3.33,4.17,0.83,7.5,0,0,0,0,0,12.5,5.83,4.17,0,0.83,0.83,0.83,0
2547,seller,1,106,10.62,99,10.87,10.8,5.89,15.09,93.4,75.47,60.38,25.47,17.92,5.66,2.83,9.43,0,0,7.55,16.98,6.6,0.94,8.49,13.21,5.66,2.83,0.94,20.75,8.49,3.77,10.38,2.83,0,7.55,21.7,0.94,13.21,3.77,0.94,4.72,1.89,0.94,1.89,0,4.72,1.89,2.83,0.94,0,0.94,0.94,0,0,0,22.64,10.38,8.49,6.6,0,1.89,0,14.15,0,0,0,0,0.94,0.94,0,0,6.6,0,0,4.72,1.89,0,0,0,0,0,0,0,0,0,0,0.94,1.89,0.94,0,0,0,0,0,0,7.55,3.77,0,0.94,2.83,0,0,0.94,0.94,0.94,5.66,1.89,1.89,0,1.89,0,0,26.42,14.15,1.89,4.72,0,4.72,0.94,0
2548,buyer,1,152,42.42,5.07,77.97,61.63,10.86,17.76,96.71,75.66,62.5,17.11,15.79,11.84,0,3.95,0,0,1.32,15.13,10.53,0,12.5,13.82,3.95,5.26,1.97,21.05,6.58,1.32,3.29,0,2.63,0.66,28.29,0.66,17.11,5.26,0.66,5.26,3.95,0,3.95,0,10.53,6.58,3.95,5.26,3.95,1.32,0,0,0,0,9.21,4.61,2.63,1.97,0,0,1.97,4.61,0,0,0,0,0,0,0,0,11.18,0,0,7.89,5.92,0,0.66,0,0,0,0,0,0,0,0,0,0.66,5.26,0,0,0,0,0.66,0.66,4.61,4.61,0,0.66,3.95,0,0,0.66,1.97,5.92,3.29,1.32,0.66,0,0.66,0,0,9.87,9.21,0,0,0,0.66,0,0
2548,seller,1,93,17.22,81.11,79.1,35.47,7.15,11.83,94.62,80.65,62.37,24.73,20.43,9.68,2.15,8.6,0,0,4.3,9.68,7.53,0,12.9,15.05,2.15,4.3,3.23,25.81,6.45,0,3.23,2.15,0,1.08,25.81,1.08,10.75,5.38,3.23,1.08,0,0,1.08,0,5.38,3.23,2.15,3.23,1.08,2.15,0,0,0,0,18.28,6.45,2.15,2.15,0,0,3.23,10.75,0,0,0,0,0,0,0,0,8.6,0,0,4.3,5.38,0,0,0,0,0,0,0,0,0,0,0,0,4.3,0,0,0,0,0,0,8.6,6.45,0,1.08,5.38,0,0,0,1.08,3.23,8.6,4.3,1.08,0,1.08,0,0,21.51,10.75,1.08,3.23,0,6.45,0,0
2550,buyer,1,241,13.48,15.82,80.31,2.88,15.06,15.77,90.04,70.12,61.41,20.75,16.6,9.96,0.83,5.81,0,0,4.15,17.01,8.3,0,10.37,10.37,6.22,7.88,4.56,16.6,2.49,2.07,4.56,0.83,1.66,2.07,29.88,2.49,16.18,2.9,4.98,3.32,2.07,0.41,4.56,0,4.98,1.24,3.73,0.83,0,0.83,0,0.41,0,0,15.35,7.88,1.66,1.66,0.83,0.83,2.49,7.47,0,0,0,0,0,0,0,0,6.22,0,0,2.9,3.32,0,0.41,0.41,0,0,0,0,0,0,0,0,1.24,1.66,0,0.41,0,0,0.83,0,9.54,6.64,0.83,0.83,5.81,0,0,0,2.07,4.98,5.81,1.66,0.83,0,0.41,0.41,0,12.45,5.81,1.66,1.24,0,3.73,0,0
2550,seller,1,244,34.77,90.16,46.39,51.82,13.56,13.52,90.98,70.08,60.66,18.03,15.57,4.92,2.87,7.38,0,0.41,2.46,15.98,9.43,0,10.66,11.48,3.69,6.97,1.64,16.8,3.28,2.05,6.15,2.87,0.41,2.87,26.64,4.1,13.93,3.28,0.41,3.69,4.1,0,4.51,0,3.69,2.87,0.82,0.82,0.82,0,0,0,0,0,17.21,6.15,3.28,2.46,0,0.82,1.23,11.07,0,0,0,0,0.82,0,0,0.82,9.43,0,0,4.51,4.92,0,0,0,0,0,0,0,0,0,0,0,0.41,2.46,0,0.82,0,0,0.41,0,4.92,6.15,0.82,0.82,4.92,0,0,0,2.87,2.46,4.51,2.87,0.41,0,0.41,0,0,11.07,6.15,3.28,1.23,0,0.41,0,0
2551,buyer,1,33,54.26,86.82,98.58,67.94,8.25,12.12,96.97,81.82,57.58,27.27,24.24,12.12,0,12.12,0,0,3.03,12.12,9.09,0,12.12,6.06,0,3.03,0,18.18,12.12,3.03,6.06,3.03,0,3.03,15.15,0,9.09,6.06,0,0,3.03,0,3.03,0,15.15,9.09,6.06,0,0,0,0,0,0,0,24.24,12.12,12.12,9.09,0,0,6.06,12.12,0,0,0,0,0,0,0,0,9.09,0,0,6.06,3.03,0,0,0,0,0,0,0,0,0,0,0,0,6.06,0,3.03,0,0,0,0,9.09,9.09,0,0,9.09,0,0,0,0,3.03,0,3.03,3.03,0,3.03,0,0,12.12,9.09,3.03,0,0,0,0,0
2551,seller,1,60,18.61,84.23,98.38,99,30,13.33,95,76.67,60,21.67,20,10,1.67,8.33,0,0,1.67,15,6.67,0,10,5,6.67,11.67,0,18.33,8.33,5,6.67,5,0,1.67,11.67,0,8.33,5,0,1.67,1.67,0,1.67,0,20,18.33,1.67,5,3.33,1.67,0,0,0,0,28.33,18.33,10,10,0,0,3.33,10,0,0,0,0,0,0,0,0,8.33,0,0,5,3.33,0,0,0,0,0,0,0,0,0,0,1.67,0,5,0,1.67,0,0,0,0,10,8.33,0,0,6.67,0,0,1.67,8.33,1.67,0,1.67,0,0,0,0,0,5,1.67,3.33,0,0,0,0,0
2552,buyer,1,133,43.26,14.81,60.24,78.21,14.78,18.05,84.96,66.92,59.4,18.8,14.29,9.02,2.26,3.01,0,0,4.51,16.54,9.02,0,12.78,11.28,0.75,7.52,2.26,17.29,1.5,1.5,4.51,2.26,1.5,0.75,27.07,0.75,17.29,3.01,3.76,5.26,2.26,0,4.51,0,3.76,3.76,0,3.01,3.01,0,0,0,0,0,8.27,3.01,0.75,1.5,0,0,2.26,5.26,0,0,0,0,0,0,0,0,7.52,0,0,1.5,6.02,0,0,0,0,0,0,0,0,0,0,0,0,6.02,0,0.75,0,0,0,0,4.51,4.51,0.75,0.75,3.01,0.75,0,0,4.51,7.52,2.26,0,0,0,0,0,0,11.28,6.02,2.26,0,0.75,0.75,1.5,0
2552,seller,1,65,44.27,17.19,92.75,68.66,9.29,18.46,90.77,75.38,64.62,16.92,9.23,4.62,0,4.62,0,0,7.69,16.92,9.23,0,15.38,10.77,7.69,4.62,3.08,15.38,6.15,0,0,0,0,0,27.69,0,16.92,3.08,7.69,1.54,1.54,0,6.15,0,6.15,4.62,1.54,3.08,1.54,1.54,0,0,0,0,10.77,6.15,3.08,3.08,0,0,4.62,4.62,0,0,0,0,0,0,0,0,4.62,0,0,0,4.62,0,0,0,0,0,0,0,0,0,0,0,0,3.08,0,0,0,0,0,0,6.15,7.69,0,3.08,6.15,0,1.54,0,4.62,3.08,6.15,1.54,0,0,0,0,0,13.85,6.15,3.08,1.54,3.08,0,0,0
2553,buyer,1,74,73.93,32.46,20.17,62.77,12.33,16.22,82.43,77.03,62.16,17.57,10.81,6.76,0,4.05,0,0,6.76,17.57,13.51,0,13.51,12.16,2.7,2.7,0,21.62,4.05,0,0,0,0,0,16.22,1.35,6.76,1.35,0,1.35,1.35,0,2.7,0,8.11,5.41,2.7,0,0,0,0,0,0,0,9.46,5.41,4.05,2.7,0,0,4.05,4.05,0,0,0,0,0,0,0,0,2.7,0,0,1.35,1.35,0,0,0,0,0,0,0,0,0,0,0,0,1.35,0,0,0,0,0,1.35,2.7,6.76,0,1.35,2.7,2.7,0,0,0,2.7,4.05,2.7,1.35,0,1.35,0,0,8.11,6.76,0,1.35,0,0,0,0
2553,seller,1,138,27.02,99,25.51,30.05,10.62,17.39,92.75,74.64,62.32,24.64,20.29,7.25,3.62,9.42,0,0,4.35,14.49,6.52,0,13.77,13.04,4.35,2.9,0,20.29,5.8,1.45,5.07,4.35,0,0.72,20.29,0.72,10.14,2.9,2.9,5.07,0.72,0.72,0,0,6.52,3.62,2.9,2.17,1.45,0.72,0,0,0,0,21.01,7.97,3.62,1.45,0,0,3.62,13.04,0,0,0,0,0,0,0,0,5.8,0,0,4.35,1.45,0,0,0,0,0,0,0,0,0,0,1.45,0.72,0.72,0,0,0,0,0,0,6.52,6.52,0,1.45,3.62,1.45,0.72,0,4.35,1.45,9.42,1.45,0,0,0,0,0,10.87,4.35,1.45,4.35,0.72,0,0,0
2554,buyer,1,88,74.3,7.37,66.42,86.79,22,21.59,92.05,72.73,56.82,14.77,11.36,9.09,1.14,1.14,0,0,3.41,18.18,12.5,0,15.91,11.36,2.27,6.82,1.14,17.05,4.55,0,1.14,1.14,0,0,22.73,1.14,14.77,4.55,1.14,6.82,0,0,2.27,0,9.09,6.82,2.27,4.55,4.55,0,0,0,0,0,6.82,4.55,1.14,1.14,0,1.14,2.27,2.27,0,0,0,0,1.14,0,0,1.14,4.55,0,0,2.27,2.27,0,0,0,0,0,0,0,0,0,0,2.27,2.27,2.27,0,0,0,0,1.14,0,4.55,11.36,0,1.14,5.68,3.41,0,1.14,4.55,4.55,3.41,4.55,5.68,3.41,2.27,0,0,10.23,4.55,2.27,0,0,3.41,0,0
2554,seller,1,100,12.09,1.98,75.94,34.28,10,12,91,76,67,20,15,10,0,5,0,0,5,19,10,0,10,17,5,5,5,18,9,2,1,1,0,0,33,4,14,0,2,4,1,0,8,0,3,2,1,2,1,1,1,0,0,0,11,5,3,0,0,0,0,6,0,0,0,0,1,0,0,1,7,0,0,0,7,0,0,0,0,0,0,0,0,0,0,2,0,2,0,0,0,0,1,0,2,2,0,0,2,0,0,0,6,3,12,2,0,0,0,0,0,15,8,2,2,0,3,0,0
2556,buyer,1,112,28.36,9.23,89.39,32.62,22.4,15.18,92.86,77.68,66.07,17.86,13.39,8.93,1.79,2.68,0,0,4.46,17.86,8.93,0.89,13.39,13.39,6.25,7.14,1.79,16.07,9.82,2.68,4.46,1.79,0.89,1.79,24.11,0,15.18,4.46,1.79,2.68,2.68,0,5.36,0,4.46,2.68,1.79,2.68,0.89,1.79,0,0,0,0,7.14,2.68,0.89,0.89,0,0,0,4.46,0,0,0,0,0,0,0,0,4.46,0,0,2.68,1.79,0,0,0,0,0,0,0,0,0,0,0,0,0.89,0,0,0,0,0,1.79,1.79,8.04,1.79,0.89,6.25,1.79,0,0,1.79,3.57,5.36,0.89,0.89,0,0.89,0,0,3.57,3.57,0,0,0,0,0,0
2556,seller,1,54,16.08,2.75,52.89,99,18,11.11,92.59,83.33,66.67,18.52,12.96,9.26,1.85,1.85,0,0,5.56,11.11,7.41,0,14.81,16.67,7.41,5.56,3.7,20.37,9.26,1.85,1.85,1.85,0,0,25.93,0,14.81,1.85,1.85,1.85,1.85,1.85,5.56,0,7.41,7.41,0,0,0,0,0,0,0,0,12.96,9.26,1.85,1.85,0,0,3.7,3.7,0,0,0,0,0,0,0,0,3.7,0,0,0,3.7,0,0,0,0,0,0,0,0,0,0,0,0,0,0,0,0,0,0,0,3.7,1.85,0,0,1.85,0,0,0,1.85,3.7,7.41,3.7,5.56,0,5.56,0,0,7.41,7.41,0,0,0,0,0,0
2557,buyer,1,150,17.93,2.55,98.82,,16.67,18.67,88.67,70,58.67,20.67,16.67,12,0.67,4,0,0,4,16.67,8,0,8.67,10.67,4.67,6.67,2.67,18.67,2.67,1.33,2,0.67,0.67,0.67,29.33,0.67,18,6.67,0.67,2,2,0.67,6.67,0,0,0,0,0,0,0,0,0,0,0,10,4.67,0.67,1.33,0,0,3.33,5.33,0,0,0,0,0.67,0,0,0.67,7.33,0,0,4,3.33,0,0.67,0,0,0,0,0,0,0,0,0,0,4.67,0,1.33,0,0,0,0,5.33,4,0,0.67,3.33,0.67,0,0,3.33,5.33,2.67,4.67,0.67,0,0.67,0,0,9.33,4.67,3.33,0.67,0,0.67,0,0
2557,seller,1,118,8.41,73.96,84.57,11.57,9.83,9.32,93.22,75.42,56.78,27.12,21.19,9.32,0.85,11.02,0,0,5.93,15.25,5.08,0,8.47,7.63,4.24,6.78,2.54,16.95,9.32,1.69,0.85,0.85,0,0,29.66,0,20.34,7.63,0,3.39,4.24,0,5.93,0,9.32,4.24,5.08,4.24,2.54,1.69,0,0,0,0,16.1,4.24,0.85,0,0,0,0.85,11.86,0,0,0,0,1.69,0,0,1.69,8.47,0,0,5.08,3.39,0,0,0,0,0,0,0,0,0,0,0.85,1.69,2.54,0,0.85,0,0,0,0,10.17,5.93,0,1.69,1.69,0.85,1.69,0,0.85,1.69,4.24,3.39,1.69,0,1.69,0,0,21.19,7.63,6.78,2.54,0,4.24,0,0
2558,buyer,1,164,77.24,10.37,59.99,8.75,20.5,18.9,86.59,64.02,56.1,12.2,9.15,6.71,0,1.83,0,0.61,3.05,21.34,13.41,1.83,12.2,9.76,3.05,5.49,1.83,12.2,6.1,3.05,1.83,0,0,1.83,21.95,0,11.59,4.27,0.61,1.83,1.83,0,2.44,0,2.44,0.61,1.83,1.22,0,1.22,0,0,0,0,7.93,4.27,0,1.22,0,0,1.22,2.44,0,0,0,0,0,0,0,0,12.2,0,0,4.27,7.93,0,0.61,0,0,0,0,0,0,0,0,0,0,1.22,0,1.83,0,0,0,0.61,3.05,5.49,1.22,0.61,3.66,0,0.61,0,3.66,4.88,5.49,0,0.61,0,0.61,0,0,10.37,4.27,3.66,0.61,0,1.22,0.61,0
2558,seller,1,114,19.15,82.58,33.61,20.23,8.77,21.05,90.35,69.3,57.89,21.05,12.28,3.51,0.88,7.02,0,0.88,8.77,19.3,6.14,0.88,10.53,13.16,4.39,2.63,3.51,18.42,6.14,3.51,3.51,0.88,0.88,1.75,30.7,5.26,12.28,4.39,0,1.75,3.51,0,2.63,0,3.51,1.75,1.75,2.63,0.88,1.75,0,0,0.88,0,15.79,6.14,3.51,0.88,0,0,0.88,9.65,0,0,0,0,1.75,0,0,1.75,8.77,0,0,4.39,5.26,0,0,0,0,0,0,0,0,0,0,0,0,1.75,0,0,0,0,0,0,5.26,5.26,0,0.88,4.39,0.88,0,0,1.75,5.26,7.02,2.63,0.88,0,0.88,0,0,19.3,10.53,3.51,0.88,0,3.51,0.88,0
2559,buyer,1,209,8.76,18.4,78.61,57.64,12.29,13.4,93.3,77.99,64.59,20.1,15.79,7.66,0.48,6.7,0,0.96,4.31,12.44,6.7,0,11.48,13.4,5.26,9.09,4.78,19.62,6.7,0.96,2.39,0.48,0.48,1.44,26.79,0.96,17.7,5.26,1.91,2.39,2.87,0.48,7.66,0,6.22,4.31,1.91,1.91,0.96,0.96,0,0,0,0,16.27,7.66,3.35,2.87,0,0.48,3.83,8.61,0,0,0,0,0,0,0,0,7.18,0,0,2.87,4.31,0,0,0,0,0,0,0,0,0,0,1.44,0.96,0.96,0,0.48,0,0,0.96,0,4.31,5.26,0.48,1.44,2.87,0.48,0,0.48,0,3.83,6.22,3.35,1.44,0.48,0.96,0,0,11.96,8.13,1.44,0,0,2.39,0,0
2559,seller,1,65,14.06,3.06,41.41,43.1,10.83,9.23,90.77,72.31,60,18.46,15.38,10.77,0,3.08,0,1.54,3.08,18.46,12.31,0,9.23,13.85,6.15,9.23,4.62,18.46,7.69,1.54,3.08,0,1.54,1.54,29.23,3.08,10.77,3.08,0,4.62,0,0,4.62,0,7.69,4.62,3.08,3.08,0,3.08,0,0,0,0,12.31,6.15,1.54,0,0,1.54,3.08,6.15,0,0,0,0,0,0,0,0,12.31,0,0,3.08,9.23,0,0,0,0,0,0,0,0,0,0,1.54,0,0,0,0,0,0,0,0,7.69,4.62,0,0,1.54,1.54,0,1.54,1.54,6.15,7.69,3.08,1.54,0,1.54,0,0,18.46,9.23,1.54,0,0,7.69,0,0
2560,buyer,1,127,9.5,31.26,12.61,96.91,9.07,11.81,90.55,75.59,61.42,25.2,16.54,10.24,0.79,4.72,0,0,8.66,12.6,8.66,0,8.66,16.54,1.57,4.72,3.15,25.2,5.51,0,2.36,0.79,0.79,0.79,25.98,0,14.96,3.15,0,7.09,3.15,0,1.57,0,11.02,8.66,2.36,4.72,3.15,1.57,0,0,0,0,12.6,4.72,4.72,3.94,0,0,1.57,7.87,0,0,0,0,0,0,0,0,6.3,0,0,2.36,4.72,0,0,0,0,0,0,0,0,0,0,0,5.51,2.36,0,0,0,0,0.79,0,4.72,3.15,0,1.57,2.36,0,0.79,0,0,4.72,3.94,4.72,0,0,0,0,0,19.69,10.24,2.36,0.79,0,5.51,0.79,0
2560,seller,1,69,34.72,89.9,55.19,84.9,17.25,10.14,88.41,73.91,60.87,20.29,17.39,7.25,4.35,5.8,0,0,2.9,11.59,7.25,0,17.39,13.04,5.8,5.8,1.45,17.39,10.14,0,8.7,5.8,1.45,1.45,21.74,0,7.25,1.45,0,0,2.9,0,2.9,0,7.25,5.8,1.45,2.9,1.45,1.45,0,0,0,0,15.94,4.35,2.9,1.45,0,0,0,11.59,0,0,0,0,0,0,0,0,4.35,0,0,2.9,2.9,0,0,0,0,0,0,0,0,0,0,0,1.45,0,4.35,0,0,0,0,0,2.9,8.7,1.45,1.45,2.9,1.45,1.45,0,2.9,5.8,5.8,4.35,1.45,0,1.45,0,0,21.74,10.14,7.25,0,0,4.35,0,0
2561,buyer,1,64,38.79,23.51,54.55,69.4,64,15.63,85.94,67.19,57.81,18.75,14.06,9.38,1.56,3.13,0,0,4.69,17.19,12.5,0,9.38,10.94,4.69,7.81,0,18.75,1.56,0,3.13,1.56,0,1.56,21.88,0,14.06,6.25,0,4.69,0,1.56,3.13,0,6.25,4.69,1.56,4.69,3.13,1.56,0,0,0,0,12.5,7.81,1.56,3.13,0,0,4.69,4.69,0,0,0,0,0,0,0,0,7.81,0,0,3.13,6.25,0,0,0,0,0,0,0,0,0,0,0,0,1.56,0,0,0,0,0,0,6.25,4.69,0,0,3.13,0,0,1.56,1.56,6.25,3.13,1.56,0,0,0,0,0,0,0,0,0,0,0,0,0
2561,seller,1,35,12.97,2.47,42.95,94.7,35,20,74.29,57.14,48.57,22.86,8.57,8.57,0,0,0,0,14.29,17.14,2.86,0,5.71,5.71,2.86,2.86,5.71,11.43,2.86,0,2.86,0,2.86,2.86,22.86,5.71,8.57,2.86,2.86,0,0,2.86,0,0,5.71,5.71,0,0,0,0,0,0,0,0,8.57,5.71,0,2.86,0,0,5.71,2.86,0,0,0,0,0,0,0,0,0,0,0,0,0,0,0,0,0,0,0,0,0,0,0,0,0,0,0,0,0,0,0,0,11.43,5.71,0,0,5.71,0,0,0,0,0,8.57,0,0,0,0,0,0,0,0,0,0,0,0,0,0
2562,buyer,1,65,4.85,1,81.58,87.42,13,15.38,93.85,72.31,56.92,24.62,20,18.46,0,1.54,0,0,4.62,10.77,3.08,0,6.15,12.31,1.54,6.15,3.08,18.46,10.77,4.62,4.62,0,0,4.62,27.69,0,20,3.08,3.08,6.15,1.54,0,6.15,0,7.69,6.15,1.54,4.62,3.08,1.54,0,0,0,0,4.62,3.08,3.08,3.08,0,0,0,1.54,0,0,0,0,0,0,0,0,7.69,0,0,1.54,6.15,0,0,0,0,0,0,0,0,0,0,0,1.54,4.62,0,1.54,0,0,0,0,4.62,3.08,0,0,1.54,0,1.54,0,0,6.15,0,3.08,1.54,0,1.54,0,0,12.31,7.69,4.62,0,0,0,0,0
2562,seller,1,83,4.79,33.25,74.14,57.93,9.22,7.23,96.39,80.72,62.65,26.51,20.48,10.84,0,9.64,0,0,6.02,9.64,2.41,0,9.64,13.25,0,8.43,2.41,22.89,8.43,0,7.23,0,2.41,4.82,26.51,1.2,15.66,4.82,1.2,2.41,1.2,0,7.23,0,12.05,7.23,4.82,4.82,0,4.82,0,0,0,0,14.46,4.82,4.82,4.82,0,0,0,9.64,0,0,0,0,0,0,0,0,8.43,0,0,4.82,3.61,0,0,0,0,0,0,0,0,0,0,0,1.2,3.61,0,0,0,0,0,0,10.84,1.2,0,0,1.2,0,0,0,0,0,1.2,10.84,1.2,0,1.2,0,0,9.64,9.64,0,0,0,0,0,0
2563,buyer,1,25,1.9,1,35.01,,8.33,20,96,72,60,28,20,16,0,4,0,0,8,12,4,0,4,16,0,0,8,28,0,0,8,0,0,8,28,4,8,0,0,4,0,0,4,0,0,0,0,0,0,0,0,0,0,0,16,12,8,8,0,0,4,4,0,0,0,0,0,0,0,0,4,0,0,0,4,0,0,0,0,0,0,0,0,0,0,4,0,4,0,0,0,0,0,0,12,0,0,0,0,0,0,0,0,4,4,16,4,0,4,0,0,20,8,8,4,0,0,0,0
2563,seller,1,66,12.37,86.82,5.07,86.79,13.2,7.58,96.97,81.82,65.15,24.24,19.7,9.09,0,10.61,0,0,4.55,15.15,7.58,0,9.09,18.18,1.52,3.03,1.52,25.76,7.58,3.03,9.09,1.52,3.03,4.55,24.24,3.03,12.12,3.03,1.52,4.55,4.55,0,1.52,0,7.58,6.06,1.52,4.55,3.03,1.52,0,0,0,0,19.7,9.09,4.55,4.55,0,0,0,10.61,0,0,0,0,0,0,0,0,7.58,0,0,3.03,4.55,0,0,0,0,0,0,0,0,0,0,0,1.52,0,0,1.52,0,0,0,0,12.12,0,0,0,0,0,0,0,0,3.03,6.06,4.55,3.03,0,3.03,0,0,13.64,6.06,4.55,1.52,0,1.52,0,0
2564,buyer,1,183,24.45,1.97,53.33,1,45.75,12.02,88.52,69.4,58.47,19.13,14.21,9.29,0,3.83,0.55,0.55,4.92,21.86,10.38,1.09,8.2,9.29,3.28,8.74,3.83,13.66,7.1,4.37,2.73,0,0.55,2.19,28.96,0,18.58,3.28,1.09,4.92,2.73,1.09,8.74,0,7.1,1.64,5.46,5.46,1.09,4.37,0,0,0,0,9.84,3.83,1.09,2.19,0,0.55,1.09,6.01,0.55,0,0,1.09,1.09,0,0,1.09,7.65,0.55,0,3.83,3.83,0,0.55,0.55,0.55,0,0,0,0,0,0,2.73,0.55,1.09,1.09,0,0,0,0,0,4.37,0,0,0,0,0,0,0,2.73,7.1,2.73,2.73,0.55,0,0.55,0,0,9.84,2.19,3.28,0,0,3.83,0.55,0
2564,seller,1,159,19.99,78.54,46.3,20.23,11.36,13.21,93.08,73.58,61.64,26.42,22.01,11.32,0.63,10.06,0,0,4.4,15.09,8.81,1.89,10.69,9.43,4.4,5.66,1.26,15.09,6.29,1.26,4.4,0.63,0,3.77,22.64,0,14.47,3.77,2.52,5.03,1.89,0,3.77,0,7.55,3.77,3.77,3.77,0.63,3.14,0,0,0,0,21.38,8.81,3.14,3.77,0,0,3.14,12.58,1.26,0,0,1.26,0,0,0,0,7.55,0,0,4.4,3.14,0,0,0,0,0,0,0,0,0,0,0.63,1.26,1.26,0,0,0,0,0.63,0,3.14,3.77,0.63,0,3.14,0,0,0,0.63,3.14,5.03,2.52,0,0,0,0,0,13.84,5.66,2.52,2.52,0,1.26,1.89,0
2565,buyer,1,278,26.56,2.71,77.61,35.53,13.24,14.39,92.09,72.3,60.79,20.5,11.15,7.91,0,0.72,1.44,1.08,9.35,21.22,9.71,0,10.43,11.51,3.6,6.12,3.24,17.63,6.12,1.44,1.08,0,0.72,0.36,26.98,0.72,12.23,2.52,1.08,1.44,1.08,0.36,6.12,0,3.6,2.16,1.08,2.16,1.08,0.72,0,0,0,0,10.07,4.68,0.36,0.72,0,1.44,2.52,5.4,0.36,0,0,1.8,0.36,0,0,0.36,10.07,0,0,1.8,8.27,0,0.36,0.36,0.36,0,0,0,0,0,0,0.72,0.36,4.32,0,0.72,0,0,0,2.52,5.76,7.91,2.16,2.16,3.96,1.08,0,0,2.52,6.47,5.76,2.52,0.72,0.36,0.36,0,0,12.59,7.55,3.24,0,0,1.44,0.36,0
2565,seller,1,94,33.06,11.27,42.1,83.95,13.43,17.02,88.3,71.28,61.7,14.89,10.64,5.32,2.13,3.19,0,0,4.26,20.21,8.51,0,14.89,11.7,5.32,8.51,5.32,12.77,7.45,3.19,3.19,2.13,1.06,0,25.53,4.26,10.64,2.13,0,2.13,0,1.06,6.38,0,4.26,4.26,0,0,0,0,0,0,0,0,13.83,8.51,3.19,1.06,0,1.06,3.19,5.32,0,0,0,0,1.06,0,0,1.06,9.57,0,0,6.38,4.26,0,0,0,0,0,0,0,0,0,0,0,0,0,0,1.06,0,0,0,0,4.26,3.19,0,0,2.13,1.06,0,0,3.19,2.13,6.38,1.06,0,0,0,0,0,11.7,7.45,3.19,0,0,1.06,0,0
2566,buyer,1,42,7.34,1,56.69,20.23,14,4.76,97.62,88.1,61.9,28.57,19.05,14.29,0,4.76,0,0,9.52,11.9,7.14,0,9.52,9.52,7.14,2.38,4.76,28.57,7.14,0,4.76,0,4.76,0,35.71,0,19.05,4.76,2.38,7.14,0,0,7.14,0,4.76,2.38,2.38,4.76,2.38,2.38,0,0,0,0,9.52,4.76,0,0,0,0,0,4.76,0,0,0,0,0,0,0,0,4.76,0,0,2.38,2.38,0,0,0,0,0,0,0,0,0,0,7.14,0,4.76,0,0,0,0,0,0,19.05,0,0,0,0,0,0,0,0,4.76,11.9,0,0,0,0,0,0,4.76,4.76,0,0,0,0,0,0
2566,seller,1,38,1,1.34,18.39,,38,13.16,89.47,73.68,71.05,21.05,15.79,7.89,0,2.63,0,2.63,5.26,15.79,5.26,0,7.89,18.42,2.63,7.89,10.53,21.05,0,2.63,0,0,0,0,36.84,10.53,10.53,0,2.63,2.63,2.63,0,5.26,0,0,0,0,0,0,0,0,0,0,0,15.79,7.89,0,0,0,0,2.63,7.89,0,0,0,0,0,0,0,0,10.53,0,0,0,10.53,0,0,0,0,0,0,0,0,0,0,0,0,0,0,0,0,0,0,0,7.89,0,0,0,0,0,0,0,2.63,2.63,13.16,2.63,0,0,0,0,0,0,0,0,0,0,0,0,0
2567,buyer,1,150,26.95,32.56,90.46,29.19,16.67,18.67,91.33,72.67,60.67,19.33,14.67,8,0,6.67,0,0,4.67,14.67,9.33,0,12,9.33,7.33,7.33,2.67,14.67,6,3.33,1.33,0,0.67,0.67,29.33,2,16.67,4.67,2.67,2.67,0,0.67,4,0,3.33,2,1.33,0.67,0.67,0,0,0,0,0,12,5.33,0,0,0,2,2,6.67,0,0,0,0,0,0,0,0,8,0,0,2.67,5.33,0,0,0,0,0,0,0,0,0,0,1.33,0.67,0.67,0,2,0,0,0,0,4,7.33,0.67,2,6.67,0,0,0,2.67,4,6,1.33,0,0,0,0,0,8,2.67,0,0.67,2,2.67,0,0
2567,seller,1,165,17.1,50.89,33.4,37.68,18.33,13.33,95.76,77.58,62.42,24.24,16.36,6.67,0,9.7,0,0,7.88,13.33,7.27,0.61,9.7,9.7,2.42,6.67,3.03,18.79,6.06,2.42,4.24,0.61,1.21,2.42,26.06,0,18.79,1.21,1.82,6.67,2.42,1.82,8.48,0,6.06,3.64,2.42,2.42,1.21,1.21,0,0.61,0,0,15.76,5.45,0.61,1.82,0,1.21,0.61,10.3,0,0,0,0,1.21,0,0,1.21,4.85,0,0,2.42,3.03,0,0,0,0,0,0,0,0,0,0,0,1.82,1.21,0,1.21,0,0,0,0,6.67,5.45,0,1.21,2.42,1.82,0,0.61,2.42,7.27,4.24,1.21,0.61,0.61,0,0,0,9.09,4.24,3.64,1.21,0,0,0,0
2569,buyer,1,34,11.57,24.36,97.97,66.58,17,8.82,100,88.24,64.71,29.41,20.59,11.76,0,8.82,0,0,8.82,14.71,2.94,0,11.76,11.76,0,2.94,2.94,26.47,5.88,0,0,0,0,0,29.41,2.94,20.59,11.76,0,2.94,0,0,5.88,0,8.82,5.88,2.94,0,0,0,0,0,0,0,17.65,8.82,2.94,5.88,0,0,8.82,8.82,0,0,0,0,0,0,0,0,5.88,0,0,5.88,0,0,0,0,0,0,0,0,0,0,0,2.94,2.94,2.94,0,0,0,0,0,0,2.94,2.94,0,0,2.94,0,0,0,0,0,5.88,0,2.94,0,2.94,0,0,2.94,2.94,0,0,0,0,0,0
2569,seller,1,94,24.81,98.95,98.23,92.61,11.75,14.89,96.81,74.47,61.7,21.28,19.15,6.38,3.19,9.57,0,0,2.13,17.02,8.51,1.06,10.64,11.7,5.32,6.38,0,21.28,2.13,2.13,5.32,4.26,0,1.06,31.91,1.06,18.09,13.83,2.13,1.06,2.13,0,2.13,0,7.45,6.38,1.06,2.13,2.13,0,0,0,0,0,20.21,7.45,4.26,3.19,0,0,4.26,12.77,0,0,0,0,0,0,0,0,11.7,0,0,11.7,3.19,0,0,0,0,0,0,0,0,0,0,0,0,5.32,0,0,0,0,0,1.06,7.45,7.45,0,0,7.45,0,0,0,1.06,6.38,4.26,2.13,1.06,0,1.06,0,0,10.64,6.38,2.13,1.06,1.06,0,0,0
2572,buyer,1,159,37.52,5.75,59.88,13.49,22.71,18.87,91.19,77.36,61.64,20.13,11.95,9.43,0.63,1.89,0,0,8.18,16.98,10.06,0,13.84,13.21,1.89,6.92,2.52,22.01,5.03,1.89,3.77,0.63,1.26,2.52,25.79,1.26,14.47,3.14,1.26,3.14,3.14,0.63,4.4,0,3.14,1.26,1.89,0,0,0,0,0,0,0,9.43,4.4,0.63,1.26,0,1.89,0.63,5.03,1.26,0,0,0,0,0,0,0,8.18,0,0,2.52,5.66,0,0,0,0,0,0,0,0,0,0,0.63,0,3.77,0,0.63,0,0,0,0,5.66,3.77,0,1.26,1.89,0,1.26,0,2.52,7.55,4.4,2.52,0.63,0,0.63,0,0,12.58,2.52,2.52,1.26,0,6.29,0,0
2572,seller,1,159,24.2,93.91,21.84,69.7,13.25,20.13,86.79,69.81,59.75,18.24,13.21,1.89,5.03,6.29,0,0,5.03,14.47,9.43,0,9.43,11.32,4.4,7.55,3.14,15.09,3.77,2.52,5.66,5.03,0,0.63,25.79,1.89,16.98,3.77,0,3.14,3.77,0.63,6.29,0,4.4,3.77,0.63,2.52,1.89,0.63,0,0,0,0,20.13,8.18,3.77,2.52,0,0,4.4,11.95,0,0,0,0,0,0,0,0,8.18,0,0,1.26,6.92,0,0,0,0,0,0,0,0,0,0,0,0,1.89,0,0.63,0,0,0,0,3.14,3.14,0,0.63,2.52,0,0,0.63,1.89,3.14,5.03,0.63,1.26,0,1.26,0,0,12.58,5.66,3.14,0.63,1.26,1.89,0,0
2573,buyer,1,72,19.76,18.97,49.53,64,72,9.72,87.5,75,63.89,18.06,9.72,5.56,0,4.17,0,0,8.33,16.67,11.11,0,8.33,13.89,2.78,12.5,0,19.44,4.17,1.39,0,0,0,0,31.94,0,18.06,4.17,4.17,2.78,4.17,0,6.94,0,8.33,5.56,2.78,2.78,2.78,0,0,0,0,0,9.72,5.56,0,1.39,0,0,5.56,4.17,0,0,0,0,0,0,0,0,8.33,0,0,4.17,4.17,0,0,0,0,0,0,0,0,0,0,0,0,0,0,0,0,0,0,0,1.39,0,0,0,0,0,0,0,4.17,9.72,2.78,2.78,0,0,0,0,0,1.39,0,1.39,0,0,0,0,0
2573,seller,1,57,12.74,9.55,87.88,5.65,8.14,8.77,85.96,77.19,63.16,21.05,14.04,8.77,0,5.26,0,0,7.02,14.04,10.53,0,7.02,15.79,5.26,1.75,5.26,24.56,3.51,1.75,0,0,0,0,28.07,3.51,7.02,0,1.75,1.75,1.75,0,3.51,0,1.75,0,1.75,0,0,0,0,0,0,0,12.28,7.02,0,0,0,1.75,3.51,5.26,0,0,0,0,0,0,0,0,7.02,0,0,1.75,5.26,0,0,0,0,0,0,0,0,0,0,0,0,0,0,0,0,0,0,0,8.77,7.02,0,1.75,5.26,1.75,0,0,7.02,7.02,8.77,5.26,0,0,0,0,0,10.53,10.53,0,0,0,0,0,0
2574,buyer,1,37,1,40.06,94.68,99,9.25,18.92,91.89,64.86,54.05,29.73,24.32,16.22,0,8.11,0,0,5.41,10.81,0,0,2.7,5.41,8.11,8.11,0,13.51,2.7,0,2.7,2.7,0,0,24.32,0,21.62,8.11,2.7,5.41,0,5.41,0,0,24.32,24.32,0,10.81,10.81,0,0,0,0,0,27.03,18.92,10.81,8.11,0,0,5.41,8.11,0,0,0,0,0,0,0,0,2.7,0,0,0,2.7,0,0,0,0,0,0,0,0,0,0,0,0,2.7,0,2.7,0,0,0,0,2.7,5.41,0,2.7,0,0,2.7,0,5.41,5.41,0,0,0,0,0,0,0,18.92,10.81,2.7,0,0,0,5.41,0
2574,seller,1,63,15.12,99,10.18,20.23,9,7.94,92.06,76.19,65.08,23.81,17.46,4.76,1.59,11.11,0,0,6.35,15.87,6.35,0,12.7,11.11,7.94,6.35,0,12.7,9.52,3.17,3.17,3.17,0,0,20.63,0,14.29,4.76,1.59,7.94,1.59,0,0,0,6.35,3.17,3.17,3.17,1.59,1.59,0,0,0,0,20.63,7.94,1.59,1.59,0,1.59,1.59,12.7,0,0,0,0,0,0,0,0,7.94,0,0,3.17,4.76,0,0,0,0,0,0,0,0,0,0,0,1.59,0,0,1.59,0,0,0,0,6.35,7.94,0,0,6.35,0,1.59,0,3.17,0,7.94,3.17,1.59,0,1.59,0,0,11.11,7.94,0,3.17,0,0,0,0
2575,buyer,1,27,66.04,2.75,77.17,99,5.4,14.81,96.3,44.44,33.33,11.11,11.11,11.11,0,0,0,0,0,14.81,11.11,11.11,0,11.11,0,0,0,14.81,7.41,3.7,0,0,0,0,7.41,0,3.7,0,0,3.7,0,0,0,0,22.22,18.52,3.7,0,0,0,0,0,0,0,40.74,40.74,7.41,25.93,0,3.7,14.81,0,0,0,0,0,0,0,0,0,3.7,0,0,0,3.7,0,0,0,0,0,0,0,0,0,0,0,0,3.7,0,0,0,0,0,0,7.41,0,0,0,0,0,0,0,14.81,3.7,3.7,0,3.7,0,3.7,0,0,22.22,7.41,7.41,3.7,3.7,0,0,0
2575,seller,1,47,36.02,84.86,16.56,99,9.4,12.77,82.98,61.7,51.06,14.89,6.38,0,2.13,4.26,0,0,8.51,25.53,10.64,4.26,4.26,12.77,4.26,2.13,2.13,19.15,4.26,4.26,2.13,2.13,0,0,23.4,2.13,10.64,0,0,0,8.51,2.13,2.13,0,10.64,10.64,0,0,0,0,0,0,0,0,19.15,12.77,0,10.64,0,0,4.26,6.38,0,0,0,0,0,0,0,0,6.38,0,0,0,6.38,0,0,0,0,0,0,0,0,0,0,0,0,0,0,0,0,0,0,0,4.26,4.26,2.13,0,0,4.26,0,0,10.64,0,6.38,6.38,0,0,0,0,0,19.15,6.38,6.38,0,2.13,4.26,0,0
2576,buyer,1,128,7.1,1,70.54,30.91,12.8,14.06,94.53,81.25,65.63,24.22,14.84,12.5,0,2.34,0,0,9.38,14.84,6.25,0,10.94,13.28,5.47,6.25,3.91,22.66,3.13,2.34,0,0,0,0,32.03,1.56,20.31,3.91,1.56,7.81,3.13,0.78,3.91,0,3.91,2.34,1.56,1.56,1.56,0,0,0,0,0,4.69,0.78,0,0,0,0,0.78,3.91,0,0,0,0,0,0,0,0,9.38,0,0,2.34,7.03,0,0,0,0,0,0,0,0,0,0,0,1.56,7.03,0,0.78,0,0,0,0,6.25,6.25,0,0.78,4.69,0,0,0.78,3.13,7.03,4.69,1.56,1.56,0,1.56,0,0,14.06,7.03,3.91,0.78,0,2.34,0,0
2576,seller,1,87,8.72,90.41,51.97,56.07,29,18.39,91.95,80.46,64.37,25.29,13.79,4.6,5.75,3.45,0,0,11.49,16.09,8.05,0,10.34,13.79,5.75,6.9,1.15,22.99,2.3,2.3,8.05,5.75,0,2.3,31.03,2.3,20.69,10.34,1.15,5.75,3.45,0,3.45,0,2.3,2.3,0,0,0,0,0,0,0,0,12.64,2.3,1.15,1.15,0,0,0,10.34,0,0,0,0,1.15,0,0,1.15,5.75,0,0,2.3,4.6,0,0,0,0,0,0,0,0,0,0,1.15,0,1.15,0,1.15,0,0,0,0,2.3,4.6,0,0,4.6,0,0,0,1.15,4.6,5.75,1.15,2.3,0,2.3,0,0,11.49,0,4.6,2.3,0,2.3,2.3,0
2577,buyer,1,80,17.76,1,97.28,20.23,11.43,15,88.75,75,58.75,20,11.25,11.25,0,0,0,0,8.75,16.25,11.25,0,6.25,12.5,5,8.75,0,22.5,5,2.5,0,0,0,0,32.5,2.5,13.75,5,2.5,1.25,6.25,0,5,1.25,5,2.5,2.5,3.75,1.25,2.5,0,0,0,0,3.75,3.75,0,0,1.25,0,3.75,0,0,0,0,0,0,0,0,0,7.5,0,0,1.25,6.25,0,0,0,0,0,0,0,0,0,0,0,0,5,0,1.25,0,0,0,1.25,3.75,5,0,1.25,3.75,0,0,0,3.75,16.25,3.75,1.25,1.25,1.25,0,0,0,11.25,7.5,1.25,1.25,0,1.25,0,0
2577,seller,1,103,23.22,7.77,65.99,20.23,20.6,14.56,88.35,73.79,65.05,18.45,7.77,4.85,0,2.91,0,0,10.68,16.5,10.68,0,8.74,11.65,7.77,2.91,4.85,16.5,3.88,0,0.97,0,0,0.97,28.16,1.94,18.45,4.85,4.85,2.91,1.94,0.97,4.85,0,7.77,3.88,3.88,4.85,1.94,2.91,0,1.94,0,0,7.77,4.85,0.97,0.97,1.94,0.97,0.97,3.88,0,0,0,0,0.97,0,0,0.97,4.85,0,0,2.91,2.91,0,0.97,0,0,0,0,0,0,0,0,0,0,0,0,0,0,0,0,0,4.85,7.77,0,0.97,5.83,0.97,0,0.97,1.94,2.91,4.85,1.94,0,0,0,0,0,6.8,2.91,2.91,0.97,0,0,0,0
2578,buyer,1,179,14.14,84.39,56.31,20.23,89.5,13.97,97.21,79.89,66.48,25.14,21.23,8.38,0.56,11.17,0,0.56,3.91,17.88,5.03,0,15.64,9.5,4.47,6.7,5.59,17.88,5.03,1.12,2.79,0.56,0.56,1.68,24.58,1.68,15.08,2.79,2.79,3.91,1.12,0,4.47,0,5.59,2.79,2.79,1.68,1.12,0.56,0,0,0,0,18.99,3.91,2.79,2.23,0,0,1.12,15.08,0,0,0,0,0.56,0,0,0.56,8.38,0,0,4.47,5.59,0,0,0,0,0,0,0,0,0,0,2.23,0,3.35,0,0,0,0,0,0,6.7,5.59,0,0.56,4.47,0.56,0,0,2.23,1.68,5.59,4.47,1.12,0,1.12,0,0,2.79,0.56,0,0,0,2.23,0,0
2578,seller,1,180,15.41,59.9,74.02,3.72,18,13.33,95.56,82.22,67.22,28.33,21.67,11.67,0,10,0,0,6.67,12.22,4.44,0,15,12.78,2.22,5,1.11,21.67,6.67,1.67,1.67,0,0.56,1.11,25.56,1.67,13.33,4.44,0.56,3.89,0.56,0,4.44,0,4.44,1.11,3.33,0.56,0,0.56,0,0,0,0,18.33,7.78,0.56,0,0,0,3.89,10.56,0,0,0,0,0,0,0,0,7.22,0,0,5,2.78,0,0,0,0,0,0,0,0,0,0,1.67,1.11,3.33,0,0,0,0,0.56,0,4.44,5,0,0,5,0,0,0,0,2.78,6.67,2.78,0,0,0,0,0,8.89,3.33,2.78,2.22,0,0.56,0,0
2580,buyer,1,86,54.36,40.06,36.92,95.15,14.33,10.47,88.37,72.09,62.79,17.44,12.79,8.14,0,4.65,0,0,4.65,15.12,6.98,0,20.93,10.47,6.98,5.81,2.33,13.95,5.81,1.16,3.49,1.16,1.16,1.16,13.95,0,8.14,1.16,0,2.33,1.16,1.16,2.33,0,8.14,6.98,1.16,2.33,1.16,1.16,0,0,0,0,12.79,4.65,3.49,3.49,0,0,2.33,8.14,1.16,0,0,1.16,0,0,0,0,3.49,0,0,2.33,2.33,0,0,0,0,0,0,0,0,0,0,0,1.16,2.33,0,1.16,0,0,0,1.16,8.14,8.14,1.16,1.16,5.81,0,1.16,0,0,2.33,2.33,2.33,2.33,0,2.33,0,0,12.79,5.81,4.65,1.16,0,1.16,0,0
2580,seller,1,33,36.2,97.86,29.49,99,16.5,6.06,90.91,78.79,66.67,21.21,12.12,3.03,0,9.09,0,0,9.09,15.15,6.06,3.03,15.15,9.09,12.12,0,0,12.12,6.06,3.03,3.03,3.03,0,0,15.15,6.06,3.03,0,0,3.03,0,0,0,0,12.12,12.12,0,0,0,0,0,0,0,0,21.21,12.12,6.06,9.09,0,0,6.06,9.09,0,0,0,0,0,0,0,0,0,0,0,0,0,0,0,0,0,0,0,0,0,0,0,0,0,0,0,0,0,0,0,0,6.06,6.06,0,3.03,6.06,0,0,0,6.06,0,3.03,6.06,3.03,0,3.03,0,0,9.09,3.03,6.06,0,0,0,0,0
2581,buyer,1,116,26.1,92.44,67.94,32.15,14.5,13.79,88.79,72.41,62.07,25,19.83,6.03,4.31,9.48,0,0,5.17,14.66,9.48,0,10.34,9.48,0,6.03,4.31,16.38,2.59,2.59,6.03,4.31,0,1.72,18.97,0.86,8.62,1.72,0,0.86,3.45,0,6.03,0,0.86,0.86,0,0,0,0,0,0,0,0,16.38,2.59,0,0,0,0,0.86,13.79,0,0,0,0,0.86,0,0,0.86,7.76,0,0,3.45,4.31,0,0,0,0,0,0,0,0,0,0,0,0.86,4.31,0,0.86,0,0,0,0,9.48,6.9,0,0.86,6.9,0,0,0,0,0.86,3.45,5.17,0,0,0,0,0,18.1,6.9,6.9,0.86,0,2.59,0.86,0
2581,seller,1,152,10.79,8.99,87.07,8.11,15.2,22.37,92.11,73.68,63.16,19.08,13.82,7.89,1.32,4.61,0,0,5.26,16.45,5.26,0,11.84,12.5,2.63,11.84,3.95,17.76,6.58,1.32,3.95,1.32,0.66,1.97,26.97,1.32,13.82,2.63,0.66,1.32,3.95,0,8.55,0,3.95,1.32,2.63,0,0,0,0,0,0,0,13.16,5.92,1.32,1.32,0.66,0,1.97,7.24,0,0,0,0,0,0,0,0,9.21,0,0,5.26,5.26,0,0,0,0,0,0,0,0,0,0,0,0,1.97,0,0,0,0,0,0,3.29,4.61,0,0.66,2.63,1.97,0,0,3.29,3.95,5.26,1.97,1.32,0,1.32,0,0,10.53,5.92,0,0.66,0,3.95,0,0
2582,buyer,1,133,21.28,1.97,54.88,78.21,13.3,20.3,94.74,75.19,65.41,18.8,10.53,8.27,0.75,1.5,0,0,8.27,14.29,7.52,0,14.29,12.03,4.51,11.28,2.26,17.29,4.51,1.5,1.5,0.75,0,0.75,30.83,0.75,19.55,4.51,0,6.02,3.01,2.26,6.02,0,9.77,6.77,3.01,3.76,3.76,0,0,0,0,0,8.27,6.02,1.5,1.5,0,1.5,2.26,2.26,0,0,0,0,0,0,0,0,6.77,0,0,2.26,4.51,0,0,0,0,0,0,0,0,0,0,0,0,3.01,0,0.75,0,0,0,1.5,3.01,5.26,0,1.5,2.26,1.5,0,0,2.26,3.01,2.26,4.51,0.75,0,0.75,0,0,10.53,6.77,2.26,0,0.75,0.75,0,0
2582,seller,1,40,1,40.06,15.38,90.5,13.33,20,95,77.5,60,22.5,17.5,10,0,7.5,0,0,5,7.5,2.5,0,5,20,7.5,12.5,0,27.5,10,0,7.5,0,0,7.5,32.5,0,22.5,5,0,7.5,12.5,0,5,0,10,7.5,2.5,5,2.5,2.5,0,0,0,0,20,12.5,12.5,10,0,0,2.5,7.5,0,0,0,0,0,0,0,0,5,0,0,2.5,2.5,0,0,0,0,0,0,0,0,0,0,0,2.5,2.5,0,0,0,0,0,0,2.5,0,0,0,0,0,0,0,0,2.5,5,7.5,2.5,0,2.5,0,0,12.5,7.5,0,0,0,5,0,0
2583,buyer,1,77,26.92,76.62,24.32,39.1,12.83,12.99,87.01,66.23,53.25,22.08,18.18,10.39,0,7.79,0,0,3.9,18.18,9.09,0,7.79,9.09,3.9,6.49,0,18.18,3.9,1.3,2.6,0,0,2.6,19.48,0,15.58,6.49,0,7.79,0,0,1.3,0,11.69,6.49,5.19,7.79,5.19,2.6,0,0,0,0,15.58,7.79,3.9,3.9,0,2.6,0,10.39,1.3,0,0,1.3,0,0,0,0,7.79,0,0,3.9,3.9,0,1.3,1.3,1.3,0,0,0,0,0,0,1.3,0,1.3,0,0,0,0,0,0,5.19,5.19,0,0,3.9,0,0,0,0,2.6,3.9,0,0,0,0,0,0,12.99,6.49,3.9,0,1.3,1.3,0,0
2583,seller,1,60,1.16,59.9,7.03,45.29,30,6.67,90,70,61.67,20,13.33,3.33,1.67,6.67,0,1.67,6.67,6.67,1.67,0,8.33,15,8.33,8.33,5,20,5,0,1.67,1.67,0,0,26.67,1.67,15,0,0,6.67,0,1.67,6.67,0,3.33,1.67,0,1.67,0,0,0,0,0,0,18.33,8.33,8.33,5,0,0,1.67,10,0,0,0,0,0,0,0,0,10,0,0,1.67,8.33,0,0,0,0,0,0,0,0,0,0,0,3.33,0,0,0,0,0,0,0,8.33,6.67,1.67,1.67,5,0,0,0,0,0,10,3.33,0,0,0,0,0,1.67,0,0,1.67,0,0,0,0
2585,buyer,1,89,71.7,46.71,64.89,72.98,11.13,14.61,87.64,70.79,57.3,15.73,14.61,7.87,1.12,5.62,0,0,1.12,16.85,13.48,0,11.24,8.99,1.12,6.74,1.12,12.36,8.99,3.37,3.37,1.12,0,2.25,28.09,0,15.73,6.74,1.12,2.25,2.25,0,3.37,0,7.87,5.62,2.25,4.49,2.25,2.25,0,0,0,0,10.11,3.37,2.25,3.37,0,0,1.12,6.74,0,0,0,0,0,0,0,0,10.11,0,0,5.62,4.49,0,0,0,0,0,0,0,0,0,0,0,0,1.12,0,1.12,0,0,0,0,1.12,2.25,0,0,2.25,0,0,0,2.25,3.37,8.99,0,0,0,0,0,0,15.73,5.62,6.74,0,3.37,0,0,0
2585,seller,1,20,39.7,1,89.39,99,10,5,95,75,60,20,10,10,0,0,0,0,10,15,5,5,15,0,15,5,0,5,10,5,0,0,0,0,15,0,15,10,5,0,0,0,5,0,10,10,0,10,10,0,0,0,0,0,5,5,0,0,0,0,0,0,0,0,0,0,0,0,0,0,5,0,0,5,0,0,0,0,0,0,0,0,0,0,0,0,0,0,0,0,0,0,0,0,15,10,0,0,0,5,5,0,0,0,5,0,10,0,10,0,0,5,0,0,5,0,0,0,0
2586,buyer,1,73,50.37,14.07,47.74,,36.5,16.44,90.41,72.6,61.64,23.29,16.44,9.59,0,6.85,0,0,6.85,10.96,8.22,0,16.44,8.22,1.37,4.11,4.11,16.44,2.74,2.74,1.37,0,1.37,0,16.44,0,9.59,1.37,0,2.74,0,0,5.48,0,0,0,0,0,0,0,0,0,0,0,12.33,2.74,0,0,0,0,1.37,6.85,0,0,0,0,1.37,0,0,1.37,6.85,0,0,4.11,2.74,0,0,0,0,0,0,0,0,0,0,0,1.37,1.37,0,0,0,0,0,0,4.11,8.22,1.37,0,2.74,4.11,0,0,1.37,4.11,5.48,1.37,1.37,0,1.37,0,0,6.85,1.37,2.74,0,0,2.74,0,0
2586,seller,1,105,29.12,24.76,69.64,4.95,10.5,20.95,89.52,78.1,61.9,22.86,11.43,6.67,0,4.76,0,0,11.43,12.38,4.76,0,14.29,12.38,2.86,3.81,0.95,19.05,10.48,0.95,1.9,0,0,1.9,29.52,0.95,19.05,3.81,0.95,3.81,3.81,4.76,4.76,0,1.9,0,1.9,1.9,0,1.9,0,0,0,0,8.57,2.86,0.95,0.95,0,0,0,4.76,0,0,0,0,0,0,0,0,3.81,0,0,3.81,0,0,0,0,0,0,0,0,0,0,0,0,0,0.95,0,0,0,0,0,0,5.71,10.48,0.95,0,8.57,0.95,0,0.95,0.95,1.9,7.62,0.95,0,0,0,0,0,12.38,6.67,1.9,2.86,0,0.95,0,0
2587,buyer,1,217,8.63,7.63,81.41,2.2,16.69,16.59,90.32,74.19,63.13,23.04,12.44,8.76,0,3.69,0,0,10.6,17.05,7.83,0.46,9.22,11.52,6.45,8.29,2.3,16.13,6.45,1.84,1.38,0,0.92,0.46,32.72,2.76,15.21,0.92,3.23,2.3,2.76,2.76,4.61,0,3.69,0.46,3.23,0.46,0,0.46,0.46,0,0,0,12.44,8.29,0.92,0.46,0,0.92,5.53,4.15,0,0,0,0,0,0,0,0,2.76,0,0,0.46,2.3,0,0,0,0,0,0,0,0,0,0,0.46,0,1.38,0,0,0,0,0.46,1.38,4.61,5.07,0.46,1.38,3.23,0.46,0,0,6.45,8.29,3.69,1.84,0.92,0.46,0.46,0,0,15.21,5.53,7.37,0.46,0,1.84,0,0
2587,seller,1,93,1.88,6.1,73.05,35.47,9.3,15.05,93.55,76.34,64.52,20.43,11.83,5.38,0,6.45,0,0,8.6,16.13,5.38,0,6.45,15.05,6.45,6.45,7.53,20.43,7.53,0,2.15,0,0,2.15,32.26,2.15,20.43,3.23,4.3,2.15,2.15,1.08,9.68,0,11.83,6.45,5.38,1.08,0,1.08,0,0,0,0,21.51,13.98,3.23,7.53,0,1.08,3.23,7.53,0,0,0,0,1.08,0,0,1.08,3.23,0,0,1.08,2.15,0,0,0,0,0,0,0,0,0,0,0,0,0,0,0,0,0,0,0,6.45,1.08,0,0,0,1.08,0,0,5.38,4.3,5.38,1.08,0,0,0,0,0,17.2,9.68,5.38,1.08,0,1.08,0,0
2588,buyer,1,113,3.39,1,53.37,62.01,7.06,14.16,87.61,72.57,61.06,23.89,16.81,13.27,0,3.54,0,0,7.08,16.81,7.96,0,3.54,12.39,6.19,3.54,6.19,16.81,7.08,0.88,0,0,0,0,31.86,2.65,12.39,2.65,0,4.42,2.65,0,4.42,0,8.85,5.31,2.65,2.65,2.65,0,0,0,0,0.88,6.19,2.65,0,0,0,1.77,0.88,3.54,0,0,0,0,1.77,0,0,1.77,6.19,0,0,2.65,3.54,0,0.88,0,0,0,0,0,0,0,0,0,0.88,6.19,0,0,0,0,0,0,6.19,1.77,0,0,0.88,0.88,0,0,1.77,7.08,4.42,5.31,0.88,0,0.88,0,0,22.12,14.16,2.65,0,0,4.42,0.88,0
2588,seller,1,126,10.19,95.15,45.24,31.1,12.6,12.7,88.89,70.63,63.49,20.63,15.08,4.76,3.97,6.35,0,0,5.56,20.63,7.94,0,9.52,13.49,7.14,7.94,1.59,17.46,3.97,0,5.56,4.76,0,0.79,23.81,0.79,7.14,3.17,0,0,1.59,0,2.38,0,0.79,0.79,0,0,0,0,0,0,0,0,19.84,9.52,4.76,1.59,0,0,1.59,11.11,0,0,0,0,3.17,0,0,3.17,6.35,0,0,3.97,2.38,0,0,0,0,0,0,0,0,0,0,1.59,0,1.59,0,0,0,0,0,0,4.76,4.76,0,0.79,3.17,0.79,0,0,3.17,2.38,7.94,4.76,0,0,0,0,0,10.32,5.56,0,1.59,0,2.38,0.79,0
2589,buyer,1,154,30.26,2.24,59.76,61.07,17.11,14.94,87.01,67.53,61.69,20.78,13.64,11.04,0,2.6,0,0,7.14,17.53,11.04,0.65,10.39,11.04,1.3,9.09,2.6,12.99,3.25,1.3,0,0,0,0,24.68,0,11.69,1.95,0,3.9,0.65,0,4.55,0,7.79,5.19,2.6,3.25,2.6,0.65,0,0,0,0,10.39,7.14,0,1.95,0,1.95,2.6,3.9,0,0,0,0,0.65,0,0,0.65,5.84,0,0,3.9,1.95,0,0,0,0,0,0,0,0,0,0,0,0,3.9,0,0,0,0,0,0,3.9,3.9,0,1.3,3.9,0,0,0,0.65,7.79,3.25,1.95,0.65,0,0.65,0,0,7.79,5.84,1.95,0,0,0,0,0
2589,seller,1,57,31.8,85.76,14.46,46.76,8.14,17.54,91.23,73.68,61.4,21.05,14.04,5.26,3.51,5.26,0,0,7.02,14.04,7.02,0,17.54,12.28,3.51,8.77,1.75,14.04,10.53,3.51,5.26,3.51,0,1.75,17.54,0,5.26,0,0,1.75,0,0,1.75,0,5.26,3.51,1.75,0,0,0,0,0,0,0,14.04,5.26,1.75,0,0,0,1.75,8.77,0,0,0,0,1.75,0,0,1.75,8.77,0,0,3.51,5.26,0,0,0,0,0,0,0,0,0,0,0,0,3.51,0,0,0,0,0,0,7.02,7.02,0,0,7.02,0,0,0,0,5.26,7.02,1.75,0,0,0,0,0,14.04,10.53,0,1.75,0,1.75,0,0
2590,buyer,1,74,1.74,4.71,87,7.88,37,14.86,97.3,77.03,67.57,24.32,18.92,10.81,0,8.11,0,0,5.41,13.51,6.76,0,8.11,10.81,5.41,10.81,8.11,18.92,1.35,0,4.05,0,0,4.05,25.68,1.35,16.22,5.41,2.7,2.7,1.35,0,6.76,0,1.35,0,1.35,0,0,0,0,0,0,0,12.16,4.05,1.35,2.7,0,0,1.35,8.11,0,0,0,0,0,0,0,0,9.46,0,0,4.05,5.41,0,0,0,0,0,0,0,0,0,0,0,0,2.7,0,0,0,0,0,0,6.76,0,0,0,0,0,0,0,4.05,5.41,4.05,0,0,0,0,0,0,4.05,0,1.35,1.35,0,1.35,0,0
2590,seller,1,80,3.07,99,28.56,2.86,11.43,15,95,78.75,66.25,31.25,20,3.75,0,16.25,0,0,11.25,10,5,0,7.5,12.5,1.25,5,3.75,18.75,6.25,0,5,3.75,0,1.25,31.25,1.25,16.25,3.75,1.25,1.25,5,1.25,7.5,0,2.5,0,2.5,1.25,0,1.25,0,0,0,0,25,6.25,2.5,1.25,0,1.25,1.25,20,0,0,0,0,0,0,0,0,6.25,0,0,3.75,2.5,0,0,0,0,0,0,0,0,0,0,0,0,1.25,0,0,0,0,0,0,5,1.25,1.25,0,0,1.25,0,0,1.25,10,2.5,1.25,1.25,0,1.25,0,0,10,8.75,1.25,0,0,0,0,0
2591,buyer,1,55,3.8,80.05,74.91,47.86,18.33,7.27,96.36,74.55,63.64,32.73,29.09,18.18,0,9.09,1.82,0,3.64,18.18,3.64,0,9.09,12.73,1.82,5.45,0,21.82,3.64,1.82,3.64,3.64,0,0,23.64,0,14.55,3.64,0,3.64,3.64,1.82,3.64,0,1.82,1.82,0,0,0,0,0,0,0,0,25.45,7.27,1.82,1.82,0,1.82,0,20,5.45,1.82,0,5.45,0,0,0,0,9.09,0,0,1.82,9.09,0,0,0,0,0,0,0,0,0,0,0,0,1.82,0,1.82,0,0,0,0,10.91,1.82,0,0,1.82,0,0,0,0,0,10.91,3.64,0,0,0,0,0,9.09,3.64,3.64,0,0,1.82,0,0
2591,seller,1,151,10.49,67.24,25.96,61.92,16.78,9.93,94.7,81.46,64.24,19.87,15.23,5.96,6.62,0.66,1.32,0,4.64,18.54,4.64,0.66,9.27,11.26,5.3,7.95,2.65,23.18,5.96,6.62,9.93,7.95,0,1.99,26.49,1.32,17.88,3.97,3.31,5.3,1.32,0,4.64,0,7.95,5.3,2.65,1.32,0,1.32,0,0,0,0,19.21,8.61,3.31,1.99,0,0,0.66,10.6,1.32,0,1.32,1.32,0,0,0,0,4.64,0,0,2.65,2.65,0,0,0,0,0,0,0,0,0,0,0,0.66,1.99,0,0.66,0,0,0,0,7.95,5.3,0,0,5.3,0,0,0,1.32,1.32,9.27,0.66,1.32,0,1.32,0,0,9.27,5.3,3.97,0,0,0,0,0
2593,buyer,1,59,33.89,69.65,41.6,1.14,9.83,8.47,84.75,72.88,54.24,25.42,23.73,13.56,0,10.17,0,0,1.69,16.95,11.86,1.69,5.08,5.08,3.39,5.08,0,15.25,3.39,3.39,1.69,0,0,1.69,16.95,0,11.86,1.69,1.69,6.78,0,0,1.69,0,3.39,0,3.39,1.69,0,1.69,0,0,0,0,13.56,3.39,1.69,1.69,0,1.69,0,10.17,0,0,0,0,0,0,0,0,6.78,0,0,3.39,3.39,0,0,0,0,0,0,0,0,0,0,0,3.39,0,0,0,0,0,0,0,5.08,5.08,0,3.39,3.39,0,0,0,0,3.39,3.39,3.39,5.08,0,5.08,0,0,10.17,6.78,0,3.39,0,0,0,0
2593,seller,1,39,24.55,99,2.93,2.7,6.5,25.64,94.87,79.49,58.97,23.08,20.51,2.56,12.82,5.13,0,0,2.56,12.82,7.69,0,7.69,15.38,2.56,0,0,17.95,15.38,2.56,17.95,12.82,0,5.13,33.33,0,20.51,7.69,2.56,7.69,2.56,0,2.56,0,12.82,5.13,7.69,10.26,5.13,5.13,0,0,0,0,25.64,7.69,5.13,5.13,0,0,0,17.95,0,0,0,0,0,0,0,0,2.56,0,0,2.56,0,0,0,0,0,0,0,0,0,0,0,0,0,0,0,0,0,0,0,0,0,0,0,0,0,0,0,0,2.56,10.26,0,2.56,2.56,0,2.56,0,0,15.38,10.26,0,5.13,0,0,0,0
2594,buyer,1,63,61.53,4.61,45.24,1,7.88,4.76,95.24,77.78,65.08,20.63,14.29,12.7,0,1.59,0,0,6.35,20.63,11.11,0,14.29,11.11,3.17,3.17,0,15.87,11.11,3.17,1.59,0,0,1.59,14.29,0,9.52,3.17,0,4.76,1.59,0,1.59,0,11.11,3.17,7.94,6.35,0,6.35,0,1.59,0,0,12.7,9.52,6.35,4.76,0,1.59,3.17,3.17,1.59,0,0,1.59,0,0,0,0,6.35,0,0,3.17,3.17,0,1.59,1.59,1.59,0,0,0,0,0,0,0,0,3.17,0,0,0,0,0,0,4.76,3.17,0,1.59,3.17,0,0,0,0,3.17,3.17,0,0,0,0,0,0,14.29,11.11,1.59,1.59,0,0,0,0
2594,seller,1,87,34.44,33.55,51.97,74.09,14.5,19.54,90.8,72.41,60.92,16.09,11.49,6.9,0,4.6,0,0,4.6,18.39,9.2,0,11.49,14.94,4.6,6.9,0,17.24,8.05,3.45,5.75,2.3,0,3.45,26.44,2.3,11.49,2.3,1.15,2.3,1.15,1.15,4.6,0,5.75,4.6,1.15,1.15,0,1.15,0,0,0,0,16.09,11.49,5.75,6.9,0,0,1.15,5.75,0,0,0,0,1.15,0,0,1.15,4.6,0,0,1.15,3.45,0,0,0,0,0,0,0,0,0,0,2.3,0,0,0,0,0,0,0,0,1.15,2.3,0,1.15,2.3,0,0,0,3.45,3.45,10.34,3.45,0,0,0,0,0,9.2,6.9,2.3,0,0,0,0,0
2595,buyer,1,160,8.11,4.83,81.82,48.83,8.42,13.75,87.5,70,51.88,21.25,16.88,11.25,0.63,2.5,1.88,0.63,4.38,11.88,3.75,0,6.88,11.25,2.5,7.5,3.13,22.5,6.25,1.88,4.38,1.25,1.25,1.88,23.75,0,12.5,3.13,1.88,3.13,1.25,0,5.63,0,5.63,3.75,1.88,1.88,0.63,1.25,0.63,0.63,0,0,11.88,4.38,4.38,3.13,0,0.63,1.25,7.5,1.25,0,0,3.75,0,0,0,0,5.63,0.63,0.63,1.88,2.5,0,1.25,1.25,0.63,0,0,0,0,0,0,0,0.63,3.75,0,0,0,0,0,0,6.88,7.5,1.88,0.63,4.38,0.63,0,0.63,3.13,6.88,8.13,1.25,0,0,0,0,0,13.13,11.88,0,1.25,0,0,0,0
2595,seller,1,155,11.71,99,44.95,38.96,9.12,10.32,87.1,74.84,61.94,23.87,19.35,4.52,2.58,11.61,0,0,4.52,17.42,7.1,1.29,8.39,11.61,3.87,5.81,2.58,18.06,7.74,4.52,5.16,2.58,0,2.58,22.58,1.94,7.1,3.23,0.65,0,0.65,0.65,2.58,0,5.16,3.23,1.94,1.94,0.65,1.29,0,0.65,0,0,20.65,5.81,2.58,1.94,0.65,1.29,1.94,15.48,0,0,0,0,0,0,0,0,6.45,0,0,1.94,4.52,0,0,0,0,0,0,0,0,0,0,0,0,2.58,0,1.29,0,0,0,0,6.45,3.87,0,0.65,3.23,0,0,0,3.23,5.81,4.52,3.87,0,0,0,0,0,15.48,10.32,0.65,0.65,0,3.87,0,0
2596,buyer,1,124,44.01,59.25,30.58,58.09,12.4,12.1,89.52,77.42,62.9,16.13,12.1,6.45,0.81,4.03,0,0.81,4.03,16.13,9.68,0.81,13.71,12.9,5.65,6.45,0.81,20.16,7.26,2.42,2.42,2.42,0,0,20.97,0,11.29,1.61,0,4.03,3.23,0.81,2.42,0,8.87,5.65,3.23,4.03,0.81,3.23,0,0,0,0,13.71,5.65,4.84,4.03,0,0,3.23,8.06,0.81,0,0,0,0,0,0,0,3.23,0,0,1.61,1.61,0,0.81,0.81,0.81,0,0,0,0,0,0,0,0,3.23,0,0,0,0,0,2.42,9.68,4.03,0,2.42,4.03,0,0,0,2.42,2.42,3.23,1.61,0,0,0,0,0,11.29,5.65,2.42,1.61,0.81,0.81,0,0
2596,seller,1,73,20.57,88.34,28.97,82.37,24.33,15.07,94.52,75.34,63.01,19.18,13.7,4.11,2.74,6.85,0,0,5.48,17.81,6.85,0,12.33,10.96,4.11,8.22,4.11,16.44,6.85,2.74,4.11,2.74,1.37,0,27.4,6.85,8.22,1.37,0,2.74,0,0,1.37,0,6.85,5.48,1.37,0,0,0,0,0,0,0,23.29,13.7,4.11,4.11,0,1.37,8.22,9.59,0,0,0,0,1.37,0,0,1.37,4.11,0,0,2.74,1.37,0,0,0,0,0,0,0,0,0,0,0,0,1.37,0,0,0,0,0,0,9.59,6.85,0,2.74,6.85,0,0,0,1.37,8.22,4.11,1.37,1.37,0,1.37,0,0,6.85,2.74,1.37,0,1.37,1.37,0,0
2597,buyer,1,171,31.8,24.44,58.46,28.01,9,13.45,85.38,66.08,56.73,17.54,14.62,8.77,1.17,4.68,0,0,2.92,16.96,10.53,0.58,7.6,9.94,2.92,7.02,3.51,14.62,4.68,1.17,2.92,1.17,0.58,1.17,25.73,3.51,12.28,2.92,0.58,2.92,1.75,0.58,4.09,0,5.26,2.92,2.34,0.58,0,0.58,0,0,0,0,11.7,4.09,2.34,2.92,0,0,1.17,7.6,0.58,0,0,0.58,0,0,0,0,8.77,0,0,5.26,3.51,0,0,0,0,0,0,0,0,0,0,0,0,1.75,0,0.58,0,0,0.58,0,7.6,4.09,0,1.75,2.92,0.58,0,0,1.75,6.43,5.85,1.75,1.17,0,1.17,0,0,14.62,9.36,1.75,1.75,0,0,1.75,0
2597,seller,1,126,11.3,58.95,67.59,20.23,21,18.25,88.1,69.84,61.11,21.43,15.08,4.76,2.38,7.94,0,0,6.35,14.29,8.73,0.79,7.94,11.9,6.35,4.76,4.76,15.08,6.35,0.79,4.76,3.17,0.79,0.79,28.57,0.79,17.46,3.17,0.79,1.59,5.56,0.79,7.94,0,3.17,1.59,1.59,0,0,0,0,0,0,0,14.29,3.97,3.17,0.79,0,0,0,10.32,0,0,0,0,0.79,0,0,0.79,8.73,0,0,3.17,5.56,0,0,0,0,0,0,0,0,0,0,0,0,2.38,0,0,0,0,0,0,3.17,3.97,0,0.79,3.17,0,0.79,0,2.38,5.56,6.35,1.59,0.79,0,0.79,0,0,7.94,2.38,1.59,1.59,0,2.38,0,0
2599,buyer,1,19,12.74,3.34,33.61,99,19,5.26,94.74,84.21,57.89,15.79,10.53,10.53,0,0,0,0,5.26,15.79,10.53,0,5.26,15.79,15.79,0,0,26.32,15.79,5.26,0,0,0,0,15.79,0,5.26,0,0,5.26,0,0,0,0,10.53,10.53,0,0,0,0,0,0,0,0,0,0,0,0,0,0,0,0,0,0,0,0,0,0,0,0,10.53,0,0,0,10.53,0,0,0,0,0,0,0,0,0,0,0,5.26,0,0,5.26,0,0,0,0,5.26,15.79,0,0,10.53,0,5.26,0,0,0,5.26,5.26,10.53,0,5.26,5.26,0,0,0,0,0,0,0,0,0
2599,seller,1,40,32.63,54.96,78.67,20.23,40,17.5,100,75,62.5,12.5,10,5,2.5,2.5,0,0,2.5,25,12.5,5,7.5,10,7.5,10,2.5,17.5,5,5,5,2.5,2.5,0,27.5,2.5,12.5,10,0,0,0,2.5,0,0,5,2.5,2.5,2.5,2.5,0,0,0,0,0,10,5,0,0,0,0,5,5,0,0,0,0,0,0,0,0,10,0,0,5,5,0,0,0,0,0,0,0,0,0,0,0,0,0,0,0,0,0,0,0,15,5,0,2.5,2.5,0,2.5,0,2.5,7.5,5,5,0,0,0,0,0,0,0,0,0,0,0,0,0
2600,buyer,1,125,39.7,54.38,29.79,44.15,12.5,14.4,91.2,75.2,65.6,17.6,14.4,7.2,1.6,4.8,0,0.8,3.2,16,8,1.6,13.6,15.2,2.4,4.8,1.6,17.6,8,3.2,2.4,1.6,0,0.8,24,0,17.6,4,0.8,6.4,3.2,0,3.2,0,7.2,4,2.4,4,2.4,0.8,0,0,0,0,9.6,1.6,1.6,1.6,0,0,0.8,8,0,0,0,0,0,0,0,0,5.6,0,0,2.4,4,0,1.6,0,0,0,0,0,0,0,0,0,0.8,0.8,0,0.8,0,0,0,0.8,3.2,7.2,0,0,4.8,0.8,0.8,0.8,2.4,3.2,2.4,0.8,0.8,0,0.8,0,0,8.8,4.8,0,3.2,0,0,0.8,0
2600,seller,1,98,35.59,83.6,83.42,20.23,9.8,5.1,93.88,73.47,59.18,23.47,19.39,8.16,1.02,10.2,0,0,4.08,14.29,6.12,0,12.24,6.12,2.04,8.16,0,9.18,10.2,3.06,4.08,2.04,0,2.04,17.35,1.02,14.29,5.1,1.02,3.06,4.08,0,6.12,0,8.16,4.08,4.08,5.1,2.04,3.06,0,0,0,0,18.37,7.14,3.06,2.04,0,0,0,11.22,0,0,0,0,0,0,0,0,6.12,0,0,3.06,3.06,0,2.04,0,0,0,0,0,0,0,0,0,0,1.02,0,1.02,0,0,0,0,8.16,8.16,0,0,4.08,1.02,2.04,1.02,3.06,2.04,2.04,4.08,4.08,0,4.08,0,0,11.22,9.18,1.02,1.02,0,0,0,0
2602,buyer,1,169,55.32,21.58,64.17,66.85,14.08,10.65,87.57,68.64,57.99,16.57,13.02,8.28,0,4.14,0,0,3.55,16.57,9.47,0.59,13.02,10.06,2.96,6.51,1.18,15.38,4.14,1.18,3.55,1.18,0,2.37,20.71,1.18,11.24,1.78,1.18,1.78,4.73,0,3.55,0,5.33,4.14,1.18,1.18,0,1.18,0,0,0,0,11.24,5.92,4.73,3.55,0,0,2.96,5.33,0.59,0,0,0.59,0,0,0,0,6.51,0,0,1.78,4.73,0,0,0,0,0,0,0,0,0,0,0,0,2.96,0,0.59,0,0,0,0.59,4.73,5.92,0,1.18,5.92,0,0,0,1.18,3.55,3.55,1.78,0.59,0,0.59,0,0,11.83,6.51,4.73,0,0,0,0.59,0
2602,seller,1,120,28.21,35.3,74.02,45.29,13.33,18.33,89.17,65.83,51.67,19.17,17.5,9.17,0.83,6.67,0,0.83,1.67,14.17,5,3.33,9.17,8.33,2.5,5.83,2.5,13.33,5,7.5,1.67,1.67,0,0,23.33,0,13.33,2.5,0.83,1.67,5,0,5.83,0,3.33,2.5,0.83,1.67,0.83,0.83,0,0,0,0,16.67,7.5,2.5,1.67,0,0,1.67,9.17,0,0,0,0,3.33,0,0,3.33,9.17,0.83,0,2.5,7.5,0,0,0,0,0,0,0,0,0,0,0,0,1.67,0,0,0,0,0,1.67,5,4.17,1.67,0,2.5,0,0,0,3.33,1.67,5,1.67,0.83,0,0.83,0,0,10,6.67,0.83,0.83,0,0.83,0.83,0
2603,buyer,1,32,13.27,23.51,5.64,99,8,21.88,84.38,59.38,50,21.88,18.75,12.5,0,6.25,0,0,3.13,12.5,9.38,6.25,0,9.38,6.25,3.13,0,18.75,6.25,3.13,0,0,0,0,25,0,12.5,0,0,6.25,3.13,0,3.13,0,15.63,12.5,3.13,9.38,6.25,3.13,0,3.13,0,0,18.75,12.5,9.38,9.38,3.13,0,9.38,6.25,0,0,0,0,0,0,0,0,3.13,0,0,0,3.13,0,0,0,0,0,0,0,0,0,0,0,6.25,0,0,0,0,0,0,0,0,0,0,0,0,0,0,0,0,6.25,6.25,3.13,0,0,0,0,0,21.88,6.25,3.13,0,3.13,3.13,6.25,0
2603,seller,1,69,34.72,99,1,41.62,11.5,20.29,91.3,75.36,60.87,18.84,15.94,2.9,1.45,11.59,0,0,2.9,13.04,8.7,2.9,11.59,10.14,5.8,5.8,1.45,20.29,1.45,4.35,1.45,1.45,0,0,18.84,1.45,10.14,0,1.45,5.8,0,1.45,1.45,0,7.25,4.35,2.9,0,0,0,0,0,0,0,21.74,7.25,5.8,5.8,0,0,4.35,14.49,0,0,0,0,0,0,0,0,7.25,0,0,4.35,7.25,0,0,0,0,0,0,0,0,0,0,0,0,2.9,0,1.45,0,0,0,0,7.25,4.35,0,0,2.9,1.45,0,0,2.9,4.35,2.9,0,0,0,0,0,0,11.59,7.25,2.9,1.45,0,0,0,0
2606,buyer,1,63,21.46,2.75,67.59,70.15,12.6,11.11,92.06,71.43,61.9,20.63,19.05,14.29,0,4.76,0,0,1.59,15.87,9.52,0,9.52,11.11,3.17,9.52,1.59,14.29,7.94,3.17,3.17,0,0,3.17,25.4,0,17.46,4.76,0,6.35,3.17,1.59,4.76,0,9.52,6.35,3.17,6.35,4.76,1.59,0,0,0,0,12.7,7.94,6.35,4.76,0,0,0,4.76,0,0,0,0,0,0,0,0,11.11,0,0,3.17,7.94,0,0,0,0,0,0,0,0,0,0,4.76,0,1.59,0,1.59,0,0,0,0,3.17,1.59,0,0,1.59,0,0,0,1.59,1.59,4.76,4.76,0,0,0,0,0,11.11,7.94,1.59,0,0,1.59,0,0
2606,seller,1,59,84.11,3.75,41.6,45.75,11.8,13.56,88.14,66.1,57.63,6.78,6.78,5.08,0,1.69,0,0,0,15.25,11.86,0,16.95,13.56,3.39,6.78,1.69,15.25,6.78,1.69,3.39,0,0,3.39,25.42,1.69,15.25,3.39,1.69,5.08,1.69,0,6.78,0,1.69,1.69,0,0,0,0,0,0,0,0,8.47,6.78,3.39,3.39,0,0,0,1.69,0,0,0,0,0,0,0,0,10.17,0,0,1.69,8.47,0,0,0,0,0,0,0,0,0,0,1.69,0,1.69,0,0,0,0,0,0,5.08,3.39,0,0,3.39,0,0,0,3.39,0,6.78,1.69,0,0,0,0,0,16.95,8.47,8.47,0,0,0,0,0
2607,buyer,1,98,22.49,15.38,97.09,51.68,12.25,28.57,91.84,71.43,56.12,21.43,16.33,10.2,3.06,3.06,0,0,5.1,15.31,9.18,0,7.14,9.18,2.04,9.18,1.02,17.35,6.12,2.04,6.12,3.06,0,3.06,30.61,0,25.51,9.18,0,6.12,3.06,2.04,6.12,0,4.08,3.06,1.02,2.04,2.04,0,0,0,0,0,16.33,10.2,5.1,3.06,0,0,2.04,6.12,0,0,0,0,1.02,1.02,0,0,4.08,0,0,1.02,3.06,0,0,0,0,0,0,0,0,0,0,1.02,0,1.02,0,2.04,0,0,0,0,2.04,7.14,0,3.06,5.1,0,0,0,1.02,4.08,5.1,0,1.02,1.02,0,0,0,14.29,6.12,5.1,1.02,1.02,1.02,0,0
2607,seller,1,45,71.95,53.33,32.09,54.76,11.25,17.78,88.89,66.67,53.33,17.78,15.56,8.89,2.22,4.44,0,0,2.22,15.56,13.33,0,8.89,8.89,2.22,2.22,0,15.56,6.67,0,4.44,2.22,0,2.22,20,2.22,13.33,4.44,2.22,4.44,2.22,0,2.22,0,11.11,6.67,4.44,2.22,2.22,0,0,0,0,0,17.78,11.11,4.44,4.44,0,0,2.22,6.67,0,0,0,0,0,0,0,0,6.67,0,0,2.22,4.44,0,0,0,0,0,0,0,0,0,0,0,0,2.22,0,0,0,0,2.22,0,2.22,6.67,4.44,2.22,0,0,0,0,2.22,4.44,4.44,6.67,0,0,0,0,0,13.33,6.67,4.44,0,2.22,0,0,0
2609,buyer,1,34,7.78,93.56,26.78,99,11.33,17.65,97.06,70.59,55.88,17.65,17.65,5.88,0,11.76,0,0,0,11.76,2.94,0,8.82,11.76,8.82,5.88,2.94,17.65,11.76,2.94,5.88,2.94,2.94,0,26.47,2.94,14.71,2.94,2.94,2.94,2.94,0,2.94,0,8.82,8.82,0,0,0,0,0,0,0,0,26.47,14.71,8.82,5.88,0,0,2.94,11.76,0,0,0,0,2.94,0,0,2.94,2.94,0,0,2.94,0,0,2.94,0,0,0,0,0,0,0,0,2.94,0,0,0,0,0,0,0,0,17.65,5.88,0,0,5.88,0,0,0,0,0,5.88,2.94,0,0,0,0,0,14.71,2.94,2.94,2.94,2.94,2.94,0,0
2609,seller,1,52,1.84,93.13,89.39,99,7.43,11.54,100,80.77,65.38,30.77,26.92,13.46,1.92,11.54,0,0,3.85,9.62,5.77,0,9.62,15.38,7.69,5.77,0,23.08,7.69,0,7.69,5.77,1.92,0,32.69,0,21.15,9.62,3.85,3.85,9.62,0,1.92,0,11.54,9.62,1.92,1.92,1.92,0,0,0,0,0,26.92,13.46,7.69,1.92,0,0,3.85,13.46,0,0,0,0,1.92,0,0,1.92,3.85,0,0,3.85,0,0,0,0,0,0,0,0,0,0,0,0,1.92,0,0,0,0,0,0,0,3.85,3.85,1.92,0,1.92,0,0,0,1.92,3.85,11.54,5.77,0,0,0,0,0,25,5.77,5.77,7.69,0,5.77,0,0
2611,buyer,1,111,21.37,21.35,49.26,76.19,9.25,9.01,83.78,71.17,55.86,23.42,18.92,12.61,0.9,4.5,0.9,0,4.5,14.41,7.21,0,7.21,10.81,1.8,4.5,0.9,18.02,7.21,1.8,1.8,0.9,0.9,0,18.02,0.9,10.81,0.9,0.9,4.5,0.9,0.9,3.6,0,5.41,4.5,0.9,3.6,2.7,0.9,0,0,0,0,11.71,3.6,0.9,1.8,0,0,1.8,8.11,1.8,0,0,2.7,0,0,0,0,3.6,0,0,1.8,1.8,0,0.9,0.9,0.9,0,0,0,0,0,0,0,1.8,4.5,0,0,0,0,0,0,10.81,4.5,0,0.9,4.5,0,0,0,0.9,3.6,4.5,1.8,2.7,0,2.7,0,0,15.32,8.11,0.9,1.8,0.9,0.9,2.7,0
2611,seller,1,231,25.84,93.41,53.59,94.29,10.5,9.09,92.21,77.92,64.07,22.51,18.61,7.79,1.3,9.52,0,0,3.9,13.42,6.49,0.43,14.29,10.82,4.76,6.06,1.73,18.18,3.03,2.6,3.03,1.3,0.87,0.87,21.65,3.46,10.82,4.76,1.73,3.03,2.6,0.43,0.87,0,6.49,6.06,0.43,1.73,1.73,0,0,0,0,0,17.75,6.49,2.16,2.6,0,0,0.87,11.26,0,0,0,0,0,0,0,0,4.76,0,0,2.6,2.6,0,0,0,0,0,0,0,0,0,0,0,1.3,0.43,0,0,0,0,0,0.43,9.09,5.63,0.87,1.3,3.46,0,0.43,0,3.46,3.03,2.6,4.33,1.73,0.43,0.87,0.43,0,11.26,7.36,1.73,1.73,0.43,0,0,0
2613,buyer,1,23,14.64,99,44.75,99,7.67,13.04,91.3,78.26,56.52,26.09,21.74,4.35,4.35,13.04,0,0,4.35,8.7,0,0,13.04,13.04,4.35,0,0,26.09,17.39,8.7,4.35,4.35,0,0,26.09,0,13.04,4.35,4.35,4.35,0,0,4.35,0,8.7,8.7,0,0,0,0,0,0,0,0,30.43,13.04,0,4.35,0,0,8.7,17.39,0,0,0,0,0,0,0,0,0,0,0,0,0,0,0,0,0,0,0,0,0,0,0,4.35,0,0,0,0,0,0,0,0,8.7,4.35,0,4.35,4.35,0,0,0,0,0,13.04,0,8.7,4.35,4.35,0,0,30.43,13.04,4.35,4.35,0,8.7,0,0
2613,seller,1,23,2.08,65.68,44.75,99,23,4.35,95.65,78.26,47.83,26.09,21.74,13.04,0,8.7,0,0,4.35,4.35,0,4.35,4.35,13.04,4.35,4.35,0,26.09,8.7,4.35,0,0,0,0,21.74,0,0,0,0,0,0,0,0,0,17.39,17.39,0,4.35,4.35,0,0,0,0,0,26.09,17.39,4.35,8.7,0,0,13.04,8.7,0,0,0,0,8.7,0,0,8.7,0,0,0,0,0,0,0,0,0,0,0,0,0,0,0,0,0,0,0,0,0,0,0,0,13.04,0,0,0,0,0,0,0,4.35,0,13.04,4.35,4.35,4.35,0,0,0,4.35,0,0,0,0,0,4.35,0
2616,buyer,1,99,18.71,12.22,64.74,20.23,16.5,15.15,96.97,81.82,63.64,22.22,14.14,10.1,1.01,3.03,0,0,8.08,12.12,8.08,0,11.11,13.13,5.05,5.05,2.02,20.2,11.11,2.02,2.02,1.01,1.01,0,24.24,0,17.17,7.07,1.01,5.05,0,3.03,3.03,0,12.12,6.06,6.06,6.06,3.03,3.03,0,1.01,0,0,12.12,7.07,2.02,1.01,1.01,4.04,0,5.05,1.01,0,0,1.01,0,0,0,0,7.07,0,0,4.04,3.03,0,1.01,1.01,1.01,0,0,0,0,0,0,0,2.02,3.03,0,1.01,0,0,0,0,4.04,4.04,0,0,4.04,0,0,0,1.01,6.06,2.02,0,0,0,0,0,0,9.09,4.04,1.01,1.01,0,2.02,1.01,0
2616,seller,1,97,8.05,1.21,94.23,10.11,24.25,20.62,90.72,78.35,62.89,19.59,13.4,10.31,0,3.09,0,0,6.19,15.46,7.22,0,10.31,15.46,6.19,8.25,3.09,22.68,8.25,2.06,3.09,0,2.06,1.03,31.96,3.09,15.46,6.19,2.06,1.03,3.09,0,6.19,0,5.15,2.06,3.09,0,0,0,0,0,0,0,8.25,5.15,2.06,1.03,0,0,2.06,3.09,0,0,0,0,0,0,0,0,5.15,0,0,3.09,3.09,0,0,0,0,0,0,0,0,0,0,0,0,1.03,0,1.03,0,1.03,0,0,5.15,3.09,0,0,3.09,0,0,0,2.06,4.12,7.22,3.09,1.03,0,1.03,0,0,12.37,2.06,6.19,1.03,0,3.09,0,0
2621,buyer,1,27,16.08,2.75,98.13,77.5,27,7.41,92.59,85.19,55.56,22.22,18.52,11.11,0,7.41,0,0,3.7,11.11,11.11,0,3.7,11.11,0,7.41,3.7,18.52,14.81,0,3.7,0,3.7,0,37.04,0,22.22,7.41,0,0,3.7,3.7,11.11,0,18.52,11.11,7.41,11.11,3.7,7.41,0,0,0,0,11.11,3.7,0,0,0,0,0,7.41,0,0,0,0,0,0,0,0,7.41,0,0,7.41,0,0,0,0,0,0,0,0,0,0,0,0,0,0,0,0,0,0,0,0,11.11,0,0,0,0,0,0,0,0,0,7.41,7.41,7.41,3.7,3.7,0,0,14.81,0,3.7,0,0,3.7,7.41,0
2621,seller,1,73,1,2.88,92.42,40.28,18.25,8.22,95.89,73.97,64.38,24.66,20.55,10.96,2.74,6.85,0,0,4.11,12.33,4.11,0,8.22,13.7,4.11,10.96,6.85,16.44,8.22,0,9.59,2.74,2.74,4.11,27.4,0,17.81,4.11,0,2.74,1.37,0,12.33,0,6.85,4.11,2.74,5.48,2.74,2.74,0,0,0,0,16.44,6.85,4.11,4.11,0,0,0,9.59,0,0,0,0,0,0,0,0,8.22,0,0,4.11,4.11,0,0,0,0,0,0,0,0,0,0,0,0,0,5.48,0,0,0,0,0,6.85,1.37,0,0,0,0,1.37,0,1.37,0,15.07,2.74,1.37,0,1.37,0,0,15.07,4.11,2.74,0,0,8.22,0,0
2623,buyer,1,59,38.71,6.34,12.81,20.23,59,13.56,98.31,76.27,55.93,16.95,13.56,10.17,3.39,0,0,0,3.39,11.86,6.78,1.69,13.56,6.78,3.39,10.17,3.39,16.95,10.17,3.39,8.47,3.39,0,5.08,25.42,1.69,18.64,1.69,0,11.86,3.39,0,1.69,0,6.78,3.39,3.39,1.69,0,1.69,0,0,0,0,13.56,10.17,3.39,5.08,0,0,3.39,3.39,0,0,0,0,0,0,0,0,3.39,0,0,1.69,1.69,0,0,0,0,0,0,0,0,0,0,3.39,0,3.39,0,1.69,0,0,0,1.69,15.25,8.47,1.69,0,6.78,1.69,0,0,3.39,0,1.69,3.39,5.08,1.69,3.39,0,0,6.78,0,6.78,0,0,0,0,0
2623,seller,1,100,54.7,95.58,7.03,10.35,20,20,93,70,60,18,13,4,5,4,0,0,5,18,9,0,14,13,2,4,1,17,9,3,9,5,1,3,23,0,17,5,0,4,4,1,2,0,11,5,6,9,3,6,0,0,1,0,17,7,4,3,1,0,3,11,0,0,0,0,1,0,0,1,6,0,0,6,0,0,0,0,0,0,0,0,0,0,0,0,0,1,0,0,0,0,1,2,2,4,2,1,2,2,0,0,0,2,4,1,0,0,0,0,0,9,4,4,0,0,1,0,0
2624,buyer,1,164,42.94,1.2,89.39,68.23,16.4,17.68,90.85,73.17,62.8,18.29,11.59,9.76,0.61,0,0,0,6.71,15.85,10.37,1.22,15.24,9.15,6.1,9.15,1.83,15.85,3.05,3.05,1.22,0.61,0,0.61,35.37,0.61,24.39,3.05,7.32,4.88,3.05,2.44,5.49,0,6.71,4.88,1.83,5.49,4.27,0.61,0,0,0,0,7.32,4.27,0.61,0.61,0.61,0.61,3.05,3.05,0.61,0,0,0.61,0,0,0,0,4.88,0,0,0,4.88,0,1.22,1.22,0.61,0,0,0,0,0,0,0,0,5.49,0,1.22,0,0,0,0,3.05,3.05,0,0.61,2.44,0,0,0,8.54,6.71,3.05,0.61,0.61,0,0.61,0,0,14.02,5.49,3.66,0.61,0,2.44,1.83,0
2624,seller,1,137,28.41,88.05,40.45,30.13,15.22,17.52,89.05,76.64,62.04,26.28,19.71,8.03,2.92,8.03,0,0.73,6.57,16.06,7.3,0.73,10.95,13.14,1.46,0.73,0.73,24.09,2.92,2.19,5.11,3.65,0.73,0.73,18.98,1.46,10.95,2.92,0.73,2.19,2.19,0,4.38,0,0.73,0.73,0,0,0,0,0,0,0,0,17.52,5.84,2.19,0.73,0,0,0.73,11.68,0,0,0,0,0,0,0,0,4.38,0,0,2.19,2.19,0,0,0,0,0,0,0,0,0,0,0,0,2.19,0,0,0,0,0,0,8.76,2.92,0,0,0.73,1.46,0.73,0,2.92,2.19,5.84,2.19,0,0,0,0,0,16.06,9.49,3.65,0.73,0,0,2.19,0
2625,buyer,1,243,10.76,22.75,67.21,58.91,81,10.7,93.83,75.72,63.79,23.05,18.11,11.11,2.47,4.12,0.41,0,4.94,15.23,7.41,0,9.88,12.35,6.58,4.94,3.29,19.34,5.35,2.06,6.58,4.12,1.23,1.23,23.05,0.82,16.05,2.88,1.23,4.12,2.88,2.88,4.53,0.41,6.58,4.53,2.06,3.29,1.23,2.06,0,0,0,0,18.11,7,4.12,2.06,0.41,0,1.65,9.05,1.23,0,0,2.06,0,0,0,0,4.94,0,0,1.65,3.29,0,1.23,0.82,0.82,0,0,0,0,0,0.41,0.82,0.41,0.82,0.82,0,0,0,0,0,9.88,5.35,0,0.82,4.94,0,0,0,0.82,2.47,6.58,0.82,1.23,0,1.23,0,0,15.23,0,9.47,0.82,0,4.94,0,0
2625,seller,1,123,21.81,99,11.08,44.6,30.75,21.14,91.87,73.98,60.98,17.89,16.26,0,13.82,2.44,0,0,1.63,21.14,9.76,0.81,9.76,13.82,4.88,7.32,2.44,17.07,8.94,1.63,14.63,13.82,0,0.81,29.27,1.63,13.82,4.88,0.81,1.63,2.44,0,5.69,0,3.25,2.44,0.81,1.63,0.81,0.81,0,0,0,0,21.95,4.88,1.63,0,0,0.81,0,16.26,0,0,0,0,1.63,0,0,1.63,9.76,0,0,4.07,5.69,0,0,0,0,0,0,0,0,0,0,0,0,0,0,0,0,0,0,0,3.25,2.44,0,0,1.63,0,0.81,0,0.81,3.25,11.38,0,0.81,0,0.81,0,0,9.76,2.44,4.88,0.81,0,1.63,0,0
2626,buyer,1,53,32.25,72.6,68.36,1,26.5,13.21,88.68,67.92,47.17,22.64,20.75,11.32,0,9.43,0,0,1.89,9.43,3.77,0,9.43,7.55,0,5.66,0,9.43,13.21,3.77,3.77,0,0,3.77,24.53,5.66,13.21,7.55,0,3.77,1.89,0,1.89,0,7.55,0,7.55,7.55,0,7.55,0,0,0,0,16.98,7.55,7.55,7.55,0,0,0,9.43,0,0,0,0,0,0,0,0,11.32,0,0,7.55,3.77,0,0,0,0,0,0,0,0,0,0,0,1.89,1.89,0,3.77,0,0,0,0,5.66,3.77,0,0,3.77,0,0,0,0,0,3.77,3.77,5.66,0,5.66,0,0,11.32,0,9.43,1.89,0,0,0,0
2626,seller,1,88,10.71,90.11,20.79,36.46,9.78,12.5,93.18,76.14,65.91,23.86,14.77,5.68,3.41,5.68,0,0,9.09,17.05,7.95,2.27,9.09,17.05,4.55,4.55,0,23.86,3.41,2.27,9.09,3.41,0,5.68,21.59,1.14,9.09,1.14,0,4.55,1.14,1.14,2.27,0,7.95,4.55,3.41,0,0,0,0,0,0,0,18.18,9.09,1.14,5.68,0,1.14,1.14,9.09,0,0,0,0,0,0,0,0,1.14,0,0,0,1.14,0,0,0,0,0,0,0,0,0,0,0,0,0,0,0,0,0,0,0,6.82,6.82,2.27,1.14,1.14,1.14,1.14,0,6.82,3.41,5.68,4.55,2.27,0,2.27,0,0,12.5,5.68,2.27,3.41,1.14,0,0,0
2627,buyer,1,231,24.78,26.01,86.68,84.7,25.67,17.32,91.77,71,58.01,20.35,17.32,11.26,0.43,5.63,0,0,3.03,16.88,9.96,0.43,6.49,9.09,5.19,6.93,0.43,18.18,4.33,2.6,2.16,0.43,0.87,1.73,25.97,0.43,14.72,5.19,2.16,3.03,1.3,0.43,3.9,0,6.93,5.63,1.3,1.73,1.3,0.43,0,0,0,0,16.88,9.96,1.3,2.6,0,1.3,5.19,6.93,0,0,0,0,0.43,0,0,0.43,7.36,0.87,0,3.03,3.46,0,0,0,0,0,0,0,0,0,0,0.43,0,2.16,0.87,0.87,0,0,0.87,0.87,3.9,3.46,0,0.87,1.73,0.87,0.43,0,4.33,5.19,4.33,2.16,0.87,0.43,0.43,0,0,12.12,3.03,6.06,0.87,0,1.73,0.43,0
2627,seller,1,149,2.31,56.07,88.83,29.25,9.93,12.08,94.63,79.87,69.13,22.82,14.77,6.71,2.68,4.03,0,1.34,8.05,15.44,6.04,0,8.72,12.08,12.08,8.72,2.01,16.11,9.4,2.68,7.38,4.03,0,3.36,31.54,2.68,20.13,6.71,3.36,2.68,6.04,0.67,4.7,0,4.7,2.68,2.01,0.67,0,0.67,0,0,0,0,14.09,5.37,2.01,2.01,0,1.34,0.67,9.4,0,0,0,0,0,0,0,0,4.7,0,0,2.68,2.01,0,0,0,0,0,0,0,0,0,0,0.67,0,0,0.67,0.67,0,0,0,0,4.7,6.71,0,1.34,6.04,0.67,0,0,2.01,0.67,6.04,2.68,0,0,0,0,0,12.08,6.71,1.34,2.01,0.67,0,1.34,0
2628,buyer,1,102,27.34,20,67.28,66.58,12.75,16.67,96.08,75.49,63.73,20.59,15.69,9.8,1.96,3.92,0,0,4.9,13.73,6.86,0.98,12.75,9.8,6.86,5.88,0.98,17.65,4.9,1.96,6.86,2.94,1.96,1.96,26.47,0,18.63,5.88,0,4.9,3.92,0,4.9,0,6.86,4.9,1.96,1.96,1.96,0,0,0,0,0,15.69,9.8,4.9,3.92,0,0,3.92,5.88,0,0,0,0,1.96,0,0,1.96,7.84,0,0,4.9,2.94,0,0,0,0,0,0,0,0,0,0,0,0,0.98,0,0,0,0,0,0,6.86,5.88,0,0,3.92,0.98,0.98,0,0.98,5.88,1.96,0.98,0.98,0,0.98,0,0,11.76,3.92,3.92,3.92,0,0,0,0
2628,seller,1,62,77.83,99,47.26,89.28,62,16.13,87.1,74.19,58.06,17.74,14.52,1.61,8.06,4.84,0,0,3.23,16.13,8.06,0,17.74,6.45,3.23,3.23,1.61,12.9,9.68,0,12.9,8.06,1.61,3.23,12.9,1.61,8.06,6.45,1.61,1.61,0,0,0,0,8.06,6.45,1.61,3.23,1.61,1.61,0,0,0,0,19.35,6.45,6.45,4.84,0,0,3.23,12.9,0,0,0,0,0,0,0,0,6.45,0,0,4.84,1.61,0,0,0,0,0,0,0,0,0,0,0,0,0,0,0,0,0,0,0,8.06,9.68,0,3.23,8.06,0,1.61,0,0,1.61,0,1.61,0,0,0,0,0,6.45,0,4.84,0,0,0,1.61,0
2629,buyer,1,120,30.37,12.92,51.55,59.44,24,12.5,90.83,76.67,65,21.67,19.17,11.67,0,5.83,0,1.67,2.5,14.17,10,0,12.5,11.67,3.33,6.67,2.5,17.5,4.17,2.5,2.5,2.5,0,0,23.33,0.83,16.67,2.5,2.5,5.83,3.33,0,5,0,5.83,4.17,1.67,0,0,0,0,0,0,0,15,6.67,3.33,1.67,0,0,2.5,7.5,0,0,0,0,0,0,0,0,6.67,0,0,2.5,4.17,0,0,0,0,0,0,0,0,0,0,0.83,0,0.83,0,1.67,0,0,0.83,0,5,5.83,0,0.83,4.17,0.83,0,0,0,4.17,5.83,0.83,0.83,0,0.83,0,0,9.17,1.67,4.17,1.67,0,1.67,0,0
2629,seller,1,120,24.09,64.67,28.56,1.23,13.33,13.33,88.33,71.67,60.83,24.17,18.33,8.33,3.33,5,0,1.67,5.83,14.17,5.83,0.83,11.67,9.17,2.5,6.67,0.83,14.17,6.67,4.17,4.17,3.33,0,0.83,22.5,0,14.17,2.5,1.67,3.33,1.67,0,5,0,3.33,0,3.33,2.5,0,2.5,0,0,0,0,18.33,6.67,3.33,1.67,0,0,1.67,10,0,0,0,0,0.83,0,0,0.83,7.5,0,0,3.33,4.17,0,0,0,0,0,0,0,0,0,0,0,0,0,0,0.83,0,0,0,0,1.67,2.5,0,0,0.83,1.67,0,0,1.67,5.83,2.5,1.67,0,0,0,0,0,14.17,6.67,6.67,0.83,0,0,0,0
2630,buyer,1,173,3.53,50.39,98.8,20.23,57.67,6.36,97.69,79.77,61.85,30.64,26.59,15.03,2.31,8.67,0,0.58,4.05,15.03,4.05,1.16,9.25,7.51,5.2,7.51,2.89,20.23,5.2,2.89,5.2,3.47,0.58,1.16,27.75,0,13.87,5.78,1.73,2.31,1.16,0,4.05,0,2.31,1.16,1.16,1.16,0,1.16,0,0,0,0,17.92,5.2,1.16,1.73,0,0,1.16,12.72,0,0,0,0.58,0.58,0,0,0.58,9.83,0,0,6.36,3.47,0,0,0,0,0,0,0,0,0,0,0,0,0.58,0,1.16,0,0,0,0,12.72,4.62,0.58,1.16,2.89,1.16,0,0,4.05,2.89,4.62,2.89,1.16,0,1.16,0,0,13.29,0.58,9.25,0.58,0,2.89,0,0
2630,seller,1,116,1.67,74.46,97.87,5.8,11.6,9.48,96.55,75,65.52,27.59,24.14,12.07,0,12.07,0,0,3.45,15.52,6.03,0.86,6.03,10.34,5.17,10.34,3.45,17.24,4.31,0.86,0,0,0,0,31.03,0,14.66,5.17,0.86,0.86,1.72,1.72,4.31,0,5.17,1.72,3.45,0.86,0.86,0,0,0,0,0,17.24,5.17,0,0,0,2.59,1.72,13.79,0,0,0,0,0.86,0,0,0.86,9.48,0,0,5.17,5.17,0,0,0,0,0,0,0,0,0,0,0,0.86,0.86,0,0,0,0,0,0,7.76,3.45,0,0,3.45,0,0,0,5.17,4.31,6.03,3.45,0.86,0,0.86,0,0,11.21,6.9,1.72,1.72,0,0.86,0,0
2632,buyer,1,146,34.21,8.29,52.71,40.28,20.86,15.07,91.1,73.29,61.64,23.29,13.7,9.59,0,3.42,0.68,0,9.59,19.18,10.96,0,9.59,9.59,2.05,5.48,2.05,17.12,4.11,0.68,0,0,0,0,22.6,2.05,8.22,2.05,0.68,0.68,1.37,0,4.11,0,4.11,2.74,1.37,0,0,0,0,0,0,0,10.27,5.48,0.68,0.68,0,2.05,2.05,4.79,0,0,0,0.68,0,0,0,0,8.22,0,0,3.42,4.79,0,0,0,0,0,0,0,0,0,0,0,0,5.48,0,0.68,0,0,0,2.74,4.11,6.16,2.74,0.68,0.68,4.79,0,0,2.74,7.53,4.11,2.05,1.37,0.68,0.68,0,0,11.64,4.79,6.16,0,0,0.68,0,0
2632,seller,1,258,56.69,29.33,90.03,90.78,17.2,18.22,90.7,69.77,63.57,15.89,12.79,5.43,0.78,6.59,0,0,3.1,19.77,12.4,0,13.18,9.3,5.43,6.2,3.1,10.85,3.88,1.94,3.49,1.55,0,1.94,27.91,0.78,18.99,4.65,1.94,3.1,3.1,0,8.14,0,6.59,5.81,0.78,1.55,1.16,0.39,0,0,0,0,15.5,8.14,3.1,3.49,0,0,1.55,7.36,0,0,0,0,0,0,0,0,6.2,0.39,0,1.16,4.65,0,0,0,0,0,0,0,0,0,0,0,0,2.33,0,0.39,0,0,0.39,0,3.1,5.43,0,0.39,4.65,0.78,0,0,5.04,2.71,6.2,0,0,0,0,0,0,11.24,5.43,5.43,0.39,0,0,0,0
2633,buyer,1,144,35.31,1,68.87,74.42,14.4,17.36,91.67,73.61,63.19,20.83,14.58,13.89,0,0.69,0,0,6.25,15.28,9.72,0.69,12.5,13.19,2.78,6.25,0.69,19.44,4.17,1.39,2.08,0.69,0,1.39,29.86,0,21.53,4.86,2.08,7.64,1.39,2.08,4.17,0,6.25,4.86,1.39,4.86,3.47,1.39,0,0,0,0,8.33,5.56,2.08,1.39,0,0,0.69,2.78,0,0,0,0,0.69,0,0,0.69,4.17,0,0,2.08,2.78,0,0,0,0,0,0,0,0,0,0,0,2.08,2.78,0,0,0,0,0,0,4.17,4.17,0,0,2.78,0.69,0,0.69,2.78,5.56,2.78,2.78,0.69,0,0.69,0,0,7.64,6.94,0,0,0,0.69,0,0
2633,seller,1,172,7.6,99,16.67,46.59,15.64,24.42,95.93,76.74,62.21,23.26,19.19,2.33,6.4,9.3,0,1.16,4.07,16.28,6.98,0,8.14,12.79,4.07,7.56,2.91,22.09,5.23,1.16,6.98,6.4,0,0.58,29.07,1.16,19.77,4.07,2.91,5.23,1.74,1.16,6.4,0,4.07,2.91,1.16,1.16,0.58,0.58,0,0,0,0,25.58,6.4,1.16,1.16,0,0,3.49,19.19,0,0,0,0,2.33,0,0,2.33,6.4,0,0,2.91,4.65,0,0.58,0.58,0,0,0,0,0,0,0,0,0.58,2.33,1.16,0.58,0,0,0,0,8.14,4.07,0,0.58,1.74,1.74,0,0.58,2.91,4.07,4.65,1.16,0,0,0,0,0,12.79,5.23,5.23,1.16,0,1.16,0,0
2634,buyer,1,70,1.43,1.51,42.95,84.26,17.5,5.71,90,75.71,61.43,28.57,20,15.71,0,4.29,0,0,8.57,17.14,2.86,0,7.14,12.86,5.71,7.14,1.43,21.43,5.71,1.43,1.43,0,1.43,0,21.43,0,17.14,2.86,0,7.14,1.43,2.86,4.29,0,7.14,5.71,1.43,1.43,0,1.43,0,0,0,0,8.57,4.29,2.86,4.29,0,0,4.29,4.29,0,0,0,0,2.86,0,0,2.86,7.14,0,0,1.43,5.71,0,0,0,0,0,0,0,0,0,0,0,4.29,2.86,0,0,0,0,0,0,4.29,0,0,0,0,0,0,0,1.43,1.43,1.43,1.43,1.43,0,1.43,0,0,17.14,4.29,8.57,1.43,1.43,1.43,0,0
2634,seller,1,126,8.2,88.15,20.06,70.15,14,18.25,93.65,75.4,63.49,22.22,16.67,6.35,3.17,7.14,0,0,5.56,17.46,6.35,0,9.52,11.11,7.14,7.94,2.38,19.84,3.97,1.59,3.97,3.17,0.79,0,30.16,1.59,20.63,6.35,0,4.76,4.76,3.17,3.97,0,7.94,5.56,2.38,2.38,1.59,0.79,0,0,0,0,17.46,5.56,2.38,1.59,0,0,3.97,11.9,0,0,0,0,0,0,0,0,7.14,0,0,4.76,3.97,0,0,0,0,0,0,0,0,0,0,0,2.38,2.38,0,0,0,0,1.59,0.79,4.76,2.38,0.79,0.79,0.79,0,0,0,0,0.79,6.35,3.97,0,0,0,0,0,17.46,4.76,6.35,1.59,0.79,3.97,0,0
2635,buyer,1,48,1,84.23,15.38,83,24,6.25,100,85.42,77.08,37.5,18.75,8.33,8.33,2.08,0,0,18.75,12.5,2.08,0,12.5,20.83,2.08,4.17,0,22.92,6.25,4.17,8.33,8.33,0,0,27.08,0,12.5,0,0,6.25,4.17,0,4.17,0,4.17,4.17,0,0,0,0,0,0,0,0,12.5,2.08,0,0,0,0,0,10.42,0,0,0,0,0,0,0,0,2.08,0,0,2.08,0,0,0,0,0,0,0,0,0,0,0,0,0,6.25,0,0,0,0,0,0,4.17,4.17,0,2.08,4.17,0,0,0,0,0,8.33,6.25,2.08,0,2.08,0,0,14.58,2.08,4.17,2.08,0,6.25,0,0
2635,seller,1,48,31.5,98.75,39.59,83,24,12.5,95.83,81.25,62.5,22.92,18.75,6.25,2.08,8.33,0,2.08,4.17,16.67,8.33,0,12.5,10.42,6.25,4.17,0,20.83,8.33,2.08,10.42,2.08,6.25,2.08,33.33,0,27.08,18.75,2.08,8.33,0,0,0,0,12.5,8.33,4.17,4.17,4.17,0,0,0,0,0,14.58,2.08,2.08,2.08,0,0,0,12.5,0,0,0,0,0,0,0,0,8.33,0,0,8.33,0,0,0,0,0,0,0,0,0,0,0,0,0,0,0,0,0,0,0,0,6.25,4.17,0,0,0,0,0,4.17,0,0,10.42,0,0,0,0,0,0,2.08,0,0,2.08,0,0,0,0
2640,buyer,1,62,41.62,1.48,10.77,89.28,6.2,19.35,91.94,72.58,61.29,19.35,16.13,12.9,0,3.23,0,0,3.23,16.13,11.29,0,11.29,12.9,1.61,4.84,3.23,12.9,6.45,1.61,4.84,0,0,4.84,25.81,4.84,12.9,1.61,0,8.06,1.61,0,3.23,0,11.29,8.06,3.23,3.23,3.23,0,0,0,0,0,11.29,8.06,4.84,6.45,0,1.61,1.61,3.23,0,0,0,0,0,0,0,0,4.84,0,0,1.61,3.23,0,0,0,0,0,0,0,0,0,0,0,0,6.45,0,1.61,0,0,0,0,8.06,3.23,0,0,1.61,1.61,0,0,0,4.84,1.61,4.84,4.84,1.61,3.23,0,0,16.13,14.52,0,1.61,0,0,0,0
2640,seller,1,91,72.2,98.04,2.93,20.23,13,17.58,85.71,67.03,57.14,17.58,13.19,2.2,4.4,6.59,0,0,4.4,16.48,13.19,0,13.19,9.89,1.1,5.49,1.1,15.38,3.3,0,8.79,4.4,1.1,3.3,18.68,0,12.09,5.49,1.1,4.4,4.4,0,3.3,0,2.2,1.1,1.1,0,0,0,0,0,0,0,19.78,8.79,1.1,2.2,0,0,1.1,10.99,0,0,0,0,1.1,0,0,1.1,5.49,0,0,2.2,3.3,0,0,0,0,0,0,0,0,0,0,0,1.1,0,0,0,0,0,0,0,2.2,2.2,0,0,1.1,0,1.1,0,0,3.3,7.69,0,1.1,0,1.1,0,0,13.19,6.59,4.4,1.1,0,1.1,0,0
2641,buyer,1,90,42.98,1,87.45,9.52,90,16.67,86.67,68.89,60,17.78,14.44,12.22,0,2.22,0,0,3.33,24.44,16.67,3.33,6.67,11.11,5.56,4.44,3.33,15.56,6.67,5.56,2.22,0,0,2.22,22.22,1.11,13.33,4.44,3.33,2.22,1.11,0,4.44,0,3.33,1.11,2.22,2.22,0,2.22,0,0,0,0,6.67,4.44,3.33,3.33,0,0,1.11,2.22,0,0,0,0,0,0,0,0,7.78,0,0,3.33,4.44,0,0,0,0,0,0,0,0,0,0,0,0,4.44,0,0,0,0,0,2.22,10,3.33,2.22,0,1.11,2.22,0,0,4.44,3.33,3.33,2.22,0,0,0,0,0,8.89,0,7.78,0,0,0,1.11,0
2641,seller,1,85,67.46,79.15,8.59,37.12,85,12.94,89.41,67.06,56.47,15.29,9.41,2.35,1.18,5.88,0,0,5.88,22.35,16.47,1.18,7.06,10.59,3.53,4.71,0,11.76,5.88,1.18,1.18,1.18,0,0,27.06,3.53,16.47,3.53,1.18,4.71,1.18,1.18,4.71,0,8.24,4.71,3.53,7.06,3.53,3.53,0,0,1.18,0,12.94,5.88,2.35,2.35,0,0,2.35,7.06,0,0,0,0,0,0,0,0,8.24,0,0,4.71,3.53,0,0,0,0,0,0,0,0,0,0,0,0,1.18,0,0,0,0,0,0,4.71,2.35,0,1.18,2.35,0,0,0,1.18,1.18,9.41,0,3.53,2.35,1.18,0,0,11.76,0,5.88,0,0,0,5.88,0
2644,buyer,1,140,21.11,9.23,68.1,41.28,15.56,12.86,96.43,76.43,67.86,18.57,12.14,8.57,0,2.14,0,1.43,6.43,19.29,11.43,0.71,10.71,12.86,10,5,2.86,18.57,4.29,1.43,0.71,0,0,0.71,25.71,2.14,12.86,2.14,2.86,3.57,2.86,0,2.14,0,2.86,2.14,0.71,0.71,0,0.71,0,0,0,0,7.86,2.86,0.71,2.14,0,0,2.14,4.29,0,0,0,0,0,0,0,0,9.29,0,0,5,4.29,0,0,0,0,0,0,0,0,0,0,1.43,2.14,2.14,0,0,0,0,0,0,7.14,8.57,0.71,2.86,5.71,0,0.71,0,2.86,3.57,6.43,2.86,0,0,0,0,0,12.86,5.71,4.29,0.71,0,2.14,0,0
2644,seller,1,110,56.07,99,31.44,47.86,36.67,25.45,90,68.18,57.27,17.27,13.64,0,4.55,9.09,0,0,3.64,18.18,13.64,0,9.09,10.91,3.64,2.73,2.73,14.55,6.36,1.82,6.36,5.45,0.91,0,27.27,0,21.82,8.18,2.73,4.55,1.82,0.91,3.64,0,5.45,3.64,1.82,1.82,1.82,0,0,0,0,0,20.91,6.36,2.73,1.82,0,0,3.64,15.45,0,0,0,0,0,0,0,0,6.36,0,0,4.55,1.82,0,0,0,0,0,0,0,0,0,0,0,0,0,0,0,0,0,0,0.91,4.55,4.55,0,0.91,3.64,0,0,0,3.64,2.73,3.64,0.91,0,0,0,0,0,6.36,0.91,4.55,0.91,0,0,0,0
2646,buyer,1,64,7.1,1,83.28,69.4,10.67,18.75,82.81,68.75,50,18.75,14.06,10.94,0,3.13,0,0,4.69,10.94,3.13,1.56,4.69,12.5,4.69,3.13,4.69,23.44,7.81,1.56,6.25,0,4.69,1.56,31.25,3.13,12.5,3.13,3.13,0,1.56,0,4.69,0,6.25,4.69,1.56,3.13,3.13,0,0,0,0,0,7.81,4.69,1.56,1.56,0,0,3.13,3.13,0,0,0,0,0,0,0,0,6.25,0,0,4.69,1.56,0,0,0,0,0,0,0,0,0,0,0,0,1.56,0,0,0,0,0,0,9.38,4.69,0,1.56,1.56,0,0,1.56,1.56,7.81,7.81,3.13,1.56,0,1.56,0,0,18.75,6.25,7.81,1.56,0,1.56,1.56,0
2646,seller,1,50,23.71,99,13.33,81.12,10,18,92,74,58,22,20,0,6,14,0,0,2,18,10,2,8,12,6,4,0,22,6,2,8,6,2,0,22,0,8,2,2,0,0,0,2,0,4,4,0,2,2,0,0,0,0,0,28,6,4,2,0,0,2,22,0,0,0,0,0,0,0,0,6,0,0,4,4,0,0,0,0,0,0,0,0,0,0,0,0,2,0,0,0,0,0,0,8,4,0,2,4,0,0,0,2,4,4,6,0,0,0,0,0,14,6,4,4,0,0,0,0
2650,buyer,1,19,52.34,3.34,8.42,,9.5,10.53,63.16,57.89,42.11,15.79,5.26,5.26,0,0,0,0,10.53,15.79,10.53,0,5.26,10.53,0,5.26,0,10.53,5.26,0,0,0,0,0,15.79,0,10.53,0,0,5.26,5.26,0,5.26,0,0,0,0,0,0,0,0,0,0,0,5.26,5.26,0,0,0,0,0,0,0,0,0,0,0,0,0,0,0,0,0,0,0,0,0,0,0,0,0,0,0,0,0,0,0,0,0,0,0,0,0,0,15.79,5.26,0,0,5.26,0,0,0,0,0,10.53,0,15.79,0,15.79,0,0,15.79,0,5.26,5.26,0,5.26,0,0
2650,seller,1,50,63.53,74.29,1,20.23,12.5,14,64,48,36,8,6,2,4,0,0,0,2,14,4,4,6,2,8,2,2,10,6,8,8,6,0,2,14,2,10,4,2,6,0,0,0,0,4,2,2,2,0,2,0,0,0,0,14,8,2,4,0,0,4,6,0,2,0,0,0,0,0,0,4,0,0,2,2,0,0,0,0,0,0,0,0,0,0,6,0,0,0,2,0,0,0,0,8,4,0,0,4,0,0,0,0,0,2,0,0,0,0,0,0,20,6,12,2,0,0,0,0
2651,buyer,1,33,1,1,86.68,67.94,33,15.15,93.94,75.76,54.55,24.24,18.18,15.15,0,3.03,0,0,6.06,9.09,6.06,0,0,12.12,3.03,12.12,3.03,27.27,6.06,0,0,0,0,0,36.36,0,21.21,6.06,3.03,6.06,0,0,6.06,0,9.09,6.06,3.03,3.03,3.03,0,0,0,0,0,6.06,3.03,0,3.03,0,0,3.03,3.03,0,0,0,0,0,0,0,0,6.06,0,0,3.03,3.03,0,0,0,0,0,0,0,0,0,0,0,0,6.06,0,0,0,0,0,0,6.06,6.06,0,0,0,6.06,0,0,3.03,15.15,6.06,0,0,0,0,0,0,3.03,0,0,0,0,3.03,0,0
2651,seller,1,79,1,81.39,38.11,78.69,7.9,7.59,94.94,81.01,65.82,29.11,21.52,10.13,1.27,10.13,0,0,7.59,11.39,5.06,0,2.53,12.66,12.66,7.59,2.53,20.25,6.33,0,5.06,2.53,0,2.53,26.58,1.27,10.13,2.53,2.53,3.8,1.27,0,3.8,0,3.8,3.8,0,1.27,1.27,0,0,0,0,0,21.52,8.86,6.33,2.53,0,0,2.53,12.66,0,0,0,0,0,0,0,0,1.27,0,0,1.27,0,0,0,0,0,0,0,0,0,0,0,0,0,1.27,0,0,0,0,0,0,3.8,6.33,2.53,0,1.27,2.53,0,0,2.53,5.06,10.13,3.8,1.27,0,0,1.27,0,16.46,2.53,3.8,3.8,6.33,0,0,0
2652,buyer,1,454,37.66,54.51,32.63,35.89,14.19,13.22,92.29,73.13,60.35,17.4,13,5.29,0.66,6.61,0.22,0,4.41,12.56,8.59,4.41,12.33,9.91,4.85,6.83,2.64,16.96,4.19,2.2,3.08,1.1,1.32,0.66,25.99,0.22,16.96,3.52,2.42,3.96,3.3,1.32,5.51,0,4.63,2.86,1.76,0.66,0,0.66,0,0.44,0,0,13.22,4.63,0.66,0.22,0.22,0.22,2.64,8.59,0.22,0,0,0.22,0,0,0,0,9.03,0,0,3.52,6.39,0,0,0,0,0,0,0,0,0,0,0.44,0,1.76,0,0.22,0,0.22,0.22,0,5.51,3.3,0,0.66,3.08,0,0,0,1.76,3.08,5.51,0.66,0.44,0,0.44,0,0,14.54,5.07,2.64,1.98,0,0.44,4.41,0
2652,seller,1,202,14.19,17.81,62.01,26.73,16.83,14.85,93.07,74.75,63.86,20.79,13.37,7.43,0.5,5.45,0,0,7.43,21.29,12.87,0,6.93,14.36,4.46,6.93,3.96,19.31,6.93,0,3.47,0.5,0.5,2.48,36.63,4.46,17.82,3.47,4.95,1.98,1.98,0.5,5.94,0,4.46,2.48,1.98,1.49,0.5,0.99,0,0,0,0,13.86,6.93,2.48,0.99,0,0.5,1.98,6.93,0,0,0,0,1.49,0.5,0,0.99,7.92,0,0,4.46,4.95,0,0,0,0,0,0,0,0,0,0,0,0.5,0.5,0,0,0,0,0,0,5.45,3.96,0,0,3.47,0,0.5,0,1.49,2.97,9.9,1.98,0.5,0,0.5,0,0,16.34,4.95,5.45,0.5,0,4.95,0.5,0
2653,buyer,1,118,27.17,1,12.81,31.93,19.67,12.71,91.53,74.58,59.32,22.03,14.41,12.71,0,1.69,0,0,7.63,19.49,11.86,0,7.63,11.86,4.24,1.69,4.24,20.34,6.78,0,0,0,0,0,27.97,1.69,16.95,0.85,0.85,7.63,0,4.24,3.39,0,4.24,2.54,1.69,0,0,0,0,0,0,0,10.17,6.78,0.85,1.69,0,1.69,4.24,3.39,0.85,0,0,0.85,0.85,0,0,0.85,11.02,0,0,0,11.02,0,0,0,0,0,0,0,0,0,0,1.69,2.54,5.93,0,0,0,0,0,0,13.56,1.69,0,0,1.69,0,0,0,0.85,5.08,5.08,1.69,0.85,0,0.85,0,0,9.32,4.24,2.54,0,0.85,1.69,0,0
2653,seller,1,336,7.02,1.71,92.84,32.62,14,15.18,94.94,80.95,66.96,24.11,17.86,11.61,0.6,5.36,0,0.3,6.25,17.56,7.14,0,9.52,11.9,5.65,5.65,5.36,22.02,5.36,1.49,1.49,0.6,0,0.89,30.65,1.79,18.45,2.68,1.49,3.87,2.68,1.49,9.23,0,2.98,1.79,0.89,1.49,0.6,0.6,0.3,0.3,0,0,13.69,5.95,1.19,0.6,0,0.3,2.08,7.74,0.3,0,0,0.3,2.08,0,0,2.08,4.76,0,0,1.19,4.17,0,0,0,0,0,0,0,0,0,0,0,0.6,0.89,0,0,0,0,0,0,5.95,5.95,0.3,1.49,3.87,0.6,0,0,1.19,2.38,11.31,1.19,0.3,0,0.3,0,0,14.88,7.14,4.76,0,0,2.98,0,0
2654,buyer,1,104,28.53,3.28,64.67,65.7,8.67,20.19,91.35,69.23,58.65,19.23,16.35,12.5,0,3.85,0,0,2.88,17.31,10.58,0,9.62,10.58,4.81,7.69,1.92,15.38,4.81,1.92,1.92,0.96,0,0.96,28.85,1.92,14.42,3.85,0,3.85,0.96,0.96,3.85,0,10.58,6.73,3.85,4.81,3.85,0.96,0.96,0,0,0,13.46,9.62,3.85,3.85,0,0.96,4.81,3.85,0,0,0,0,1.92,0,0,1.92,6.73,0,0,2.88,3.85,0,0,0,0,0,0,0,0,0,0,0.96,0,3.85,0,0,0,0,0,0,4.81,1.92,0,0,1.92,0,0,0,1.92,6.73,2.88,1.92,0.96,0,0.96,0,0,15.38,9.62,2.88,0,1.92,0.96,0,0
2654,seller,1,195,24.55,28.75,63.35,4.35,13.93,22.56,89.74,73.85,62.05,19.49,11.79,6.67,0.51,4.62,0,0,7.69,20.51,10.77,0,9.23,13.33,5.64,5.64,1.54,17.95,6.67,1.54,2.05,0.51,0,1.54,26.15,0,14.36,4.62,1.54,0.51,1.54,2.05,4.1,0,4.1,1.03,3.08,1.54,0.51,1.03,0,1.03,0,0,10.26,5.13,3.59,0.51,0,0.51,1.03,5.13,0,0,0,0,1.54,1.03,0,0.51,5.13,0,0,3.08,2.56,0,0,0,0,0,0,0,0,0,0,1.03,0,1.54,0,0.51,0,0,0,0,2.56,5.64,0,0.51,3.59,1.54,0.51,0,1.03,4.62,6.15,2.56,0,0,0,0,0,12.31,5.64,4.1,1.54,0,1.03,0,0
2655,buyer,1,97,8.05,1,99,82.53,19.4,10.31,92.78,75.26,57.73,17.53,15.46,14.43,0,0,0,1.03,2.06,17.53,6.19,0,5.15,11.34,2.06,11.34,4.12,24.74,8.25,2.06,1.03,0,1.03,0,36.08,1.03,21.65,8.25,5.15,2.06,1.03,0,6.19,0,6.19,5.15,1.03,1.03,0,1.03,0,0,0,0,10.31,7.22,0,1.03,0,1.03,4.12,3.09,0,0,0,0,0,0,0,0,10.31,0,0,4.12,6.19,0,0,0,0,0,0,0,0,0,0,2.06,0,3.09,2.06,0,0,0,0,0,12.37,5.15,0,0,4.12,1.03,0,0,3.09,6.19,4.12,5.15,1.03,0,1.03,0,0,8.25,5.15,2.06,0,0,1.03,0,0
2655,seller,1,160,24.59,2.08,71.5,20.23,17.78,20,88.75,73.75,65,18.75,12.5,8.13,0,4.38,0,0,6.25,24.38,8.75,0,10,11.25,5,3.75,5.63,16.25,5.63,2.5,1.88,0.63,0.63,0.63,32.5,1.25,20.63,2.5,1.88,1.88,5,1.88,8.13,0,1.25,0.63,0.63,0.63,0,0.63,0,0,0,0,11.25,5.63,0.63,1.25,0,0,3.75,5.63,0,0,0,0,0.63,0,0,0.63,5.63,0,0,3.75,3.75,0,0,0,0,0,0,0,0,0,0,0.63,0.63,0,0,1.25,0,0,0,0,1.88,3.75,0,0,3.75,0,0,0,0.63,7.5,3.75,0,0,0,0,0,0,10,4.38,3.75,0.63,0.63,0.63,0,0
2656,buyer,1,124,20.52,26.9,64.46,44.38,15.5,14.52,91.94,75.81,66.13,25,16.13,10.48,0,5.65,0,0,8.87,18.55,5.65,0,16.13,10.48,7.26,4.84,1.61,13.71,6.45,1.61,3.23,0,0.81,2.42,24.19,3.23,12.1,5.65,0,2.42,1.61,0,1.61,0,3.23,2.42,0.81,0.81,0,0.81,0,0,0,0,13.71,8.06,1.61,2.42,0,0.81,4.03,5.65,0,0,0,0,0.81,0,0,0.81,7.26,0,0,5.65,1.61,0,0,0,0,0,0,0,0,0,0,0.81,0,0.81,0,0,0,0,0,0,6.45,4.84,0,0,3.23,0,1.61,0,1.61,4.84,5.65,0,1.61,0,1.61,0,0,16.13,5.65,4.84,0.81,0,4.84,0,0
2656,seller,1,150,16.64,74.29,44.33,20.23,11.54,16,92.67,74.67,60,18.67,12.67,4,1.33,6.67,0,0.67,6,16.67,6.67,0,9.33,12.67,5.33,5.33,3.33,20,8,1.33,4.67,1.33,2.67,0.67,36,1.33,19.33,6.67,2.67,2,2.67,0.67,4,0.67,4,2,2,0.67,0,0.67,0,0,0,0,17.33,8,2,0,0,2,3.33,9.33,0,0,0,0,1.33,0,0,1.33,10.67,0,0,6,4.67,0,0,0,0,0,0,0,0,0,0,0,0,0,0,0,0,0,0,0,5.33,1.33,0,0,0.67,0,0,0,4,6,8,2,0,0,0,0,0,12,6,2,2.67,0,1.33,0,0
2657,buyer,1,188,14.84,59.05,34.72,62.09,31.33,18.09,91.49,74.47,60.64,19.68,15.43,7.98,0.53,6.91,0,0,4.26,13.83,6.91,0.53,9.57,12.23,5.32,6.91,2.66,19.68,5.85,1.6,4.26,1.06,0.53,2.66,22.87,1.6,14.89,5.32,1.06,4.26,3.19,0.53,3.72,0,6.91,4.79,2.13,1.6,1.6,0,0,0,0,0,17.02,7.45,1.06,2.13,0.53,1.06,2.66,10.11,0,0.53,0,0,0,0,0,0,6.91,0,0,5.32,3.72,0,0,0,0,0,0,0,0,0,0,0,0,2.66,0,0.53,0,0,0,0.53,10.11,5.32,0.53,0,2.13,2.13,0,0.53,1.06,2.13,3.72,2.13,2.13,0.53,1.6,0,0,7.45,2.66,2.66,0,0,2.13,0,0
2657,seller,1,284,45.77,50.55,58.93,35.17,14.95,24.3,89.44,67.61,58.1,17.96,14.08,6.34,1.41,6.34,0,0,3.87,19.72,8.1,0.35,12.32,10.56,1.41,5.28,3.17,15.49,5.28,2.82,3.52,1.41,0.35,1.76,26.41,1.06,17.61,3.87,1.41,3.52,4.58,1.06,5.63,0,4.58,2.82,1.76,0.7,0.7,0,0,0,0,0,16.2,7.04,2.11,1.41,0.35,0.7,2.46,9.15,0,0,0,0,0.35,0,0,0.35,5.99,0,0,3.87,3.87,0,0,0,0,0,0,0,0,0,0,0.35,0.7,1.41,0,0.35,0,0.35,0,0,3.87,6.34,0.35,1.06,4.93,0,0.35,0,1.06,3.52,5.28,1.76,0.7,0,0.7,0,0,11.97,6.69,2.11,0,0,1.76,1.41,0
2658,buyer,1,74,6.56,32.46,13.97,98.04,12.33,12.16,93.24,78.38,56.76,28.38,20.27,13.51,0,4.05,0,2.7,8.11,16.22,6.76,0,4.05,9.46,2.7,6.76,0,24.32,5.41,4.05,5.41,2.7,1.35,1.35,24.32,0,18.92,4.05,0,8.11,2.7,1.35,2.7,0,9.46,8.11,1.35,4.05,4.05,0,0,0,0,0,17.57,5.41,2.7,2.7,0,1.35,2.7,10.81,1.35,1.35,0,0,0,0,0,0,5.41,0,0,4.05,2.7,0,0,0,0,0,0,0,0,0,0,2.7,0,4.05,0,0,0,0,0,0,10.81,2.7,2.7,0,0,0,0,0,0,1.35,2.7,5.41,0,0,0,0,0,13.51,5.41,4.05,2.7,0,1.35,0,0
2658,seller,1,59,29.33,84.73,4,73.26,11.8,13.56,84.75,76.27,59.32,20.34,10.17,3.39,0,6.78,0,0,10.17,15.25,10.17,0,10.17,11.86,5.08,6.78,0,22.03,5.08,1.69,1.69,0,1.69,0,18.64,1.69,3.39,0,0,1.69,1.69,0,1.69,0,3.39,3.39,0,0,0,0,0,0,0,0,11.86,5.08,3.39,3.39,0,0,3.39,6.78,0,0,0,0,0,0,0,0,3.39,0,0,1.69,1.69,0,0,0,0,0,0,0,0,0,0,0,0,1.69,0,0,0,0,0,0,5.08,3.39,0,1.69,1.69,1.69,0,0,1.69,10.17,5.08,1.69,1.69,0,1.69,0,0,11.86,5.08,3.39,1.69,0,1.69,0,0
2659,buyer,1,82,7.71,1.87,75.67,89.58,20.5,17.07,92.68,71.95,58.54,19.51,18.29,13.41,0,4.88,0,0,1.22,13.41,9.76,1.22,3.66,12.2,3.66,10.98,2.44,19.51,6.1,1.22,2.44,0,0,2.44,32.93,0,19.51,3.66,2.44,7.32,1.22,0,6.1,0,9.76,7.32,2.44,6.1,3.66,2.44,0,0,0,0,14.63,9.76,3.66,4.88,1.22,0,6.1,4.88,0,0,0,0,0,0,0,0,8.54,0,0,3.66,4.88,0,0,0,0,0,0,0,0,0,0,0,0,2.44,0,0,0,0,0,0,4.88,2.44,0,0,1.22,0,1.22,0,4.88,10.98,1.22,3.66,2.44,0,2.44,0,0,9.76,4.88,3.66,0,0,1.22,0,0
2659,seller,1,61,23.18,95.74,37.69,20.23,20.33,16.39,91.8,70.49,57.38,19.67,16.39,4.92,3.28,8.2,0,0,3.28,18.03,11.48,0,6.56,11.48,3.28,8.2,1.64,14.75,3.28,1.64,6.56,3.28,0,3.28,27.87,1.64,13.11,8.2,1.64,1.64,1.64,0,3.28,0,3.28,1.64,1.64,1.64,0,1.64,0,0,0,0,22.95,11.48,4.92,4.92,0,0,3.28,11.48,0,0,0,0,0,0,0,0,11.48,0,0,8.2,3.28,0,0,0,0,0,0,0,0,0,0,0,0,3.28,0,0,0,0,0,0,8.2,1.64,0,0,1.64,0,0,0,0,3.28,8.2,3.28,6.56,0,6.56,0,0,6.56,1.64,0,1.64,0,3.28,0,0
2660,buyer,1,100,31.28,3.95,35.01,95.9,12.5,15,93,74,66,19,16,12,0,3,0,1,3,15,11,2,12,16,5,3,3,20,4,2,0,0,0,0,22,0,13,1,1,8,0,0,3,0,8,7,1,7,6,1,0,0,1,0,7,2,1,1,0,0,1,5,0,0,0,0,0,0,0,0,7,0,0,3,5,0,0,0,0,0,0,0,0,0,0,3,0,1,0,2,0,0,0,0,5,4,0,1,4,0,0,0,3,6,5,1,0,0,0,0,0,14,6,4,2,0,2,0,0
2660,seller,1,117,35.76,69.89,42.61,32.04,14.63,17.09,83.76,68.38,57.26,20.51,17.95,9.4,0,8.55,0,0,2.56,14.53,11.11,0.85,8.55,11.11,4.27,4.27,0.85,17.09,5.98,1.71,1.71,0,0,1.71,19.66,0,10.26,0.85,0,4.27,1.71,1.71,2.56,0,2.56,1.71,0.85,0.85,0,0.85,0,0,0,0,16.24,6.84,3.42,1.71,0,0,2.56,9.4,0,0,0,0,0,0,0,0,0.85,0,0,0.85,0,0,0,0,0,0,0,0,0,0,0,0,0,1.71,0,0.85,0,0,0,1.71,3.42,7.69,2.56,1.71,5.13,1.71,0,0,1.71,4.27,6.84,1.71,0,0,0,0,0,11.97,4.27,1.71,0.85,0.85,4.27,0,0
2661,buyer,1,71,7.87,89.11,61.43,64.63,17.75,8.45,98.59,78.87,64.79,21.13,18.31,8.45,5.63,4.23,0,0,2.82,14.08,8.45,0,9.86,14.08,7.04,11.27,0,19.72,7.04,4.23,7.04,5.63,0,1.41,21.13,1.41,11.27,4.23,0,5.63,2.82,0,1.41,0,5.63,4.23,1.41,1.41,0,1.41,0,0,0,0,18.31,8.45,1.41,1.41,0,0,2.82,9.86,0,0,0,0,0,0,0,0,8.45,0,0,4.23,4.23,0,0,0,0,0,0,0,0,0,0,0,0,4.23,0,0,0,0,0,0,14.08,7.04,0,0,7.04,0,0,0,4.23,0,11.27,2.82,1.41,1.41,0,0,0,9.86,4.23,2.82,0,0,2.82,0,0
2661,seller,1,44,12.37,27.64,11.02,55.62,7.33,4.55,93.18,79.55,63.64,20.45,15.91,9.09,2.27,4.55,0,0,4.55,15.91,9.09,0,6.82,22.73,0,2.27,2.27,25,15.91,4.55,4.55,2.27,0,2.27,20.45,0,11.36,0,2.27,4.55,0,0,4.55,0,2.27,2.27,0,0,0,0,0,0,0,0,15.91,6.82,4.55,2.27,0,0,2.27,6.82,0,0,0,0,0,0,0,0,9.09,0,0,4.55,4.55,0,0,0,0,0,0,0,0,0,0,0,0,0,0,2.27,0,0,0,0,13.64,4.55,0,0,2.27,0,2.27,0,0,0,13.64,0,4.55,0,4.55,0,0,22.73,11.36,6.82,2.27,0,2.27,0,0
2662,buyer,1,133,36.67,44.51,49.46,20.23,16.63,6.77,91.73,73.68,60.9,21.05,16.54,9.77,1.5,5.26,0,0,4.51,15.04,11.28,0,9.02,9.02,2.26,8.27,0.75,15.79,6.77,1.5,5.26,1.5,1.5,2.26,18.8,0.75,13.53,6.02,0,4.51,0.75,0,3.01,0,9.02,4.51,4.51,6.02,1.5,4.51,0,0,0,0,9.77,2.26,0.75,1.5,0,0,1.5,7.52,0,0,0,0,0,0,0,0,11.28,0,0,7.52,4.51,0,0,0,0,0,0,0,0,0,0,3.01,0,0.75,0,0,0,0,0,0,8.27,3.01,0.75,0.75,2.26,0.75,0,0,0.75,0.75,2.26,4.51,0,0,0,0,0,7.52,5.26,0.75,0.75,0,0,0.75,0
2662,seller,1,162,38.62,36.52,61.67,1.62,14.73,17.28,93.21,72.84,61.11,20.37,16.05,7.41,0,8.64,0,0,4.32,19.14,9.88,0,11.11,9.88,2.47,4.94,3.7,16.67,6.17,1.23,3.7,0,0.62,3.09,27.16,0,18.52,6.17,1.23,3.7,1.85,0,8.02,0,4.32,0.62,3.7,0,0,0,0,0,0,0,15.43,5.56,0.62,0.62,0.62,0.62,3.09,9.88,0,0,0,0,0,0,0,0,9.26,0,0,8.02,4.32,0,0,0,0,0,0,0,0,0,0,1.85,0,0,0,0.62,0,0,0,1.85,3.09,3.7,1.23,0,1.23,2.47,0,0,0.62,3.09,3.09,2.47,0.62,0,0.62,0,0,10.49,6.17,3.7,0.62,0,0,0,0
2663,buyer,1,141,8.4,65.16,57.41,20.23,9.4,14.18,87.23,73.76,62.41,24.82,16.31,7.8,0.71,7.8,0,0,8.51,14.89,6.38,0,11.35,14.89,7.09,4.96,0.71,20.57,4.96,2.13,2.13,0.71,0,1.42,29.08,0,15.6,3.55,2.84,2.13,1.42,1.42,4.26,0,4.26,2.13,2.13,1.42,0,1.42,0.71,0.71,0,0,12.77,4.26,0,0.71,0.71,0,3.55,8.51,0,0,0,0,2.13,0,0,2.13,4.96,0,0,2.13,3.55,0,0,0,0,0,0,0,0,0,0,0,0,2.84,0,0.71,0,0,0,0,4.96,6.38,1.42,0.71,3.55,0.71,0,0,1.42,5.67,8.51,2.13,0.71,0.71,0,0,0,19.15,9.22,4.26,1.42,0,4.26,0,0
2663,seller,1,141,11.17,28.37,75.86,7.48,15.67,17.73,89.36,71.63,60.28,19.15,12.77,5.67,0.71,5.67,0,0.71,6.38,12.77,6.38,0.71,9.93,10.64,4.96,7.8,6.38,17.73,3.55,2.13,3.55,0.71,0.71,2.13,31.21,2.84,13.48,3.55,0.71,0.71,2.13,1.42,6.38,0,7.09,2.84,4.26,2.84,0.71,2.13,0,1.42,0,0,17.02,9.93,0,0.71,2.13,2.84,4.26,9.93,0,0,0,0,2.84,0,0,2.84,3.55,0,0,1.42,2.13,0,0.71,0,0,0,0,0,0,0,0.71,0,0,2.84,0.71,0,0,0,0,0,4.26,6.38,2.13,0,4.26,0,0,0,2.84,8.51,4.26,2.13,1.42,0.71,0.71,0,0,12.77,5.67,4.26,0,0,2.13,0.71,0
2664,buyer,1,35,48.23,40.06,42.95,20.23,35,11.43,91.43,65.71,48.57,20,17.14,11.43,0,5.71,0,0,2.86,11.43,5.71,0,11.43,2.86,8.57,2.86,0,8.57,5.71,0,0,0,0,0,22.86,5.71,11.43,8.57,2.86,2.86,0,0,0,0,11.43,5.71,5.71,8.57,2.86,5.71,0,0,0,0,11.43,5.71,0,2.86,0,0,2.86,5.71,0,0,0,0,0,0,0,0,14.29,0,0,5.71,8.57,0,0,0,0,0,0,0,0,0,0,0,2.86,2.86,0,0,0,0,0,0,11.43,2.86,0,0,0,0,2.86,0,0,0,2.86,2.86,5.71,0,5.71,0,0,0,0,0,0,0,0,0,0
2664,seller,1,35,12.97,72.87,42.95,1.98,17.5,11.43,91.43,68.57,45.71,17.14,14.29,5.71,2.86,5.71,0,0,2.86,14.29,5.71,2.86,0,8.57,0,11.43,0,14.29,11.43,2.86,5.71,2.86,0,2.86,22.86,0,17.14,5.71,0,5.71,5.71,0,5.71,0,8.57,2.86,5.71,5.71,0,5.71,0,0,0,0,20,11.43,2.86,5.71,0,0,2.86,8.57,0,0,0,0,0,0,0,0,17.14,0,0,14.29,2.86,0,0,0,0,0,0,0,0,0,0,0,0,0,0,0,0,0,0,0,11.43,2.86,0,2.86,0,0,0,0,2.86,0,8.57,0,11.43,0,11.43,0,0,5.71,0,2.86,2.86,0,0,0,0
2665,buyer,1,88,6.68,33.62,58.59,73.53,8.8,14.77,93.18,73.86,61.36,25,20.45,11.36,2.27,6.82,0,0,4.55,14.77,4.55,1.14,7.95,10.23,3.41,7.95,2.27,13.64,7.95,2.27,6.82,3.41,1.14,2.27,21.59,1.14,13.64,4.55,0,3.41,3.41,0,5.68,0,10.23,6.82,3.41,4.55,1.14,3.41,0,0,0,0,15.91,6.82,5.68,4.55,0,0,3.41,9.09,0,0,0,0,1.14,0,0,1.14,6.82,0,0,4.55,2.27,0,0,0,0,0,0,0,0,0,0,0,0,3.41,0,1.14,0,0,0,1.14,3.41,2.27,0,0,1.14,0,1.14,0,0,2.27,3.41,1.14,2.27,0,2.27,0,0,12.5,7.95,1.14,3.41,0,0,0,0
2665,seller,1,106,15.07,99,5.76,33.4,17.67,11.32,91.51,76.42,66.04,25.47,16.04,2.83,8.49,4.72,0,0,9.43,18.87,9.43,1.89,9.43,12.26,3.77,4.72,2.83,15.09,6.6,3.77,10.38,8.49,0.94,0.94,27.36,2.83,15.09,1.89,2.83,4.72,1.89,1.89,1.89,0,2.83,1.89,0.94,1.89,1.89,0,0,0,0,0,16.98,3.77,1.89,0.94,0,0.94,0,13.21,0,0,0,0,0,0,0,0,4.72,0,0,0.94,3.77,0,0,0,0,0,0,0,0,0,0,0.94,0,1.89,0,0,0,0,0,0,4.72,3.77,1.89,0.94,1.89,0,0,0,4.72,5.66,4.72,1.89,0.94,0.94,0,0,0,11.32,3.77,3.77,0.94,0,0,2.83,0
2667,buyer,1,82,81.21,26.81,19.67,76.91,11.71,18.29,84.15,64.63,52.44,17.07,14.63,9.76,0,4.88,0,0,2.44,19.51,13.41,2.44,9.76,7.32,0,2.44,1.22,12.2,8.54,3.66,1.22,0,0,1.22,19.51,0,10.98,2.44,1.22,4.88,0,0,2.44,0,12.2,7.32,3.66,4.88,2.44,1.22,0,0,0,0,13.41,7.32,3.66,4.88,0,2.44,2.44,6.1,1.22,0,0,1.22,0,0,0,0,4.88,0,0,2.44,2.44,0,0,0,0,0,0,0,0,0,0,0,2.44,6.1,0,0,0,0,0,0,3.66,2.44,1.22,0,1.22,0,0,0,2.44,7.32,2.44,0,1.22,0,1.22,0,0,14.63,7.32,4.88,1.22,0,1.22,0,0
2667,seller,1,30,69.05,3.95,93.95,99,7.5,3.33,90,73.33,53.33,13.33,10,10,0,0,0,0,3.33,16.67,16.67,0,6.67,16.67,3.33,0,0,23.33,10,0,0,0,0,0,20,3.33,0,0,0,0,0,0,0,0,20,16.67,3.33,0,0,0,0,0,0,0,23.33,23.33,3.33,16.67,0,3.33,3.33,0,0,0,0,0,0,0,0,0,3.33,0,0,0,3.33,0,0,0,0,0,0,0,0,0,0,0,0,0,0,0,0,0,0,0,10,0,0,0,0,0,0,0,16.67,0,10,6.67,6.67,0,6.67,0,0,20,10,6.67,3.33,0,0,0,0
2669,buyer,1,81,11.94,68.86,99,8.65,13.5,19.75,92.59,71.6,55.56,25.93,24.69,13.58,1.23,9.88,0,0,1.23,17.28,7.41,0,8.64,7.41,3.7,11.11,0,18.52,6.17,1.23,4.94,2.47,0,2.47,25.93,0,11.11,4.94,2.47,0,3.7,0,3.7,0,8.64,3.7,4.94,2.47,0,2.47,0,1.23,0,0,22.22,11.11,2.47,3.7,2.47,0,4.94,11.11,0,0,0,0,0,0,0,0,6.17,0,0,3.7,2.47,0,0,0,0,0,0,0,0,0,0,0,0,2.47,0,1.23,0,0,0,0,2.47,4.94,0,1.23,4.94,0,0,0,3.7,7.41,3.7,2.47,0,0,0,0,0,14.81,7.41,2.47,0,0,4.94,0,0
2669,seller,1,59,17.64,10.17,41.6,5.94,11.8,22.03,86.44,76.27,62.71,16.95,11.86,6.78,3.39,1.69,0,0,5.08,18.64,11.86,0,5.08,15.25,1.69,8.47,3.39,16.95,10.17,1.69,3.39,3.39,0,0,25.42,0,16.95,1.69,1.69,3.39,0,1.69,6.78,0,8.47,3.39,5.08,0,0,0,0,0,0,0,11.86,6.78,3.39,1.69,1.69,0,1.69,5.08,0,0,0,0,0,0,0,0,3.39,0,0,1.69,1.69,0,0,0,0,0,0,0,0,0,0,0,0,0,0,0,0,0,0,0,5.08,1.69,0,0,1.69,0,0,0,3.39,5.08,6.78,0,1.69,0,1.69,0,0,10.17,6.78,3.39,0,0,0,0,0
2671,buyer,1,60,34.92,22.56,12.08,90.5,30,16.67,85,70,60,21.67,16.67,11.67,0,5,0,0,5,18.33,11.67,0,10,10,5,6.67,0,18.33,3.33,0,3.33,0,0,3.33,16.67,0,11.67,1.67,0,6.67,0,0,3.33,0,5,5,0,1.67,1.67,0,0,0,0,0,15,8.33,6.67,6.67,0,0,5,6.67,0,0,0,0,0,0,0,0,1.67,0,0,0,1.67,0,0,0,0,0,0,0,0,0,0,0,0,3.33,0,0,0,0,0,0,6.67,1.67,0,0,0,0,1.67,0,1.67,3.33,0,0,1.67,0,1.67,0,0,3.33,0,0,0,1.67,1.67,0,0
2671,seller,1,88,7.86,17.46,42.27,73.53,12.57,13.64,89.77,76.14,57.95,19.32,14.77,9.09,0,5.68,0,0,4.55,13.64,6.82,1.14,6.82,10.23,7.95,9.09,2.27,18.18,9.09,3.41,2.27,0,1.14,1.14,28.41,3.41,19.32,4.55,2.27,5.68,2.27,1.14,5.68,0,7.95,5.68,2.27,3.41,3.41,0,0,0,0,0,13.64,6.82,3.41,2.27,0,1.14,3.41,6.82,0,0,0,0,0,0,0,0,5.68,0,0,2.27,3.41,0,0,0,0,0,0,0,0,0,0,2.27,0,0,0,1.14,0,0,1.14,0,9.09,3.41,0,0,2.27,0,1.14,0,1.14,1.14,3.41,2.27,5.68,1.14,3.41,1.14,0,17.05,6.82,9.09,0,0,1.14,0,0
2675,buyer,1,166,12.2,47.2,36.82,98.79,15.09,7.83,95.78,77.11,66.27,19.88,15.66,7.83,3.61,2.41,1.81,0,4.22,15.06,7.23,0.6,12.05,14.46,6.63,8.43,1.81,19.28,6.63,6.63,5.42,4.22,0,1.2,28.92,0,18.67,4.82,1.81,5.42,3.01,1.81,3.61,0,9.04,7.83,0.6,4.82,3.61,0.6,0,0,0,0,16.27,7.23,4.22,2.41,0,0,1.81,8.43,0.6,0,0,2.41,0,0,0,0,7.23,0,0,3.61,4.22,0,0.6,0,0,0,0,0,0,0,0,0,0,1.2,1.2,1.81,0,0,0,0,7.83,4.22,0,0.6,3.61,0,0,0.6,3.01,3.01,4.82,3.01,0.6,0.6,0,0,0,11.45,3.61,2.41,0.6,2.41,1.2,1.2,0
2675,seller,1,99,39.11,28.91,43.16,67.94,9.9,12.12,92.93,75.76,58.59,16.16,14.14,7.07,1.01,6.06,0,0,2.02,17.17,13.13,0,8.08,14.14,0,9.09,2.02,21.21,8.08,0,5.05,1.01,1.01,3.03,26.26,1.01,17.17,4.04,0,4.04,4.04,0,8.08,0,5.05,4.04,1.01,0,0,0,0,0,0,0,21.21,13.13,5.05,4.04,0,0,5.05,8.08,0,0,0,0,1.01,0,0,1.01,9.09,0,0,6.06,3.03,0,0,0,0,0,0,0,0,0,0,0,0,0,0,0,0,0,0,0,8.08,1.01,0,1.01,1.01,0,0,0,0,2.02,9.09,4.04,2.02,0,2.02,0,0,16.16,8.08,2.02,1.01,1.01,4.04,0,0
2676,buyer,1,73,1.95,14.07,57.62,40.28,8.11,6.85,93.15,80.82,64.38,27.4,21.92,15.07,0,6.85,0,0,5.48,12.33,5.48,0,8.22,12.33,8.22,6.85,2.74,23.29,6.85,1.37,0,0,0,0,26.03,0,16.44,1.37,2.74,2.74,5.48,0,2.74,0,6.85,4.11,2.74,2.74,1.37,1.37,0,0,0,0,13.7,5.48,2.74,1.37,0,1.37,2.74,8.22,0,0,0,0,0,0,0,0,8.22,2.74,0,1.37,4.11,0,2.74,0,0,0,0,0,0,2.74,0,0,0,5.48,0,0,0,0,1.37,0,8.22,2.74,0,0,0,0,2.74,0,2.74,9.59,4.11,2.74,0,0,0,0,0,17.81,4.11,0,1.37,5.48,6.85,0,0
2676,seller,1,115,44.88,99,38.57,20.23,9.58,15.65,94.78,78.26,62.61,19.13,14.78,2.61,4.35,7.83,0,0,4.35,13.91,7.83,0.87,17.39,13.91,6.96,3.48,0,20.87,8.7,4.35,7.83,4.35,2.61,0.87,23.48,0,10.43,3.48,1.74,2.61,0,1.74,0.87,0,5.22,2.61,2.61,3.48,1.74,1.74,0,0,0,0,18.26,6.09,3.48,1.74,0,0.87,1.74,12.17,0,0,0,0,0,0,0,0,7.83,0,0,5.22,2.61,0,0,0,0,0,0,0,0,0,0,0,0,1.74,0,0.87,0,0,0,0,6.96,9.57,0,1.74,6.09,0.87,1.74,0,4.35,1.74,7.83,0.87,1.74,0,1.74,0,0,13.91,6.96,0.87,2.61,0.87,2.61,0,0
2677,buyer,1,39,24.55,81.78,16.81,99,19.5,10.26,92.31,64.1,58.97,23.08,20.51,10.26,0,10.26,0,0,2.56,12.82,5.13,0,12.82,10.26,2.56,5.13,2.56,10.26,5.13,0,5.13,2.56,0,2.56,20.51,2.56,12.82,5.13,0,7.69,0,0,0,0,15.38,12.82,2.56,7.69,5.13,2.56,0,0,0,0,20.51,10.26,7.69,7.69,0,0,2.56,10.26,0,0,0,0,0,0,0,0,7.69,0,0,5.13,2.56,0,0,0,0,0,0,0,0,0,0,0,0,2.56,0,0,0,0,0,0,7.69,2.56,0,0,2.56,0,0,0,2.56,0,2.56,2.56,0,0,0,0,0,17.95,2.56,5.13,5.13,0,0,5.13,0
2677,seller,1,124,10.56,72.52,74.65,70.91,13.78,12.9,92.74,73.39,61.29,19.35,14.52,6.45,0.81,7.26,0,0,4.84,14.52,5.65,1.61,11.29,11.29,8.87,9.68,0.81,17.74,5.65,2.42,4.03,0.81,1.61,1.61,26.61,0.81,15.32,6.45,0.81,3.23,3.23,0,4.03,0,8.06,5.65,2.42,2.42,1.61,0.81,0,0,0.81,0,15.32,6.45,3.23,4.03,0.81,0.81,1.61,8.87,0,0,0,0,0,0,0,0,7.26,0,0,5.65,3.23,0,1.61,1.61,0,0,0,0,0,0,0,0,1.61,2.42,0,0,0,0,0,0,12.1,3.23,0.81,0.81,2.42,0.81,0,0,4.84,1.61,4.03,3.23,2.42,0,2.42,0,0,10.48,5.65,0.81,0.81,0.81,2.42,0,0
2678,buyer,1,76,22.98,25.84,84.38,92.27,38,5.26,92.11,78.95,61.84,17.11,11.84,7.89,0,3.95,0,0,5.26,15.79,6.58,1.32,11.84,11.84,5.26,9.21,1.32,22.37,6.58,2.63,2.63,1.32,1.32,0,23.68,1.32,11.84,2.63,2.63,2.63,0,2.63,1.32,0,10.53,7.89,2.63,2.63,2.63,0,0,0,0,0,9.21,3.95,3.95,1.32,0,0,1.32,3.95,0,0,0,0,0,0,0,0,2.63,0,0,2.63,0,0,0,0,0,0,0,0,0,0,0,0,0,1.32,0,0,0,0,0,0,7.89,7.89,0,3.95,5.26,0,0,0,5.26,2.63,7.89,2.63,1.32,0,1.32,0,0,10.53,0,7.89,1.32,0,0,1.32,0
2678,seller,1,117,11.39,84.99,30.98,20.23,9.75,13.68,92.31,76.07,61.54,22.22,16.24,6.84,0.85,8.55,0,0,5.98,12.82,5.98,0,11.11,13.68,5.13,5.98,2.56,19.66,6.84,0,5.98,1.71,2.56,1.71,23.08,0.85,12.82,3.42,1.71,4.27,0.85,1.71,1.71,0,3.42,1.71,1.71,0.85,0.85,0,0,0,0,0,17.09,5.98,3.42,0.85,0,0,1.71,10.26,0,0,0,0,0,0,0,0,5.98,0,0,5.98,0.85,0,0,0,0,0,0,0,0,0,0,0,0,0.85,0,0,0,0,0,0,6.84,7.69,0.85,0.85,5.13,0.85,0,0,1.71,1.71,6.84,1.71,1.71,0,0.85,0.85,0,15.38,6.84,2.56,3.42,0,2.56,0,0
2679,buyer,1,170,9.17,30.24,67.28,20.23,14.17,18.82,85.88,72.35,61.18,24.12,16.47,11.18,0,4.71,0.59,0,7.65,14.71,6.47,0,11.18,10.59,8.82,7.65,0.59,15.88,6.47,1.76,0,0,0,0,27.06,0,15.88,6.47,0.59,2.94,0.59,3.53,2.35,0,7.06,3.53,3.53,1.76,1.18,0.59,0,0,0.59,0,14.71,7.06,2.94,1.18,0,0.59,2.94,7.65,1.18,0,0,1.76,0,0,0,0,5.29,0,0,2.35,2.94,0,0,0,0,0,0,0,0,0,0,0,0,0.59,0,0.59,0,0,0,0,4.12,1.76,0,0.59,1.18,0,0,0,2.35,7.06,2.94,2.94,0,0,0,0,0,12.94,6.47,4.12,0,0.59,1.76,0,0
2679,seller,1,70,1.82,48.55,63.35,20.23,10,17.14,87.14,70,58.57,25.71,21.43,11.43,0,10,0,0,4.29,14.29,4.29,0,5.71,14.29,2.86,8.57,2.86,18.57,5.71,1.43,2.86,1.43,1.43,0,22.86,1.43,12.86,1.43,0,5.71,2.86,0,5.71,0,5.71,2.86,2.86,2.86,0,2.86,0,0,1.43,0,21.43,10,2.86,2.86,0,0,4.29,11.43,0,0,0,0,0,0,0,0,7.14,0,0,1.43,5.71,0,0,0,0,0,0,0,0,0,0,0,0,1.43,0,0,0,0,0,0,2.86,2.86,0,1.43,2.86,0,0,0,2.86,1.43,11.43,0,1.43,0,1.43,0,0,15.71,10,0,0,0,5.71,0,0
2680,buyer,1,239,17.53,24.42,66.73,52.56,12.58,15.48,85.36,69.04,61.92,23.43,17.57,10.04,0.84,5.02,0.84,0.42,5.86,19.25,10.04,0.42,7.95,10.46,4.6,5.86,2.51,15.06,2.51,2.93,2.51,0.84,0.84,0.84,28.45,0.42,13.39,1.67,1.26,2.51,3.35,1.26,5.02,0,4.6,3.35,1.26,2.51,2.09,0.42,0,0,0.42,0,13.81,5.02,1.26,1.26,0.42,0.42,1.26,8.79,0.42,0,0,1.26,0,0,0,0,5.44,0,0,1.67,4.6,0,0,0,0,0,0,0,0,0,0,0.42,0,3.77,0,0.84,0,0,0,0,4.6,3.77,0,0.42,2.93,0.42,0.42,0,3.77,6.28,4.6,2.51,0.42,0,0.42,0,0,12.13,7.53,2.93,0.42,0,1.26,0,0
2680,seller,1,86,22,60.8,96.19,87.73,14.33,8.14,91.86,70.93,60.47,17.44,15.12,6.98,1.16,6.98,0,0,2.33,16.28,9.3,0,9.3,13.95,5.81,4.65,3.49,20.93,2.33,1.16,1.16,1.16,0,0,27.91,1.16,15.12,5.81,3.49,2.33,2.33,0,3.49,0,6.98,5.81,1.16,0,0,0,0,0,0,0,19.77,10.47,1.16,5.81,0,1.16,3.49,9.3,0,0,0,0,0,0,0,0,6.98,0,0,2.33,5.81,0,0,0,0,0,0,0,0,0,0,2.33,0,1.16,0,0,0,0,0,0,11.63,6.98,0,1.16,5.81,0,0,1.16,6.98,4.65,4.65,8.14,1.16,0,1.16,0,0,6.98,6.98,0,0,0,0,0,0
2684,buyer,1,95,14.48,2.34,95.32,1.51,15.83,15.79,90.53,67.37,61.05,21.05,13.68,9.47,0,3.16,0,1.05,7.37,18.95,8.42,0,8.42,11.58,1.05,9.47,4.21,16.84,1.05,0,3.16,0,0,3.16,28.42,1.05,17.89,5.26,0,3.16,3.16,1.05,6.32,0,3.16,0,3.16,0,0,0,0,0,0,0,8.42,3.16,1.05,1.05,1.05,0,1.05,5.26,0,0,0,0,1.05,0,0,1.05,6.32,0,0,2.11,4.21,0,0,0,0,0,0,0,0,0,0,3.16,0,1.05,0,0,0,0,1.05,0,7.37,5.26,0,1.05,5.26,0,0,0,3.16,1.05,4.21,3.16,0,0,0,0,0,9.47,6.32,1.05,0,0,1.05,1.05,0
2684,seller,1,91,12.29,59.68,46.1,20.23,10.11,15.38,92.31,71.43,60.44,21.98,14.29,6.59,0,6.59,0,0,7.69,19.78,6.59,0,9.89,14.29,4.4,4.4,3.3,18.68,6.59,2.2,1.1,1.1,0,0,32.97,2.2,10.99,2.2,0,2.2,2.2,2.2,2.2,0,2.2,1.1,1.1,0,0,0,0,0,0,0,13.19,5.49,2.2,0,0,0,2.2,8.79,0,0,0,0,1.1,0,0,1.1,9.89,0,0,4.4,7.69,0,0,0,0,0,0,0,0,0,0,0,1.1,2.2,0,0,0,0,0,0,2.2,5.49,0,0,3.3,1.1,0,1.1,5.49,4.4,12.09,2.2,0,0,0,0,0,13.19,8.79,0,0,0,4.4,0,0
2685,buyer,1,111,9.02,4.07,15.87,86.41,15.86,21.62,89.19,74.77,63.06,20.72,12.61,9.01,0,3.6,0,0,8.11,14.41,9.91,0.9,6.31,14.41,3.6,8.11,3.6,19.82,5.41,2.7,0.9,0.9,0,0,27.03,0,18.02,2.7,2.7,6.31,2.7,0.9,4.5,0.9,6.31,5.41,0.9,3.6,3.6,0,0,0,0,0,9.91,6.31,1.8,0.9,0,0.9,3.6,3.6,0,0,0,0,0,0,0,0,6.31,0,0,3.6,2.7,0,0,0,0,0,0,0,0,0,0,0,0,0.9,0,0.9,0,0,0,0,4.5,2.7,0.9,0,0.9,0,0,0.9,1.8,9.01,4.5,0,0,0,0,0,0,9.01,5.41,0,0.9,0,2.7,0,0
2685,seller,1,238,19.86,22.43,70.01,45.52,15.87,21.01,88.66,68.07,57.56,18.91,14.71,8.82,0,5.88,0,0,4.2,14.71,7.14,0.42,10.5,10.08,5.46,7.98,2.94,15.13,6.72,1.26,2.94,0,1.68,1.26,26.47,0,17.23,4.62,2.1,2.94,2.1,0.84,6.3,0,7.56,4.62,2.94,1.68,1.26,0.42,0,0,0,0,16.81,9.66,2.94,2.52,0,2.1,3.36,8.82,0,0,0,0,0,0,0,0,7.14,0,0,4.2,3.78,0,0,0,0,0,0,0,0,0,0,0,0.84,1.68,0,0.84,0,0,0.42,0,3.36,2.94,0.42,0.42,1.68,0.42,0,0,2.1,3.78,4.62,2.52,0,0,0,0,0,13.87,5.04,4.2,0.84,0.42,2.52,0.84,0
2686,buyer,1,47,12.22,28.37,42.1,1,6.71,8.51,93.62,72.34,59.57,21.28,17.02,8.51,0,8.51,0,0,4.26,14.89,8.51,0,4.26,10.64,4.26,6.38,2.13,12.77,10.64,2.13,4.26,0,0,4.26,29.79,2.13,19.15,4.26,2.13,4.26,4.26,0,8.51,0,21.28,8.51,12.77,12.77,8.51,4.26,0,0,0,0,23.4,14.89,6.38,8.51,0,4.26,6.38,8.51,0,0,0,0,0,0,0,0,6.38,0,0,4.26,2.13,0,0,0,0,0,0,0,0,0,0,0,0,0,0,2.13,0,0,0,0,4.26,0,0,0,0,0,0,0,0,0,4.26,4.26,4.26,0,4.26,0,0,12.77,12.77,0,0,0,0,0,0
2686,seller,1,55,39.7,99,2.49,20.23,9.17,7.27,92.73,72.73,54.55,16.36,10.91,0,7.27,3.64,0,0,5.45,20,10.91,1.82,3.64,10.91,0,7.27,0,12.73,12.73,9.09,10.91,9.09,0,1.82,20,1.82,12.73,3.64,1.82,3.64,3.64,0,3.64,0,10.91,5.45,5.45,5.45,0,5.45,0,0,0,0,21.82,10.91,1.82,3.64,0,0,1.82,10.91,0,0,0,0,0,0,0,0,10.91,1.82,0,3.64,5.45,0,0,0,0,0,0,0,0,0,0,0,0,0,0,3.64,0,0,0,0,3.64,3.64,0,0,3.64,0,0,0,0,1.82,5.45,5.45,3.64,0,3.64,0,0,12.73,9.09,0,1.82,0,0,1.82,0
2687,buyer,1,84,89.52,6.61,56.69,75.77,14,16.67,90.48,65.48,57.14,16.67,14.29,10.71,0,3.57,0,0,2.38,15.48,10.71,0,21.43,8.33,1.19,3.57,2.38,11.9,3.57,3.57,4.76,0,2.38,2.38,25,0,15.48,3.57,0,8.33,0,0,3.57,0,8.33,5.95,2.38,5.95,4.76,1.19,0,0,0,0,9.52,4.76,2.38,2.38,0,0,1.19,4.76,0,0,0,0,0,0,0,0,9.52,0,0,3.57,7.14,0,0,0,0,0,0,0,0,0,0,1.19,3.57,2.38,0,1.19,0,1.19,1.19,0,3.57,5.95,0,1.19,5.95,0,0,0,2.38,1.19,2.38,2.38,0,0,0,0,0,16.67,7.14,4.76,0,0,4.76,0,0
2687,seller,1,129,10.19,93.3,64.42,79.65,9.92,12.4,88.37,72.09,59.69,24.81,17.83,4.65,3.1,10.08,0,0,6.98,12.4,4.65,0,9.3,10.08,3.1,7.75,1.55,17.83,3.88,3.88,3.1,3.1,0,0,31.01,0,24.81,6.2,3.1,6.2,5.43,0.78,8.53,0,5.43,4.65,0.78,1.55,1.55,0,0,0,0,0,19.38,6.2,3.1,2.33,0,0,2.33,13.18,0,0,0,0,0,0,0,0,6.98,0,0,2.33,4.65,0,0,0,0,0,0,0,0,0,0,0,1.55,0,0.78,0,0,0,0,0,5.43,3.1,0,2.33,3.1,0,0,0,1.55,1.55,5.43,0.78,0.78,0,0.78,0,0,14.73,9.3,3.88,0.78,0,0.78,0,0
2688,buyer,1,172,20.72,2.8,73.08,74.64,24.57,13.95,93.6,74.42,61.63,23.26,15.7,11.05,0,4.07,0.58,0,7.56,15.12,8.14,0,10.47,7.56,4.65,8.14,2.33,13.95,6.4,0,2.91,0.58,0.58,2.33,27.91,0.58,19.19,2.33,1.74,5.81,1.74,0,7.56,0,11.63,7.56,4.07,5.23,4.07,1.16,0,0,0,0,14.53,9.3,4.65,5.23,0,0.58,2.91,5.81,0,0,0,0.58,0,0,0,0,2.91,0.58,0,1.16,1.16,0,0.58,0,0,0,0,0,0,0,0,0,0.58,3.49,0,0,0,0,0,0,4.07,4.65,0,0.58,4.07,0,0,0.58,2.33,5.81,1.16,0,0.58,0,0.58,0,0,9.3,2.33,5.23,0,1.16,0.58,0,0
2688,seller,1,46,14.64,99,17.84,20.23,23,21.74,91.3,67.39,60.87,26.09,19.57,6.52,0,13.04,0,0,6.52,10.87,6.52,0,8.7,8.7,8.7,2.17,0,10.87,13.04,2.17,4.35,2.17,0,2.17,19.57,0,6.52,2.17,2.17,2.17,0,0,0,0,4.35,2.17,2.17,0,0,0,0,0,0,0,26.09,13.04,10.87,10.87,0,0,0,13.04,0,0,0,0,0,0,0,0,2.17,0,0,2.17,0,0,0,0,0,0,0,0,0,0,0,0,0,4.35,0,0,0,0,0,0,4.35,2.17,0,2.17,2.17,0,0,0,2.17,8.7,4.35,2.17,8.7,2.17,6.52,0,0,2.17,2.17,0,0,0,0,0,0
2689,buyer,1,14,1,79.51,72.58,99,14,14.29,85.71,71.43,64.29,21.43,7.14,0,0,7.14,0,0,14.29,14.29,7.14,0,0,14.29,21.43,0,0,14.29,21.43,7.14,0,0,0,0,28.57,0,14.29,7.14,7.14,0,0,0,7.14,0,14.29,14.29,0,7.14,7.14,0,0,0,0,0,14.29,7.14,0,7.14,0,0,7.14,7.14,0,0,0,0,0,0,0,0,0,0,0,0,0,0,0,0,0,0,0,0,0,0,0,0,0,0,0,0,0,0,0,0,14.29,7.14,0,0,7.14,0,0,0,0,0,14.29,0,7.14,0,7.14,0,0,0,0,0,0,0,0,0,0
2689,seller,1,12,1,99,39.59,99,6,16.67,100,66.67,50,25,25,8.33,0,16.67,0,0,0,0,0,8.33,8.33,8.33,25,0,0,16.67,16.67,0,8.33,0,0,8.33,16.67,0,8.33,8.33,8.33,0,0,0,0,0,33.33,33.33,0,8.33,8.33,0,0,0,0,0,41.67,25,8.33,16.67,0,0,25,16.67,0,0,0,0,0,0,0,0,8.33,0,0,8.33,0,0,0,0,0,0,0,0,0,0,0,0,0,0,0,0,0,0,0,0,8.33,8.33,0,0,0,0,0,8.33,0,0,8.33,0,8.33,0,8.33,0,0,58.33,0,25,16.67,0,8.33,8.33,0
2691,buyer,1,237,2.82,11.43,47.11,66.77,15.8,13.92,89.45,75.11,65.4,24.47,19.41,12.66,0,5.06,1.69,0,5.06,13.5,6.75,0,7.17,15.61,5.91,7.59,2.11,21.52,3.8,0.42,3.38,1.69,0.84,0.84,30.38,1.27,15.19,2.95,0.84,4.64,1.69,1.69,4.22,0,6.33,4.64,1.69,1.69,1.69,0,0,0,0,0,13.5,5.91,3.38,1.69,0,0.42,1.69,7.59,0.84,0,0.42,2.11,0.42,0,0,0.42,5.06,0,0,1.69,3.38,0,0.42,0,0,0,0,0,0,0,0.42,1.27,0.42,2.11,0,0.42,0,0,0.42,0,4.64,2.53,0,0,1.69,0.84,0,0,2.53,5.49,8.02,2.53,1.27,0.42,0.84,0,0,10.97,4.64,4.22,0.42,1.27,0.42,0,0
2691,seller,1,468,49.03,88.42,39.59,53.32,12,13.68,89.53,75.21,61.97,20.51,15.17,5.56,2.56,6.84,0.21,0,5.34,19.02,8.33,1.5,15.6,9.4,4.7,4.49,1.71,16.45,6.2,2.56,5.34,3.85,1.28,0.21,20.94,1.07,10.9,2.14,0.64,2.14,2.56,1.28,3.85,0.21,5.13,3.63,1.5,1.28,1.07,0.21,0,0,0,0,16.67,5.34,1.5,1.07,0,0.43,2.14,11.32,0.85,0.43,0,1.28,0.64,0,0,0.64,4.49,0,0,2.99,1.92,0,0.21,0.21,0,0,0,0,0,0,0,0,0.21,1.71,0.43,0,0,0,0.43,0,8.12,6.62,0.21,0.64,4.27,1.28,0.21,0.64,2.56,1.5,6.2,2.35,1.07,0.43,0.43,0.21,0,17.31,8.12,2.78,0.21,0.85,3.85,1.5,0
2693,buyer,1,204,13.87,6.61,96.24,14.82,13.6,16.18,90.69,72.06,62.25,22.06,17.16,11.27,0,5.88,0,0,4.9,14.22,6.37,0,10.78,10.29,3.43,9.31,2.94,15.2,4.9,0.49,3.92,0.49,0.98,2.45,26.96,0.49,13.24,3.92,1.96,0.98,0.49,0,6.37,0,6.37,2.94,3.43,2.45,1.47,0.98,0,0,0,0,13.24,6.86,2.45,1.96,0.98,0.49,2.45,6.37,0.49,0,0,0.49,0.49,0,0,0.49,6.86,0,0,3.43,3.92,0,0.49,0,0,0,0,0,0,0,0.49,0,0,1.47,0,0,0,0.49,0,0,2.45,3.92,0,0.98,2.45,0,0.49,0,3.92,7.35,1.47,4.41,0,0,0,0,0,11.76,7.35,4.41,0,0,0,0,0
2693,seller,1,162,38.62,65.53,48.41,48.44,14.73,17.9,90.12,69.14,58.64,16.67,12.96,4.32,4.32,4.32,0,0,3.7,17.28,10.49,0,10.49,9.26,6.17,6.17,3.09,18.52,3.09,1.85,7.41,4.32,0.62,2.47,26.54,1.23,17.9,4.94,0.62,4.32,3.09,0,6.17,0,3.09,2.47,0.62,1.85,1.23,0.62,0,0.62,0,0,16.05,6.79,2.47,2.47,0.62,0,2.47,9.26,0,0,0,0,1.85,0,0,1.85,7.41,0,0,4.94,3.7,0,1.23,0,0,0,0,0,0,0,0,0,0,1.85,0,0.62,0,0,0,0,5.56,7.41,1.23,0.62,4.32,1.85,0,0,1.85,4.94,5.56,3.09,0,0,0,0,0,19.14,6.79,7.41,0,0,2.47,2.47,0
2694,buyer,1,69,14.64,3.78,82.12,65.92,9.86,7.25,92.75,76.81,55.07,21.74,17.39,13.04,0,4.35,0,0,4.35,15.94,8.7,1.45,4.35,8.7,4.35,5.8,2.9,18.84,7.25,2.9,0,0,0,0,30.43,5.8,13.04,4.35,1.45,4.35,1.45,0,2.9,0,11.59,7.25,4.35,7.25,4.35,2.9,0,0,0,0,10.14,5.8,1.45,1.45,0,1.45,0,4.35,0,0,0,0,2.9,0,0,2.9,7.25,0,0,4.35,2.9,0,0,0,0,0,0,0,0,0,0,0,1.45,4.35,0,1.45,0,0,0,0,11.59,2.9,0,0,2.9,0,0,0,4.35,7.25,1.45,5.8,5.8,0,4.35,1.45,0,10.14,8.7,0,0,0,1.45,0,0
2694,seller,1,71,4.16,18.73,78.86,20.23,8.88,9.86,95.77,77.46,66.2,29.58,18.31,9.86,1.41,7.04,0,0,11.27,18.31,11.27,0,4.23,15.49,1.41,2.82,5.63,19.72,7.04,1.41,1.41,1.41,0,0,42.25,7.04,15.49,2.82,2.82,2.82,0,0,5.63,0,2.82,1.41,1.41,2.82,1.41,1.41,0,0,0,0,11.27,2.82,1.41,0,0,0,0,8.45,0,0,0,0,1.41,0,0,1.41,7.04,0,0,2.82,4.23,0,0,0,0,0,0,0,0,0,0,0,1.41,1.41,0,0,0,0,0,0,2.82,0,0,0,0,0,0,0,7.04,11.27,7.04,0,0,0,0,0,0,14.08,9.86,1.41,1.41,0,1.41,0,0
2695,buyer,1,87,41.08,17.26,86.26,56.07,21.75,16.09,90.8,79.31,59.77,18.39,16.09,10.34,0,5.75,0,0,2.3,17.24,9.2,0,11.49,9.2,5.75,5.75,1.15,20.69,9.2,1.15,1.15,0,0,1.15,22.99,0,14.94,6.9,0,2.3,1.15,0,4.6,0,4.6,3.45,1.15,0,0,0,0,0,0,0,14.94,9.2,3.45,4.6,0,1.15,5.75,5.75,0,0,0,0,2.3,0,0,2.3,6.9,0,0,3.45,3.45,0,0,0,0,0,0,0,0,0,0,0,0,2.3,0,0,0,0,0,0,2.3,3.45,0,1.15,2.3,0,0,0,1.15,5.75,2.3,0,2.3,0,2.3,0,0,10.34,1.15,5.75,2.3,1.15,0,0,0
2695,seller,1,66,6.68,94.21,20.79,42.71,13.2,6.06,93.94,83.33,74.24,22.73,15.15,4.55,4.55,6.06,0,0,7.58,13.64,7.58,0,13.64,19.7,6.06,7.58,1.52,22.73,4.55,1.52,4.55,4.55,0,0,28.79,1.52,18.18,3.03,0,6.06,3.03,3.03,3.03,0,4.55,3.03,1.52,3.03,3.03,0,0,0,0,0,16.67,6.06,3.03,0,0,1.52,0,10.61,0,0,0,0,0,0,0,0,1.52,0,0,0,1.52,0,0,0,0,0,0,0,0,0,0,3.03,0,1.52,0,0,0,0,0,0,4.55,4.55,0,1.52,4.55,0,0,0,3.03,0,6.06,7.58,3.03,0,1.52,1.52,0,12.12,6.06,4.55,1.52,0,0,0,0
2696,buyer,1,144,6.25,78.66,49.53,20.23,13.09,18.06,93.75,76.39,61.11,21.53,18.75,9.03,0,9.72,0,0,2.78,11.81,5.56,0,9.72,9.72,9.03,11.11,0.69,17.36,8.33,3.47,3.47,0,0.69,2.78,27.78,0.69,16.67,5.56,1.39,5.56,2.08,0,2.78,0,9.72,4.86,4.86,2.78,1.39,1.39,0,0,0,0,20.14,10.42,4.86,6.25,0,0,5.56,9.72,0,0,0,0,0,0,0,0,7.64,0,0,5.56,2.78,0,0,0,0,0,0,0,0,0,0,0,0.69,0.69,0,0.69,0,0,0.69,0,5.56,5.56,0.69,0.69,3.47,0.69,0,0,2.08,4.86,4.86,2.78,0.69,0,0.69,0,0,15.28,4.17,4.86,2.08,1.39,2.08,0.69,0
2696,seller,1,12,1,40.06,39.59,99,6,16.67,91.67,75,50,25,25,16.67,0,8.33,0,0,0,0,0,0,0,16.67,8.33,0,0,16.67,25,0,16.67,8.33,0,8.33,25,0,8.33,0,0,0,0,8.33,0,0,8.33,8.33,0,0,0,0,0,0,0,0,33.33,25,16.67,16.67,0,0,0,8.33,0,0,0,0,0,0,0,0,0,0,0,0,0,0,0,0,0,0,0,0,0,0,0,0,0,0,0,0,0,0,0,0,16.67,0,0,0,0,0,0,0,0,0,8.33,8.33,8.33,0,8.33,0,0,16.67,0,8.33,8.33,0,0,0,0
2697,buyer,1,42,13.76,4.61,84.92,99,4.67,7.14,92.86,66.67,57.14,21.43,14.29,11.9,0,2.38,0,0,7.14,16.67,9.52,0,7.14,19.05,4.76,2.38,0,23.81,2.38,0,0,0,0,0,30.95,0,19.05,7.14,2.38,9.52,2.38,0,2.38,0,23.81,21.43,2.38,9.52,7.14,2.38,0,0,0,0,16.67,14.29,2.38,11.9,0,0,2.38,2.38,0,0,0,0,0,0,0,0,7.14,0,0,2.38,4.76,0,0,0,0,0,0,0,0,0,0,0,4.76,7.14,0,0,0,0,0,0,4.76,4.76,0,0,2.38,0,2.38,0,9.52,4.76,2.38,9.52,2.38,0,2.38,0,0,28.57,19.05,2.38,2.38,0,4.76,0,0
2697,seller,1,65,14.06,40.06,52.48,68.66,7.22,13.85,90.77,75.38,58.46,23.08,15.38,9.23,0,6.15,0,0,7.69,16.92,4.62,0,9.23,9.23,6.15,4.62,1.54,15.38,7.69,1.54,3.08,0,1.54,3.08,29.23,3.08,13.85,4.62,1.54,1.54,6.15,0,1.54,0,9.23,6.15,3.08,4.62,1.54,3.08,0,0,0,0,15.38,9.23,7.69,4.62,0,0,3.08,6.15,0,0,0,0,0,0,0,0,4.62,0,0,3.08,1.54,0,0,0,0,0,0,0,0,0,0,0,0,1.54,0,0,0,0,0,0,6.15,4.62,0,0,1.54,1.54,1.54,0,3.08,1.54,10.77,0,3.08,0,1.54,1.54,0,24.62,10.77,7.69,1.54,1.54,3.08,0,0
2699,buyer,1,90,59.67,5.61,32.09,54.76,22.5,17.78,94.44,72.22,60,16.67,14.44,11.11,1.11,2.22,0,0,2.22,16.67,11.11,0,13.33,8.89,4.44,6.67,1.11,14.44,6.67,2.22,3.33,1.11,0,2.22,24.44,0,20,4.44,1.11,7.78,2.22,0,5.56,0,11.11,6.67,4.44,5.56,4.44,1.11,0,0,0,0,12.22,6.67,3.33,4.44,0,1.11,1.11,5.56,0,0,0,0,0,0,0,0,6.67,0,0,4.44,4.44,0,3.33,2.22,0,0,0,0,0,0,0,0,0,3.33,0,0,0,0,0,0,6.67,2.22,0,0,1.11,0,0,1.11,1.11,2.22,2.22,0,0,0,0,0,0,6.67,2.22,2.22,1.11,0,1.11,0,0
2699,seller,1,44,26.1,1,66.42,20.23,11,25,93.18,68.18,56.82,9.09,6.82,6.82,0,0,0,0,2.27,15.91,13.64,0,2.27,15.91,4.55,6.82,4.55,15.91,11.36,4.55,4.55,0,0,4.55,31.82,2.27,18.18,2.27,0,4.55,0,0,11.36,0,4.55,2.27,2.27,0,0,0,0,0,0,0,15.91,13.64,6.82,4.55,0,2.27,2.27,2.27,0,0,0,0,0,0,0,0,6.82,0,0,0,6.82,0,0,0,0,0,0,0,0,0,0,0,0,2.27,0,4.55,0,0,0,0,2.27,2.27,0,0,2.27,0,0,0,2.27,2.27,6.82,2.27,0,0,0,0,0,13.64,4.55,4.55,4.55,0,0,0,0
2702,buyer,1,138,9.24,18.24,44.75,12.62,17.25,8.7,92.03,73.19,62.32,24.64,15.22,9.42,0,2.9,0.72,1.45,9.42,12.32,7.25,0.72,8.7,13.04,3.62,5.8,2.9,20.29,3.62,1.45,0,0,0,0,31.16,1.45,18.12,2.17,1.45,3.62,4.35,2.9,3.62,0,2.17,0.72,1.45,0.72,0,0.72,0,0,0,0,13.04,4.35,0.72,1.45,0,0,3.62,8.7,0.72,0,0,1.45,0,0,0,0,4.35,0,0,2.17,2.17,0,0,0,0,0,0,0,0,0,0,0,0.72,2.9,1.45,0,0,0,0.72,0.72,9.42,5.07,1.45,0.72,1.45,1.45,0,0,4.35,8.7,5.07,2.17,0.72,0.72,0,0,0,9.42,2.9,1.45,1.45,0.72,1.45,1.45,0
2702,seller,1,146,1.57,8.29,37.99,40.28,10.43,12.33,93.84,80.82,72.6,25.34,10.27,5.48,0,4.79,0,0,15.07,19.18,7.53,0,6.85,17.12,5.48,6.16,5.48,20.55,4.79,0,0,0,0,0,34.25,2.05,14.38,2.74,1.37,3.42,0.68,1.37,6.85,0,2.74,2.05,0.68,0,0,0,0,0,0,0,13.01,7.53,1.37,0.68,0,0.68,5.48,5.48,0,0,0,0,0,0,0,0,3.42,0,0,0,3.42,0,0,0,0,0,0,0,0,0,0,0,0,0.68,0,0,0,0,0,0,6.16,5.48,0,0,3.42,2.05,0,0,1.37,8.22,9.59,0,0.68,0.68,0,0,0,15.07,7.53,4.79,2.05,0,0.68,0,0
2703,buyer,1,132,17.69,14.68,96.37,55.62,44,12.12,93.18,72.73,59.85,23.48,21.21,14.39,0,6.82,0,0,2.27,12.88,5.3,0,12.88,7.58,6.82,7.58,1.52,12.88,7.58,2.27,0.76,0,0,0.76,19.7,0,12.12,5.3,0,1.52,2.27,0,3.03,0,5.3,3.79,1.52,2.27,1.52,0.76,0,0,0,0,12.12,5.3,0,0,0,0.76,1.52,6.82,0,0,0,0,0,0,0,0,11.36,0,0,8.33,3.03,0,0,0,0,0,0,0,0,0,0,1.52,1.52,2.27,0,2.27,0,0,0,0,4.55,7.58,0,0.76,5.3,0,0.76,0.76,0.76,1.52,3.03,5.3,0.76,0,0.76,0,0,6.82,6.06,0,0.76,0,0,0,0
2703,seller,1,162,33.38,29.78,83.36,13.6,10.8,13.58,88.89,74.07,61.73,19.14,16.67,8.64,0.62,7.41,0,0,2.47,16.05,8.64,0,12.35,11.73,1.23,6.79,4.32,17.28,6.79,3.09,3.09,0.62,2.47,0,27.78,1.23,12.35,3.7,0,2.47,1.85,0,4.94,0.62,3.09,1.23,1.85,0,0,0,0,0,0,0,12.96,4.94,0,1.23,0,0,0,8.02,0,0,0,0,0.62,0,0,0.62,8.02,0,0,4.32,4.32,0,0,0,0,0,0,0,0,0,0,0.62,0,1.85,0,1.23,0,0,0,0.62,7.41,4.32,0,0.62,3.7,0,0,0,4.32,3.09,6.79,1.85,0.62,0,0.62,0,0,12.35,9.26,0,0,0,3.09,0,0
2706,buyer,1,126,4.55,44.76,45.24,12.02,11.45,18.25,87.3,71.43,62.7,25.4,19.05,8.73,1.59,7.14,0.79,0,6.35,15.87,3.97,0,11.11,14.29,5.56,3.97,4.76,16.67,6.35,0,3.97,1.59,1.59,0.79,26.98,0,15.08,3.97,1.59,2.38,1.59,0.79,5.56,0,9.52,3.97,4.76,3.17,1.59,0.79,0,0.79,0,0,15.08,3.97,0.79,0.79,0.79,0.79,0.79,11.11,0.79,0,0,1.59,0.79,0,0,0.79,7.14,0,0,3.97,3.97,0,0,0,0,0,0,0,0,0,0,0,0,0.79,0,0,0,0.79,0.79,0,0.79,0,0,0,0,0,0,0,2.38,3.17,6.35,4.76,0,0,0,0,0,13.49,7.94,0.79,0,0.79,3.97,0,0
2706,seller,1,171,45.27,99,50.06,20.23,19,24.56,87.72,69.59,59.06,20.47,17.54,4.68,7.02,5.26,0.58,0,2.92,18.71,6.43,0,13.45,7.6,3.51,5.26,1.17,12.87,5.26,2.34,9.94,7.6,2.34,0,23.39,1.17,14.04,5.26,0.58,1.75,1.75,1.17,2.92,0,2.92,1.17,1.17,0.58,0,0,0,0,0,0,19.3,5.26,2.34,1.75,0,0.58,1.17,14.04,0.58,0,0,1.17,0,0,0,0,7.02,0,0,2.92,5.26,0,0,0,0,0,0,0,0,0,0,0.58,0.58,0,0,0.58,0,0,0,0,1.75,5.26,0.58,0,4.09,0.58,0,0,3.51,1.17,4.68,0.58,0,0,0,0,0,11.7,5.26,6.43,0,0,0,0,0
2710,buyer,1,117,28.8,1,81.58,60.52,23.4,8.55,92.31,76.07,58.12,22.22,18.8,17.95,0,0,0.85,0,3.42,16.24,9.4,0.85,8.55,10.26,3.42,5.13,0.85,22.22,5.98,1.71,1.71,0,0,1.71,24.79,0.85,10.26,1.71,0.85,2.56,3.42,1.71,2.56,0,7.69,5.13,2.56,4.27,2.56,1.71,0,0,0,0,6.84,4.27,2.56,3.42,0,0,3.42,2.56,0.85,0,0,0.85,0,0,0,0,7.69,0,0,2.56,5.98,0,0.85,0.85,0.85,0,0,0,0,0,0,0.85,1.71,5.13,0,0.85,0,0,0,0,5.13,4.27,0,0,4.27,0,0,0,0,7.69,0.85,7.69,0,0,0,0,0,6.84,3.42,0.85,0,0,1.71,0.85,0
2710,seller,1,52,6.51,40.06,89.39,99,10.4,17.31,96.15,75,65.38,26.92,19.23,9.62,3.85,5.77,0,0,7.69,15.38,7.69,0,7.69,9.62,9.62,3.85,1.92,13.46,5.77,1.92,9.62,7.69,1.92,0,38.46,3.85,28.85,7.69,1.92,5.77,7.69,1.92,7.69,0,9.62,9.62,0,1.92,1.92,0,0,0,0,0,13.46,3.85,3.85,0,0,0,0,9.62,0,0,0,0,0,0,0,0,3.85,0,0,0,3.85,0,0,0,0,0,0,0,0,0,0,0,0,0,0,0,0,1.92,0,0,11.54,1.92,0,1.92,1.92,0,0,0,1.92,0,13.46,0,3.85,0,3.85,0,0,13.46,5.77,3.85,1.92,0,1.92,0,0
2716,buyer,1,243,42.86,15.97,94.12,58.91,22.09,11.11,94.65,76.54,63.37,21.4,15.23,10.7,0,4.53,0,0,6.17,16.46,9.47,0.82,14.4,7.82,5.35,7.41,0.82,17.28,4.12,0.82,1.23,0,0,1.23,24.28,0,12.76,4.94,1.23,1.23,0.82,0.82,3.7,0,4.12,3.29,0.82,2.06,1.23,0.82,0,0,0,0,11.93,6.58,2.06,1.23,0,0,4.12,5.76,0,0,0,0,0.41,0,0,0.41,8.23,0,0,4.53,4.12,0,0,0,0,0,0,0,0,0,0,0,0,4.53,0,0,0,0,0.82,0.41,8.23,6.17,0.41,0.41,4.94,1.23,0,0,3.29,6.17,1.65,2.88,0.41,0,0.41,0,0,7.82,4.12,3.7,0,0,0,0,0
2716,seller,1,245,66.29,99,3,99,245,15.92,94.29,72.65,58.78,18.37,16.33,2.86,4.9,8.57,0,0,2.04,17.55,9.39,0.82,14.69,9.39,1.22,4.49,1.63,19.18,5.31,1.63,7.35,5.71,0.82,0.82,21.63,0.41,13.06,2.86,2.04,4.9,2.04,0.41,2.04,0,9.8,9.39,0.41,3.27,3.27,0,0,0,0,0,24.49,10.2,3.27,3.67,0,0.82,3.67,14.29,0,0,0,0,0,0,0,0,10.61,0,0,6.94,6.94,0,0,0,0,0,0,0,0,0,0,0,1.22,5.71,0,0,0,0,0,0.82,3.67,2.04,0,0,1.63,0.41,0,0,3.27,4.49,2.04,2.04,0,0,0,0,0,6.12,0,5.71,0,0,0,0.41,0
2717,buyer,1,68,19.42,1,46.57,66.58,68,13.24,92.65,77.94,61.76,25,13.24,11.76,0,1.47,0,0,11.76,20.59,8.82,1.47,10.29,11.76,4.41,2.94,2.94,22.06,5.88,4.41,0,0,0,0,30.88,0,25,5.88,2.94,8.82,1.47,1.47,4.41,0,8.82,5.88,2.94,5.88,2.94,2.94,0,1.47,0,0,10.29,8.82,0,1.47,1.47,0,4.41,1.47,0,0,0,0,0,0,0,0,2.94,0,0,1.47,1.47,0,0,0,0,0,0,0,0,0,0,0,0,4.41,1.47,1.47,0,0,0,0,7.35,1.47,0,0,1.47,0,0,0,2.94,7.35,5.88,0,1.47,0,1.47,0,0,1.47,0,1.47,0,0,0,0,0
2717,seller,1,97,24.23,96.12,60.51,68.9,19.4,18.56,92.78,73.2,59.79,16.49,14.43,3.09,3.09,8.25,0,0,2.06,19.59,8.25,1.03,10.31,10.31,7.22,8.25,2.06,16.49,7.22,4.12,6.19,3.09,1.03,2.06,29.9,2.06,18.56,6.19,3.09,4.12,2.06,2.06,4.12,0,5.15,4.12,1.03,4.12,3.09,1.03,0,0,0,0,19.59,8.25,4.12,1.03,0,0,3.09,11.34,0,0,0,0,2.06,1.03,0,1.03,11.34,0,0,6.19,6.19,0,0,0,0,0,0,0,0,0,0,0,0,1.03,0,0,0,0,0,0,4.12,3.09,0,2.06,1.03,1.03,0,0,7.22,2.06,5.15,1.03,0,0,0,0,0,8.25,5.15,1.03,0,0,2.06,0,0
2718,buyer,1,107,38.06,6.47,60.78,99,10.7,16.82,95.33,68.22,62.62,19.63,14.02,11.21,0,2.8,0,0,5.61,15.89,13.08,0,10.28,13.08,5.61,4.67,0.93,14.02,4.67,0.93,0.93,0,0,0.93,22.43,0,17.76,6.54,0,5.61,2.8,1.87,2.8,0,12.15,10.28,1.87,5.61,3.74,1.87,0,0,0,0,13.08,9.35,3.74,6.54,0,0,1.87,3.74,0,0,0,0,0,0,0,0,10.28,0,0,3.74,6.54,0,0,0,0,0,0,0,0,0,0,0,0,4.67,0,0.93,0,0,0,0,2.8,0.93,0,0,0.93,0,0,0,3.74,2.8,0,3.74,0,0,0,0,0,14.95,3.74,4.67,2.8,2.8,0.93,0,0
2718,seller,1,87,51.42,99,11.47,87.26,87,12.64,93.1,72.41,60.92,18.39,16.09,1.15,5.75,9.2,0,0,2.3,12.64,9.2,2.3,14.94,9.2,5.75,5.75,1.15,12.64,5.75,4.6,9.2,5.75,0,3.45,17.24,0,11.49,2.3,1.15,5.75,2.3,0,1.15,0,9.2,6.9,2.3,2.3,0,2.3,0,0,0,0,26.44,11.49,4.6,10.34,0,0,2.3,14.94,0,0,0,0,0,0,0,0,4.6,0,0,3.45,2.3,0,0,0,0,0,0,0,0,0,0,0,1.15,1.15,0,0,0,0,0,0,4.6,4.6,0,2.3,3.45,0,0,0,6.9,0,4.6,0,0,0,0,0,0,6.9,0,5.75,0,1.15,0,0,0
2719,buyer,1,20,15.41,1,7.03,,20,10,100,70,50,20,20,20,0,0,0,0,0,10,10,0,5,10,5,10,0,25,0,0,10,0,0,10,15,0,10,0,0,10,0,0,0,0,0,0,0,0,0,0,0,0,0,0,15,15,15,15,0,0,0,0,0,0,0,0,0,0,0,0,15,0,0,0,15,0,0,0,0,0,0,0,0,0,0,0,5,0,0,0,0,0,0,0,10,0,0,0,0,0,0,0,0,0,0,5,5,0,5,0,0,10,0,10,0,0,0,0,0
2719,seller,1,33,1,86.82,86.68,1.71,33,12.12,93.94,81.82,66.67,33.33,30.3,15.15,0,15.15,0,0,3.03,9.09,0,0,12.12,9.09,9.09,9.09,3.03,21.21,9.09,0,3.03,0,0,3.03,27.27,0,18.18,9.09,0,3.03,6.06,0,3.03,0,9.09,3.03,6.06,3.03,0,3.03,0,0,0,0,21.21,6.06,3.03,3.03,0,3.03,0,15.15,0,0,0,0,0,0,0,0,6.06,0,0,6.06,0,0,0,0,0,0,0,0,0,0,0,0,3.03,0,0,0,0,0,0,0,3.03,0,0,0,0,0,0,0,0,3.03,6.06,6.06,0,0,0,0,0,3.03,0,0,0,0,3.03,0,0
2720,buyer,1,143,83.91,25.04,22.66,64.31,13,20.28,87.41,70.63,59.44,11.19,8.39,6.29,0.7,1.4,0,0,2.8,15.38,13.29,0,17.48,12.59,2.8,7.69,0,17.48,6.29,0,3.5,0.7,1.4,1.4,24.48,0,15.38,4.9,3.5,4.2,0.7,1.4,0.7,0,11.19,6.99,4.2,2.8,2.1,0.7,0,0,0,0,9.09,6.99,3.5,2.8,0,0,2.1,2.1,0,0,0,0,1.4,1.4,0,0,4.2,0,0,2.8,1.4,0,0,0,0,0,0,0,0,0,0,0,0,2.1,0,0,0,0.7,0,0,4.2,2.8,0,0.7,2.1,0,0,0,3.5,5.59,2.8,0.7,0,0,0,0,0,10.49,6.99,2.8,0.7,0,0,0,0
2720,seller,1,135,80.57,99,23.14,54.76,16.88,15.56,89.63,68.15,58.52,17.04,14.07,1.48,8.15,4.44,0,0,2.96,14.81,9.63,0,17.04,7.41,2.96,3.7,0.74,13.33,4.44,0,11.85,8.89,0,2.96,28.15,0.74,20,3.7,3.7,2.96,3.7,4.44,2.96,0,3.7,2.96,0.74,1.48,1.48,0,0,0,0,0,19.26,5.19,2.22,2.96,0,0,1.48,13.33,0,0,0,0,0,0,0,0,5.19,0,0,3.7,2.22,0,0,0,0,0,0,0,0,0,0,0,0.74,0.74,0,0.74,0,0,0.74,0,6.67,2.22,0,0.74,1.48,0.74,0,0,6.67,2.22,1.48,5.93,0.74,0,0.74,0,0,15.56,4.44,5.19,1.48,0,0,4.44,0
2721,buyer,1,49,14.33,3.71,93.64,20.23,24.5,10.2,89.8,67.35,55.1,20.41,12.24,8.16,0,4.08,0,0,8.16,14.29,4.08,2.04,8.16,12.24,0,6.12,4.08,18.37,6.12,4.08,0,0,0,0,30.61,2.04,20.41,8.16,0,4.08,0,0,8.16,0,4.08,2.04,2.04,2.04,0,2.04,0,0,0,0,12.24,6.12,0,2.04,0,0,2.04,6.12,0,0,0,0,0,0,0,0,10.2,0,0,2.04,8.16,0,0,0,0,0,0,0,0,0,0,4.08,2.04,4.08,0,0,0,0,0,0,6.12,6.12,0,2.04,4.08,0,0,0,0,2.04,6.12,8.16,2.04,0,2.04,0,0,14.29,4.08,8.16,0,0,2.04,0,0
2721,seller,1,46,11.2,53.04,29.9,53.96,5.75,6.52,93.48,76.09,58.7,15.22,13.04,4.35,0,8.7,0,0,2.17,21.74,6.52,0,6.52,15.22,2.17,6.52,6.52,21.74,8.7,2.17,2.17,0,0,2.17,34.78,8.7,13.04,2.17,0,6.52,2.17,0,4.35,0,6.52,4.35,2.17,2.17,0,2.17,0,0,0,0,13.04,4.35,2.17,4.35,0,0,2.17,8.7,0,0,0,0,0,0,0,0,8.7,0,0,2.17,6.52,0,0,0,0,0,0,0,0,0,0,0,2.17,2.17,0,0,0,0,0,0,15.22,8.7,0,0,8.7,0,0,0,2.17,4.35,8.7,2.17,4.35,0,4.35,0,0,17.39,17.39,0,0,0,0,0,0
2728,buyer,1,94,12.22,70.88,8.74,53.17,23.5,7.45,89.36,75.53,61.7,26.6,17.02,7.45,0,8.51,1.06,0,9.57,19.15,8.51,0,7.45,10.64,2.13,6.38,2.13,20.21,4.26,2.13,4.26,2.13,0,2.13,22.34,1.06,12.77,1.06,0,6.38,0,0,5.32,0,6.38,4.26,2.13,2.13,0,2.13,1.06,0,0,0,18.09,6.38,5.32,4.26,0,0,1.06,11.7,0,0,0,1.06,0,0,0,0,7.45,0,0,1.06,6.38,0,0,0,0,0,0,0,0,0,0,4.26,0,3.19,0,0,0,0,0,0,9.57,4.26,0,2.13,2.13,0,0,0,0,3.19,6.38,2.13,2.13,0,2.13,0,0,8.51,2.13,4.26,2.13,0,0,0,0
2728,seller,1,61,6.96,83.72,18.18,44.83,12.2,22.95,91.8,73.77,60.66,24.59,16.39,4.92,1.64,8.2,1.64,0,8.2,14.75,4.92,1.64,8.2,13.11,4.92,3.28,3.28,18.03,6.56,1.64,6.56,3.28,0,3.28,31.15,3.28,19.67,0,1.64,3.28,4.92,0,6.56,0,4.92,3.28,1.64,1.64,0,1.64,1.64,0,1.64,0,19.67,6.56,4.92,3.28,0,0,0,13.11,0,1.64,0,1.64,0,0,0,0,3.28,1.64,0,0,1.64,0,0,0,0,0,0,0,0,0,0,0,0,4.92,0,0,0,0,0,0,8.2,4.92,0,0,3.28,0,1.64,0,3.28,1.64,6.56,1.64,3.28,1.64,1.64,0,0,11.48,3.28,1.64,4.92,0,1.64,0,0
2729,buyer,1,112,18.12,1.71,94.2,99,22.4,19.64,93.75,68.75,59.82,21.43,13.39,11.61,0,1.79,0,0,8.04,14.29,8.93,0,10.71,10.71,6.25,8.04,1.79,16.96,1.79,2.68,0.89,0,0,0.89,30.36,0.89,16.07,3.57,2.68,5.36,0,0.89,2.68,0,11.61,11.61,0,4.46,4.46,0,0,0,0,0,14.29,12.5,4.46,6.25,0,0,5.36,1.79,0,0,0,0,1.79,1.79,0,0,6.25,0,0,1.79,4.46,0,0,0,0,0,0,0,0,0,0,0,0,5.36,0,0.89,0,0,0,0,1.79,2.68,0,1.79,2.68,0,0,0,9.82,4.46,5.36,0,0.89,0,0.89,0,0,12.5,4.46,4.46,0,0,3.57,0,0
2729,seller,1,164,41.16,58.22,82.04,84.08,16.4,17.07,86.59,70.73,59.15,17.07,12.8,5.49,3.05,4.27,0,0,4.27,15.85,9.15,0,12.8,11.59,4.88,6.1,1.83,19.51,4.88,3.05,6.71,3.05,1.22,2.44,23.17,0.61,9.76,1.83,1.22,1.22,2.44,0,4.88,0,7.93,6.1,1.83,0.61,0.61,0,0,0,0,0,17.07,9.15,3.05,4.27,0,0,2.44,7.93,0,0,0,0,1.22,0,0,1.22,4.27,0,0,1.83,2.44,0,0.61,0,0,0,0,0,0,0.61,0,0,0.61,0.61,0,0.61,0,0,0.61,0,3.05,4.27,0,1.22,3.66,0.61,0,0,7.32,4.88,4.27,4.27,0,0,0,0,0,7.93,5.49,1.22,0.61,0,0.61,0,0
2730,buyer,1,93,32.41,3.08,84.25,20.23,93,22.58,88.17,66.67,53.76,15.05,13.98,11.83,0,2.15,0,0,1.08,16.13,12.9,0,4.3,8.6,7.53,8.6,0,10.75,8.6,2.15,1.08,0,0,1.08,23.66,0,10.75,3.23,1.08,3.23,0,1.08,3.23,0,8.6,4.3,4.3,0,0,0,0,0,0,0,10.75,8.6,2.15,1.08,1.08,2.15,1.08,2.15,0,0,0,0,0,0,0,0,9.68,0,0,4.3,5.38,0,0,0,0,0,0,0,0,0,0,0,0,4.3,0,2.15,0,0,0,0,4.3,4.3,0,0,4.3,0,0,0,4.3,8.6,0,4.3,2.15,0,2.15,0,0,7.53,0,7.53,0,0,0,0,0
2730,seller,1,172,32.16,70.43,76.46,66.06,10.12,18.02,94.19,75,62.21,19.77,15.12,6.4,1.16,7.56,0,0,4.65,15.12,9.3,1.16,13.95,9.88,8.14,6.4,1.74,16.86,5.81,2.33,2.91,1.16,1.16,0.58,29.65,0,18.6,6.98,3.49,2.91,1.16,1.74,4.07,0,5.23,4.07,1.16,0.58,0.58,0,0,0,0,0,16.86,8.14,2.91,2.33,0,0.58,4.07,8.72,0,0,0,0,0,0,0,0,5.23,0,0,1.74,3.49,0,0,0,0,0,0,0,0,0,0,0,0,1.74,0,0.58,0,0,0,0,4.07,6.98,0.58,0.58,4.07,1.16,0.58,0.58,2.91,2.91,5.81,1.16,0,0,0,0,0,16.86,5.81,4.07,2.33,1.74,1.16,1.74,0
2731,buyer,1,68,68.25,1.3,57.19,66.58,9.71,17.65,82.35,63.24,55.88,13.24,10.29,7.35,0,2.94,0,0,2.94,19.12,13.24,0,10.29,8.82,2.94,4.41,4.41,10.29,7.35,4.41,1.47,0,0,1.47,20.59,0,14.71,2.94,1.47,2.94,2.94,0,7.35,0,8.82,5.88,2.94,5.88,2.94,2.94,0,0,0,0,7.35,4.41,1.47,1.47,0,0,1.47,2.94,0,0,0,0,0,0,0,0,4.41,0,0,1.47,2.94,0,0,0,0,0,0,0,0,0,0,0,0,5.88,0,2.94,0,0,0,0,0,4.41,0,1.47,2.94,1.47,0,0,0,4.41,0,2.94,0,0,0,0,0,14.71,10.29,4.41,0,0,0,0,0
2731,seller,1,95,18.43,23.36,76.52,35.11,23.75,15.79,88.42,69.47,58.95,17.89,13.68,7.37,0,6.32,0,0,4.21,15.79,8.42,1.05,10.53,11.58,6.32,8.42,3.16,14.74,7.37,1.05,0,0,0,0,24.21,1.05,13.68,4.21,2.11,1.05,1.05,0,6.32,0,7.37,4.21,3.16,5.26,2.11,3.16,0,0,0,0,8.42,1.05,1.05,0,0,0,0,7.37,0,0,0,0,0,0,0,0,11.58,0,0,4.21,7.37,0,0,0,0,0,0,0,0,0,0,0,0,5.26,0,0,0,0,0,0,5.26,4.21,0,1.05,3.16,1.05,0,0,1.05,3.16,4.21,2.11,0,0,0,0,0,8.42,1.05,3.16,2.11,0,1.05,1.05,0
2733,buyer,1,149,2.6,1,98.96,72.77,13.55,8.72,93.29,77.85,60.4,26.85,21.48,18.12,0,3.36,0,0,5.37,12.75,4.03,0.67,8.05,12.08,6.04,6.71,2.68,23.49,6.04,0.67,2.01,0,1.34,0.67,24.16,0,14.09,6.04,0,3.36,0.67,1.34,3.36,0,7.38,5.37,2.01,2.68,1.34,1.34,0,0,0,0,10.74,5.37,4.03,3.36,0,0.67,2.01,4.7,0,0,0,0,0,0,0,0,10.07,0.67,0,3.36,6.04,0,0,0,0,0,0,0,0,0,0,0,0,2.68,0,0,0,0,0,0,7.38,2.68,0,2.01,2.01,0,0,0,2.68,4.7,3.36,3.36,1.34,0,1.34,0,0,12.08,7.38,2.01,0,0,2.68,0,0
2733,seller,1,192,4.05,96.89,58.26,27.1,11.29,10.42,90.1,77.6,63.02,27.6,19.79,6.77,3.65,9.38,0,0,7.81,17.71,6.25,1.04,7.81,11.98,6.77,6.25,1.04,19.79,7.29,4.17,3.65,3.65,0,0,26.56,1.04,15.1,4.69,1.56,3.65,2.08,0.52,5.21,0,4.69,2.6,2.08,2.6,0.52,2.08,0,0,0,0,19.79,5.73,3.13,1.56,0,0,1.56,14.06,0,0,0,0,0,0,0,0,6.77,0,0,3.65,3.13,0,0,0,0,0,0,0,0,0,0,0,0.52,1.56,0,0,0,0,0,0,6.25,3.65,0,0,2.08,1.04,0.52,0,4.17,4.17,6.77,3.13,1.04,0,1.04,0,0,14.58,6.25,4.69,2.08,0,1.04,0.52,0
2736,buyer,1,102,2.66,1,99,1.85,102,10.78,93.14,75.49,59.8,23.53,17.65,13.73,0,3.92,0,0,5.88,14.71,7.84,0,5.88,11.76,4.9,7.84,7.84,23.53,1.96,1.96,0.98,0,0,0.98,28.43,0,20.59,2.94,1.96,1.96,0,0.98,9.8,0,7.84,1.96,4.9,1.96,0,0.98,0,0,0.98,0,11.76,7.84,1.96,6.86,0,0,2.94,3.92,0,0,0,0,0,0,0,0,4.9,0.98,0,2.94,0.98,0,0,0,0,0,0,0,0,0,0,1.96,0.98,3.92,0,0,0,0,0,0.98,9.8,4.9,0.98,0.98,3.92,0.98,0,0,3.92,8.82,4.9,1.96,1.96,0,0.98,0,0.98,5.88,0,1.96,0,0,3.92,0,0
2736,seller,1,140,18.12,32.05,48.09,53.43,10.77,20.71,92.86,72.86,61.43,19.29,15,9.29,0,5.71,0,0,4.29,17.14,10.71,0.71,7.14,15,6.43,4.29,1.43,20,5.71,2.14,3.57,0,0.71,2.86,23.57,0,10,3.57,0.71,2.86,0.71,0,2.86,0,3.57,2.86,0.71,0.71,0.71,0,0,0,0,0,12.86,6.43,0.71,0.71,0,0,2.86,6.43,0,0,0,0,0.71,0,0,0.71,7.86,0,0,5,3.57,0,0,0,0,0,0,0,0,0,0,1.43,0,0.71,0,0.71,0,0,0,0,5.71,2.14,0.71,0,1.43,0,0,0,3.57,7.86,6.43,2.14,0.71,0,0.71,0,0,15,7.86,5,1.43,0,0,0.71,0
2737,buyer,1,30,30.37,10.48,19.26,20.23,10,16.67,90,66.67,50,23.33,13.33,10,0,3.33,0,0,10,13.33,6.67,0,6.67,10,0,3.33,0,16.67,6.67,0,0,0,0,0,26.67,3.33,16.67,3.33,3.33,6.67,3.33,0,3.33,0,13.33,6.67,6.67,10,6.67,3.33,0,0,0,0,10,6.67,3.33,3.33,0,0,0,3.33,0,0,0,0,0,0,0,0,6.67,0,0,3.33,3.33,0,0,0,0,0,0,0,0,0,0,0,0,0,0,0,0,0,0,0,10,3.33,0,3.33,0,0,0,0,0,6.67,3.33,0,3.33,0,3.33,0,0,16.67,6.67,6.67,3.33,0,0,0,0
2737,seller,1,90,15.41,99,1.91,36.04,9,10,90,76.67,64.44,22.22,14.44,2.22,5.56,6.67,0,0,7.78,14.44,7.78,0,11.11,12.22,8.89,4.44,1.11,17.78,5.56,2.22,6.67,5.56,0,1.11,27.78,0,18.89,4.44,4.44,6.67,1.11,0,3.33,0,5.56,3.33,2.22,2.22,0,2.22,0,0,0,0,18.89,5.56,2.22,2.22,0,0,2.22,12.22,0,0,0,0,0,0,0,0,5.56,0,0,3.33,2.22,0,0,0,0,0,0,0,0,0,0,0,0,0,0,1.11,0,0,0,0,6.67,3.33,0,0,1.11,1.11,1.11,0,2.22,2.22,8.89,0,0,0,0,0,0,14.44,5.56,1.11,5.56,0,2.22,0,0
2738,buyer,1,50,51.7,74.29,85.71,95.9,7.14,18,96,74,54,20,18,10,0,8,0,0,2,18,10,0,10,12,2,2,0,22,8,2,2,0,0,2,24,2,16,4,4,8,0,0,0,0,14,10,4,0,0,0,0,0,0,0,24,16,6,14,0,2,2,8,0,0,0,0,0,0,0,0,6,0,0,2,4,0,0,0,0,0,0,0,0,0,0,0,2,4,0,2,0,0,2,0,4,6,0,0,6,0,0,0,12,4,4,2,2,0,2,0,0,12,12,0,0,0,0,0,0
2738,seller,1,54,38.62,87.35,17.46,77.5,9,16.67,92.59,79.63,61.11,22.22,18.52,7.41,0,11.11,0,0,3.7,9.26,5.56,0,16.67,12.96,1.85,3.7,1.85,22.22,7.41,0,5.56,0,1.85,3.7,22.22,0,14.81,5.56,1.85,3.7,1.85,0,3.7,0,7.41,5.56,1.85,3.7,1.85,1.85,0,0,0,0,18.52,7.41,7.41,5.56,0,0,1.85,11.11,0,0,0,0,0,0,0,0,5.56,0,0,3.7,1.85,0,0,0,0,0,0,0,0,0,0,1.85,0,1.85,0,0,0,0,0,0,9.26,0,0,0,0,0,0,0,0,1.85,5.56,5.56,1.85,0,1.85,0,0,20.37,7.41,3.7,1.85,1.85,3.7,1.85,0
2740,buyer,1,106,22.75,62.44,35.26,88.29,21.2,13.21,93.4,74.53,60.38,23.58,19.81,11.32,1.89,6.6,0,0,3.77,13.21,6.6,0,12.26,9.43,3.77,7.55,0.94,16.04,6.6,0.94,6.6,1.89,0.94,3.77,27.36,0.94,18.87,4.72,1.89,8.49,2.83,0,0.94,0,12.26,8.49,3.77,5.66,4.72,0.94,0,0.94,0,0,17.92,9.43,4.72,5.66,1.89,0.94,2.83,8.49,0,0,0,0,0,0,0,0,6.6,0,0,3.77,2.83,0,0,0,0,0,0,0,0,0,0,2.83,1.89,0.94,0,0.94,0,0,0,0,6.6,5.66,0,0.94,5.66,0,0,0,0.94,4.72,2.83,0.94,1.89,0,1.89,0,0,8.49,2.83,3.77,0.94,0,0.94,0,0
2740,seller,1,22,6.68,40.06,20.79,99,22,0,95.45,86.36,54.55,22.73,13.64,9.09,0,4.55,0,0,9.09,4.55,0,0,9.09,22.73,0,0,0,40.91,9.09,0,0,0,0,0,22.73,4.55,9.09,0,0,9.09,0,0,0,0,9.09,9.09,0,4.55,4.55,0,0,0,0,0,9.09,4.55,0,4.55,0,0,4.55,4.55,0,0,0,0,0,0,0,0,0,0,0,0,0,0,0,0,0,0,0,0,0,0,0,0,0,0,0,0,0,0,0,0,27.27,13.64,0,4.55,4.55,4.55,4.55,0,4.55,0,13.64,4.55,18.18,4.55,13.64,0,0,0,0,0,0,0,0,0,0
2741,buyer,1,189,27.78,3.28,64.09,20.23,11.12,12.17,86.77,70.9,57.14,17.46,9.52,7.41,0,2.12,0,0,7.94,16.4,10.58,0,8.47,8.99,5.82,6.88,4.23,16.93,5.82,3.7,3.17,0,0,3.17,23.28,1.59,10.58,3.17,2.12,1.06,1.59,0,3.7,0,4.23,2.12,2.12,2.65,0.53,2.12,0,0,0,0,8.47,5.82,2.12,4.23,1.06,0,2.12,2.65,0,0,0,0.53,0,0,0,0,6.35,0,0,2.65,3.7,0,0,0,0,0,0,0,0,0,0,1.59,0,2.65,0,2.12,0,0,0,0,6.35,3.17,0,0,3.17,0,0,0,3.7,7.41,4.76,3.17,2.12,1.06,1.06,0,0,19.58,7.41,6.88,1.06,0,4.23,0,0
2741,seller,1,118,13.09,81.52,47.65,45.75,11.8,12.71,89.83,73.73,60.17,22.88,13.56,3.39,0,10.17,0,0,9.32,16.95,8.47,0.85,6.78,9.32,3.39,5.93,5.08,17.8,5.08,2.54,5.08,0,1.69,3.39,26.27,1.69,14.41,5.08,2.54,1.69,0,0.85,4.24,0,5.08,3.39,1.69,1.69,0,1.69,0,0,0,0,15.25,5.08,3.39,3.39,0,0,1.69,10.17,0,0,0,0,0,0,0,0,6.78,0,0,3.39,3.39,0,0,0,0,0,0,0,0,0,0,0.85,0,3.39,0,0.85,0,1.69,0,0,8.47,5.08,0,0.85,4.24,0,0,0,1.69,7.63,2.54,2.54,0,0,0,0,0,11.86,7.63,3.39,0,0,0,0.85,0
2743,buyer,1,137,21.41,93.4,5.87,99,8.56,8.03,92.7,78.1,59.12,21.9,19.71,8.76,0,8.03,2.19,0,2.19,10.95,7.3,0,10.95,13.87,3.65,5.84,0,22.63,8.76,3.65,3.65,1.46,2.19,0,24.09,0,13.87,2.92,2.19,4.38,0,2.92,0,0,13.87,11.68,1.46,6.57,5.11,0.73,0,0,0,0,21.17,8.76,4.38,3.65,0,0.73,5.11,12.41,0.73,0,0,2.19,0.73,0.73,0,0,3.65,0,0,2.19,1.46,0,0.73,0.73,0.73,0,0,0,0,0,0,0,0,2.92,0,0.73,0,0,0,0,6.57,2.19,0,0.73,2.19,0,0,0,1.46,5.11,5.84,0.73,0.73,0,0,0,0.73,16.06,4.38,3.65,2.19,5.11,0.73,0,0
2743,seller,1,126,19.76,58.95,29.04,80.75,18,15.08,91.27,76.98,63.49,21.43,15.87,7.94,2.38,5.56,0,0,5.56,17.46,7.14,0.79,11.11,11.9,5.56,6.35,0.79,19.05,6.35,4.76,3.97,2.38,0.79,0.79,25.4,0.79,12.7,1.59,0,5.56,1.59,1.59,3.97,0,5.56,4.76,0.79,3.97,3.17,0.79,0,0.79,0,0,13.49,5.56,3.17,1.59,0,0,2.38,7.94,0,0,0,0,1.59,1.59,0,0,3.97,0,0,2.38,1.59,0,0,0,0,0,0,0,0,0,0,0.79,0,0,0,0.79,0,0,0,0,6.35,4.76,1.59,0.79,2.38,0,0.79,0,3.97,1.59,10.32,3.97,1.59,0,1.59,0,0,5.56,4.76,0,0.79,0,0,0,0
2745,buyer,1,85,43.18,21.68,55.07,99,42.5,10.59,91.76,69.41,54.12,21.18,14.12,9.41,2.35,2.35,0,0,7.06,12.94,8.24,2.35,10.59,8.24,3.53,3.53,1.18,16.47,3.53,2.35,3.53,2.35,1.18,0,21.18,3.53,14.12,2.35,1.18,7.06,2.35,2.35,2.35,0,21.18,20,1.18,9.41,9.41,0,0,0,0,0,16.47,11.76,4.71,7.06,0,0,3.53,4.71,0,0,0,0,1.18,1.18,0,0,1.18,0,0,0,1.18,0,0,0,0,0,0,0,0,0,0,0,1.18,1.18,0,1.18,0,1.18,0,0,10.59,7.06,0,2.35,4.71,0,1.18,0,4.71,2.35,4.71,1.18,3.53,0,3.53,0,0,10.59,1.18,8.24,0,0,1.18,0,0
2745,seller,1,92,23.51,97.92,29.9,53.96,23,16.3,91.3,73.91,61.96,22.83,17.39,5.43,5.43,6.52,0,0,5.43,14.13,8.7,0,10.87,9.78,5.43,6.52,1.09,17.39,5.43,0,6.52,5.43,0,1.09,20.65,0,13.04,4.35,1.09,3.26,1.09,1.09,2.17,0,8.7,5.43,3.26,4.35,2.17,2.17,0,0,0,0,18.48,6.52,2.17,3.26,0,0,4.35,11.96,0,0,0,0,0,0,0,0,5.43,0,0,1.09,4.35,0,1.09,0,0,0,0,0,0,0,0,0,1.09,2.17,0,0,0,0,0,0,9.78,4.35,0,2.17,2.17,0,0,0,2.17,1.09,7.61,4.35,1.09,0,1.09,0,0,7.61,0,4.35,3.26,0,0,0,0
2746,buyer,1,56,30.7,21.49,35.49,5.5,8,7.14,98.21,75,64.29,21.43,21.43,14.29,1.79,5.36,0,0,0,16.07,12.5,0,8.93,8.93,3.57,8.93,1.79,17.86,5.36,0,8.93,1.79,0,7.14,16.07,1.79,10.71,3.57,0,3.57,1.79,0,1.79,0,5.36,1.79,3.57,3.57,0,3.57,0,0,0,0,12.5,5.36,5.36,5.36,0,0,0,7.14,0,0,0,0,0,0,0,0,12.5,0,0,5.36,7.14,0,0,0,0,0,0,0,0,0,0,0,3.57,0,0,0,0,0,0,0,8.93,0,0,0,0,0,0,0,0,0,3.57,7.14,1.79,0,1.79,0,0,17.86,8.93,5.36,3.57,0,0,0,0
2746,seller,1,101,4.75,63.5,33.95,67.03,12.63,12.87,93.07,82.18,64.36,25.74,16.83,7.92,0.99,7.92,0,0,8.91,14.85,4.95,0,7.92,10.89,5.94,5.94,2.97,23.76,6.93,3.96,1.98,0.99,0,0.99,26.73,2.97,18.81,3.96,2.97,5.94,1.98,0.99,3.96,0,4.95,3.96,0.99,0.99,0,0.99,0,0,0,0,12.87,2.97,2.97,0.99,0,0,0,9.9,0,0,0,0,0,0,0,0,2.97,0,0,0.99,1.98,0,0,0,0,0,0,0,0,0,0,0,2.97,0.99,1.98,0,0,0,0,0,7.92,7.92,0,0,4.95,1.98,0,0,0.99,2.97,7.92,2.97,0,0,0,0,0,15.84,7.92,2.97,0,0,4.95,0,0
2751,buyer,1,25,51.7,99,3.34,99,25,4,100,64,48,12,12,0,8,4,0,0,0,0,0,4,20,12,12,0,0,20,0,0,8,8,0,0,20,4,12,8,4,4,0,0,0,0,8,8,0,0,0,0,0,0,0,0,24,12,0,4,0,0,8,12,0,0,0,0,0,0,0,0,16,0,0,12,4,0,0,0,0,0,0,0,0,0,0,12,0,0,0,4,0,4,0,0,16,8,0,0,4,0,0,4,0,0,8,8,8,0,8,0,0,4,0,4,0,0,0,0,0
2751,seller,1,39,1.3,1,99,60.52,7.8,12.82,97.44,87.18,66.67,20.51,7.69,5.13,0,0,0,2.56,12.82,10.26,2.56,2.56,7.69,10.26,7.69,12.82,5.13,20.51,7.69,5.13,0,0,0,0,33.33,0,23.08,5.13,0,0,7.69,0,15.38,0,2.56,2.56,0,2.56,2.56,0,0,0,0,0,5.13,2.56,0,0,0,0,2.56,2.56,0,0,0,0,0,0,0,0,5.13,0,0,0,5.13,0,0,0,0,0,0,0,0,0,0,2.56,0,2.56,0,0,0,0,0,0,10.26,7.69,0,5.13,5.13,0,0,0,2.56,2.56,7.69,2.56,7.69,5.13,2.56,0,0,17.95,15.38,0,2.56,0,0,0,0
2759,buyer,1,132,29.97,53.63,34.4,20.23,18.86,9.85,91.67,75,65.91,18.94,16.67,9.85,1.52,3.79,0,1.52,2.27,16.67,10.61,0,10.61,12.12,3.79,8.33,1.52,18.18,4.55,4.55,4.55,2.27,1.52,0.76,23.48,1.52,12.12,3.03,3.03,4.55,1.52,0,1.52,0,1.52,0.76,0.76,0,0,0,0,0,0,0,15.91,6.82,2.27,1.52,0,0,4.55,9.85,0,0,0,0.76,1.52,0,0,1.52,6.82,0,0,0.76,6.06,0,0,0,0,0,0,0,0,0,0,0,1.52,0.76,0,0.76,0,0,0,0,6.06,3.79,0,1.52,3.79,0,0,0,0.76,6.82,4.55,0.76,0,0,0,0,0,6.06,3.79,0.76,1.52,0,0,0,0
2759,seller,1,79,6.35,1,73.13,,79,11.39,91.14,77.22,64.56,24.05,17.72,12.66,1.27,2.53,1.27,0,6.33,12.66,8.86,0,7.59,15.19,5.06,1.27,7.59,26.58,2.53,1.27,5.06,2.53,1.27,1.27,30.38,0,13.92,3.8,2.53,3.8,1.27,0,5.06,0,0,0,0,0,0,0,0,0,0,0,10.13,5.06,2.53,1.27,0,0,2.53,6.33,0,0,0,1.27,0,0,0,0,5.06,0,0,1.27,3.8,0,0,0,0,0,0,0,0,0,0,0,1.27,0,0,0,0,0,0,0,5.06,5.06,2.53,0,2.53,0,0,0,2.53,7.59,3.8,8.86,0,0,0,0,0,10.13,7.59,1.27,0,0,1.27,0,0
2760,buyer,1,72,12.18,1,84.06,83,36,9.72,93.06,77.78,63.89,19.44,13.89,12.5,1.39,0,0,0,5.56,13.89,9.72,0,5.56,13.89,8.33,4.17,1.39,18.06,8.33,4.17,1.39,1.39,0,0,23.61,1.39,12.5,2.78,0,4.17,1.39,1.39,2.78,0,6.94,5.56,1.39,5.56,4.17,1.39,0,0,0,0,5.56,4.17,2.78,1.39,0,0,1.39,1.39,0,0,0,0,0,0,0,0,5.56,0,0,2.78,2.78,0,0,0,0,0,0,0,0,0,0,0,1.39,1.39,0,0,0,0,0,0,6.94,6.94,0,2.78,6.94,0,0,0,0,5.56,6.94,2.78,1.39,0,1.39,0,0,5.56,0,4.17,1.39,0,0,0,0
2760,seller,1,49,44.56,64.19,66.12,4.4,24.5,16.33,87.76,67.35,59.18,18.37,16.33,6.12,0,10.2,0,0,2.04,20.41,12.24,0,10.2,12.24,0,6.12,4.08,14.29,6.12,0,0,0,0,0,24.49,0,12.24,4.08,0,2.04,2.04,0,6.12,0,6.12,2.04,4.08,4.08,0,4.08,0,0,0,0,16.33,4.08,2.04,0,0,0,0,10.2,0,0,0,0,0,0,0,0,10.2,0,0,6.12,4.08,0,0,0,0,0,0,0,0,0,0,2.04,0,6.12,0,0,0,0,0,0,4.08,4.08,0,2.04,4.08,0,0,0,0,6.12,4.08,4.08,0,0,0,0,0,4.08,4.08,0,0,0,0,0,0
2761,buyer,1,68,5.02,5.72,46.57,95.42,68,25,98.53,75,61.76,29.41,16.18,11.76,0,4.41,0,0,13.24,11.76,2.94,0,10.29,11.76,0,8.82,1.47,19.12,7.35,1.47,5.88,0,2.94,2.94,25,1.47,14.71,1.47,4.41,1.47,2.94,0,5.88,0,5.88,5.88,0,0,0,0,0,0,0,0,11.76,5.88,2.94,1.47,0,0,0,5.88,0,0,0,0,0,0,0,0,13.24,0,0,10.29,4.41,0,0,0,0,0,0,0,0,0,0,0,0,1.47,0,2.94,0,0,0,0,5.88,1.47,1.47,0,0,0,0,0,0,1.47,7.35,0,0,0,0,0,0,4.41,0,0,0,0,4.41,0,0
2761,seller,1,113,9.8,99,4.65,75.34,12.56,24.78,92.04,74.34,61.95,23.01,15.04,0,5.31,8.85,0,0.88,7.96,19.47,7.96,0,7.96,11.5,7.08,7.08,0.88,16.81,6.19,1.77,7.96,5.31,0.88,1.77,22.12,0.88,12.39,0.88,0,1.77,5.31,0,6.19,0,3.54,3.54,0,0.88,0.88,0,0,0,0,0,23.89,7.08,3.54,2.65,0,0.88,1.77,16.81,0,0,0,0,0,0,0,0,8.85,0,0,4.42,7.96,0,0,0,0,0,0,0,0,0,0,0,0.88,1.77,0,0.88,0,0,0,0.88,4.42,4.42,1.77,0.88,1.77,0.88,0,0,0.88,2.65,7.08,1.77,0.88,0,0.88,0,0,12.39,7.96,2.65,1.77,0,0,0,0
2762,buyer,1,93,5.52,1,94.39,3.96,9.3,10.75,93.55,76.34,68.82,24.73,20.43,13.98,0,6.45,0,0,4.3,16.13,5.38,0,12.9,9.68,6.45,9.68,5.38,12.9,5.38,1.08,3.23,0,0,3.23,29.03,0,20.43,4.3,2.15,3.23,1.08,0,8.6,0,10.75,4.3,6.45,7.53,3.23,4.3,1.08,0,2.15,0,11.83,5.38,4.3,3.23,0,0,0,6.45,0,0,0,0,0,0,0,0,5.38,0,0,3.23,2.15,0,0,0,0,0,0,0,0,0,0,0,0,1.08,0,0,0,0,0,0,6.45,1.08,0,0,0,1.08,0,0,3.23,5.38,1.08,4.3,1.08,0,1.08,0,0,17.2,10.75,3.23,2.15,0,1.08,0,0
2762,seller,1,140,4.26,1,89.39,1.98,12.73,16.43,95.71,84.29,71.43,20,16.43,12.14,0,4.29,0,0,3.57,15,6.43,0,11.43,17.86,4.29,7.86,7.14,21.43,8.57,2.14,1.43,0,0,1.43,31.43,5,15,2.86,0,1.43,0.71,0,8.57,0,7.14,2.14,5,3.57,0.71,2.86,0,0,0,0,12.86,7.14,1.43,1.43,0,2.14,0.71,5.71,0,0,0,0,0,0,0,0,7.14,0,0,2.86,5,0,0,0,0,0,0,0,0,0,0,0.71,0,0.71,0,0,0,0,0.71,0,9.29,2.86,0.71,0,0.71,1.43,0,0,2.14,5,4.29,3.57,0.71,0,0.71,0,0,10.71,7.86,0.71,0,0,1.43,0.71,0
2765,buyer,1,72,2.87,25.13,39.59,7.66,24,12.5,98.61,76.39,65.28,25,18.06,11.11,0,6.94,0,0,6.94,9.72,6.94,0,6.94,12.5,9.72,6.94,1.39,19.44,5.56,0,2.78,0,0,2.78,31.94,0,19.44,4.17,0,4.17,4.17,0,5.56,0,9.72,4.17,5.56,0,0,0,0,0,0,0,18.06,9.72,2.78,2.78,0,4.17,4.17,8.33,0,0,0,1.39,2.78,0,0,2.78,4.17,0,0,2.78,1.39,0,0,0,0,0,0,0,0,0,0,1.39,0,2.78,0,0,0,0,1.39,1.39,6.94,2.78,1.39,0,0,0,0,1.39,0,6.94,6.94,5.56,0,0,0,0,0,4.17,4.17,0,0,0,0,0,0
2765,seller,1,185,7.95,83.39,47.95,20.23,14.23,8.11,94.59,79.46,65.41,20.54,14.05,4.32,2.7,6.49,0,0.54,6.49,17.84,8.65,0,10.81,13.51,8.11,10.27,2.16,20.54,5.95,2.16,5.41,2.7,0.54,2.16,31.35,1.08,18.38,3.78,2.7,3.24,5.95,0,5.41,0,5.41,2.7,2.7,1.62,0.54,1.08,0,0,0,0,15.14,4.32,2.16,1.08,0,0.54,2.16,10.81,0,0,0,0,0,0,0,0,5.41,0,0,2.16,3.24,0,0,0,0,0,0,0,0,0,0,0,0.54,2.7,0,0,0,0,0.54,0.54,8.65,4.32,0,0.54,3.24,0.54,0,0,3.78,1.08,6.49,2.16,0,0,0,0,0,15.68,4.32,3.78,2.16,0.54,4.86,0,0
2766,buyer,1,40,15.41,3.95,45.52,90.5,13.33,17.5,92.5,77.5,60,22.5,17.5,12.5,0,5,0,0,5,12.5,10,0,10,15,0,10,2.5,22.5,10,2.5,7.5,0,2.5,5,20,0,12.5,2.5,0,5,2.5,0,5,0,10,7.5,2.5,5,2.5,2.5,0,0,0,0,15,10,7.5,10,0,0,5,5,0,0,0,0,0,0,0,0,7.5,0,0,5,2.5,0,0,0,0,0,0,0,0,0,0,0,0,2.5,0,2.5,0,0,0,0,2.5,2.5,0,0,2.5,0,0,0,0,0,7.5,0,0,0,0,0,0,22.5,7.5,0,5,0,10,0,0
2766,seller,1,69,4.38,89.9,17.84,99,23,13.04,92.75,76.81,62.32,18.84,14.49,5.8,2.9,5.8,0,0,4.35,13.04,7.25,1.45,5.8,17.39,4.35,10.14,1.45,21.74,10.14,7.25,5.8,2.9,1.45,1.45,34.78,2.9,23.19,8.7,2.9,8.7,1.45,1.45,1.45,0,14.49,11.59,2.9,5.8,4.35,1.45,0,0,0,0,15.94,5.8,4.35,4.35,0,0,2.9,10.14,0,0,0,0,0,0,0,0,5.8,0,0,4.35,1.45,0,0,0,0,0,0,0,0,0,0,0,0,0,0,1.45,0,0,0,0,7.25,4.35,0,0,2.9,1.45,0,0,2.9,0,11.59,0,0,0,0,0,0,4.35,1.45,1.45,1.45,0,0,0,0
2773,buyer,1,49,18.12,1,87.61,51.68,8.17,18.37,97.96,73.47,63.27,22.45,18.37,16.33,2.04,0,0,0,4.08,22.45,12.24,0,4.08,8.16,6.12,6.12,2.04,14.29,4.08,0,6.12,2.04,0,4.08,36.73,4.08,24.49,2.04,0,6.12,6.12,0,12.24,0,6.12,4.08,2.04,4.08,2.04,2.04,0,0,0,0,10.2,8.16,4.08,4.08,0,0,0,2.04,0,0,0,0,0,0,0,0,8.16,0,0,4.08,4.08,0,0,0,0,0,0,0,0,0,0,2.04,0,2.04,0,0,0,0,0,0,6.12,0,0,0,0,0,0,0,0,6.12,6.12,0,2.04,0,2.04,0,0,10.2,8.16,0,2.04,0,0,0,0
2773,seller,1,49,22.49,83.6,1,1,49,20.41,97.96,75.51,65.31,14.29,14.29,4.08,0,10.2,0,0,0,18.37,8.16,4.08,10.2,8.16,8.16,8.16,6.12,14.29,2.04,4.08,4.08,2.04,0,2.04,32.65,8.16,20.41,2.04,2.04,8.16,6.12,0,4.08,0,4.08,0,4.08,0,0,0,0,0,0,0,20.41,8.16,2.04,0,0,2.04,4.08,12.24,0,2.04,0,0,0,0,0,0,8.16,0,0,2.04,6.12,0,0,0,0,0,0,0,0,0,0,0,0,2.04,0,0,0,0,0,0,12.24,0,0,0,0,0,0,0,2.04,0,6.12,0,2.04,2.04,0,0,0,6.12,0,4.08,0,0,2.04,0,0
2774,buyer,1,64,2.64,16.91,89.39,1.56,21.33,10.94,95.31,81.25,57.81,25,20.31,14.06,0,6.25,0,0,4.69,14.06,3.13,3.13,7.81,14.06,4.69,6.25,3.13,28.13,10.94,6.25,1.56,0,1.56,0,28.13,4.69,12.5,3.13,1.56,4.69,0,0,0,0,6.25,1.56,4.69,4.69,0,4.69,1.56,0,0,0,9.38,3.13,3.13,3.13,0,0,1.56,6.25,0,0,0,0,0,0,0,0,6.25,0,0,3.13,3.13,0,0,0,0,0,0,0,0,0,0,3.13,0,6.25,0,3.13,0,0,0,0,14.06,6.25,0,0,4.69,0,1.56,0,7.81,0,3.13,6.25,1.56,0,1.56,0,0,9.38,0,1.56,3.13,0,4.69,0,0
2774,seller,1,75,32.18,97.44,53.97,97.84,15,13.33,94.67,81.33,65.33,18.67,17.33,4,2.67,9.33,0,1.33,1.33,21.33,12,0,12,10.67,6.67,9.33,1.33,18.67,12,2.67,4,2.67,0,1.33,20,1.33,14.67,1.33,1.33,4,4,0,5.33,0,9.33,8,1.33,1.33,0,1.33,0,0,0,0,25.33,12,2.67,8,0,0,2.67,13.33,0,0,0,0,0,0,0,0,0,0,0,0,0,0,0,0,0,0,0,0,0,0,0,0,0,2.67,0,1.33,0,0,0,0,6.67,4,0,1.33,2.67,0,0,0,8,1.33,5.33,1.33,0,0,0,0,0,8,4,1.33,2.67,0,0,0,0
2776,buyer,1,78,27.72,76.24,66.8,2.7,15.6,14.1,92.31,76.92,60.26,20.51,19.23,10.26,0,8.97,0,0,1.28,17.95,11.54,1.28,7.69,7.69,6.41,8.97,0,17.95,7.69,3.85,1.28,0,0,1.28,23.08,1.28,7.69,2.56,0,3.85,0,2.56,1.28,0,7.69,2.56,5.13,1.28,0,1.28,0,0,0,0,17.95,8.97,3.85,3.85,0,2.56,5.13,8.97,0,0,0,0,0,0,0,0,3.85,0,0,2.56,1.28,0,0,0,0,0,0,0,0,0,0,0,0,1.28,0,0,0,0,0,0,6.41,5.13,0,1.28,3.85,0,0,0,5.13,8.97,2.56,2.56,1.28,0,1.28,0,0,7.69,5.13,2.56,0,0,0,0,0
2776,seller,1,89,14.81,77.75,26.18,9.43,14.83,14.61,92.13,76.4,65.17,22.47,16.85,5.62,2.25,8.99,0,0,5.62,16.85,10.11,0,7.87,14.61,2.25,4.49,4.49,23.6,2.25,0,3.37,2.25,0,1.12,30.34,4.49,16.85,4.49,0,6.74,0,1.12,5.62,0,1.12,0,1.12,1.12,0,1.12,0,0,0,0,15.73,4.49,1.12,1.12,0,0,2.25,11.24,0,0,0,0,0,0,0,0,5.62,0,0,1.12,4.49,0,0,0,0,0,0,0,0,0,0,1.12,1.12,4.49,0,0,0,0,0,0,4.49,5.62,1.12,1.12,2.25,1.12,0,0,2.25,4.49,6.74,2.25,0,0,0,0,0,8.99,3.37,2.25,3.37,0,0,0,0
2778,buyer,1,149,57.42,3.09,9.02,96.05,11.46,17.45,83.22,63.76,57.72,18.12,12.08,10.07,0,2.01,0,0,6.04,15.44,12.75,0,11.41,10.07,4.7,3.36,2.01,13.42,2.68,0.67,3.36,0,0.67,2.68,24.83,0,13.42,0.67,0.67,5.37,0,2.68,3.36,0,8.72,7.38,1.34,5.37,4.03,1.34,0,0,0.67,0,10.74,8.05,3.36,6.71,0,0,3.36,2.68,0,0,0,0,0.67,0,0,0.67,4.7,0,0,1.34,4.03,0,0,0,0,0,0,0,0,0,0,0,4.03,3.36,0,0,0,0,0,0,4.03,3.36,0,0,2.01,1.34,0,0,0,7.38,4.7,0,0.67,0.67,0,0,0,14.77,7.38,2.68,1.34,0,3.36,0,0
2778,seller,1,80,1.97,89.5,1,38.3,80,13.75,91.25,81.25,72.5,26.25,13.75,1.25,7.5,5,0,0,12.5,13.75,7.5,0,11.25,18.75,3.75,6.25,7.5,25,2.5,0,7.5,7.5,0,0,31.25,1.25,10,0,0,3.75,1.25,2.5,6.25,0,1.25,1.25,0,0,0,0,0,0,0,0,18.75,6.25,0,1.25,0,0,3.75,12.5,0,0,0,0,2.5,0,0,2.5,3.75,0,0,0,3.75,0,0,0,0,0,0,0,0,0,0,0,0,2.5,0,0,0,0,0,0,3.75,1.25,0,0,1.25,0,0,0,0,11.25,11.25,1.25,1.25,1.25,0,0,0,3.75,0,2.5,0,0,1.25,0,0
2779,buyer,1,163,15.3,7.33,82.7,48.24,18.11,16.56,93.25,76.07,59.51,23.93,17.79,12.88,0,4.91,0,0,6.13,10.43,6.13,0,9.82,9.82,4.91,5.52,1.84,19.02,6.75,0.61,1.23,0,0,1.23,31.29,1.23,18.4,4.91,3.07,2.45,3.07,0.61,4.91,0,7.98,4.91,3.07,4.29,2.45,1.84,0,0,0,0,11.66,4.91,1.84,2.45,0,1.23,1.84,6.75,0.61,0,0,0.61,0,0,0,0,4.91,0,0,2.45,3.07,0,0,0,0,0,0,0,0,0,0,1.84,0,3.68,0,0,0,0,0,0.61,11.04,3.68,0,1.23,1.23,1.23,0,0,0.61,4.91,6.75,1.23,0.61,0,0,0.61,0,12.88,3.68,6.75,1.84,0,0.61,0,0
2779,seller,1,0,,,,,,,,,,,,,,,,,,,,,,,,,,,,,,,,,,,,,,,,,,,,,,,,,,,,,,,,,,,,,,,,,,,,,,,,,,,,,,,,,,,,,,,,,,,,,,,,,,,,,,,,,,,,,,,,,,,,,
2780,buyer,1,216,23.88,5.76,59.49,20.23,13.5,16.67,94.91,73.15,60.65,21.76,17.13,11.57,0,5.56,0,0,4.63,18.98,8.33,0,10.65,7.87,3.7,7.87,3.7,14.81,6.02,1.85,3.7,0,0.93,2.78,22.69,0.46,14.35,2.31,0.93,2.31,1.85,0.46,5.09,0,8.33,4.17,4.17,3.24,0.93,2.31,0.46,0,0,0,16.2,9.26,4.63,6.02,0,0,5.09,6.02,0,0,0,0,2.31,0,0,2.31,7.87,0,0,5.09,3.24,0,0,0,0,0,0,0,0,0,0,0.93,0.93,1.85,0,0.46,0,0.46,0.46,0,4.17,1.39,0,0,1.39,0,0,0,1.39,1.85,2.78,3.7,0,0,0,0,0,10.65,7.41,2.31,0,0,0.46,0.46,0
2780,seller,1,209,25.22,99,40.15,97.92,23.22,15.31,92.82,73.21,61.24,22.49,16.75,2.39,5.74,8.61,0,0,5.74,16.27,6.22,0.96,13.4,11.48,4.31,4.78,1.91,20.1,3.83,0.48,7.18,5.74,0,1.44,27.27,0.48,17.22,5.74,0.48,4.31,1.44,1.91,2.87,0,8.61,7.66,0.96,3.83,3.35,0.48,0,0,0,0,23.92,8.61,4.78,2.39,0.48,0.48,2.39,14.83,0,0,0,0,0.48,0,0,0.48,4.78,0,0,2.87,2.39,0,0.48,0,0,0,0,0,0,0,0,1.44,0,1.44,0,0,0,0,0.48,0,6.22,7.18,0,1.91,5.26,0.96,0.48,0,2.87,4.78,3.83,2.87,0,0,0,0,0,10.05,3.35,4.31,0.48,0,1.44,0.48,0
2781,buyer,1,86,14.99,1,98.53,36.9,21.5,17.44,91.86,80.23,60.47,23.26,16.28,15.12,0,1.16,0,0,6.98,15.12,9.3,0,8.14,9.3,6.98,6.98,1.16,25.58,3.49,0,2.33,0,1.16,1.16,25.58,0,20.93,5.81,2.33,4.65,6.98,0,3.49,1.16,5.81,3.49,2.33,4.65,2.33,2.33,0,2.33,0,0,5.81,4.65,1.16,2.33,2.33,0,1.16,1.16,0,0,0,0,0,0,0,0,3.49,0,0,0,3.49,0,0,0,0,0,0,0,0,0,0,0,2.33,3.49,0,0,0,0,0,0,5.81,12.79,0,2.33,8.14,2.33,0,0,0,8.14,2.33,1.16,1.16,1.16,0,0,0,8.14,3.49,1.16,0,0,2.33,1.16,0
2781,seller,1,96,55.95,90.6,47.01,83,9.6,18.75,88.54,68.75,57.29,19.79,16.67,4.17,3.13,9.38,0,0,3.13,17.71,11.46,1.04,12.5,8.33,3.13,4.17,3.13,13.54,6.25,0,5.21,4.17,1.04,0,25,0,13.54,2.08,0,3.13,3.13,0,7.29,0,4.17,4.17,0,2.08,2.08,0,0,0,0,0,19.79,7.29,3.13,2.08,0,0,4.17,12.5,0,0,0,0,1.04,0,0,1.04,7.29,0,1.04,1.04,5.21,0,0,0,0,0,0,0,0,0,0,0,1.04,3.13,0,0,0,0,0,0,1.04,5.21,0,3.13,3.13,1.04,0,0,1.04,4.17,7.29,1.04,0,0,0,0,0,16.67,10.42,4.17,0,0,1.04,1.04,0
2782,buyer,1,146,34.21,36.13,62.42,4.34,13.27,10.27,88.36,73.29,56.16,23.29,15.75,9.59,0,4.79,0.68,0,7.53,15.75,6.85,0.68,11.64,7.53,2.74,4.79,2.05,16.44,6.85,2.05,2.05,0,0,2.05,17.81,0.68,9.59,2.05,2.05,2.05,0.68,1.37,2.74,0,6.16,2.05,4.11,3.42,0,3.42,0,0,0.68,0,11.64,2.05,0,0.68,0,0.68,1.37,8.9,0.68,0,0,2.05,0.68,0,0,0.68,3.42,0,0,1.37,1.37,0.68,2.74,2.05,2.05,0,0,0,0,0,0,2.05,0,3.42,0,0,0,0,0,0,8.22,8.9,2.05,1.37,5.48,0.68,0,0,1.37,2.74,4.11,3.42,2.05,1.37,0.68,0,0,19.86,8.9,4.11,1.37,0,4.79,0.68,0
2782,seller,1,106,2.94,98.4,55.39,20.23,106,14.15,93.4,82.08,69.81,24.53,16.04,1.89,9.43,4.72,0,0,8.49,14.15,6.6,1.89,11.32,16.04,5.66,9.43,3.77,23.58,4.72,2.83,12.26,9.43,1.89,0.94,33.02,0,17.92,5.66,0,4.72,3.77,0,6.6,0,1.89,0.94,0.94,0,0,0,0,0,0,0,21.7,7.55,1.89,1.89,0,0.94,1.89,14.15,0,0,0,0,0,0,0,0,3.77,0,0,0,3.77,0,0,0,0,0,0,0,0,0,0,0,0,0.94,0,0,0,0,0,0,9.43,5.66,1.89,0.94,2.83,0,0,0,5.66,5.66,8.49,0.94,0,0,0,0,0,1.89,0,0,0,0,0.94,0.94,0
2783,buyer,1,67,2.82,48.93,48.48,95.78,8.38,16.42,92.54,67.16,58.21,22.39,19.4,10.45,0,8.96,0,0,2.99,13.43,5.97,0,7.46,13.43,7.46,8.96,2.99,14.93,5.97,4.48,1.49,1.49,0,0,25.37,0,11.94,1.49,0,4.48,0,1.49,2.99,0,11.94,8.96,2.99,5.97,4.48,1.49,0,0,1.49,0,17.91,8.96,4.48,5.97,0,1.49,2.99,8.96,0,0,0,0,0,0,0,0,2.99,0,0,0,2.99,0,0,0,0,0,0,0,0,0,0,0,0,4.48,4.48,0,0,0,0,0,5.97,2.99,0,0,2.99,0,0,0,4.48,1.49,4.48,4.48,1.49,0,1.49,0,0,17.91,8.96,4.48,1.49,0,2.99,0,0
2783,seller,1,60,54.7,84.23,1.91,45.29,7.5,28.33,88.33,65,56.67,13.33,10,3.33,5,1.67,0,0,3.33,20,15,0,10,11.67,8.33,5,1.67,13.33,5,3.33,8.33,5,0,3.33,20,0,6.67,0,0,3.33,1.67,1.67,0,0,5,3.33,1.67,3.33,1.67,1.67,0,0,1.67,0,15,8.33,3.33,5,0,0,3.33,6.67,0,0,0,0,1.67,0,0,1.67,1.67,0,0,0,1.67,0,0,0,0,0,0,0,0,0,0,0,0,6.67,0,0,0,0,0,0,1.67,0,0,0,0,0,0,0,6.67,1.67,3.33,10,0,0,0,0,0,20,11.67,3.33,1.67,0,3.33,0,0
2785,buyer,1,40,26.1,3.95,78.67,99,10,12.5,90,70,57.5,25,20,15,0,5,0,0,5,17.5,10,0,10,7.5,5,7.5,0,12.5,10,0,0,0,0,0,20,0,12.5,2.5,0,5,2.5,0,5,0,15,12.5,2.5,2.5,2.5,0,0,0,0,0,12.5,7.5,2.5,5,0,0,7.5,5,0,0,0,0,0,0,0,0,7.5,0,0,2.5,5,0,0,0,0,0,0,0,0,0,0,2.5,0,5,0,0,0,0,0,0,7.5,2.5,0,2.5,2.5,0,0,0,0,2.5,7.5,0,0,0,0,0,0,12.5,7.5,0,0,0,5,0,0
2785,seller,1,32,8.85,99,32.54,20.23,6.4,6.25,93.75,78.13,75,25,18.75,6.25,3.13,9.38,0,0,6.25,12.5,12.5,0,9.38,18.75,9.38,3.13,0,18.75,6.25,0,3.13,3.13,0,0,28.13,6.25,12.5,9.38,3.13,3.13,3.13,0,0,0,6.25,3.13,3.13,0,0,0,0,0,0,0,15.63,3.13,0,3.13,0,0,3.13,12.5,0,0,0,0,0,0,0,0,6.25,0,0,6.25,0,0,0,0,0,0,0,0,0,0,0,0,0,0,0,0,0,0,0,0,3.13,0,0,0,0,0,0,0,3.13,0,12.5,0,3.13,0,3.13,0,0,15.63,9.38,0,6.25,0,0,0,0
2787,buyer,1,168,9.41,10.81,48.09,67.12,15.27,16.07,90.48,71.43,58.93,20.24,12.5,7.74,0,3.57,0.6,0,7.74,17.26,7.14,2.38,5.36,12.5,4.17,7.14,2.38,17.86,8.33,5.36,1.19,0,1.19,0,29.76,0.6,18.45,4.76,1.19,3.57,3.57,0.6,7.14,0,2.98,2.98,0,1.79,1.79,0,0,0,0,0,13.1,5.95,2.98,1.79,0,0.6,1.19,7.14,0.6,0,0,1.19,0.6,0,0,0.6,3.57,0,0,0.6,2.98,0,0,0,0,0,0,0,0,0,0,0.6,0,0.6,0,0.6,0,0,0,0,6.55,1.79,0,0,0.6,0.6,0.6,0,1.79,2.98,5.36,1.79,2.38,0,2.38,0,0,12.5,4.17,4.17,1.79,0,1.79,0.6,0
2787,seller,1,183,37.49,28.08,37.69,44.83,18.3,15.3,92.9,76.5,63.39,17.49,10.38,5.46,0,4.92,0,0,7.1,15.85,8.2,1.64,14.75,12.57,4.37,6.01,3.28,17.49,8.2,0.55,2.19,0,1.09,1.09,22.4,0.55,11.48,2.19,2.19,1.64,1.64,0,4.37,0,2.73,2.19,0.55,1.09,1.09,0,0,0,0,0,12.57,6.56,2.73,2.19,0,0.55,2.73,6.01,0.55,0,0,0.55,1.64,0,0,1.64,4.37,0,0,1.64,3.28,0,0,0,0,0,0,0,0,0,0,0.55,0,0.55,0,0,0,0,0,0,4.37,4.37,1.09,0.55,2.19,1.09,0,0,3.28,3.83,4.37,4.37,0.55,0,0.55,0,0,13.11,4.92,6.01,0.55,0,0,1.64,0
2789,buyer,1,151,21.09,10.6,82.08,8.05,12.58,11.26,88.74,72.85,62.91,21.19,17.22,10.6,0.66,5.96,0,0,3.97,15.89,11.26,0,11.26,11.92,5.3,7.28,3.97,17.22,6.62,0,2.65,0.66,0,1.99,27.15,0.66,15.23,3.97,1.99,3.31,1.32,0,5.96,0,6.62,2.65,3.97,4.64,1.32,3.31,0.66,0,0,0,11.26,3.97,1.32,1.32,0.66,0,1.32,7.28,0,0,0,0,0,0,0,0,7.28,0,0,3.31,3.97,0,0,0,0,0,0,0,0,0,0,2.65,0.66,0.66,0,0,0,0,0,0,2.65,3.31,0.66,1.32,2.65,0,0,0,1.99,5.3,6.62,3.31,0,0,0,0,0,19.21,7.95,5.3,0,0,5.96,0,0
2789,seller,1,135,41.9,73.93,10.18,42.15,19.29,13.33,87.41,71.85,64.44,18.52,8.89,2.22,2.96,3.7,0,0,9.63,21.48,10.37,0,13.33,9.63,5.93,6.67,2.22,11.11,6.67,0.74,5.93,2.96,1.48,1.48,16.3,0,6.67,1.48,0,0.74,1.48,0.74,2.96,0,7.41,4.44,2.96,2.22,0,2.22,0,0,0,0,17.04,10.37,4.44,0.74,0.74,0.74,2.22,6.67,0,0,0,0,1.48,0,0,1.48,3.7,0,0,2.22,2.22,0,0,0,0,0,0,0,0,0,0,0,0,0,0,0,0,0,0,0,2.96,5.93,1.48,0,2.96,1.48,0,0,2.22,4.44,2.22,2.22,0.74,0,0.74,0,0,6.67,5.19,0.74,0,0,0.74,0,0
2792,buyer,1,95,52.34,28.48,55.97,35.11,23.75,16.84,92.63,70.53,62.11,18.95,14.74,9.47,1.05,4.21,0,0,4.21,12.63,6.32,0,21.05,8.42,7.37,7.37,1.05,12.63,6.32,1.05,3.16,1.05,0,2.11,21.05,2.11,13.68,3.16,1.05,4.21,2.11,0,2.11,0,5.26,3.16,2.11,1.05,1.05,0,0,0,0,0,12.63,7.37,5.26,5.26,0,1.05,1.05,5.26,0,0,0,0,1.05,0,0,1.05,5.26,0,0,3.16,2.11,0,0,0,0,0,0,0,0,0,0,0,1.05,2.11,0,0,0,0,1.05,2.11,6.32,8.42,2.11,1.05,5.26,2.11,0,0,2.11,2.11,1.05,4.21,1.05,0,1.05,0,0,7.37,3.16,2.11,1.05,0,1.05,0,0
2792,seller,1,130,27.08,84.69,36.04,30.73,11.82,17.69,93.08,74.62,61.54,23.85,19.23,8.46,1.54,9.23,0,0,4.62,16.15,10,0,10,10,3.85,6.15,0.77,15.38,7.69,0,3.08,1.54,0,1.54,23.08,2.31,10.77,3.08,0.77,3.08,0.77,0,3.85,0,6.92,3.85,3.08,3.08,1.54,1.54,0,0,0,0,16.92,6.15,3.08,3.08,0,0,0.77,10.77,0,0,0,0,0.77,0,0,0.77,7.69,0,0,3.85,3.85,0,0.77,0,0,0,0,0,0,0,0,1.54,0.77,1.54,0,0,0,0,0,0,6.15,3.08,0,0,2.31,0,0,0.77,1.54,1.54,6.15,3.08,1.54,0,1.54,0,0,11.54,6.92,3.08,0.77,0.77,0,0,0
2796,buyer,1,262,20.39,44.58,78.78,42.9,20.15,14.12,95.8,78.24,62.98,18.32,15.65,7.63,1.53,6.49,0,0,2.67,16.79,8.02,0,13.74,10.69,6.11,11.07,3.05,18.7,6.11,4.2,5.34,2.29,0.38,2.67,24.81,1.15,16.79,5.34,1.91,3.05,1.53,1.91,4.96,0,7.63,4.58,3.05,3.44,1.53,1.91,0,0,0,0,16.41,8.02,3.82,2.67,0,0.38,1.91,8.4,0,0,0,0,0.38,0,0,0.38,8.78,0,0,4.96,4.2,0,0,0,0,0,0,0,0,0,0,0.38,0,2.29,0,1.15,0,0,0.38,0,8.02,6.49,0,0.38,5.73,0.38,0,0.38,1.53,1.91,5.34,2.29,1.53,0,1.53,0,0,16.79,3.05,6.87,1.53,0.38,4.96,0,0
2796,seller,1,177,2.81,66.61,41.6,5.94,8.85,11.86,94.92,75.14,62.15,22.6,16.38,5.08,4.52,6.78,0,0,6.21,15.25,3.95,1.13,8.47,13.56,3.95,8.47,5.65,20.9,5.65,1.69,7.34,4.52,0.56,2.26,29.94,1.13,19.77,3.95,1.13,5.08,4.52,0,8.47,0,5.08,1.69,3.39,2.82,1.13,1.69,0,0,0,0,20.34,7.34,2.26,2.82,0,0.56,2.26,12.43,0,0,0,0.56,0,0,0,0,11.3,0,0,7.34,4.52,0,0,0,0,0,0,0,0,0,0,0,0,2.26,0,0.56,0,0,0,1.13,9.04,2.82,0,0,2.82,0,0,0,1.69,3.39,6.21,1.13,1.13,0,1.13,0,0,13.56,6.21,1.13,3.95,1.13,1.13,0,0
2800,buyer,1,67,28.93,17.72,4.83,86.16,67,13.43,88.06,73.13,64.18,22.39,16.42,11.94,0,4.48,0,0,5.97,14.93,8.96,1.49,11.94,10.45,5.97,5.97,0,13.43,4.48,1.49,1.49,0,0,1.49,22.39,4.48,14.93,2.99,0,8.96,1.49,1.49,1.49,0,13.43,8.96,4.48,8.96,7.46,1.49,0,0,0,0,10.45,5.97,1.49,2.99,0,2.99,1.49,4.48,0,0,0,0,0,0,0,0,7.46,0,0,4.48,2.99,0,0,0,0,0,0,0,0,0,0,0,0,0,0,0,0,0,0,0,4.48,2.99,0,0,1.49,0,1.49,0,0,1.49,4.48,0,1.49,0,1.49,0,0,2.99,0,2.99,0,0,0,0,0
2800,seller,1,99,20.83,97.86,50.45,90.87,11,14.14,90.91,75.76,63.64,22.22,19.19,7.07,4.04,8.08,0,0,3.03,15.15,5.05,0,14.14,9.09,11.11,4.04,0,14.14,9.09,2.02,7.07,5.05,0,2.02,26.26,0,18.18,5.05,2.02,7.07,1.01,1.01,2.02,0,11.11,8.08,3.03,8.08,5.05,3.03,0,0,0,0,17.17,5.05,3.03,2.02,0,0,2.02,12.12,0,0,0,0,0,0,0,0,6.06,0,0,4.04,2.02,0,0,0,0,0,0,0,0,0,0,0,0,1.01,0,1.01,0,0,0,0,9.09,6.06,0,1.01,6.06,0,0,0,4.04,3.03,5.05,0,0,0,0,0,0,13.13,6.06,4.04,2.02,1.01,0,0,0
2801,buyer,1,86,22,21.86,8.25,74.64,86,8.14,89.53,76.74,60.47,24.42,18.6,11.63,1.16,5.81,0,0,5.81,18.6,10.47,1.16,5.81,12.79,1.16,3.49,1.16,22.09,6.98,2.33,3.49,1.16,0,2.33,24.42,2.33,13.95,0,1.16,8.14,1.16,0,4.65,0,12.79,8.14,4.65,8.14,8.14,0,0,0,0,0,12.79,5.81,1.16,1.16,0,4.65,0,6.98,0,0,0,0,1.16,0,0,1.16,3.49,0,0,0,3.49,0,0,0,0,0,0,0,0,0,0,0,0,2.33,0,0,0,0,0,0,3.49,2.33,0,0,2.33,0,0,0,0,9.3,3.49,0,1.16,0,1.16,0,0,8.14,0,5.81,0,0,0,2.33,0
2801,seller,1,155,13.73,99,9.73,1.4,10.33,10.97,91.61,75.48,61.94,25.81,17.42,0.65,9.03,7.74,0,0,8.39,14.19,8.39,0.65,8.39,10.32,3.23,6.45,1.94,18.06,5.81,0.65,11.61,9.68,0,1.94,21.29,0.65,11.61,2.58,0,1.94,3.23,0.65,6.45,0,4.52,0.65,3.87,0.65,0,0.65,0,0,0,0,25.81,7.74,1.94,1.29,0,1.94,1.94,18.71,0,0,0,0,1.94,0,0,1.94,2.58,0,0,1.29,1.29,0,0,0,0,0,0,0,0,0,0,0,0,0.65,0,0,0,0,0,0,5.16,5.16,1.94,0,2.58,0.65,0.65,0,0.65,8.39,3.23,3.23,0.65,0,0.65,0,0,13.55,6.45,2.58,3.23,0,1.29,0,0
2802,buyer,1,72,19.76,56.63,39.59,83,24,22.22,86.11,68.06,54.17,20.83,16.67,9.72,0,6.94,0,0,4.17,13.89,5.56,0,8.33,9.72,2.78,6.94,1.39,18.06,6.94,1.39,1.39,0,0,1.39,20.83,0,12.5,2.78,2.78,4.17,2.78,0,2.78,0,9.72,6.94,2.78,2.78,2.78,0,0,0,0,0,16.67,6.94,6.94,5.56,0,0,4.17,9.72,0,0,0,0,0,0,0,0,6.94,0,0,6.94,2.78,0,0,0,0,0,0,0,0,0,0,0,0,2.78,0,0,0,0,0,0,2.78,2.78,0,1.39,1.39,0,0,0,2.78,6.94,2.78,1.39,0,0,0,0,0,2.78,2.78,0,0,0,0,0,0
2802,seller,1,91,40.35,99,46.1,35.85,13,15.38,93.41,76.92,63.74,18.68,12.09,1.1,7.69,3.3,0,0,6.59,16.48,7.69,1.1,15.38,12.09,4.4,7.69,0,17.58,8.79,2.2,13.19,9.89,0,3.3,25.27,0,16.48,4.4,4.4,3.3,5.49,0,3.3,0,7.69,4.4,3.3,3.3,3.3,0,0,0,0,0,17.58,3.3,1.1,1.1,0,0,1.1,14.29,0,0,0,0,0,0,0,0,8.79,0,0,4.4,5.49,0,0,0,0,0,0,0,0,0,0,0,1.1,2.2,0,1.1,0,0,0,0,6.59,7.69,0,2.2,7.69,0,0,0,2.2,1.1,6.59,3.3,0,0,0,0,0,13.19,5.49,4.4,2.2,0,1.1,0,0
2804,buyer,1,85,4.6,6.8,88.39,20.23,21.25,4.71,95.29,83.53,67.06,24.71,16.47,11.76,1.18,3.53,0,0,8.24,10.59,7.06,0,11.76,11.76,8.24,10.59,2.35,20,7.06,0,2.35,1.18,0,1.18,25.88,0,12.94,3.53,2.35,3.53,0,1.18,3.53,0,7.06,3.53,3.53,2.35,0,2.35,0,0,0,0,10.59,5.88,1.18,2.35,0,1.18,1.18,4.71,0,0,0,0,0,0,0,0,7.06,0,0,3.53,3.53,0,0,0,0,0,0,0,0,0,0,0,1.18,2.35,0,0,0,0,0,0,8.24,5.88,0,2.35,4.71,0,0,0,2.35,4.71,5.88,1.18,3.53,0,3.53,0,0,4.71,2.35,0,1.18,0,1.18,0,0
2804,seller,1,52,53.56,73.15,11.63,99,10.4,13.46,92.31,71.15,57.69,21.15,13.46,3.85,1.92,7.69,0,0,7.69,23.08,9.62,0,9.62,9.62,0,0,3.85,17.31,7.69,1.92,5.77,1.92,0,3.85,21.15,0,9.62,0,0,0,1.92,0,7.69,0,11.54,11.54,0,0,0,0,0,0,0,0,23.08,11.54,5.77,7.69,0,0,3.85,11.54,0,0,0,0,0,0,0,0,9.62,0,0,3.85,5.77,0,0,0,0,0,0,0,0,0,0,0,0,3.85,0,0,0,0,0,0,5.77,1.92,0,0,0,1.92,0,0,0,5.77,3.85,3.85,0,0,0,0,0,13.46,9.62,3.85,0,0,0,0,0
2807,buyer,1,242,11.75,20.84,87.21,11.75,15.13,14.05,86.78,73.55,64.46,21.9,17.36,9.5,1.24,6.2,0,0.41,4.55,13.64,8.68,0.41,9.5,12.81,3.72,8.68,3.31,17.36,4.13,0,2.07,1.24,0.41,0.41,26.45,0,17.36,4.96,2.48,2.07,2.48,0.41,7.44,0,1.65,0.41,1.24,0.83,0.41,0.41,0,0,0,0,12.81,4.13,0,0,0.41,1.24,1.24,9.09,0.41,0,0,0.41,0,0,0,0,5.79,0,0,3.31,2.89,0,0.41,0.41,0.41,0,0,0,0,0,0,0,0.41,1.65,1.24,0,0,0,0,0,4.13,2.48,0,0.41,2.07,0,0,0.41,2.07,5.79,3.72,0.83,0.83,0,0.83,0,0,11.16,4.96,2.48,1.65,0,1.65,0.41,0
2807,seller,1,124,15.7,44.84,79.1,58.09,20.67,13.71,91.94,76.61,62.9,20.97,17.74,8.87,1.61,7.26,0,0,3.23,12.9,5.65,0,13.71,15.32,2.42,8.06,2.42,20.16,8.06,0.81,2.42,1.61,0,0.81,33.06,1.61,21.77,8.87,1.61,5.65,1.61,0,6.45,0,5.65,4.03,1.61,3.23,3.23,0,0,0,0,0,14.52,4.84,2.42,0.81,0,0.81,0,9.68,0.81,0,0,0.81,0,0,0,0,7.26,0,0,4.03,3.23,0,0,0,0,0,0,0,0,0,0,0.81,0,0.81,0,0,0,0,0,0,4.03,2.42,0,0.81,0.81,0,0,0.81,2.42,3.23,5.65,1.61,0.81,0,0.81,0,0,9.68,4.84,3.23,0,0,1.61,0,0
2808,buyer,1,246,22.74,13.38,65.56,65.08,82,14.63,87.4,72.36,62.6,19.92,12.2,8.13,0,3.25,0.41,0.41,7.72,14.63,6.5,0.41,14.63,13.82,4.07,7.72,2.03,18.7,4.47,1.22,0.41,0,0,0.41,25.61,0.41,15.45,3.66,2.03,2.44,2.44,1.22,4.07,0,2.85,2.85,0,0,0,0,0,0,0,0,8.54,3.25,2.03,2.03,0,0,2.03,5.28,0.41,0,0.41,0.81,0,0,0,0,4.07,0.41,0,0.41,3.25,0,0,0,0,0,0,0,0,0,0,0,0,2.44,1.22,0.41,0,0,0,0,4.07,4.47,0.41,1.22,2.44,1.22,0.41,0,3.66,3.66,5.28,1.63,0.41,0,0.41,0,0,1.22,0.41,0,0.81,0,0,0,0
2808,seller,1,222,38.91,90.45,49.26,81.75,13.88,23.87,86.49,63.51,56.76,18.92,13.96,4.05,4.95,4.95,0,0,4.95,18.92,8.11,0,11.71,10.36,4.5,5.41,0.9,13.06,4.05,3.15,6.76,4.95,1.8,0.9,28.83,0.9,18.47,6.31,1.35,4.05,3.15,0.9,4.95,0,4.95,4.5,0.45,3.15,2.7,0.45,0,0,0,0,18.92,8.56,4.05,0.45,0,0,2.25,10.36,0.45,0,0,0.45,0.9,0.9,0,0,6.76,0,0,1.8,4.95,0,0,0,0,0,0,0,0,0,0,0,0,1.35,0,0.45,0,0,0,0,1.8,4.5,0,0.9,3.15,0.45,0.9,0,2.7,2.25,6.76,0.9,0.45,0,0.45,0,0,13.96,6.31,3.6,0.9,0,3.15,0,0
2809,buyer,1,283,20.96,28.41,88.49,12.78,18.87,12.01,93.99,76.33,65.37,20.85,16.61,8.83,1.41,6.01,0,0.35,4.24,16.61,7.77,0.35,12.01,11.31,4.59,7.77,2.47,16.96,7.07,3.18,3.53,1.41,0.71,1.41,25.8,0.35,15.9,4.24,1.06,1.41,2.47,1.41,6.36,0,5.65,2.47,3.18,2.83,1.06,1.41,0,0,0,0,12.01,3.89,1.06,1.41,0.35,0.35,1.06,8.13,0,0,0,0,0,0,0,0,8.13,0,0,4.95,3.89,0,0,0,0,0,0,0,0,0,0,0,0,2.83,0,0.71,0,0,0.35,0,6.71,7.07,0.35,1.41,3.89,1.06,0,0.35,1.41,2.83,4.24,4.59,1.06,0.35,0.71,0,0,6.71,4.95,1.41,0.35,0,0,0,0
2809,seller,1,186,7.58,73.87,84.25,3.96,20.67,10.22,93.01,77.96,66.13,25.81,19.35,9.14,1.08,9.14,0,0,6.45,14.52,5.38,0,11.29,11.83,4.3,8.6,1.61,19.35,5.38,0.54,3.23,1.08,0,2.15,24.19,1.08,13.44,4.3,0,1.61,3.76,1.61,4.3,0,3.23,0.54,2.69,1.61,0,1.61,0,0,0,0,15.05,4.3,1.61,2.15,0,0,2.69,10.75,0,0,0,0,0,0,0,0,7.53,0,0,4.3,3.23,0,0,0,0,0,0,0,0,0,0,0,0,1.61,0,0,0,0,0.54,0.54,5.91,6.45,0.54,1.08,4.84,0.54,0,0,1.61,6.45,4.3,3.76,0,0,0,0,0,8.06,4.3,2.15,0.54,0,1.08,0,0
2811,buyer,1,203,6.12,9.86,71.09,10.47,14.5,15.27,90.64,72.91,66.5,21.67,17.24,10.84,0.49,5.42,0,0,4.43,17.73,7.88,0.99,7.88,14.78,5.42,6.9,3.94,18.72,3.45,1.97,4.93,0.49,0.49,3.94,31.03,0.99,16.75,3.45,1.48,4.43,2.46,1.48,5.42,0,1.97,0.49,1.48,0.49,0.49,0,0,0,0,0,14.78,7.39,3.45,3.94,0,0.49,0.99,7.39,0.99,0,0,0.99,1.48,0.49,0,0.99,4.43,0,0,1.97,2.46,0,0,0,0,0,0,0,0,0,0,0.99,0,0.99,0,0,0,0,0,0,7.88,3.45,0,0.99,2.46,0.99,0,0,2.46,6.4,4.93,2.96,0,0,0,0,0,7.88,6.4,0.99,0.49,0,0,0,0
2811,seller,1,177,11.79,82.63,49.7,73.26,25.29,21.47,88.7,64.97,61.02,22.6,18.64,9.04,1.69,7.91,0,0,3.95,16.95,3.95,1.69,11.3,12.99,5.65,5.65,0.56,14.69,2.82,2.26,6.21,1.69,0.56,3.95,27.12,0.56,11.86,3.39,0.56,4.52,2.26,0.56,1.69,0,5.65,4.52,1.13,2.82,2.82,0,0,0,0,0,17.51,7.91,2.26,3.95,0,0.56,0,9.6,0,0,0,0,0.56,0,0,0.56,6.21,0,0,2.82,3.39,0,0,0,0,0,0,0,0,0,0,0,1.69,2.82,0,0.56,0,0,0,0,2.26,4.52,0,2.26,4.52,0,0,0,1.69,6.21,3.39,5.65,0,0,0,0,0,8.47,3.39,4.52,0,0,0.56,0,0
2813,buyer,1,197,43.3,3.19,80.42,60.09,98.5,13.2,88.83,75.63,65.99,16.24,12.69,9.64,0,3.05,0,0,3.55,15.23,10.15,1.02,15.23,14.72,3.05,7.11,3.05,19.29,5.08,2.03,2.03,0,0,2.03,26.9,0.51,15.23,5.08,1.02,3.05,2.03,1.02,4.57,0,2.54,2.54,0,1.52,1.52,0,0,0,0,0,10.15,6.6,2.03,2.54,0,0.51,2.54,3.55,0,0,0,0,0,0,0,0,7.11,0,0,4.06,3.55,0,0,0,0,0,0,0,0,0,0,0,0,0,0,0.51,0,0,0,0,2.54,5.08,0,1.52,4.06,0,0,0,1.02,4.06,4.57,3.05,0,0,0,0,0,6.6,0.51,5.08,0,0,0.51,0.51,0
2813,seller,1,141,13.34,98.56,52.32,12.76,17.63,17.73,95.04,78.72,66.67,21.28,19.15,4.26,9.22,5.67,0,0,2.13,12.77,9.93,0,14.89,14.89,8.51,7.8,3.55,22.7,4.96,0,12.77,9.22,0.71,2.84,34.04,0,22.7,6.38,0.71,4.96,3.55,3.55,5.67,0,4.96,2.13,2.84,2.13,0.71,1.42,0,0,0,0,21.99,6.38,2.84,2.84,0.71,0.71,1.42,14.89,0,0,0,0,0,0,0,0,4.96,0,0,1.42,3.55,0,0.71,0,0,0,0,0,0,0,0,0.71,0.71,1.42,0,0,0,0,0,0,2.84,4.96,0,1.42,4.96,0,0,0,0.71,4.96,7.09,4.96,0,0,0,0,0,11.35,4.96,0,0,0,6.38,0,0
2814,buyer,1,109,9.39,1,38.52,63.58,27.25,11.93,88.07,75.23,60.55,22.94,11.01,10.09,0,0,0.92,0,11.93,19.27,9.17,2.75,5.5,14.68,4.59,3.67,2.75,20.18,7.34,3.67,0,0,0,0,33.03,1.83,11.01,1.83,0.92,3.67,0,0.92,3.67,0,4.59,3.67,0.92,0.92,0.92,0,0,0,0,0,4.59,2.75,0,0.92,0,0.92,1.83,1.83,0.92,0,0,1.83,0,0,0,0,7.34,0.92,0,0.92,5.5,0,0,0,0,0,0,0,0,0,0,0,0.92,5.5,0,0,0,0,0,0,7.34,1.83,0,0,1.83,0,0,0,3.67,11.01,6.42,0,1.83,0,1.83,0,0,11.01,1.83,3.67,0.92,0,4.59,0,0
2814,seller,1,81,44.1,62.05,52.89,2.93,8.1,13.58,87.65,74.07,59.26,19.75,9.88,4.94,0,4.94,0,0,9.88,22.22,13.58,2.47,7.41,13.58,3.7,2.47,0,17.28,7.41,2.47,1.23,0,0,1.23,18.52,0,7.41,3.7,1.23,2.47,1.23,0,1.23,0,4.94,1.23,3.7,2.47,0,2.47,0,0,0,0,8.64,3.7,1.23,1.23,0,2.47,0,4.94,0,0,0,0,1.23,0,0,1.23,1.23,0,0,1.23,0,0,0,0,0,0,0,0,0,0,0,0,0,0,0,0,0,0,0,0,7.41,8.64,0,4.94,4.94,1.23,1.23,0,1.23,4.94,6.17,1.23,3.7,0,2.47,1.23,0,17.28,8.64,2.47,3.7,0,2.47,0,0
2815,buyer,1,76,67.62,19.89,33.61,92.27,8.44,18.42,93.42,69.74,56.58,10.53,9.21,5.26,0,3.95,0,0,1.32,13.16,10.53,1.32,14.47,9.21,6.58,7.89,1.32,13.16,9.21,5.26,6.58,0,2.63,3.95,21.05,0,11.84,2.63,1.32,0,1.32,2.63,5.26,0,10.53,7.89,2.63,2.63,0,2.63,0,0,0,0,10.53,6.58,3.95,3.95,0,0,2.63,3.95,0,0,0,0,0,0,0,0,6.58,0,0,2.63,3.95,0,0,0,0,0,0,0,0,0,0,0,0,6.58,0,2.63,0,0,0,1.32,1.32,2.63,0,0,2.63,0,0,0,0,1.32,3.95,5.26,0,0,0,0,0,13.16,10.53,0,1.32,0,0,1.32,0
2815,seller,1,40,32.63,99,1,90.5,40,15,92.5,70,57.5,25,22.5,7.5,2.5,12.5,0,0,2.5,15,10,2.5,10,10,5,2.5,0,15,2.5,2.5,7.5,5,0,2.5,15,2.5,7.5,0,0,7.5,0,0,0,0,5,5,0,0,0,0,0,0,0,0,30,15,5,5,0,0,5,15,0,0,0,0,0,0,0,0,7.5,0,0,0,7.5,0,0,0,0,0,0,0,0,0,0,0,0,5,0,0,0,0,0,0,5,0,0,0,0,0,0,0,2.5,0,7.5,2.5,2.5,0,2.5,0,0,10,0,7.5,0,0,0,2.5,0
2817,buyer,1,229,42.03,23.82,57.87,25.9,17.62,10.92,88.21,72.05,62.01,17.03,13.54,9.17,1.75,2.62,0,0,3.49,17.03,13.54,0.44,9.61,11.35,4.8,7.86,1.31,15.72,5.24,0.87,2.62,1.75,0.44,0.44,21.83,0,12.23,3.93,0.87,3.06,2.18,0,2.62,0,4.8,2.62,2.18,3.93,1.75,2.18,0,0,0,0,8.73,3.06,1.31,0.44,0,0,0.87,5.68,0,0,0,0,0,0,0,0,6.99,0,0,2.62,3.93,0.44,0,0,0,0,0,0,0,0,0,0.44,0.44,3.06,0,0,0,0,0,0,6.11,4.37,0,1.75,3.49,0.87,0,0,1.31,4.8,4.37,3.49,0,0,0,0,0,9.17,5.24,3.06,0.44,0,0.44,0,0
2817,seller,1,160,12.28,78.35,58.99,28.59,10,11.25,88.75,71.88,60,23.75,18.13,7.5,0,10,0,0.63,5.63,14.38,7.5,1.25,7.5,11.88,1.88,6.25,3.13,19.38,3.75,2.5,0.63,0,0.63,0,26.25,0.63,11.88,1.88,1.25,1.88,2.5,0.63,5.63,0,3.13,1.88,1.25,2.5,1.25,1.25,0,0,0,0,16.88,3.75,3.13,0.63,0,0,1.88,13.13,0,0,0,0,0.63,0,0,0.63,6.25,0,0,1.88,4.38,0,0,0,0,0,0,0,0,0,0,1.88,0,1.88,0,0,0,0,0,0,10,5,1.25,1.25,2.5,1.25,0.63,0,2.5,6.25,4.38,2.5,0,0,0,0,0,12.5,8.75,1.88,1.25,0,0.63,0,0
2819,buyer,1,152,5.08,36.29,74.28,20.23,11.69,8.55,90.13,76.32,65.79,23.68,15.79,8.55,0,7.24,0,0,7.89,14.47,5.92,1.32,8.55,14.47,7.24,4.61,2.63,20.39,3.95,2.63,0,0,0,0,33.55,2.63,20.39,7.24,3.95,2.63,4.61,1.32,3.95,0,3.95,1.97,1.97,2.63,1.32,1.32,0,0.66,0,0,12.5,5.26,2.63,1.32,0,0,0.66,7.24,0,0,0,0,0,0,0,0,5.92,0,0,1.97,3.95,0,0,0,0,0,0,0,0,0,0,0,0,1.32,0,0,0,0,0,0,5.92,3.95,0,0.66,2.63,0,0,0.66,1.32,6.58,5.26,2.63,1.32,0,1.32,0,0,11.84,5.92,2.63,2.63,0,0,0.66,0
2819,seller,1,67,7.22,74.15,8.2,42.34,6.7,11.94,88.06,70.15,59.7,16.42,11.94,5.97,2.99,2.99,0,0,4.48,11.94,8.96,1.49,5.97,19.4,8.96,5.97,0,20.9,5.97,0,2.99,2.99,0,0,22.39,1.49,8.96,2.99,0,1.49,2.99,2.99,0,0,4.48,2.99,1.49,1.49,0,1.49,0,0,0,0,10.45,4.48,1.49,0,0,0,2.99,5.97,0,0,0,0,0,0,0,0,7.46,0,0,4.48,4.48,0,0,0,0,0,0,0,0,0,0,0,0,1.49,0,1.49,0,0,0,0,8.96,0,0,0,0,0,0,0,2.99,4.48,5.97,5.97,5.97,0,4.48,1.49,0,20.9,13.43,1.49,1.49,0,2.99,1.49,0
2820,buyer,1,98,38.51,74.89,2.36,1.66,12.25,7.14,81.63,68.37,56.12,20.41,17.35,9.18,0,8.16,0,0,3.06,16.33,11.22,1.02,9.18,11.22,3.06,5.1,1.02,16.33,6.12,1.02,0,0,0,0,19.39,1.02,10.2,1.02,0,4.08,1.02,4.08,1.02,0,7.14,2.04,5.1,0,0,0,0,0,0,0,15.31,6.12,1.02,1.02,0,4.08,1.02,9.18,1.02,0,0,1.02,0,0,0,0,5.1,0,0,1.02,4.08,0,0,0,0,0,0,0,0,0,0,3.06,1.02,1.02,0,0,0,0,0,0,4.08,0,0,0,0,0,0,0,0,7.14,1.02,10.2,1.02,0,1.02,0,0,13.27,4.08,5.1,2.04,2.04,0,0,0
2820,seller,1,27,10.19,62.05,10.18,99,27,18.52,88.89,70.37,59.26,25.93,18.52,7.41,0,11.11,0,0,7.41,18.52,7.41,0,7.41,11.11,0,7.41,3.7,14.81,7.41,3.7,7.41,7.41,0,0,25.93,3.7,18.52,3.7,0,7.41,3.7,0,7.41,0,14.81,14.81,0,0,0,0,0,0,0,0,18.52,7.41,7.41,0,0,0,0,11.11,0,0,0,0,0,0,0,0,7.41,0,0,0,7.41,0,0,0,0,0,0,0,0,0,0,0,0,0,0,0,0,3.7,0,0,11.11,0,0,0,0,0,0,0,0,0,11.11,0,0,0,0,0,0,3.7,0,0,0,0,3.7,0,0
2821,buyer,1,161,64.1,11.77,20.93,38.17,10.73,15.53,83.85,67.7,60.25,13.04,9.32,6.83,0,1.86,0,0.62,3.73,18.63,16.15,0.62,9.94,14.91,1.86,5.59,2.48,19.88,3.11,0.62,1.24,1.24,0,0,25.47,0,13.66,2.48,1.24,4.97,1.24,0,4.97,0,1.24,1.24,0,0.62,0.62,0,0,0,0,0,9.94,3.73,1.86,1.24,0,0,1.86,6.21,0.62,0,0,0,0,0,0,0,5.59,0,0,1.86,3.73,0,0,0,0,0,0,0,0,0,0,1.24,0,1.24,1.86,0,0,0,0,0,4.97,1.86,0,1.24,1.24,0,0,0,1.86,8.7,4.35,0.62,0,0,0,0,0,13.04,9.32,1.86,0,0,1.86,0,0
2821,seller,1,209,30.07,29.46,24.7,20.23,19,24.88,84.21,70.33,60.29,15.79,8.61,4.78,0,3.83,0,0,7.18,13.88,8.13,0.48,11,12.92,3.35,7.66,2.87,18.18,4.31,0.96,2.39,0,0.48,1.91,25.36,0.96,11.96,3.35,0.96,1.91,1.44,0.96,4.31,0,2.87,1.44,1.44,0.48,0.48,0,0,0,0,0,11,5.26,3.35,1.91,0.48,0,0,6.22,0,0,0,0,0.48,0,0,0.48,4.78,0,0,0.96,3.83,0,0,0,0,0,0,0,0,0,0,0,0.48,1.91,0,0,0,0,0,0,5.74,2.87,0.96,0,0.96,0.96,0,0,2.87,4.78,6.7,2.87,0,0,0,0,0,7.66,4.78,1.91,0.48,0,0.48,0,0
2823,buyer,1,211,14.82,34.66,56.04,94.57,14.07,20.38,91.47,72.04,61.61,22.27,14.22,8.06,2.37,3.79,0,0,8.06,19.91,7.11,0.47,9.95,12.32,4.27,7.58,0.95,17.54,5.21,1.9,4.74,2.37,1.42,0.95,28.44,1.9,17.54,3.79,0.95,6.64,2.37,0.95,4.27,0,7.58,6.64,0.95,3.79,3.79,0,0,0,0,0,14.22,8.06,4.74,3.32,0.47,0,3.32,6.16,0,0,0,0,0.47,0.47,0,0,3.32,0.47,0,0.95,1.9,0,0,0,0,0,0,0,0,0,0,0,0.95,2.37,0,0,0,0,0,0,1.42,4.27,0,1.42,3.79,0.47,0,0,4.27,7.11,2.84,1.42,0,0,0,0,0,9.95,5.69,0.95,1.42,0,0.95,0.95,0
2823,seller,1,111,25.55,61.47,42.77,62.77,10.09,10.81,94.59,74.77,60.36,24.32,18.02,9.01,0.9,8.11,0,0,6.31,11.71,6.31,0,15.32,9.91,4.5,7.21,0.9,18.92,5.41,4.5,2.7,0.9,0,1.8,27.93,0,17.12,1.8,1.8,5.41,3.6,1.8,4.5,0,6.31,4.5,1.8,4.5,2.7,1.8,0,1.8,0,0,14.41,5.41,1.8,1.8,0,0,0.9,9.01,0,0,0,0,0,0,0,0,3.6,0,0,0.9,2.7,0,0,0,0,0,0,0,0,0,0,2.7,1.8,2.7,1.8,0,0,0,0,0,9.01,5.41,0.9,0,2.7,1.8,0.9,0,4.5,4.5,3.6,6.31,0,0,0,0,0,18.92,6.31,4.5,2.7,0.9,4.5,0,0
2824,buyer,1,128,59.82,1,75.23,93.46,42.67,8.59,92.97,74.22,54.69,17.19,12.5,10.94,0,1.56,0,0,4.69,15.62,12.5,2.34,10.16,7.81,3.13,3.91,3.91,21.09,4.69,0.78,0.78,0,0,0.78,26.56,0.78,13.28,2.34,1.56,4.69,1.56,0,5.47,0,10.16,7.81,2.34,1.56,1.56,0,0,0,0,0,7.03,5.47,1.56,2.34,0,0,4.69,1.56,0,0,0,0,1.56,0,0,1.56,6.25,0,0,1.56,4.69,0,0,0,0,0,0,0,0,0,0,1.56,0,6.25,0,0,0,0,0,1.56,6.25,7.03,0,1.56,3.13,3.13,0,0,3.13,7.81,1.56,3.13,0.78,0,0.78,0,0,10.16,1.56,5.47,0.78,0,0,2.34,0
2824,seller,1,95,3.19,99,8.42,20.23,11.88,10.53,94.74,80,63.16,20,13.68,1.05,7.37,4.21,0,1.05,6.32,12.63,6.32,3.16,9.47,14.74,10.53,9.47,2.11,21.05,8.42,4.21,9.47,7.37,0,2.11,23.16,0,12.63,1.05,0,5.26,3.16,3.16,2.11,0,4.21,2.11,2.11,0,0,0,0,0,0,0,18.95,6.32,3.16,1.05,0,2.11,1.05,12.63,0,0,0,0,1.05,0,0,1.05,4.21,0,0,0,4.21,0,0,0,0,0,0,0,0,0,0,1.05,0,1.05,0,0,0,0,0,0,5.26,10.53,1.05,1.05,7.37,1.05,1.05,0,3.16,4.21,3.16,2.11,0,0,0,0,0,12.63,4.21,0,3.16,0,3.16,2.11,0
2825,buyer,1,142,13.7,16,97.41,75.09,20.29,15.49,92.96,78.87,69.01,24.65,18.31,10.56,0,5.63,0,2.11,6.34,16.2,7.75,0,15.49,8.45,7.75,10.56,2.82,14.79,3.52,2.11,0.7,0,0,0.7,25.35,0,19.01,5.63,2.11,2.11,2.11,1.41,5.63,0,7.75,5.63,2.11,2.82,2.11,0.7,0,0,0.7,0,15.49,7.04,2.82,2.82,0.7,0,4.23,8.45,0,0,0,0,0,0,0,0,4.93,0,0,2.82,2.82,0,0,0,0,0,0,0,0,0,0,1.41,0,2.11,0,0,0,0,0.7,0,3.52,6.34,0.7,0.7,4.23,0.7,0,0,4.23,2.11,2.82,4.93,0.7,0,0.7,0,0,9.86,4.23,4.93,0,0,0.7,0,0
2825,seller,1,188,33.06,99,38.35,53.17,23.5,12.23,92.55,74.47,61.17,22.34,18.62,3.19,6.38,9.04,0,0,3.72,15.96,5.85,0,14.89,10.64,4.79,5.32,0,19.15,4.79,1.06,8.51,6.38,0.53,1.6,20.21,0,13.3,6.38,1.6,4.26,2.13,0,0,0,6.38,4.26,2.13,5.32,3.19,2.13,0,0,0,0,20.74,4.79,1.06,2.66,0,0,3.19,15.96,0,0,0,0,0,0,0,0,6.91,0,0,4.79,3.72,0,0,0,0,0,0,0,0,0,0,0,0.53,1.6,0,0.53,0,0,0,0,5.85,10.11,1.06,1.6,7.45,1.06,0,0,2.13,2.66,1.06,4.79,0,0,0,0,0,5.85,3.72,2.13,0,0,0,0,0
2826,buyer,1,129,48.5,3.86,53.52,99,129,17.05,93.8,71.32,55.04,18.6,13.18,10.85,0,2.33,0,0,5.43,10.85,7.75,0.78,11.63,11.63,0.78,3.88,1.55,24.03,1.55,1.55,2.33,0,1.55,0.78,33.33,0,24.03,2.33,4.65,10.85,3.1,1.55,2.33,0,10.85,10.08,0.78,6.98,6.98,0,0,0,0,0,9.3,6.98,0.78,3.1,0,0,0.78,2.33,0,0,0,0,0,0,0,0,3.88,0,0,2.33,1.55,0,0,0,0,0,0,0,0,0,0,2.33,0.78,0.78,0,0,0,0,0,0,9.3,6.2,0,3.1,3.88,0,0,0,6.98,3.88,4.65,2.33,0.78,0,0.78,0,0,2.33,0,1.55,0,0,0.78,0,0
2826,seller,1,83,41.85,68.22,32.79,37.57,11.86,21.69,90.36,71.08,59.04,16.87,12.05,4.82,1.2,6.02,0,0,4.82,14.46,10.84,1.2,9.64,15.66,1.2,3.61,2.41,21.69,3.61,2.41,4.82,2.41,0,2.41,20.48,1.2,6.02,1.2,1.2,1.2,0,0,2.41,0,3.61,2.41,1.2,2.41,1.2,1.2,0,0,1.2,0,10.84,3.61,1.2,3.61,0,0,0,7.23,0,0,0,0,0,0,0,0,2.41,0,0,1.2,1.2,0,0,0,0,0,0,0,0,0,0,0,0,4.82,0,0,0,0,0,0,7.23,8.43,3.61,1.2,4.82,0,0,0,2.41,10.84,2.41,7.23,0,0,0,0,0,9.64,8.43,1.2,0,0,0,0,0
2827,buyer,1,225,37.14,37.5,50.74,1,18.75,16,87.56,66.67,55.11,12.89,11.11,4.89,0,5.78,0,0.44,1.78,15.56,8.44,0,9.33,11.11,3.11,8,3.56,14.22,9.33,4,3.56,0.89,0,2.67,27.11,1.33,13.78,3.56,2.22,2.67,1.33,0.44,4.44,0,6.22,1.33,4.89,3.56,0.44,3.11,0,0,0.44,0,14.67,8,2.22,2.22,0,2.67,0.44,6.67,0.44,0,0,0.44,0,0,0,0,8.44,0.44,0,3.56,4.44,0.44,0,0,0,0,0,0,0,0,0,0,0.44,1.78,0.89,2.22,0,0,0.44,0,4,6.67,0.44,0,5.78,0.44,0,0,2.22,4.89,4.89,3.56,0,0,0,0,0,6.67,5.33,1.33,0,0,0,0,0
2827,seller,1,90,3.15,86.16,47.52,36.04,18,12.22,92.22,78.89,64.44,25.56,22.22,10,3.33,8.89,0,0,3.33,14.44,6.67,0,5.56,15.56,5.56,5.56,1.11,21.11,8.89,3.33,5.56,3.33,0,2.22,27.78,1.11,16.67,4.44,1.11,4.44,1.11,1.11,4.44,0,7.78,4.44,3.33,5.56,2.22,3.33,0,0,0,0,16.67,4.44,2.22,2.22,0,1.11,0,12.22,0,0,0,0,0,0,0,0,8.89,0,0,4.44,4.44,0,0,0,0,0,0,0,0,0,0,0,0,0,0,0,0,0,1.11,0,6.67,1.11,0,0,1.11,0,0,0,2.22,2.22,7.78,1.11,1.11,0,1.11,0,0,14.44,5.56,4.44,1.11,0,3.33,0,0
2828,buyer,1,238,3.85,20.58,64.51,6.01,14,12.18,92.86,76.47,61.76,23.53,15.13,9.66,1.68,3.78,0,0,8.4,15.55,6.72,1.26,6.72,10.5,7.56,8.82,2.94,19.75,4.2,1.68,3.36,1.68,1.26,0.42,28.57,1.26,13.87,1.68,2.1,4.62,1.26,1.26,3.36,0,5.88,2.1,3.78,1.26,0.42,0.84,0,0,0,0,13.03,6.72,2.1,1.26,0,0.84,0.84,6.72,1.26,0,0,1.26,0,0,0,0,3.36,0,0,0.84,2.94,0,0.42,0,0,0,0,0,0,0,0,1.26,0,1.26,0,0,0,0.42,0,0,8.82,5.46,0,2.1,3.36,0.42,0,0,4.62,7.14,7.56,0,0,0,0,0,0,18.49,5.46,6.3,1.68,0,4.62,0.42,0
2828,seller,1,212,1.28,45.64,45.19,1.28,16.31,7.08,95.75,82.08,72.17,25,17.45,8.49,4.72,4.25,0,0,7.55,12.26,6.13,0.94,9.91,20.28,7.08,4.25,5.66,25.47,4.72,2.36,6.13,4.72,0.47,0.94,31.13,1.42,12.74,1.89,3.3,3.77,1.42,0.94,2.83,0,3.3,0,3.3,0,0,0,0,0,0,0,14.15,5.19,1.42,1.42,0,0.47,1.42,8.96,0,0,0,0,0,0,0,0,2.83,0,0,1.42,1.89,0,0,0,0,0,0,0,0,0,0,0,0.94,0,0.94,0,0,0,0,0,10.38,5.19,0.47,0,4.72,0,0,0,3.3,4.72,13.21,0.94,0.47,0,0.47,0,0,16.04,4.25,5.19,1.89,0,4.25,0.47,0
2832,buyer,1,150,30.37,47.97,98.38,4.56,21.43,8,96.67,78,66.67,25.33,23.33,14,1.33,6.67,0,1.33,2,12,8,0,16.67,8.67,5.33,7.33,1.33,18.67,2,2,3.33,1.33,0,2,18.67,1.33,7.33,2.67,1.33,1.33,1.33,0,2,0,2,0,2,0,0,0,0,0,0,0,16,5.33,2,2,0,2,0,10.67,0,0,0,0,0,0,0,0,8.67,0,0,4.67,4.67,0,0,0,0,0,0,0,0,0,0,2,0,5.33,0,0.67,0,0,0,0,8,8,0,1.33,8,0,0,0,3.33,4.67,2,6.67,0.67,0,0.67,0,0,6.67,4,2.67,0,0,0,0,0
2832,seller,1,31,41.62,76.43,1.77,97.31,31,9.68,80.65,61.29,45.16,12.9,3.23,0,3.23,0,0,0,9.68,19.35,9.68,0,6.45,9.68,6.45,6.45,0,16.13,6.45,0,3.23,3.23,0,0,25.81,3.23,12.9,6.45,3.23,0,3.23,0,0,0,6.45,6.45,0,3.23,3.23,0,0,0,0,0,9.68,6.45,0,0,0,0,3.23,3.23,0,0,0,0,0,0,0,0,6.45,0,0,0,6.45,0,0,0,0,0,0,0,0,0,0,0,0,3.23,0,0,0,0,0,0,19.35,3.23,0,0,0,0,0,3.23,0,0,9.68,3.23,9.68,0,9.68,0,0,6.45,0,6.45,0,0,0,0,0
2835,buyer,1,165,43.28,1.24,59.13,97.84,18.33,16.36,80.61,64.24,53.33,16.36,11.52,8.48,0,1.21,1.82,0,4.85,13.94,8.48,0,9.09,7.88,4.24,3.64,4.24,15.15,4.85,0,4.85,0.61,3.03,4.24,23.03,0.61,12.12,1.82,1.21,1.82,1.82,0.61,5.45,0,7.88,7.27,0.61,1.82,1.82,0,0,0,0,0,5.45,2.42,1.21,1.21,0,0.61,1.21,3.64,0,0,0,1.82,0,0,0,0,3.64,2.42,0.61,0,0.61,0,0,0,0,0,0,0,0,0,0,0,0,3.64,0,0,0,0,0,0,4.85,3.64,0,1.21,3.03,0,0.61,0,3.03,6.67,2.42,0.61,0,0,0,0,0,12.12,5.45,4.24,0,0,2.42,0,0
2835,seller,1,241,62.25,71.26,1.06,52.26,40.17,10.37,64.73,45.23,39,14.11,8.71,2.07,1.66,4.56,0.41,0,5.39,9.96,5.39,8.3,7.88,6.64,0.41,2.49,2.07,9.54,4.15,0,4.98,3.32,0.41,1.66,17.43,0,12.45,1.24,0.83,3.32,2.9,0,5.81,0,2.9,2.49,0.41,1.66,1.24,0.41,0,0,0,0,13.69,5.81,4.15,1.66,0,0,2.49,9.13,0,0,0,0.41,0.41,0,0,0.41,0.41,0.41,0,0,0,0,0.41,0.41,0,0.41,0,0,0,0,0,0,0.41,1.66,0.41,0,0,0,0,0,2.9,1.66,0,0,0,1.24,0.41,0,0,4.15,2.07,0.41,0,0,0,0,0,33.2,0.83,2.9,1.24,0.41,0.83,26.97,0
2837,buyer,1,50,82.95,51.99,63.35,99,16.67,10,90,78,54,18,14,8,0,6,0,0,4,12,8,4,16,6,2,2,0,18,8,6,0,0,0,0,20,2,8,2,2,2,2,0,2,0,12,10,2,2,2,0,0,0,0,0,16,10,8,6,0,0,8,6,0,0,0,0,0,0,0,0,4,0,0,0,4,0,0,0,0,0,0,0,0,0,0,0,2,2,0,2,0,0,0,0,6,6,0,2,4,0,0,0,4,4,2,4,2,0,2,0,0,8,4,2,0,0,0,2,0
2837,seller,1,154,41.25,76.62,50.45,71.21,10.27,16.88,92.21,70.13,54.55,20.13,16.23,8.44,0,7.79,0,0,3.9,14.94,9.09,3.25,12.34,12.34,3.25,5.19,0,21.43,5.84,3.25,3.9,0,0.65,3.25,23.38,1.3,13.64,6.49,0,3.9,0,0,1.3,0,5.84,4.55,1.3,1.95,1.95,0,0,0,0,0,14.94,6.49,3.9,3.25,0,0,1.3,8.44,0,0,0,0,0,0,0,0,5.84,0,0,2.6,4.55,0,0,0,0,0,0,0,0,0,0,0,0,0.65,0,0,0,0,0,0,5.84,7.14,0.65,0.65,3.9,1.95,0.65,0,1.3,2.6,6.49,2.6,0,0,0,0,0,20.13,6.49,1.95,1.3,1.95,5.84,2.6,0
2846,buyer,1,131,22.06,49.14,45.92,68.3,18.71,12.98,90.08,78.63,62.6,19.85,16.79,10.69,0,6.11,0,0,3.05,14.5,9.16,1.53,10.69,16.79,6.11,3.82,0,24.43,6.11,3.05,0,0,0,0,24.43,1.53,10.69,3.05,0.76,3.82,2.29,1.53,0.76,0,9.16,6.11,3.05,4.58,2.29,2.29,0,0,0.76,0,12.21,5.34,3.05,3.05,0,0.76,3.05,6.87,0.76,0,0,0.76,0,0,0,0,3.82,0,0,2.29,1.53,0,0,0,0,0,0,0,0,0,0,0,0.76,2.29,0,1.53,0,0,0,0,4.58,5.34,0,0,5.34,0,0,0,1.53,7.63,3.05,3.82,2.29,0,2.29,0,0,8.4,2.29,3.05,2.29,0,0.76,0,0
2846,seller,1,110,29.57,99,25.81,5.35,15.71,17.27,84.55,72.73,55.45,19.09,13.64,0.91,5.45,7.27,0,0,5.45,16.36,10,0,7.27,11.82,2.73,7.27,0,16.36,9.09,0,7.27,5.45,0.91,0.91,17.27,1.82,7.27,3.64,0,3.64,0,0,0,0,7.27,2.73,4.55,2.73,0.91,1.82,0,0,0,0,20,7.27,2.73,2.73,0,2.73,1.82,12.73,0,0,0,0,0,0,0,0,2.73,0,0,2.73,0,0,0,0,0,0,0,0,0,0,0,0,0,0.91,0,0.91,0,0,0,0,7.27,8.18,0,2.73,7.27,0,0,0,3.64,1.82,7.27,1.82,4.55,0,4.55,0,0,9.09,3.64,1.82,2.73,0,0.91,0,0
2848,buyer,1,124,20.52,1.04,58.85,11.91,12.4,14.52,87.9,72.58,61.29,20.97,11.29,9.68,0.81,0.81,0,0,9.68,15.32,8.87,0.81,10.48,14.52,0.81,8.06,2.42,20.16,7.26,2.42,0.81,0.81,0,0,32.26,0,19.35,4.03,3.23,4.03,4.03,3.23,4.84,0,4.03,1.61,2.42,1.61,1.61,0,0,0,0,0,3.23,1.61,0.81,0,0,0,0.81,1.61,0,0,0,0,0.81,0,0,0.81,7.26,0,0,1.61,5.65,0,0,0,0,0,0,0,0,0,0,0,0,3.23,0,2.42,0,0,0,1.61,0.81,4.84,1.61,0.81,2.42,1.61,0,0,1.61,9.68,4.03,3.23,0,0,0,0,0,10.48,8.06,0,0,0,1.61,0.81,0
2848,seller,1,75,19.3,14.57,19.26,7.99,75,12,84,72,64,17.33,10.67,5.33,0,5.33,0,0,6.67,16,9.33,0,10.67,12,5.33,9.33,4,13.33,6.67,0,0,0,0,0,28,0,18.67,1.33,1.33,2.67,8,0,6.67,0,4,1.33,2.67,4,1.33,2.67,0,0,1.33,0,8,2.67,0,0,0,0,0,5.33,0,0,0,0,0,0,0,0,4,0,0,1.33,2.67,0,0,0,0,0,0,0,0,0,0,0,0,0,0,0,0,0,0,0,5.33,2.67,1.33,0,1.33,0,0,0,1.33,2.67,8,0,1.33,0,1.33,0,0,5.33,0,4,0,0,1.33,0,0
2849,buyer,1,128,4.42,49.35,70.54,30.91,21.33,9.38,92.19,78.13,66.41,21.88,15.63,8.59,0,6.25,0,0.78,6.25,12.5,7.03,0,10.94,17.97,3.91,12.5,0.78,21.88,7.81,0.78,0.78,0.78,0.78,0,25,0.78,12.5,4.69,0.78,4.69,0.78,0,2.34,0,10.16,5.47,4.69,6.25,2.34,3.91,0,0,0,0,10.16,3.13,0,0.78,0,0.78,1.56,7.03,0,0,0,0,0,0,0,0,8.59,0,0,5.47,3.91,0,0,0,0,0,0,0,0,0,0,0.78,0,0.78,0,0,0,0,0,0,4.69,5.47,0,2.34,5.47,0,0,0,2.34,3.91,7.03,6.25,0,0,0,0,0,7.81,3.91,0.78,0.78,0,2.34,0,0
2849,seller,1,85,53.84,61.04,55.07,9.05,85,9.41,89.41,77.65,57.65,12.94,7.06,2.35,1.18,3.53,0,0,5.88,17.65,10.59,2.35,11.76,11.76,3.53,8.24,1.18,17.65,11.76,3.53,2.35,1.18,1.18,0,24.71,3.53,9.41,0,0,4.71,0,1.18,2.35,0,5.88,2.35,3.53,0,0,0,0,0,0,0,11.76,7.06,1.18,0,0,3.53,1.18,4.71,0,0,0,0,0,0,0,0,1.18,0,0,0,1.18,0,0,0,0,0,0,0,0,0,0,2.35,0,2.35,0,0,0,0,0,0,9.41,11.76,0,3.53,10.59,0,1.18,0,4.71,4.71,5.88,1.18,3.53,0,3.53,0,0,2.35,0,1.18,0,0,1.18,0,0
2851,buyer,1,241,38.73,22.62,13.46,52.26,21.91,16.6,88.8,70.54,60.17,16.6,11.62,7.88,0,3.32,0.41,0,4.98,19.5,10.79,0.41,11.2,12.86,3.73,7.88,1.24,16.18,6.22,0.83,2.9,0.41,1.24,1.24,25.31,0.41,16.18,3.32,1.66,4.98,0.83,2.9,3.32,0,6.22,4.15,2.07,3.32,2.49,0.41,0,0,0,0,10.79,4.98,2.07,1.24,0.41,0.41,1.66,5.81,1.24,0,0,1.66,0,0,0,0,5.81,0,0,3.32,3.73,0,0.41,0,0,0,0,0,0,0,0,0.41,0.83,0.41,0,0,0,0,1.66,0,3.73,2.9,0,0.83,0.83,0.83,0,0.41,1.24,2.9,4.15,3.32,1.24,0.83,0.41,0,0,9.13,2.9,2.9,2.07,0,0.41,0.83,0
2851,seller,1,304,20.77,18.53,74.28,24.42,25.33,20.39,90.46,74.01,62.83,16.78,10.2,4.61,1.32,4.28,0,0,6.58,17.76,9.54,0.33,10.86,17.11,3.95,5.26,4.61,21.38,6.25,0.66,1.97,1.64,0,0.33,34.21,1.64,20.07,4.93,0.99,3.95,4.61,1.64,6.91,0,4.28,2.3,1.97,2.96,0.99,1.64,0,0.33,0.33,0,10.53,4.28,0.99,0.66,0.33,0,1.32,6.25,0.33,0,0,0.33,0,0,0,0,3.95,0,0,1.97,1.97,0,0,0,0,0,0,0,0,0,0,0,0,0.33,0,0.33,0,0,0,0,4.61,8.88,0,0.66,6.25,1.64,0,0.33,2.3,6.25,8.22,0.99,0.33,0.33,0,0,0,12.17,3.95,1.97,0,0,5.26,0.99,0
2852,buyer,1,47,9.26,1,95.81,20.23,47,17.02,93.62,72.34,53.19,27.66,19.15,17.02,0,2.13,0,0,8.51,19.15,6.38,4.26,4.26,8.51,2.13,2.13,4.26,17.02,8.51,8.51,2.13,0,2.13,0,29.79,0,12.77,4.26,0,4.26,0,2.13,4.26,0,8.51,4.26,4.26,4.26,2.13,2.13,2.13,0,0,0,6.38,4.26,0,2.13,0,2.13,2.13,2.13,0,0,0,0,0,0,0,0,6.38,0,0,2.13,4.26,0,0,0,0,0,0,0,0,0,0,0,0,6.38,0,0,0,0,0,0,4.26,6.38,0,0,4.26,2.13,0,0,2.13,8.51,8.51,0,0,0,0,0,0,6.38,0,0,0,0,6.38,0,0
2852,seller,1,42,18.12,99,1,57.46,21,14.29,92.86,73.81,54.76,26.19,23.81,4.76,7.14,11.9,0,0,2.38,11.9,7.14,0,7.14,14.29,0,0,2.38,23.81,9.52,0,9.52,7.14,2.38,0,26.19,0,16.67,4.76,0,9.52,0,2.38,0,0,7.14,4.76,2.38,4.76,2.38,2.38,0,0,0,0,33.33,14.29,0,2.38,0,0,7.14,19.05,0,0,0,0,2.38,0,0,2.38,4.76,2.38,0,2.38,0,0,0,0,0,0,0,0,0,0,0,0,0,0,0,0,0,0,0,0,11.9,4.76,2.38,2.38,2.38,2.38,0,0,0,2.38,16.67,0,4.76,0,4.76,0,0,9.52,2.38,7.14,0,0,0,0,0
2853,buyer,1,68,11.57,48.8,57.19,7.16,13.6,19.12,92.65,72.06,64.71,20.59,16.18,8.82,1.47,5.88,0,0,4.41,16.18,5.88,0,11.76,10.29,8.82,8.82,1.47,16.18,4.41,1.47,2.94,2.94,0,0,23.53,1.47,10.29,2.94,0,1.47,2.94,0,4.41,0,1.47,0,1.47,1.47,0,1.47,0,0,1.47,0,20.59,8.82,0,0,0,0,7.35,8.82,0,0,0,0,4.41,0,0,4.41,5.88,0,0,2.94,4.41,0,0,0,0,0,0,0,0,0,0,1.47,0,2.94,0,0,0,0,0,0,4.41,1.47,0,0,1.47,0,0,0,2.94,1.47,8.82,2.94,0,0,0,0,0,11.76,7.35,1.47,0,0,2.94,0,0
2853,seller,1,427,12.68,62.29,34.51,20.23,42.7,11.01,89.93,73.3,62.53,21.08,13.82,5.62,1.17,6.79,0.23,0,7.26,17.33,6.79,0.47,10.3,12.65,3.98,7.96,3.04,17.56,5.85,2.58,5.15,1.41,0.7,3.04,26,1.64,11.48,1.64,0.7,3.51,0.7,0.94,4.45,0,2.34,1.17,1.17,1.17,0,1.17,0.94,0,0,0,14.99,5.62,1.87,0.7,0,0.23,2.34,8.9,0,0,0.23,0,1.41,0,0,1.41,3.98,0,0,1.87,2.34,0,0,0,0,0,0,0,0,0,0,0.47,0,1.41,0.7,0.23,0,0.23,0,0,6.32,5.62,0.23,0.7,3.75,0.7,0.47,0,3.51,3.04,9.13,2.81,0.94,0,0.94,0,0,4.68,1.41,2.11,0.7,0,0,0.47,0
2854,buyer,1,246,24.62,26.81,73.28,25.48,22.36,16.67,91.46,76.42,62.6,17.89,11.79,6.91,0.81,3.25,0.41,0.41,6.1,17.48,8.13,1.22,12.2,10.57,8.13,8.13,1.22,16.67,7.32,4.47,2.03,1.22,0,0.81,27.64,1.22,12.2,3.25,2.85,1.22,0.81,2.03,4.07,0,2.85,1.63,1.22,0.81,0,0.81,0.41,0,0,0,10.57,4.47,2.44,3.25,0,0.81,0.81,5.69,0.41,0,0,0.81,1.22,0,0,1.22,4.07,0,0,2.03,3.25,0,0,0,0,0,0,0,0,0,0,0.41,0,1.22,0,0.81,0,0,0,0,7.72,2.85,0,1.22,2.03,0,0.41,0,5.69,5.28,5.69,2.85,1.22,0,1.22,0,0,4.47,4.47,0,0,0,0,0,0
2854,seller,1,339,26.66,83.96,25.28,23.97,24.21,13.57,90.27,71.68,60.77,19.47,12.68,4.72,2.95,5.01,0,0,6.78,17.7,5.9,0,12.98,12.39,2.65,6.78,2.36,18.29,6.19,3.24,7.37,4.72,2.06,0.59,23.3,1.18,14.16,2.65,1.47,4.72,1.18,1.47,4.13,0,4.72,2.36,2.06,2.36,0.59,1.47,0.88,0,0.29,0,15.93,4.72,2.36,0.59,0,0,1.18,11.5,2.06,0,0,1.18,0.88,0.29,0,0.59,2.65,0,0.29,0.59,1.77,0,0.59,0.59,0,0,0,0,0,0,0,0.29,0.29,0.29,0,0.59,0,0,0.29,0,6.78,6.19,0,1.18,3.83,0.29,0.88,0.88,2.65,3.24,4.72,0.88,0,0,0,0,0,7.96,2.95,1.18,1.18,0,2.65,0,0
2855,buyer,1,145,17.35,25.23,86.26,96.6,145,20,95.86,75.17,62.76,18.62,13.79,8.28,0.69,4.83,0,0,4.83,14.48,6.9,0,11.72,12.41,5.52,9.66,1.38,20.69,4.83,0.69,4.83,1.38,1.38,2.07,30.34,0,21.38,6.9,4.83,4.83,4.14,0,4.83,0,7.59,6.9,0.69,3.45,2.76,0.69,0,0,0,0,15.86,9.66,4.83,3.45,0,0,4.83,6.21,0,0,0,0,0,0,0,0,8.97,0,0,6.9,3.45,0,0,0,0,0,0,0,0,0,0,0,0.69,2.76,0,0,0,1.38,0,0,5.52,4.83,0.69,1.38,4.14,0,0,0,3.45,2.07,7.59,1.38,0.69,0,0.69,0,0,8.28,0,8.28,0,0,0,0,0
2855,seller,1,246,45.98,44.88,85.64,25.48,16.4,24.39,91.06,71.54,61.79,18.29,13.82,6.91,1.22,5.28,0,0.41,4.47,15.45,5.69,0.41,17.89,10.98,4.07,6.1,2.03,16.67,4.47,0.81,5.69,1.22,0.41,4.07,21.14,1.22,12.2,4.47,1.22,0.81,2.03,0,4.07,0,3.66,2.03,1.63,1.22,0.81,0.41,0,0.41,0,0,19.11,11.79,2.85,2.85,0.81,0,4.88,7.32,0,0,0,0,0,0,0,0,2.44,0,0,0.81,2.03,0,0,0,0,0,0,0,0,0,0,0,0,1.22,0,0,0,0,0.41,0,5.69,7.72,0.41,1.63,6.1,0,0,0.41,1.63,2.03,4.07,3.25,0,0,0,0,0,9.35,6.1,3.25,0,0,0,0,0
2856,buyer,1,232,20.17,11.03,40.61,25.82,14.5,10.34,91.81,72.84,65.09,21.98,13.36,9.48,1.29,2.59,0,0,8.62,19.83,8.19,0.86,10.78,14.22,3.45,5.17,1.72,18.97,3.88,1.29,5.6,2.16,1.72,1.72,25.43,0.43,12.5,3.02,1.72,2.59,0.86,0.43,3.88,0,3.02,1.72,1.29,1.29,0.86,0.43,0,0,0,0,9.91,5.17,0.43,1.29,0,0,2.16,4.74,0.86,0,0,0.86,0,0,0,0,9.48,0,0,2.59,6.9,0,0,0,0,0,0,0,0,0,0,0,0,4.74,0,0,0,0.43,0,1.29,8.19,3.45,1.29,0.86,1.72,0.86,0,0,0.43,4.74,8.19,1.72,0.43,0,0.43,0,0,7.33,6.03,0,0.86,0,0,0.43,0
2856,seller,1,155,28.96,40.06,40.35,28.87,22.14,13.55,92.26,71.61,60.65,18.06,13.55,7.74,0.65,4.52,0,0.65,4.52,15.48,6.45,0,12.9,13.55,3.87,7.1,0.65,17.42,7.74,1.94,6.45,0.65,3.23,3.23,23.87,1.29,10.32,3.87,0.65,1.94,0.65,0.65,2.58,0,1.94,1.29,0.65,0,0,0,0,0,0,0,11.61,5.81,1.29,1.29,0,0.65,2.58,5.81,0,0,0,0,0,0,0,0,10.97,0,0,5.16,7.1,0,0,0,0,0,0,0,0,0,0,0,0,1.29,0,0,0,0,0,0,7.1,2.58,0,0.65,1.29,0.65,0.65,0,2.58,5.16,7.1,3.87,0,0,0,0,0,8.39,3.87,3.87,0.65,0,0,0,0
2857,buyer,1,278,31.22,14.36,81.31,12.67,18.53,14.75,92.81,70.5,60.43,22.3,14.03,9.35,1.8,2.52,0.36,0,8.27,19.06,7.55,0.36,12.23,8.99,3.24,7.19,1.08,14.03,5.76,2.16,6.47,2.52,0.36,3.6,24.1,0.36,13.67,3.96,2.16,2.52,1.8,0,5.04,0,5.76,2.52,3.24,1.8,1.08,0.72,0,0,0,0,12.59,6.83,1.8,2.16,0,1.08,2.88,5.76,0.36,0,0,0.72,1.44,0,0,1.44,6.47,0.36,0.36,2.52,3.96,0,1.08,0.36,0.36,0,0,0,0,0,0,0.36,0.36,1.44,0.36,0,0,0,1.08,0.36,4.32,5.76,0.72,1.08,3.6,1.08,0,0,2.88,3.24,5.04,2.16,0,0,0,0,0,14.39,5.04,6.83,0.36,0,1.44,0.72,0
2857,seller,1,233,23.29,97.75,17.06,32.1,11.65,21.89,89.7,67.38,56.65,18.45,12.02,0.86,6.87,3.86,0,0.43,6.44,17.6,5.15,0,11.59,11.16,5.58,5.15,2.58,17.6,4.72,0,7.3,6.87,0,0.43,27.04,0.86,16.31,4.29,0.43,3,3,1.72,4.72,0,5.15,3,2.15,2.15,0.43,1.72,0,0,0,0,22.32,9.87,3,2.15,0,0,6.01,12.45,0.43,0,0,0.43,2.15,0,0,2.15,6.44,0,0,2.58,4.72,0,0.86,0.43,0.43,0,0,0,0,0,0,0,0.43,1.29,0,0,0,0,1.29,0,3.43,6.87,0.43,0.86,3.86,0.43,0.86,0.43,1.29,3,5.58,3.86,0,0,0,0,0,12.02,7.3,2.58,0.86,0.43,0.43,0.43,0
2858,buyer,1,294,11.63,56.29,32.68,29.39,22.62,14.29,91.84,73.81,61.9,22.45,16.67,7.48,0.68,7.48,0.68,0.34,5.78,15.65,5.78,0.34,9.52,10.54,2.04,9.52,3.06,20.07,3.4,1.7,4.08,1.02,1.02,2.04,26.19,1.02,16.67,1.7,2.38,3.4,2.72,0.34,5.78,0.34,4.76,2.72,2.04,3.06,1.36,1.7,0,0,0.34,0,16.67,6.12,2.72,3.4,0.34,0,2.38,10.88,0.34,0,0.34,1.36,1.36,0,0,1.36,5.1,0,0,2.38,4.08,0,0,0,0,0,0,0,0,0,0,0,1.36,1.7,0,0,0,0,0,0,6.8,4.08,0,0.68,3.06,0.68,0,0,1.02,3.06,4.08,4.76,0,0,0,0,0,7.48,4.42,2.04,0,0,0,1.02,0
2858,seller,1,309,17.66,40.06,29.86,20.23,18.18,12.3,90.61,77.02,63.43,21.04,14.24,8.09,1.29,4.85,0,0,6.8,11.65,5.5,0.32,13.92,10.68,5.83,7.12,3.56,21.04,4.53,1.62,4.53,1.62,1.62,1.62,21.68,2.27,11,2.27,0.97,4.21,1.62,0,2.27,0,6.47,3.24,3.24,3.56,1.62,1.94,0,0,0.32,0,13.27,5.83,0.65,1.29,0.32,2.27,1.94,7.77,0,0,0.32,0.32,0.32,0,0,0.32,6.15,0.32,0,3.24,3.88,0,0,0,0,0,0,0,0,0,0,0.32,1.29,1.62,0,0,0,0,0,0,7.77,4.85,0,0,4.53,0.32,0,0,2.27,5.5,2.27,1.94,0,0,0,0,0,10.03,5.5,2.59,0,0,1.62,0.32,0
2859,buyer,1,83,45.44,12.33,32.79,89.13,10.38,8.43,93.98,77.11,57.83,15.66,9.64,6.02,1.2,2.41,0,0,6.02,14.46,9.64,2.41,10.84,12.05,2.41,6.02,2.41,18.07,10.84,0,2.41,1.2,0,1.2,22.89,2.41,10.84,2.41,1.2,1.2,2.41,0,4.82,0,9.64,7.23,2.41,2.41,1.2,1.2,0,0,0,0,9.64,6.02,3.61,4.82,0,0,2.41,3.61,0,0,0,0,0,0,0,0,6.02,0,0,3.61,2.41,0,0,0,0,0,0,0,0,0,0,0,1.2,2.41,0,0,0,0,0,0,7.23,2.41,0,0,2.41,0,0,0,1.2,0,8.43,4.82,2.41,0,2.41,0,0,14.46,6.02,3.61,2.41,0,0,2.41,0
2859,seller,1,106,22.75,10.65,35.26,2.04,53,16.98,96.23,76.42,61.32,19.81,11.32,7.55,0.94,2.83,0,0,8.49,14.15,7.55,3.77,12.26,12.26,5.66,5.66,2.83,19.81,6.6,1.89,4.72,0.94,0,3.77,26.42,0.94,11.32,1.89,0,3.77,0,1.89,4.72,0,4.72,0.94,3.77,0,0,0,0,0,0,0,11.32,6.6,0.94,0.94,0,0.94,2.83,4.72,0,0,0,0,0,0,0,0,7.55,0,0,1.89,5.66,0,0,0,0,0,0,0,0,0,0,0.94,0,3.77,0,0.94,0,0,0,0,5.66,3.77,0,0.94,2.83,0,0,0,1.89,8.49,7.55,0,0,0,0,0,0,9.43,0.94,2.83,0,0,1.89,3.77,0
2860,buyer,1,52,36.37,20.31,89.39,79.29,17.33,19.23,92.31,65.38,44.23,21.15,17.31,11.54,1.92,3.85,0,0,3.85,15.38,7.69,0,3.85,3.85,0,5.77,1.92,11.54,9.62,7.69,9.62,1.92,0,7.69,15.38,1.92,7.69,1.92,1.92,1.92,0,0,1.92,0,3.85,3.85,0,1.92,1.92,0,0,0,0,0,13.46,5.77,5.77,5.77,0,0,0,5.77,0,0,0,0,0,0,0,0,5.77,0,0,1.92,3.85,0,0,0,0,0,0,0,0,0,0,0,1.92,3.85,0,3.85,0,0,1.92,0,9.62,11.54,3.85,1.92,5.77,0,0,0,3.85,1.92,1.92,3.85,1.92,0,1.92,0,0,7.69,1.92,3.85,0,1.92,0,0,0
2860,seller,1,69,3.46,93.24,82.12,84.9,34.5,18.84,94.2,72.46,66.67,24.64,18.84,7.25,4.35,7.25,0,0,5.8,17.39,8.7,1.45,7.25,17.39,7.25,5.8,1.45,20.29,1.45,0,10.14,5.8,1.45,2.9,23.19,1.45,11.59,5.8,1.45,1.45,1.45,0,2.9,0,4.35,4.35,0,0,0,0,0,0,0,0,18.84,7.25,4.35,4.35,0,0,1.45,11.59,0,0,0,0,0,0,0,0,10.14,0,0,4.35,5.8,0,0,0,0,0,0,0,0,0,0,0,0,1.45,0,0,0,1.45,0,0,5.8,2.9,0,0,2.9,0,0,0,5.8,4.35,4.35,2.9,1.45,0,1.45,0,0,17.39,0,10.14,2.9,0,2.9,1.45,0
2861,buyer,1,275,5.98,2.92,60.85,2.74,17.19,15.64,89.45,72.73,62.18,22.55,17.82,12.36,0,4.36,1.09,0,4.73,15.27,6.91,0,8.36,13.45,5.09,7.64,3.64,19.64,5.82,0,1.45,0,0.36,1.09,32.73,0,21.82,5.09,2.55,5.82,1.82,1.45,5.45,0,4.73,1.09,3.64,3.27,0.73,2.55,0,0,0,0,10.18,4,1.45,1.82,0,0.36,1.09,6.18,0.73,0,0,1.82,0.36,0,0,0.36,6.55,0,0,3.27,3.64,0,0.36,0,0,0,0,0,0,0,0,1.09,1.09,2.18,1.09,0,0,0,0,0,4.73,2.55,0,0,1.45,0.73,0,0.36,2.18,5.45,5.09,2.91,0.36,0,0.36,0,0,8.36,5.82,0.36,0,0,2.18,0,0
2861,seller,1,215,12.67,13.74,66.49,33.2,16.54,18.14,88.84,69.77,62.79,19.07,14.42,8.84,0,5.58,0,0,4.65,17.67,6.98,0,9.77,12.56,5.58,8.84,2.33,15.35,4.19,0.47,3.26,0,1.4,1.86,26.98,1.86,15.81,5.58,0,2.79,0.93,0.93,5.58,0,5.58,3.26,2.33,0.93,0,0.93,0,0,0,0,13.02,7.44,2.79,1.86,0,0.93,2.33,5.58,0,0,0,0,0.47,0,0,0.47,8.37,0,0,5.12,3.26,0,0,0,0,0,0,0,0,0,0,0,0,1.86,0,0,0,0,0.47,0,2.79,3.26,0,0,2.79,0,0,0.47,0.47,2.79,6.05,1.4,0,0,0,0,0,7.91,3.26,1.86,0,2.79,0,0,0
2862,buyer,1,121,52.6,26.6,67.76,11.75,12.1,16.53,87.6,69.42,56.2,18.18,16.53,9.92,0.83,5.79,0,0,1.65,15.7,10.74,0,9.92,11.57,1.65,2.48,2.48,15.7,8.26,2.48,2.48,0.83,1.65,0,23.14,1.65,9.92,3.31,0.83,1.65,1.65,0,4.13,0,5.79,2.48,3.31,1.65,1.65,0,0,0,0,0,13.22,5.79,0,0,0,0.83,2.48,7.44,0,0,0,0,4.96,0,0,4.96,6.61,0,0,2.48,4.13,0,0,0,0,0,0,0,0,0,0,0,0,1.65,0,0.83,0,0.83,0,0,4.13,4.13,0,0.83,2.48,0.83,0.83,0,1.65,4.96,4.96,1.65,0,0,0,0,0,9.92,8.26,1.65,0,0,0,0,0
2862,seller,1,78,41.98,11.19,23.3,79.29,78,16.67,87.18,64.1,56.41,15.38,15.38,8.97,1.28,3.85,0,1.28,0,17.95,10.26,0,11.54,8.97,2.56,8.97,5.13,14.1,3.85,0,1.28,1.28,0,0,20.51,1.28,7.69,1.28,0,1.28,0,0,5.13,0,3.85,3.85,0,1.28,1.28,0,0,0,0,0,17.95,10.26,3.85,3.85,0,0,3.85,7.69,0,0,0,0,5.13,0,0,5.13,5.13,0,0,2.56,3.85,0,0,0,0,0,0,0,0,0,0,0,0,1.28,0,0,0,0,0,0,7.69,2.56,0,0,0,2.56,0,0,0,6.41,5.13,2.56,0,0,0,0,0,5.13,0,5.13,0,0,0,0,0
2863,buyer,1,86,1,3.41,97.61,36.9,17.2,13.95,93.02,76.74,63.95,24.42,12.79,8.14,1.16,3.49,0,0,11.63,11.63,5.81,1.16,3.49,12.79,8.14,9.3,4.65,18.6,2.33,3.49,2.33,1.16,1.16,0,33.72,0,12.79,2.33,1.16,2.33,0,0,6.98,0,1.16,1.16,0,0,0,0,0,0,0,0,11.63,6.98,2.33,2.33,0,0,5.81,4.65,0,0,0,0,1.16,0,0,1.16,1.16,0,0,0,1.16,0,2.33,0,0,0,0,0,0,1.16,0,0,0,4.65,0,0,0,0,0,0,5.81,4.65,0,0,4.65,0,0,0,9.3,9.3,4.65,2.33,1.16,1.16,0,0,0,8.14,5.81,1.16,0,0,1.16,0,0
2863,seller,1,109,4.8,56.48,97.92,11,21.8,22.02,93.58,72.48,56.88,24.77,21.1,10.09,0.92,10.09,0,0,3.67,13.76,4.59,0,8.26,8.26,7.34,8.26,2.75,15.6,7.34,3.67,3.67,2.75,0.92,0,28.44,0.92,14.68,4.59,2.75,0.92,0.92,0.92,6.42,0,6.42,2.75,3.67,0.92,0,0.92,0,0.92,0,0,21.1,10.09,3.67,1.83,0,0.92,3.67,11.01,0,0,0,0,0.92,0,0,0.92,9.17,0,0,4.59,5.5,0,0.92,0,0,0,0,0,0,0.92,0,0,0,0.92,0,0.92,0,0,0.92,0,7.34,5.5,0,0.92,3.67,0,0,0,4.59,1.83,6.42,1.83,0.92,0.92,0,0,0,11.01,3.67,4.59,0,0,2.75,0,0
2864,buyer,1,110,42.39,5.27,74.91,47.86,11,15.45,89.09,73.64,60,20.91,18.18,13.64,0.91,3.64,0,0,2.73,15.45,10.91,1.82,11.82,7.27,6.36,5.45,1.82,15.45,8.18,4.55,2.73,0.91,0,1.82,20,0,14.55,2.73,0.91,7.27,1.82,0,4.55,0,7.27,4.55,2.73,1.82,1.82,0,0,0,0,0,11.82,5.45,0.91,1.82,0,0.91,1.82,6.36,0,0,0,0,0,0,0,0,7.27,0,0,2.73,4.55,0,0,0,0,0,0,0,0,0,0,2.73,3.64,4.55,0,0.91,0,0,0,0,5.45,5.45,0,1.82,3.64,0,0,0,2.73,5.45,2.73,1.82,0,0,0,0,0,14.55,9.09,0.91,0,0,4.55,0,0
2864,seller,1,196,22.49,77.25,72.58,42.96,12.25,17.35,88.78,72.96,58.67,21.94,16.84,5.1,7.65,4.08,0,0,5.1,17.86,9.18,0,10.2,9.18,6.63,5.61,2.55,18.37,6.63,1.53,10.71,8.16,1.53,1.53,33.16,1.02,22.45,7.65,1.02,4.08,3.57,0.51,9.69,0,2.55,2.04,0.51,0.51,0,0.51,0,0,0.51,0,20.92,9.69,3.57,0.51,0,0,3.06,12.24,0,0,0,0,2.04,0.51,0,1.53,6.12,0,0,2.04,4.08,0,0,0,0,0,0,0,0,0,0,0,1.53,0.51,0,0.51,0,0,0,0,4.59,1.53,0,0,0.51,0,0,0,2.55,1.53,9.69,0,0.51,0,0.51,0,0,19.9,6.63,5.61,1.53,0,6.12,0,0
2867,buyer,1,229,52.55,45.23,18.11,54.12,22.9,19.21,89.08,65.94,59.39,17.9,9.17,3.93,0,4.8,0.44,0,8.73,19.65,10.92,0,12.66,11.79,1.75,6.11,1.75,14.85,4.37,0.87,3.49,1.31,0.44,1.75,24.89,0,13.1,1.75,2.62,2.62,2.18,0.44,4.8,0,3.93,3.06,0.87,0.44,0.44,0,0,0,0,0,15.72,8.73,1.31,1.31,0,0,5.24,6.55,0.44,0,0,0.44,2.62,0,0,2.62,6.11,0,0,3.49,2.62,0,0,0,0,0,0,0,0,0,0,0,0,0.44,0,0.87,0,0,0,0,2.62,3.06,0,0.44,2.62,0.44,0,0,2.62,6.11,4.37,3.06,0,0,0,0,0,6.99,3.49,1.75,0,0.87,0.44,0.44,0
2867,seller,1,159,17.41,99,33.18,38.43,22.71,18.87,93.08,71.07,61.64,22.01,19.5,2.52,6.92,9.43,0,0,2.52,13.21,6.29,0,10.69,10.69,3.77,7.55,1.89,16.35,3.14,1.26,11.32,6.92,0,4.4,24.53,0.63,15.09,5.03,0.63,3.14,1.89,3.14,3.77,0,5.03,3.14,1.89,1.89,1.26,0.63,0,0.63,0,0,25.79,8.18,1.26,2.52,0,0,5.03,17.61,0,0,0,0,0,0,0,0,5.66,0,0,3.77,3.14,0,0.63,0,0,0,0,0.63,0,0,0.63,0,0,0.63,0,1.26,0,0,0,0,3.14,6.92,0.63,0.63,4.4,1.26,0,0,2.52,5.03,3.14,1.26,0.63,0,0.63,0,0,9.43,4.4,5.03,0,0,0,0,0
2868,buyer,1,208,13.27,22.41,96.83,7.33,16,19.71,93.27,73.08,56.73,22.12,18.27,12.02,2.88,3.37,0,0,3.85,16.35,7.21,0,7.69,9.62,4.33,9.13,0.96,17.31,6.73,2.4,4.33,3.37,0.48,0.48,30.29,0.48,20.67,6.73,3.85,4.81,3.37,0.48,4.33,0,7.69,2.88,4.33,3.85,2.4,0.96,0,0,0.48,0,14.9,7.21,2.4,0.48,0.48,0,1.92,7.69,1.44,0,0,1.44,0,0,0,0,6.73,0,0,3.37,3.37,0,0.48,0.48,0.48,0,0,0,0,0,0,1.44,1.44,2.4,0,1.92,0,0,0,0,3.37,7.21,0,1.44,5.29,0.48,0,0,3.37,3.37,4.81,4.33,1.92,0.48,1.44,0,0,13.46,5.29,4.81,0.96,0,2.4,0,0
2868,seller,1,378,14.66,66.49,30.72,9.91,29.08,17.72,91.53,76.19,62.96,17.46,11.9,4.5,3.7,3.44,0,0.26,5.56,17.46,6.08,1.06,11.11,13.49,7.94,6.08,2.65,17.2,8.2,5.03,5.82,4.23,0,1.59,26.19,1.85,13.49,3.44,1.59,2.65,1.59,1.06,4.23,0,6.08,2.38,3.44,0.79,0,0.26,0,0,0.26,0,16.14,7.94,1.32,1.59,0,1.59,3.17,8.73,0.26,0,0,0.26,0.26,0,0,0.26,5.56,0,0,3.7,2.38,0,0,0,0,0,0,0,0,0,0,0.53,0,0.26,0,0.79,0,0,0,0,4.23,7.41,1.32,0.53,3.97,0,0.26,1.32,1.32,3.17,7.67,1.85,1.32,0,0.79,0.26,0.26,7.41,2.65,4.23,0.53,0,0,0,0
2869,buyer,1,143,43,13.69,87.56,74.76,17.88,11.19,95.8,82.52,64.34,18.88,13.99,9.79,1.4,2.8,0,0,4.9,15.38,8.39,0.7,14.69,13.29,3.5,6.29,0,22.38,11.19,1.4,2.8,1.4,0.7,0.7,22.38,0,17.48,6.99,0.7,3.5,3.5,0,5.59,0,6.29,4.9,1.4,1.4,1.4,0,0,0,0,0,8.39,2.1,0.7,1.4,0,0.7,0.7,5.59,0,0,0,0,0,0,0,0,5.59,0,0,3.5,2.1,0,0,0,0,0,0,0,0,0,0,0.7,0,1.4,0,0,0,0,0,1.4,9.09,8.39,1.4,2.1,3.5,1.4,0,2.1,0,3.5,6.99,1.4,0,0,0,0,0,8.39,4.2,2.8,1.4,0,0,0,0
2869,seller,1,87,58.3,13.19,16,99,8.7,14.94,87.36,67.82,57.47,13.79,8.05,6.9,0,1.15,0,0,5.75,19.54,11.49,0,11.49,17.24,1.15,4.6,0,20.69,6.9,3.45,5.75,1.15,1.15,3.45,21.84,1.15,14.94,5.75,1.15,5.75,3.45,0,1.15,0,14.94,14.94,0,6.9,6.9,0,0,0,0,0,12.64,11.49,3.45,8.05,0,0,1.15,1.15,0,0,0,0,0,0,0,0,5.75,0,0,2.3,3.45,0,0,0,0,0,0,0,0,0,0,0,0,0,0,0,0,0,0,0,1.15,0,0,0,0,0,0,0,4.6,2.3,4.6,1.15,0,0,0,0,0,20.69,6.9,3.45,3.45,1.15,3.45,2.3,0
2871,buyer,1,38,1,98.27,1,61.63,9.5,13.16,100,76.32,65.79,23.68,15.79,5.26,2.63,7.89,0,0,7.89,13.16,5.26,0,7.89,21.05,13.16,2.63,0,23.68,10.53,2.63,7.89,5.26,0,2.63,21.05,0,5.26,0,0,5.26,0,0,0,0,7.89,5.26,2.63,0,0,0,0,0,0,0,26.32,15.79,2.63,7.89,0,2.63,5.26,10.53,0,0,0,0,0,0,0,0,10.53,0,0,2.63,7.89,0,0,0,0,0,0,0,0,0,0,0,0,0,0,0,0,0,0,0,10.53,5.26,0,0,5.26,0,0,0,0,0,13.16,7.89,2.63,0,2.63,0,0,21.05,5.26,5.26,5.26,0,5.26,0,0
2871,seller,1,51,40.88,40.06,12.44,95.42,25.5,15.69,94.12,74.51,66.67,17.65,15.69,7.84,1.96,5.88,0,0,1.96,17.65,13.73,0,11.76,11.76,3.92,7.84,3.92,19.61,1.96,1.96,5.88,1.96,0,3.92,17.65,0,5.88,0,0,0,1.96,0,3.92,0,5.88,5.88,0,0,0,0,0,0,0,0,15.69,7.84,1.96,5.88,0,0,5.88,7.84,0,0,0,0,0,0,0,0,9.8,0,0,5.88,3.92,0,0,0,0,0,0,0,0,0,0,0,0,1.96,0,1.96,0,0,0,0,0,1.96,0,0,0,1.96,0,0,0,9.8,3.92,0,0,0,0,0,0,1.96,1.96,0,0,0,0,0,0
2872,buyer,1,54,1,40.06,10.18,99,27,20.37,94.44,64.81,59.26,25.93,16.67,7.41,3.7,5.56,0,0,9.26,16.67,3.7,0,5.56,14.81,5.56,5.56,5.56,16.67,3.7,1.85,7.41,3.7,1.85,1.85,27.78,0,22.22,3.7,3.7,11.11,0,0,7.41,0,14.81,11.11,3.7,5.56,3.7,1.85,0,0,0,0,24.07,12.96,7.41,3.7,0,0,3.7,11.11,0,0,0,0,0,0,0,0,9.26,0,1.85,7.41,1.85,0,0,0,0,0,0,0,0,0,0,0,0,1.85,0,0,0,0,0,0,3.7,0,0,0,0,0,0,0,3.7,3.7,5.56,0,1.85,0,1.85,0,0,7.41,0,5.56,1.85,0,0,0,0
2872,seller,1,53,5.44,40.06,2.78,99,17.67,13.21,92.45,81.13,67.92,22.64,11.32,5.66,3.77,1.89,0,0,11.32,18.87,9.43,0,7.55,18.87,3.77,7.55,1.89,24.53,0,9.43,3.77,3.77,0,0,26.42,0,16.98,3.77,1.89,7.55,0,3.77,5.66,0,7.55,7.55,0,0,0,0,0,0,0,0,9.43,1.89,0,0,0,0,0,7.55,0,0,0,0,0,0,0,0,5.66,0,0,1.89,5.66,0,0,0,0,0,0,0,0,0,0,0,0,0,0,0,0,0,0,0,3.77,0,0,0,0,0,0,0,0,5.66,7.55,7.55,3.77,0,1.89,1.89,0,11.32,1.89,7.55,1.89,0,0,0,0
2873,buyer,1,113,31.25,14.66,65.76,62.01,22.6,13.27,95.58,76.99,63.72,19.47,13.27,8.85,0,2.65,0,1.77,6.19,14.16,6.19,0,15.93,11.5,5.31,7.08,1.77,17.7,7.08,0.88,4.42,0.88,0,3.54,19.47,0,6.19,0,1.77,1.77,0.88,0,1.77,0,4.42,3.54,0.88,0.88,0.88,0,0,0,0,0,8.85,3.54,2.65,0.88,0,0,0.88,4.42,0,0,0,0,0,0,0,0,4.42,0,0,0.88,3.54,0,0,0,0,0,0,0,0,0,0,0,0,3.54,0,0.88,0,0.88,0,0.88,10.62,10.62,2.65,0.88,7.08,1.77,0,0,3.54,2.65,1.77,7.96,3.54,0,3.54,0,0,9.73,4.42,4.42,0,0,0.88,0,0
2873,seller,1,145,33.8,99,12.29,40.45,12.08,22.76,85.52,63.45,58.62,15.17,12.41,0,7.59,4.83,0,0,2.76,17.93,9.66,1.38,10.34,15.17,4.14,6.9,0.69,17.93,2.76,2.07,8.97,7.59,0,1.38,28.28,0.69,13.1,4.14,0.69,3.45,1.38,1.38,2.76,0,4.14,2.76,1.38,1.38,1.38,0,0,0,0,0,17.93,4.14,2.07,2.76,0,0,1.38,13.1,0,0,0,0,0,0,0,0,2.76,0,0,1.38,2.07,0,0,0,0,0,0,0,0,0,0,1.38,0.69,4.83,0,0,0,0,0,0.69,2.07,6.21,2.07,0.69,4.14,0,0,0,3.45,4.83,3.45,6.9,0,0,0,0,0,11.03,8.28,2.07,0,0,0.69,0,0
2874,buyer,1,118,36.28,15.45,25,60.16,9.83,12.71,91.53,71.19,60.17,16.1,8.47,5.08,0.85,2.54,0,0,7.63,18.64,11.86,0,8.47,13.56,2.54,7.63,1.69,16.95,5.08,0.85,2.54,0.85,0,1.69,23.73,0,14.41,4.24,1.69,4.24,1.69,0,5.93,0,4.24,3.39,0.85,0.85,0,0.85,0,0,0,0,14.41,10.17,4.24,5.08,0,0,4.24,4.24,0,0,0,0,1.69,0,0,1.69,5.08,0,0,2.54,2.54,0,0,0,0,0,0,0,0,0,0,0.85,0,3.39,0,0.85,0,0,0,0,6.78,3.39,0,0,2.54,0.85,0,0,0.85,5.08,5.08,2.54,3.39,0,3.39,0,0,11.02,4.24,0.85,5.08,0,0.85,0,0
2874,seller,1,182,32.56,33.82,15.98,90.1,18.2,11.54,92.86,74.18,61.54,17.03,12.64,7.69,0.55,4.4,0,0,4.4,11.54,6.04,1.1,14.84,13.74,5.49,6.04,1.1,19.78,7.69,3.3,6.04,1.65,1.65,2.75,21.43,0.55,11.54,3.3,1.65,6.04,2.2,0,2.2,0,9.34,7.14,2.2,4.4,3.3,1.1,0,0.55,0,0,13.19,7.14,3.3,4.4,0.55,0,2.2,4.95,0,0,0,0,0,0,0,0,6.04,0,0,2.2,4.4,0,0,0,0,0,0,0,0,0,0,0,1.1,3.85,0,0,0,0.55,0.55,0,5.49,4.95,0.55,0.55,2.2,0.55,1.1,0.55,2.75,2.75,7.69,0.55,0,0,0,0,0,10.44,3.85,3.85,1.65,0,0,1.1,0
2875,buyer,1,181,2.97,20.22,66.34,27.55,10.65,16.02,95.58,73.48,62.43,21.55,17.68,10.5,0.55,5.52,0,0,3.87,13.26,5.52,1.1,7.18,13.26,8.29,6.63,4.42,20.44,3.31,1.66,4.42,1.1,0.55,2.76,25.41,1.1,13.26,2.76,2.76,3.87,1.66,0,4.97,0,4.97,2.76,2.21,1.66,1.1,0.55,0,0,0,0,18.23,8.29,3.31,2.21,0,1.1,3.31,9.94,0,0,0,0,1.1,0,0,1.1,8.84,0,0,5.52,6.08,0,0,0,0,0,0,0,0,0,0,1.66,0.55,3.87,0,0,0,0,0,0,11.05,2.76,0,1.1,1.66,0,0,0,3.31,2.76,7.18,1.1,0,0,0,0,0,12.71,3.31,2.21,4.97,1.1,1.1,0,0
2875,seller,1,157,42.34,99,34.5,60.25,11.21,24.2,90.45,68.15,57.96,15.29,11.46,0,7.64,3.82,0,0,3.82,19.11,7.64,0,12.74,10.19,5.73,5.1,3.18,15.92,4.46,1.27,11.46,7.64,2.55,1.27,26.11,2.55,12.1,5.1,2.55,1.27,1.91,1.27,2.55,0,6.37,4.46,1.91,3.18,2.55,0.64,0,0,0,0,20.38,6.37,2.55,1.27,0,0.64,1.27,14.01,0,0,0,0,1.27,0,0,1.27,8.28,0,0,5.73,5.73,0,0,0,0,0,0,0,0,0,0,0,0.64,1.91,0,0,0,0,0,0,7.64,8.92,0,0.64,7.64,0.64,0,0,1.27,5.1,5.1,2.55,0,0,0,0,0,10.83,8.28,1.91,0,0,0.64,0,0
2878,buyer,1,61,8.79,49.82,27.07,44.83,15.25,13.11,96.72,73.77,65.57,18.03,13.11,6.56,0,6.56,0,0,4.92,19.67,9.84,1.64,6.56,18.03,4.92,8.2,1.64,21.31,4.92,4.92,8.2,0,0,8.2,29.51,4.92,9.84,3.28,1.64,3.28,0,0,3.28,0,4.92,3.28,1.64,0,0,0,0,0,0,0,18.03,11.48,4.92,8.2,0,1.64,4.92,6.56,0,0,0,0,0,0,0,0,6.56,0,0,0,6.56,0,0,0,0,0,0,0,0,0,0,0,0,3.28,0,0,0,0,0,0,1.64,3.28,0,0,3.28,0,0,0,1.64,6.56,8.2,0,0,0,0,0,0,6.56,3.28,0,1.64,0,0,1.64,0
2878,seller,1,116,45.35,98.59,31.84,60.88,9.67,22.41,88.79,66.38,54.31,17.24,16.38,4.31,3.45,8.62,0,0,0.86,16.38,6.03,0.86,12.93,7.76,3.45,7.76,0.86,13.79,5.17,3.45,6.03,3.45,0,2.59,25,2.59,14.66,4.31,0.86,3.45,3.45,0.86,3.45,0,4.31,3.45,0.86,1.72,0.86,0.86,0,0,0,0,27.59,14.66,6.9,6.03,0,0.86,6.03,12.93,0,0,0,0,0,0,0,0,4.31,0,0,0.86,4.31,0,0,0,0,0,0,0,0,0,0,0,0,0,0,0,0,0,0,0,1.72,6.9,1.72,0.86,4.31,0.86,0.86,0,1.72,4.31,5.17,0,0,0,0,0,0,16.38,8.62,5.17,0.86,0,0.86,0.86,0
2879,buyer,1,143,1.5,1,87.56,89.72,11,13.99,92.31,72.73,61.54,25.17,17.48,13.29,0.7,3.5,0,0,7.69,8.39,1.4,1.4,6.99,12.59,2.8,9.09,4.2,21.68,3.5,1.4,2.1,0.7,0.7,0.7,36.36,0,25.17,6.99,1.4,7.69,2.1,0,8.39,0,4.9,4.9,0,4.2,4.2,0,0,0,0,0,8.39,4.2,0,0.7,0,0.7,2.1,4.2,0,0,0,0,0,0,0,0,8.39,0,0,4.2,4.2,0,0,0,0,0,0,0,0,0,0,0,0,3.5,0,0,0,0,0,1.4,4.2,3.5,1.4,0.7,1.4,2.1,0,0,1.4,6.99,2.8,4.2,0,0,0,0,0,9.79,8.39,0.7,0.7,0,0,0,0
2879,seller,1,203,3,17.89,84.21,4.68,50.75,7.88,97.04,82.76,69.46,24.63,18.23,8.87,0,9.36,0,0,6.4,14.29,6.4,0,11.33,16.26,4.93,6.9,6.4,25.12,4.43,0.49,2.46,0,0.49,1.97,33.5,3.94,15.27,2.96,0.99,3.94,2.96,0,7.88,0,1.97,0,1.97,0.99,0,0.99,0,0,0,0,20.69,11.33,1.97,0.99,0,0,3.45,9.36,0,0,0,0,0,0,0,0,6.9,0,0,1.97,5.42,0,0,0,0,0,0,0,0,0,0,0,0,1.48,0,0,0,0,0,0,6.9,7.39,0.49,1.97,3.94,0.49,0,0.49,1.97,6.4,11.82,1.48,0,0,0,0,0,4.43,1.48,2.96,0,0,0,0,0
2881,buyer,1,64,1,7.67,54.55,88.05,9.14,17.19,98.44,82.81,67.19,31.25,21.88,15.63,0,6.25,0,0,9.38,14.06,0,0,6.25,12.5,12.5,9.38,3.13,17.19,9.38,3.13,3.13,0,0,3.13,32.81,4.69,10.94,0,1.56,3.13,0,3.13,3.13,0,7.81,6.25,1.56,1.56,1.56,0,0,0,0,0,14.06,6.25,4.69,4.69,0,0,4.69,7.81,0,0,0,0,1.56,0,0,1.56,0,0,0,0,0,0,0,0,0,0,0,0,0,0,0,0,0,4.69,0,0,0,0,0,0,6.25,3.13,0,0,0,1.56,1.56,0,3.13,4.69,6.25,6.25,6.25,1.56,4.69,0,0,20.31,9.38,6.25,1.56,0,3.13,0,0
2881,seller,1,166,16.29,94.09,66.6,98.79,11.07,15.66,90.96,75.9,62.05,25.3,18.07,7.23,1.2,9.64,0,0,7.23,13.86,6.63,1.2,10.84,11.45,4.22,5.42,0.6,21.08,3.61,1.81,2.41,1.81,0.6,0,22.29,0,13.86,3.61,0,5.42,4.22,0,1.81,0,8.43,7.83,0.6,4.22,3.61,0.6,0,0,0,0,18.07,7.23,4.22,4.82,0,0,1.81,10.84,0,0,0,0,0.6,0,0,0.6,3.01,0,0,1.2,1.81,0,0,0,0,0,0,0,0,0,0,0,1.2,3.01,0,0.6,0,0,0,0,8.43,10.24,1.2,1.81,6.02,1.2,0.6,0,5.42,1.81,4.82,4.22,1.2,0,1.2,0,0,12.05,5.42,1.2,3.01,0.6,1.81,0,0
2889,buyer,1,254,12.26,49.43,76.2,91.33,23.09,13.39,92.91,76.77,65.35,24.02,16.54,9.06,2.36,4.33,0.79,0,7.48,16.54,5.12,0.79,11.81,9.45,5.51,8.66,1.18,15.75,4.72,4.72,3.94,2.36,0,1.57,20.47,0.39,11.42,3.94,1.57,1.18,2.36,0.39,3.54,0,6.69,5.91,0.79,1.97,1.57,0.39,0,0,0.39,0,14.57,5.91,2.36,1.97,0,0,4.33,8.66,0.39,0,0,1.18,0,0,0,0,6.3,0.39,0,1.97,3.94,0,0,0,0,0,0,0,0,0,0,0.39,0,1.57,0,0,0,0,0,0.79,9.06,5.91,0.79,1.18,4.33,1.18,0,0.39,1.97,2.76,3.15,3.15,0,0,0,0,0,8.27,2.76,3.15,1.18,0,0.39,0.79,0
2889,seller,1,92,7.17,40.06,60.36,84.9,7.67,19.57,96.74,82.61,67.39,20.65,13.04,5.43,1.09,6.52,0,0,7.61,11.96,4.35,1.09,11.96,15.22,7.61,3.26,5.43,27.17,3.26,1.09,2.17,1.09,0,1.09,34.78,2.17,25,3.26,2.17,5.43,6.52,2.17,4.35,0,8.7,6.52,2.17,4.35,3.26,1.09,1.09,0,0,0,13.04,5.43,3.26,4.35,0,0,4.35,7.61,0,0,0,0,1.09,0,0,1.09,2.17,0,0,1.09,1.09,0,0,0,0,0,0,0,0,0,0,2.17,0,1.09,0,0,0,0,0,0,10.87,8.7,0,2.17,7.61,1.09,0,0,2.17,4.35,4.35,5.43,0,0,0,0,0,15.22,11.96,2.17,1.09,0,0,0,0
