kodis-id,buyer or seller,Segment,WC,Analytic,Clout,Authentic,Tone,WPS,BigWords,Dic,Linguistic,function,pronoun,ppron,i,we,you,shehe,they,ipron,det,article,number,prep,auxverb,adverb,conj,negate,verb,adj,quantity,Drives,affiliation,achieve,power,Cognition,allnone,cogproc,insight,cause,discrep,tentat,certitude,differ,memory,Affect,tone_pos,tone_neg,emotion,emo_pos,emo_neg,emo_anx,emo_anger,emo_sad,swear,Social,socbehav,prosocial,polite,conflict,moral,comm,socrefs,family,friend,female,male,Culture,politic,ethnicity,tech,Lifestyle,leisure,home,work,money,relig,Physical,health,illness,wellness,mental,substances,sexual,food,death,need,want,acquire,lack,fulfill,fatigue,reward,risk,curiosity,allure,Perception,attention,motion,space,visual,auditory,feeling,time,focuspast,focuspresent,focusfuture,Conversation,netspeak,assent,nonflu,filler,AllPunc,Period,Comma,QMark,Exclam,Apostro,OtherP,Emoji
2523,buyer,1,105,14.57,1,42.95,65.27,21,18.1,91.43,71.43,64.76,20.95,14.29,12.38,0,0,0.95,0.95,6.67,18.1,11.43,0.95,6.67,13.33,3.81,6.67,3.81,18.1,0,1.9,0.95,0,0,0.95,27.62,0,12.38,0,3.81,3.81,0.95,0,4.76,0,4.76,3.81,0.95,4.76,3.81,0.95,0,0,0,0,5.71,2.86,0,0,0.95,0,2.86,2.86,0,0,0,0.95,0.95,0,0,0.95,9.52,0,0,4.76,4.76,0,0,0,0,0,0,0,0,0,0,0,0,5.71,0,0,0,0,0,0,2.86,2.86,0,0,1.9,0.95,0,0,2.86,14.29,4.76,0,0.95,0.95,0,0,0,7.62,3.81,2.86,0.95,0,0,0,0
2523,buyer,1,121,9.47,1,67.76,31.61,15.13,15.7,93.39,72.73,64.46,22.31,13.22,10.74,0,1.65,0,0.83,9.09,19.01,9.92,2.48,5.79,14.05,3.31,6.61,3.31,19.83,1.65,2.48,0.83,0,0,0.83,26.45,0,10.74,0.83,2.48,2.48,1.65,0,4.96,0,4.13,2.48,1.65,3.31,2.48,0.83,0,0,0,0,4.96,2.48,0,0,0.83,0,2.48,2.48,0,0,0,0,0.83,0,0,0.83,9.09,0,0,4.13,4.96,0,0,0,0,0,0,0,0,0,0,0,0,4.13,2.48,0,0,0,0,0,4.13,4.13,0,0,3.31,0.83,0,0,3.31,13.22,4.96,1.65,0.83,0.83,0,0,0,9.92,5.79,3.31,0.83,0,0,0,0
2523,buyer,1,101,8.52,7.45,17.04,67.03,12.63,10.89,90.1,72.28,64.36,21.78,10.89,6.93,0,2.97,0,0.99,10.89,21.78,9.9,2.97,4.95,14.85,2.97,6.93,2.97,19.8,1.98,3.96,0,0,0,0,26.73,1.98,10.89,0.99,0,3.96,1.98,0,4.95,0.99,4.95,3.96,0.99,2.97,2.97,0,0,0,0,0,6.93,1.98,0.99,0.99,0,0,1.98,3.96,0,0,0,0,0.99,0,0,0.99,7.92,0,0,2.97,4.95,0,0,0,0,0,0,0,0,0,0,0,0,1.98,2.97,0,0,0,0,0,5.94,2.97,0,0,2.97,0,0,0,0.99,8.91,5.94,1.98,0,0,0,0,0,10.89,6.93,2.97,0.99,0,0,0,0
2523,buyer,1,152,4.6,14.81,52.19,29.06,15.2,13.16,91.45,73.03,63.82,23.68,11.84,7.24,0,4.61,0,0,11.84,20.39,7.89,1.97,5.26,13.16,2.63,10.53,1.97,18.42,4.61,2.63,0.66,0,0,0.66,25,1.97,14.47,3.29,0.66,2.63,4.61,0.66,6.58,0.66,4.61,2.63,1.97,1.97,1.97,0,0,0,0,0,9.21,3.29,0.66,0.66,0,1.32,1.97,5.92,0,0,0,0,0.66,0,0,0.66,7.24,0,0,2.63,4.61,0,0,0,0,0,0,0,0,0,0,0,0,1.32,1.97,0,0,0,0,0,7.89,2.63,0,1.32,1.97,0,0,0,0.66,3.95,6.58,1.97,0,0,0,0,0,12.5,6.58,4.61,0,0,0.66,0.66,0
2523,buyer,1,114,6.22,11.98,64.56,32.38,16.29,15.79,90.35,72.81,63.16,23.68,13.16,8.77,0,4.39,0,0,10.53,19.3,8.77,0,6.14,12.28,2.63,11.4,1.75,18.42,4.39,0.88,0.88,0,0,0.88,24.56,2.63,14.91,3.51,0.88,2.63,4.39,0.88,6.14,0.88,4.39,2.63,1.75,1.75,1.75,0,0,0,0,0,10.53,4.39,0.88,0.88,0,1.75,2.63,6.14,0,0,0,0,0.88,0,0,0.88,7.89,0,0,3.51,4.39,0,0,0,0,0,0,0,0,0,0,0,0,1.75,0,0,0,0,0,0,7.02,3.51,0,2.63,1.75,0,0,0,0,3.51,7.02,0.88,0,0,0,0,0,12.28,6.14,4.39,0,0,0.88,0.88,0
2523,seller,1,60,4.95,93.37,3.81,90.5,15,23.33,93.33,76.67,66.67,28.33,15,3.33,8.33,1.67,0,1.67,13.33,21.67,0,1.67,13.33,10,1.67,6.67,5,16.67,5,3.33,10,8.33,0,1.67,25,1.67,16.67,0,1.67,3.33,3.33,1.67,5,0,11.67,8.33,3.33,6.67,6.67,0,0,0,0,0,16.67,1.67,0,0,0,0,1.67,15,0,0,0,0,1.67,0,0,1.67,3.33,0,0,1.67,3.33,0,0,0,0,0,0,0,0,0,0,0,0,1.67,0,0,0,0,0,0,5,6.67,0,1.67,1.67,3.33,1.67,0,0,0,8.33,0,1.67,1.67,0,0,0,8.33,6.67,0,0,0,1.67,0,0
2523,seller,1,58,3,98.12,2.1,98.26,19.33,13.79,96.55,81.03,68.97,31.03,18.97,5.17,6.9,5.17,0,1.72,12.07,20.69,1.72,1.72,12.07,13.79,0,5.17,5.17,20.69,6.9,3.45,8.62,6.9,0,1.72,27.59,1.72,13.79,0,1.72,3.45,3.45,0,3.45,1.72,6.9,6.9,0,5.17,5.17,0,0,0,0,0,18.97,1.72,0,0,0,0,0,17.24,0,0,0,0,0,0,0,0,6.9,0,0,1.72,6.9,0,0,0,0,0,0,0,0,0,0,3.45,0,1.72,0,0,0,0,0,0,5.17,5.17,0,0,0,3.45,1.72,0,1.72,0,6.9,6.9,1.72,1.72,0,0,0,8.62,5.17,0,0,0,3.45,0,0
2523,seller,1,68,6.29,99,12.44,85.53,22.67,11.76,95.59,80.88,66.18,29.41,19.12,4.41,4.41,8.82,0,1.47,10.29,19.12,2.94,1.47,11.76,10.29,1.47,5.88,4.41,19.12,8.82,2.94,5.88,4.41,0,1.47,25,1.47,10.29,0,1.47,0,2.94,0,4.41,1.47,4.41,4.41,0,1.47,1.47,0,0,0,0,0,22.06,4.41,1.47,0,0,0,0,17.65,0,0,0,0,0,0,0,0,7.35,0,0,1.47,7.35,0,0,0,0,0,0,0,0,0,0,2.94,0,4.41,0,0,0,0,0,0,2.94,2.94,0,0,0,1.47,1.47,0,2.94,1.47,7.35,5.88,0,0,0,0,0,5.88,4.41,0,0,0,1.47,0,0
2523,seller,1,63,3.98,92.24,24.32,43.94,21,14.29,93.65,66.67,52.38,22.22,15.87,3.17,1.59,7.94,0,3.17,6.35,12.7,3.17,0,6.35,12.7,1.59,6.35,6.35,22.22,4.76,1.59,4.76,1.59,0,3.17,30.16,1.59,12.7,3.17,1.59,0,1.59,0,4.76,1.59,1.59,1.59,0,0,0,0,0,0,0,0,23.81,7.94,4.76,3.17,0,0,0,15.87,0,0,0,0,0,0,0,0,17.46,0,0,3.17,14.29,0,0,0,0,0,0,0,0,0,0,3.17,0,9.52,0,0,0,0,0,0,6.35,1.59,0,0,0,0,1.59,0,3.17,6.35,7.94,6.35,0,0,0,0,0,17.46,4.76,6.35,0,0,4.76,1.59,0
2525,buyer,1,83,22.54,1,99,37.57,9.22,19.28,92.77,75.9,60.24,19.28,15.66,13.25,0,2.41,0,0,3.61,15.66,9.64,0,8.43,10.84,7.23,6.02,1.2,19.28,8.43,2.41,3.61,0,1.2,2.41,28.92,0,21.69,6.02,1.2,6.02,1.2,1.2,6.02,0,8.43,4.82,3.61,3.61,2.41,1.2,0,0,0,0,8.43,4.82,1.2,2.41,0,1.2,1.2,3.61,1.2,0,0,1.2,0,0,0,0,4.82,0,0,2.41,2.41,0,1.2,1.2,1.2,0,0,0,0,0,0,1.2,1.2,6.02,0,0,0,0,0,0,8.43,7.23,0,2.41,6.02,0,0,0,3.61,3.61,4.82,0,0,0,0,0,0,14.46,10.84,2.41,0,0,0,1.2,0
2525,buyer,1,103,10.63,1,99,10.58,11.44,19.42,93.2,79.61,65.05,23.3,18.45,13.59,0,4.85,0,0,4.85,14.56,7.77,0,9.71,10.68,5.83,6.8,3.88,17.48,7.77,2.91,2.91,0,0.97,1.94,27.18,0,20.39,4.85,0.97,2.91,1.94,0.97,9.71,0,4.85,1.94,2.91,0.97,0,0.97,0,0,0,0,8.74,2.91,0.97,0.97,0,0.97,0,5.83,0.97,0,0,0.97,0,0,0,0,4.85,0,0,2.91,1.94,0,0.97,0.97,0.97,0,0,0,0,0,0,2.91,0.97,4.85,0,0,0,0,0,0,5.83,3.88,0,0.97,2.91,0,0,0,2.91,2.91,4.85,0,0,0,0,0,0,10.68,7.77,1.94,0,0,0,0.97,0
2525,buyer,1,36,2.87,1,99,64,12,22.22,94.44,83.33,72.22,30.56,22.22,13.89,0,8.33,0,0,8.33,13.89,5.56,0,11.11,11.11,2.78,5.56,8.33,13.89,5.56,2.78,2.78,0,2.78,0,27.78,0,22.22,8.33,0,0,2.78,0,13.89,0,2.78,2.78,0,0,0,0,0,0,0,0,8.33,0,0,0,0,0,0,8.33,0,0,0,0,0,0,0,0,2.78,0,0,2.78,0,0,0,0,0,0,0,0,0,0,0,5.56,0,0,0,0,0,0,0,0,0,0,0,0,0,0,0,0,0,0,5.56,0,0,0,0,0,0,5.56,5.56,0,0,0,0,0,0
2525,buyer,1,50,7.03,19.67,85.71,50.98,25,22,90,64,54,22,18,8,0,6,0,4,4,10,2,0,8,10,2,6,6,14,4,4,4,0,0,4,22,0,14,4,0,0,2,0,10,0,2,2,0,0,0,0,0,0,0,0,18,4,4,4,0,0,0,14,0,0,0,0,0,0,0,0,18,0,0,6,12,0,0,0,0,0,0,0,0,0,0,4,0,8,0,2,0,0,0,0,6,2,0,0,2,0,0,0,0,4,4,0,0,0,0,0,0,14,4,8,0,0,0,2,0
2525,seller,1,98,22.49,69.75,59.08,34.6,10.89,8.16,89.8,80.61,64.29,22.45,14.29,7.14,0,7.14,0,0,8.16,19.39,7.14,0,11.22,13.27,5.1,3.06,1.02,20.41,10.2,2.04,0,0,0,0,21.43,0,10.2,3.06,0,1.02,5.1,0,2.04,0,3.06,2.04,1.02,2.04,1.02,1.02,0,0,0,0,12.24,4.08,1.02,1.02,0,0,2.04,8.16,1.02,0,0,1.02,0,0,0,0,4.08,0,0,2.04,2.04,0,0,0,0,0,0,0,0,0,0,0,0,2.04,0,0,0,0,0,0,8.16,10.2,0,0,8.16,0,1.02,1.02,0,2.04,11.22,0,0,0,0,0,0,10.2,7.14,1.02,2.04,0,0,0,0
2525,seller,1,119,32.12,60.07,79.65,11.63,11.9,13.45,91.6,76.47,61.34,21.01,14.29,7.56,0,6.72,0,0,6.72,18.49,8.4,0,10.92,11.76,4.2,4.2,0.84,19.33,7.56,0.84,1.68,0,0,1.68,25.21,0,13.45,4.2,0,1.68,5.88,0,3.36,0,2.52,0.84,1.68,2.52,0.84,1.68,0,0.84,0,0,13.45,5.04,2.52,2.52,0,0,0,8.4,1.68,0,0,1.68,0,0,0,0,3.36,0,0,1.68,1.68,0,0,0,0,0,0,0,0,0,0,0,0.84,1.68,0,0,0,0,0,0,5.88,9.24,0,0.84,7.56,0,0.84,0.84,0.84,1.68,10.08,0.84,0,0,0,0,0,9.24,6.72,1.68,0.84,0,0,0,0
2525,seller,1,64,19.03,67.52,83.28,20.23,12.8,17.19,93.75,75,60.94,25,15.63,7.81,0,7.81,0,0,9.38,20.31,7.81,0,7.81,12.5,3.13,3.13,0,18.75,6.25,1.56,3.13,0,0,3.13,28.13,1.56,15.63,4.69,0,3.13,4.69,0,4.69,0,3.13,1.56,1.56,3.13,1.56,1.56,0,1.56,0,0,17.19,7.81,4.69,4.69,0,0,0,9.38,1.56,0,0,1.56,0,0,0,0,1.56,0,0,0,1.56,0,0,0,0,0,0,0,0,0,0,0,1.56,0,0,0,0,0,0,0,6.25,7.81,0,1.56,6.25,0,0,1.56,1.56,0,10.94,1.56,1.56,0,1.56,0,0,10.94,6.25,3.13,1.56,0,0,0,0
2525,seller,1,39,38.2,69.89,66.8,20.23,13,23.08,97.44,66.67,53.85,20.51,15.38,7.69,0,7.69,0,0,5.13,17.95,10.26,0,7.69,10.26,2.56,5.13,0,17.95,2.56,0,5.13,0,0,5.13,30.77,2.56,17.95,5.13,0,5.13,5.13,0,5.13,0,5.13,2.56,2.56,2.56,0,2.56,0,2.56,0,0,23.08,12.82,7.69,7.69,0,0,0,10.26,2.56,0,0,2.56,0,0,0,0,2.56,0,0,2.56,0,0,0,0,0,0,0,0,0,0,0,0,2.56,2.56,0,0,0,0,0,0,2.56,2.56,0,2.56,2.56,0,0,0,2.56,0,7.69,2.56,2.56,0,2.56,0,0,10.26,5.13,5.13,0,0,0,0,0
2526,buyer,1,40,62.1,1,45.52,99,40,10,95,70,60,20,12.5,10,0,2.5,0,0,7.5,17.5,7.5,0,17.5,7.5,5,2.5,2.5,17.5,0,0,0,0,0,0,30,0,30,10,0,15,0,0,7.5,0,15,15,0,10,10,0,0,0,0,0,5,2.5,0,0,0,0,2.5,2.5,0,0,0,0,0,0,0,0,12.5,0,0,7.5,5,0,2.5,0,0,0,0,0,0,0,0,0,0,2.5,0,0,0,0,0,0,10,5,0,0,5,0,0,0,0,0,0,0,0,0,0,0,0,2.5,0,2.5,0,0,0,0,0
2526,buyer,1,64,43.4,2.9,89.39,99,64,14.06,93.75,70.31,62.5,21.88,17.19,10.94,0,6.25,0,0,4.69,17.19,4.69,0,18.75,7.81,4.69,4.69,3.13,15.63,0,0,0,0,0,0,31.25,0,29.69,9.38,0,9.38,1.56,1.56,9.38,0,10.94,10.94,0,6.25,6.25,0,0,0,0,0,9.38,3.13,0,0,0,0,3.13,6.25,0,0,0,0,0,0,0,0,9.38,0,0,7.81,1.56,0,1.56,0,0,0,0,0,0,0,0,0,0,1.56,0,0,0,0,0,0,9.38,6.25,1.56,0,4.69,0,0,0,0,1.56,0,0,0,0,0,0,0,4.69,1.56,3.13,0,0,0,0,0
2526,buyer,1,75,32.18,14.57,79.53,92.7,37.5,17.33,94.67,64,53.33,17.33,14.67,6.67,0,5.33,0,2.67,2.67,16,4,0,13.33,8,4,5.33,5.33,18.67,0,0,2.67,0,0,2.67,33.33,1.33,25.33,9.33,0,5.33,1.33,1.33,9.33,0,5.33,5.33,0,2.67,2.67,0,0,0,0,0,16,5.33,2.67,2.67,0,0,2.67,10.67,0,0,0,0,0,0,0,0,17.33,0,0,8,9.33,0,1.33,0,0,0,0,0,0,0,0,0,0,6.67,0,0,0,0,0,0,12,4,1.33,0,2.67,0,0,0,0,6.67,1.33,0,0,0,0,0,0,12,2.67,6.67,0,0,1.33,1.33,0
2526,seller,1,53,11.97,4.74,55.39,49.04,13.25,22.64,96.23,69.81,58.49,15.09,15.09,9.43,1.89,3.77,0,0,0,16.98,3.77,1.89,13.21,13.21,7.55,7.55,5.66,16.98,7.55,5.66,1.89,1.89,0,0,35.85,7.55,13.21,1.89,0,1.89,0,3.77,5.66,0,1.89,1.89,0,0,0,0,0,0,0,0,16.98,11.32,1.89,0,0,1.89,3.77,5.66,0,0,0,0,1.89,0,0,1.89,15.09,0,0,3.77,11.32,0,0,0,0,0,0,0,0,0,0,0,0,3.77,0,0,0,0,0,0,9.43,1.89,1.89,0,0,0,0,0,3.77,0,11.32,1.89,0,0,0,0,0,20.75,7.55,7.55,0,0,3.77,1.89,0
2526,seller,1,76,10.79,7.5,70.28,61.63,10.86,22.37,89.47,67.11,60.53,19.74,15.79,9.21,0,6.58,0,0,3.95,14.47,6.58,1.32,10.53,13.16,7.89,5.26,3.95,17.11,3.95,3.95,2.63,0,0,2.63,35.53,2.63,21.05,3.95,1.32,2.63,1.32,2.63,9.21,0,2.63,2.63,0,1.32,1.32,0,0,0,0,0,17.11,10.53,2.63,2.63,0,1.32,2.63,7.89,0,0,0,1.32,0,0,0,0,9.21,0,0,3.95,5.26,0,0,0,0,0,0,0,0,0,0,0,1.32,2.63,0,0,0,0,0,2.63,5.26,5.26,5.26,0,0,2.63,0,0,1.32,1.32,7.89,3.95,0,0,0,0,0,23.68,9.21,10.53,0,0,2.63,1.32,0
2526,seller,1,64,19.03,7.67,54.55,88.05,9.14,23.44,87.5,64.06,59.38,17.19,12.5,7.81,0,4.69,0,0,4.69,14.06,6.25,0,10.94,12.5,7.81,4.69,3.13,15.63,3.13,4.69,3.13,0,0,3.13,34.38,3.13,21.88,4.69,1.56,1.56,1.56,3.13,7.81,0,4.69,4.69,0,1.56,1.56,0,0,0,0,0,14.06,9.38,3.13,3.13,0,1.56,3.13,6.25,0,0,0,1.56,0,0,0,0,9.38,0,0,6.25,3.13,0,0,0,0,0,0,0,0,0,0,0,1.56,3.13,0,0,0,0,0,3.13,4.69,6.25,6.25,0,0,3.13,0,0,0,1.56,6.25,3.13,0,0,0,0,0,20.31,9.38,9.38,0,0,1.56,0,0
2527,buyer,1,52,14.06,40.06,94.47,99,10.4,13.46,96.15,71.15,57.69,21.15,19.23,11.54,0,7.69,0,0,1.92,11.54,11.54,0,7.69,9.62,9.62,9.62,0,13.46,9.62,1.92,0,0,0,0,23.08,0,15.38,5.77,0,3.85,3.85,1.92,3.85,0,17.31,13.46,3.85,11.54,9.62,1.92,0,0,0,0,15.38,7.69,3.85,3.85,0,1.92,3.85,7.69,0,0,0,0,0,0,0,0,11.54,0,0,7.69,3.85,0,0,0,0,0,0,0,0,0,0,0,3.85,3.85,0,1.92,0,0,0,0,0,5.77,0,1.92,5.77,0,0,0,1.92,1.92,1.92,3.85,0,0,0,0,0,21.15,5.77,5.77,3.85,0,5.77,0,0
2527,buyer,1,58,4,94.12,97.87,46.24,9.67,10.34,94.83,77.59,62.07,25.86,24.14,10.34,0,13.79,0,0,1.72,10.34,10.34,0,5.17,8.62,10.34,10.34,0,13.79,10.34,1.72,0,0,0,0,20.69,0,13.79,6.9,0,0,3.45,1.72,5.17,0,12.07,6.9,5.17,6.9,3.45,3.45,0,0,0,0,20.69,6.9,5.17,3.45,0,1.72,3.45,13.79,0,0,0,0,0,0,0,0,8.62,0,0,6.9,1.72,0,0,0,0,0,0,0,0,0,0,0,0,1.72,0,1.72,0,0,0,0,0,5.17,0,0,5.17,0,0,0,1.72,1.72,0,8.62,0,0,0,0,0,15.52,3.45,3.45,5.17,1.72,1.72,0,0
2527,buyer,1,60,2.87,89.5,99,90.5,10,10,95,78.33,65,26.67,25,11.67,0,13.33,0,0,1.67,8.33,8.33,0,8.33,8.33,10,13.33,0,11.67,8.33,1.67,1.67,0,0,1.67,21.67,1.67,13.33,6.67,0,0,3.33,1.67,5,0,11.67,8.33,3.33,6.67,3.33,3.33,0,0,0,0,20,6.67,6.67,5,0,0,3.33,13.33,0,0,0,0,0,0,0,0,6.67,0,0,5,1.67,0,0,0,0,0,0,0,0,0,0,0,0,1.67,0,1.67,0,0,0,0,1.67,5,0,0,5,0,0,0,3.33,0,0,8.33,1.67,0,1.67,0,0,16.67,3.33,3.33,3.33,3.33,1.67,1.67,0
2527,buyer,1,36,4.55,98.75,96.01,99,7.2,8.33,94.44,80.56,63.89,27.78,27.78,11.11,2.78,13.89,0,0,0,8.33,8.33,0,8.33,11.11,5.56,11.11,0,16.67,8.33,0,5.56,2.78,0,2.78,19.44,2.78,11.11,2.78,0,2.78,2.78,0,5.56,0,13.89,11.11,2.78,5.56,2.78,2.78,0,0,0,0,25,8.33,8.33,8.33,0,0,5.56,16.67,0,0,0,0,0,0,0,0,2.78,0,0,2.78,0,0,0,0,0,0,0,0,0,0,0,0,0,0,0,0,0,0,0,0,2.78,5.56,0,2.78,5.56,0,0,0,2.78,0,2.78,8.33,2.78,0,2.78,0,0,22.22,5.56,2.78,2.78,5.56,2.78,2.78,0
2527,buyer,1,19,6.22,70.59,93.14,99,6.33,10.53,94.74,73.68,57.89,21.05,21.05,10.53,5.26,5.26,0,0,0,5.26,5.26,0,10.53,10.53,5.26,15.79,0,15.79,5.26,0,10.53,5.26,0,5.26,21.05,5.26,10.53,0,0,5.26,5.26,0,5.26,0,21.05,21.05,0,5.26,5.26,0,0,0,0,0,21.05,10.53,10.53,10.53,0,0,5.26,10.53,0,0,0,0,0,0,0,0,5.26,0,0,5.26,0,0,0,0,0,0,0,0,0,0,0,0,0,5.26,0,0,0,0,0,0,5.26,5.26,0,5.26,5.26,0,0,0,5.26,0,5.26,0,5.26,0,5.26,0,0,26.32,5.26,5.26,0,5.26,5.26,5.26,0
2527,seller,1,30,49.68,89.5,39.59,72.45,15,23.33,86.67,66.67,53.33,13.33,13.33,3.33,3.33,6.67,0,0,0,13.33,10,0,13.33,10,6.67,6.67,3.33,20,3.33,0,6.67,3.33,0,3.33,23.33,0,6.67,0,0,0,3.33,0,3.33,0,3.33,3.33,0,3.33,3.33,0,0,0,0,0,16.67,6.67,6.67,6.67,0,0,0,10,0,0,0,0,0,0,0,0,13.33,0,0,3.33,10,0,0,0,0,0,0,0,0,0,0,0,0,3.33,0,0,0,0,0,0,3.33,3.33,0,3.33,3.33,0,0,0,3.33,6.67,3.33,10,0,0,0,0,0,10,3.33,3.33,0,0,3.33,0,0
2527,seller,1,31,60.93,98.45,1,97.31,15.5,22.58,90.32,74.19,58.06,12.9,12.9,3.23,3.23,6.45,0,0,0,16.13,12.9,0,16.13,9.68,9.68,9.68,0,19.35,6.45,0,9.68,3.23,0,6.45,19.35,0,6.45,0,0,3.23,3.23,0,0,0,6.45,6.45,0,3.23,3.23,0,0,0,0,0,16.13,6.45,6.45,6.45,0,0,0,9.68,0,0,0,0,0,0,0,0,9.68,0,0,3.23,6.45,0,0,0,0,0,0,0,0,0,0,3.23,0,3.23,0,0,0,0,0,0,9.68,0,0,0,0,0,0,0,3.23,3.23,0,12.9,0,0,0,0,0,16.13,6.45,6.45,0,0,3.23,0,0
2527,seller,1,19,6.22,98.27,1,92.27,9.5,10.53,100,89.47,63.16,15.79,15.79,5.26,0,10.53,0,0,0,10.53,5.26,0,15.79,15.79,10.53,15.79,0,26.32,15.79,0,5.26,0,0,5.26,31.58,0,10.53,0,0,5.26,5.26,0,0,0,5.26,5.26,0,0,0,0,0,0,0,0,15.79,5.26,5.26,5.26,0,0,0,10.53,0,0,0,0,0,0,0,0,5.26,0,0,0,5.26,0,0,0,0,0,0,0,0,0,0,5.26,0,5.26,0,0,0,0,0,0,21.05,0,0,0,0,0,0,0,5.26,0,0,21.05,0,0,0,0,0,15.79,5.26,10.53,0,0,0,0,0
2527,seller,1,31,24.16,88.59,6.29,70.91,15.5,22.58,90.32,54.84,35.48,9.68,9.68,3.23,0,0,0,6.45,0,9.68,3.23,0,3.23,12.9,3.23,6.45,0,22.58,9.68,3.23,9.68,0,0,9.68,25.81,0,9.68,6.45,0,3.23,0,0,0,0,3.23,3.23,0,0,0,0,0,0,0,0,22.58,9.68,9.68,9.68,0,0,0,12.9,0,0,0,0,0,0,0,0,25.81,0,0,6.45,19.35,0,0,0,0,0,0,0,0,0,0,3.23,0,12.9,0,3.23,0,0,0,0,19.35,3.23,0,0,3.23,0,0,0,0,6.45,3.23,6.45,0,0,0,0,0,29.03,6.45,19.35,0,0,0,3.23,0
2528,buyer,1,43,76.62,2.3,1,98.39,14.33,13.95,76.74,51.16,51.16,16.28,6.98,6.98,0,0,0,0,9.3,16.28,13.95,0,9.3,9.3,0,2.33,2.33,9.3,0,0,2.33,0,0,2.33,16.28,0,6.98,0,0,4.65,0,0,2.33,0,6.98,6.98,0,4.65,4.65,0,0,0,0,0,9.3,9.3,2.33,4.65,0,0,2.33,0,0,0,0,0,0,0,0,0,2.33,0,0,0,2.33,0,0,0,0,0,0,0,0,0,0,0,0,6.98,6.98,0,0,0,0,0,0,0,0,0,0,0,0,0,0,6.98,6.98,2.33,0,0,0,0,0,11.63,6.98,4.65,0,0,0,0,0
2528,buyer,1,39,24.55,26.18,16.81,91.4,9.75,7.69,79.49,61.54,58.97,25.64,12.82,7.69,0,5.13,0,0,12.82,15.38,10.26,0,7.69,10.26,2.56,2.56,2.56,12.82,0,0,0,0,0,0,17.95,0,2.56,0,0,0,0,0,2.56,0,5.13,5.13,0,0,0,0,0,0,0,0,15.38,10.26,5.13,2.56,0,0,5.13,5.13,0,0,0,0,0,0,0,0,0,0,0,0,0,0,0,0,0,0,0,0,0,0,0,0,0,5.13,7.69,0,0,0,0,0,2.56,0,0,0,0,0,0,0,2.56,7.69,10.26,5.13,0,0,0,0,0,12.82,10.26,2.56,0,0,0,0,0
2528,buyer,1,36,2.87,72.07,77.17,93.93,9,16.67,91.67,55.56,41.67,22.22,16.67,5.56,0,5.56,0,5.56,5.56,11.11,0,0,2.78,11.11,2.78,2.78,5.56,22.22,2.78,2.78,5.56,0,0,5.56,25,0,11.11,5.56,0,0,0,0,5.56,0,5.56,5.56,0,0,0,0,0,0,0,0,30.56,13.89,11.11,8.33,0,0,2.78,16.67,0,0,0,0,0,0,0,0,22.22,0,0,5.56,16.67,0,0,0,0,0,0,0,0,0,0,0,0,13.89,0,2.78,0,0,0,0,11.11,2.78,0,0,2.78,0,0,0,2.78,8.33,5.56,5.56,0,0,0,0,0,30.56,11.11,11.11,0,0,5.56,2.78,0
2528,seller,1,59,29.33,96.3,30.14,5.94,9.83,23.73,79.66,64.41,49.15,22.03,15.25,5.08,1.69,8.47,0,0,6.78,18.64,6.78,1.69,6.78,10.17,1.69,1.69,1.69,18.64,6.78,1.69,1.69,1.69,0,0,23.73,0,6.78,6.78,0,0,0,0,0,0,5.08,1.69,3.39,0,0,0,0,0,0,0,15.25,5.08,0,0,0,0,1.69,10.17,0,0,0,0,0,0,0,0,13.56,0,0,3.39,10.17,0,0,0,0,0,0,0,0,0,0,0,0,3.39,0,0,0,0,0,0,1.69,1.69,0,0,1.69,0,0,0,1.69,6.78,5.08,1.69,0,0,0,0,0,13.56,6.78,1.69,1.69,1.69,1.69,0,0
2528,seller,1,56,40.77,91.33,82.24,92.84,9.33,23.21,80.36,60.71,44.64,17.86,14.29,5.36,1.79,7.14,0,0,3.57,17.86,8.93,1.79,5.36,10.71,1.79,1.79,1.79,19.64,7.14,1.79,1.79,1.79,0,0,23.21,0,7.14,7.14,0,0,0,0,0,0,12.5,8.93,3.57,0,0,0,0,0,0,0,21.43,12.5,0,7.14,0,0,1.79,8.93,0,0,0,0,0,0,0,0,12.5,0,0,3.57,8.93,0,0,0,0,0,0,0,0,0,0,0,0,1.79,0,0,0,0,0,0,1.79,1.79,0,0,1.79,0,0,0,8.93,5.36,5.36,1.79,0,0,0,0,0,14.29,7.14,1.79,0,3.57,1.79,0,0
2528,seller,1,18,33.38,72.07,99,99,4.5,16.67,88.89,50,38.89,11.11,11.11,5.56,0,5.56,0,0,0,22.22,11.11,5.56,0,16.67,5.56,0,0,16.67,11.11,5.56,0,0,0,0,22.22,0,5.56,5.56,0,0,0,0,0,0,38.89,33.33,5.56,0,0,0,0,0,0,0,27.78,22.22,0,22.22,0,0,0,5.56,0,0,0,0,0,0,0,0,16.67,0,0,11.11,5.56,0,0,0,0,0,0,0,0,0,0,0,0,5.56,0,0,0,0,0,0,5.56,0,0,0,0,0,0,0,27.78,0,5.56,5.56,0,0,0,0,0,16.67,5.56,0,0,11.11,0,0,0
2531,buyer,1,53,54.43,1,1.24,99,13.25,13.21,88.68,64.15,54.72,16.98,9.43,9.43,0,0,0,0,7.55,15.09,9.43,0,11.32,9.43,0,5.66,3.77,13.21,5.66,1.89,7.55,0,3.77,3.77,22.64,0,15.09,0,0,11.32,0,0,3.77,0,13.21,13.21,0,11.32,11.32,0,0,0,0,0,5.66,5.66,3.77,5.66,0,0,1.89,0,0,0,0,0,0,0,0,0,11.32,0,0,3.77,7.55,0,0,0,0,0,0,0,0,0,0,0,0,9.43,0,1.89,0,1.89,0,0,3.77,5.66,0,0,3.77,0,0,1.89,0,3.77,3.77,0,0,0,0,0,0,7.55,7.55,0,0,0,0,0,0
2531,buyer,1,60,44.66,30.77,7.03,72.45,15,10,86.67,68.33,55,15,10,5,3.33,1.67,0,0,5,11.67,6.67,0,11.67,8.33,0,10,3.33,13.33,6.67,1.67,10,3.33,3.33,3.33,20,0,13.33,3.33,0,6.67,0,0,3.33,0,3.33,3.33,0,3.33,3.33,0,0,0,0,0,11.67,6.67,5,5,0,0,0,5,0,0,0,0,0,0,0,0,11.67,0,0,6.67,5,0,0,0,0,0,0,0,0,0,0,1.67,0,3.33,0,1.67,0,1.67,0,0,6.67,6.67,0,0,5,0,0,1.67,0,1.67,5,1.67,3.33,0,3.33,0,0,6.67,6.67,0,0,0,0,0,0
2531,buyer,1,71,28.77,40.06,31.69,,17.75,15.49,84.51,60.56,46.48,14.08,9.86,2.82,2.82,1.41,0,2.82,4.23,9.86,2.82,0,9.86,8.45,0,8.45,5.63,15.49,5.63,1.41,9.86,2.82,2.82,4.23,21.13,0,14.08,5.63,0,2.82,0,0,5.63,0,0,0,0,0,0,0,0,0,0,0,15.49,5.63,4.23,4.23,0,0,0,9.86,0,0,0,0,0,0,0,0,19.72,0,0,8.45,11.27,0,0,0,0,0,0,0,0,0,0,1.41,0,8.45,0,1.41,0,1.41,0,0,9.86,5.63,0,0,4.23,0,0,1.41,0,4.23,5.63,1.41,2.82,0,2.82,0,0,15.49,5.63,5.63,0,0,2.82,1.41,0
2531,buyer,1,56,14.77,61.28,35.49,47.3,14,17.86,85.71,57.14,44.64,14.29,12.5,3.57,3.57,1.79,0,3.57,1.79,8.93,3.57,0,5.36,10.71,0,8.93,5.36,16.07,3.57,1.79,7.14,3.57,0,3.57,23.21,0,16.07,7.14,0,3.57,0,0,5.36,0,1.79,1.79,0,0,0,0,0,0,0,0,19.64,7.14,5.36,5.36,0,0,0,12.5,0,0,0,0,0,0,0,0,19.64,0,0,7.14,12.5,0,0,0,0,0,0,0,0,0,0,1.79,0,8.93,0,1.79,0,0,0,0,10.71,3.57,0,0,3.57,0,0,0,0,3.57,5.36,3.57,5.36,0,5.36,0,0,17.86,5.36,7.14,0,0,3.57,1.79,0
2531,buyer,1,29,20.17,22.04,67.94,98.26,14.5,24.14,86.21,41.38,27.59,10.34,10.34,3.45,0,0,0,6.9,0,10.34,3.45,0,0,10.34,0,3.45,6.9,17.24,3.45,3.45,6.9,0,0,6.9,20.69,0,13.79,6.9,0,0,0,0,6.9,0,6.9,6.9,0,0,0,0,0,0,0,0,20.69,6.9,6.9,6.9,0,0,0,13.79,0,0,0,0,0,0,0,0,31.03,0,0,10.34,20.69,0,0,0,0,0,0,0,0,0,0,0,0,20.69,0,3.45,0,0,0,0,13.79,3.45,0,0,3.45,0,0,0,0,6.9,3.45,3.45,3.45,0,3.45,0,0,27.59,3.45,13.79,0,0,6.9,3.45,0
2531,seller,1,22,1.5,66.75,79.84,86.79,22,13.64,95.45,86.36,63.64,18.18,13.64,4.55,4.55,4.55,0,0,4.55,13.64,4.55,0,4.55,18.18,9.09,9.09,0,27.27,13.64,0,4.55,4.55,0,0,36.36,0,22.73,9.09,4.55,4.55,0,0,9.09,0,4.55,4.55,0,0,0,0,0,0,0,0,18.18,9.09,9.09,0,0,0,0,9.09,0,0,0,0,0,0,0,0,4.55,0,0,4.55,0,0,0,0,0,0,0,0,0,0,0,0,0,0,0,0,0,0,0,0,4.55,9.09,0,0,4.55,0,4.55,0,0,0,18.18,0,0,0,0,0,0,0,0,0,0,0,0,0,0
2531,seller,1,40,15.41,8.37,63.35,59.44,40,10,87.5,75,60,7.5,5,2.5,2.5,0,0,0,2.5,17.5,10,0,5,20,7.5,10,0,27.5,7.5,0,2.5,2.5,0,0,35,0,22.5,5,5,2.5,5,0,10,0,2.5,2.5,0,0,0,0,0,0,0,0,7.5,5,5,0,0,0,0,2.5,0,0,0,0,0,0,0,0,5,0,0,5,2.5,0,0,0,0,0,0,0,0,0,0,0,0,0,0,0,0,0,0,0,5,12.5,5,0,5,0,2.5,0,0,0,15,7.5,2.5,0,2.5,0,0,2.5,0,0,0,0,2.5,0,0
2531,seller,1,34,22.63,24.36,26.78,20.23,34,11.76,85.29,67.65,55.88,5.88,2.94,0,2.94,0,0,0,2.94,17.65,8.82,0,5.88,17.65,8.82,8.82,0,23.53,5.88,0,5.88,2.94,0,2.94,26.47,0,14.71,0,2.94,0,5.88,0,8.82,0,5.88,2.94,2.94,0,0,0,0,0,0,0,8.82,5.88,2.94,0,2.94,0,0,2.94,0,0,0,0,0,0,0,0,8.82,0,0,8.82,2.94,0,0,0,0,0,0,0,0,0,0,0,0,0,0,0,0,0,0,0,2.94,14.71,5.88,0,5.88,0,2.94,0,0,0,11.76,8.82,2.94,0,2.94,0,0,2.94,0,0,0,0,2.94,0,0
2531,seller,1,39,31.07,40.06,16.81,20.23,39,10.26,84.62,66.67,56.41,5.13,5.13,0,0,5.13,0,0,0,15.38,10.26,0,5.13,15.38,7.69,10.26,0,20.51,7.69,0,2.56,0,0,2.56,30.77,0,20.51,0,2.56,2.56,10.26,0,10.26,0,5.13,2.56,2.56,0,0,0,0,0,0,0,12.82,7.69,2.56,0,2.56,0,0,5.13,0,0,0,0,0,0,0,0,7.69,0,0,5.13,5.13,0,0,0,0,0,0,0,0,0,0,0,0,2.56,0,0,0,0,0,0,5.13,10.26,5.13,0,5.13,0,0,0,0,0,12.82,7.69,2.56,0,2.56,0,0,2.56,0,0,0,0,2.56,0,0
2531,seller,1,39,18.87,90.19,16.81,20.23,39,20.51,87.18,51.28,38.46,10.26,10.26,0,0,5.13,0,5.13,0,10.26,2.56,0,2.56,10.26,2.56,7.69,2.56,17.95,7.69,2.56,7.69,0,0,7.69,28.21,0,17.95,5.13,0,2.56,5.13,0,7.69,0,5.13,2.56,2.56,0,0,0,0,0,0,0,28.21,12.82,7.69,5.13,2.56,0,0,15.38,0,0,0,0,0,0,0,0,25.64,0,0,7.69,17.95,0,0,0,0,0,0,0,0,0,0,0,0,12.82,0,2.56,0,0,0,0,10.26,2.56,0,0,2.56,0,0,0,0,5.13,10.26,0,0,0,0,0,0,17.95,2.56,10.26,0,0,2.56,2.56,0
2533,buyer,1,62,41.62,16.34,25.64,70.91,15.5,17.74,90.32,70.97,58.06,20.97,14.52,9.68,1.61,3.23,0,0,6.45,12.9,9.68,0,11.29,11.29,0,6.45,1.61,19.35,4.84,1.61,8.06,1.61,1.61,4.84,19.35,0,12.9,1.61,0,6.45,1.61,1.61,3.23,0,9.68,6.45,3.23,6.45,3.23,3.23,0,0,0,0,14.52,9.68,4.84,8.06,0,0,3.23,4.84,0,0,0,0,0,0,0,0,6.45,0,0,4.84,1.61,0,0,0,0,0,0,0,0,0,0,0,0,4.84,0,1.61,0,0,0,0,3.23,4.84,0,0,4.84,0,0,0,1.61,3.23,4.84,3.23,0,0,0,0,0,9.68,6.45,3.23,0,0,0,0,0
2533,buyer,1,51,20.45,88.96,73.43,99,12.75,15.69,90.2,72.55,58.82,21.57,17.65,7.84,1.96,7.84,0,0,3.92,11.76,7.84,0,9.8,13.73,0,9.8,0,23.53,3.92,0,7.84,1.96,1.96,3.92,19.61,0,9.8,1.96,0,3.92,1.96,1.96,1.96,0,15.69,11.76,3.92,3.92,0,3.92,0,0,0,0,27.45,17.65,7.84,15.69,0,0,3.92,9.8,0,0,0,0,0,0,0,0,3.92,0,0,3.92,0,0,0,0,0,0,0,0,0,0,0,0,0,3.92,0,0,0,0,0,0,5.88,1.96,0,0,1.96,0,0,0,11.76,0,5.88,5.88,0,0,0,0,0,11.76,7.84,3.92,0,0,0,0,0
2533,buyer,1,46,23.51,95.64,74.45,99,15.33,17.39,91.3,58.7,45.65,19.57,17.39,6.52,0,6.52,0,4.35,2.17,15.22,4.35,0,6.52,8.7,0,6.52,2.17,19.57,2.17,0,8.7,0,2.17,6.52,19.57,2.17,4.35,4.35,0,0,0,0,0,0,15.22,13.04,2.17,2.17,0,2.17,0,0,0,0,34.78,19.57,10.87,19.57,0,0,4.35,15.22,0,0,0,0,0,0,0,0,19.57,0,0,6.52,13.04,0,0,0,0,0,0,0,0,0,0,0,0,8.7,0,0,0,0,0,0,10.87,0,0,0,0,0,0,0,10.87,4.35,4.35,2.17,0,0,0,0,0,21.74,6.52,13.04,0,0,0,2.17,0
2533,seller,1,118,13.09,40.06,41.6,31.93,14.75,14.41,90.68,75.42,63.56,21.19,17.8,10.17,0,7.63,0,0,3.39,11.02,7.63,0,11.86,12.71,5.93,10.17,0.85,20.34,4.24,0,0.85,0,0,0.85,27.97,0,16.1,3.39,1.69,5.93,1.69,0.85,4.24,0,4.24,2.54,1.69,2.54,0.85,1.69,0,0,0,0,13.56,5.93,1.69,1.69,0,0,0.85,7.63,0,0,0,0,0,0,0,0,5.93,0.85,0,2.54,2.54,0,0,0,0,0,0,0,0,0,0,0,3.39,2.54,0,0,0,0,0,0,3.39,4.24,0,0,3.39,0.85,0,0,1.69,5.08,4.24,5.93,0,0,0,0,0,13.56,5.08,5.08,0,1.69,0,1.69,0
2533,seller,1,75,14.24,40.06,53.97,81.12,18.75,14.67,93.33,76,64,25.33,17.33,10.67,0,6.67,0,0,8,10.67,5.33,0,13.33,10.67,1.33,12,0,20,2.67,0,1.33,0,0,1.33,25.33,0,14.67,5.33,1.33,5.33,2.67,0,2.67,0,6.67,5.33,1.33,5.33,4,1.33,0,0,0,0,12,5.33,2.67,1.33,0,0,1.33,6.67,0,0,0,0,0,0,0,0,8,1.33,0,4,2.67,0,0,0,0,0,0,0,0,0,0,0,5.33,4,0,0,0,0,0,0,4,4,0,0,2.67,0,1.33,0,2.67,2.67,1.33,10.67,0,0,0,0,0,10.67,4,5.33,0,1.33,0,0,0
2533,seller,1,29,13.62,22.04,67.94,99,9.67,24.14,96.55,58.62,51.72,20.69,13.79,10.34,0,3.45,0,0,6.9,6.9,3.45,0,10.34,6.9,3.45,13.79,0,13.79,0,0,3.45,0,0,3.45,20.69,0,10.34,6.9,0,3.45,3.45,0,0,0,17.24,17.24,0,10.34,10.34,0,0,0,0,0,13.79,10.34,6.9,3.45,0,0,3.45,3.45,0,0,0,0,0,0,0,0,13.79,3.45,0,10.34,0,0,0,0,0,0,0,0,0,0,0,0,3.45,3.45,0,0,0,0,0,0,3.45,3.45,0,0,0,0,3.45,0,6.9,0,0,13.79,0,0,0,0,0,13.79,3.45,6.9,0,3.45,0,0,0
2536,buyer,1,56,21.9,40.06,48.09,5.5,28,16.07,92.86,78.57,62.5,26.79,19.64,12.5,3.57,3.57,0,0,7.14,19.64,10.71,3.57,5.36,7.14,1.79,7.14,0,10.71,8.93,5.36,5.36,5.36,0,0,17.86,0,7.14,1.79,1.79,3.57,1.79,0,1.79,0,5.36,1.79,3.57,0,0,0,0,0,0,0,16.07,8.93,1.79,0,0,3.57,3.57,7.14,0,0,0,0,0,0,0,0,5.36,0,0,0,5.36,0,0,0,0,0,0,0,0,0,0,0,0,5.36,0,0,0,0,0,0,0,3.57,0,0,1.79,1.79,0,0,3.57,7.14,5.36,0,1.79,1.79,0,0,0,7.14,0,5.36,1.79,0,0,0,0
2536,buyer,1,65,27.08,67.13,41.41,6.78,65,16.92,92.31,78.46,60,26.15,18.46,10.77,4.62,3.08,0,0,7.69,16.92,9.23,1.54,9.23,7.69,1.54,7.69,0,15.38,7.69,4.62,7.69,6.15,1.54,0,21.54,3.08,9.23,4.62,1.54,4.62,0,0,0,0,4.62,1.54,3.08,1.54,0,1.54,0,0,0,0,12.31,4.62,1.54,0,0,1.54,1.54,7.69,0,0,0,0,0,0,0,0,6.15,0,0,1.54,4.62,0,0,0,0,0,0,0,0,0,0,1.54,0,3.08,0,1.54,0,0,0,0,6.15,7.69,0,0,4.62,3.08,0,0,1.54,6.15,4.62,0,1.54,1.54,0,0,0,10.77,4.62,4.62,0,0,1.54,0,0
2536,buyer,1,75,12.09,77.41,53.97,39.67,18.75,18.67,90.67,78.67,57.33,28,20,10.67,2.67,5.33,0,1.33,8,14.67,8,0,6.67,12,1.33,5.33,0,24,6.67,2.67,4,2.67,1.33,0,28,2.67,12,6.67,2.67,2.67,0,1.33,0,0,6.67,4,2.67,1.33,0,1.33,0,0,0,0,13.33,4,1.33,1.33,0,1.33,2.67,9.33,0,0,0,0,0,0,0,0,4,0,0,1.33,2.67,0,0,0,0,0,0,0,0,0,0,1.33,0,2.67,0,1.33,0,0,0,0,8,6.67,0,0,4,2.67,0,0,0,6.67,5.33,2.67,1.33,1.33,0,0,0,14.67,6.67,5.33,0,0,2.67,0,0
2536,buyer,1,54,19.76,72.07,86.01,77.5,13.5,12.96,90.74,81.48,55.56,25.93,20.37,11.11,1.85,5.56,0,1.85,5.56,14.81,7.41,0,9.26,12.96,0,5.56,0,31.48,5.56,3.7,3.7,1.85,1.85,0,29.63,3.7,14.81,7.41,1.85,3.7,0,1.85,0,0,7.41,5.56,1.85,1.85,0,1.85,0,0,0,0,11.11,1.85,1.85,1.85,0,0,1.85,9.26,0,0,0,0,0,0,0,0,5.56,0,0,1.85,3.7,0,0,0,0,0,0,0,0,0,0,1.85,0,0,0,1.85,0,0,0,0,11.11,11.11,0,1.85,7.41,1.85,0,0,0,3.7,5.56,3.7,0,0,0,0,0,18.52,11.11,3.7,0,0,3.7,0,0
2536,seller,1,33,6.68,40.06,86.68,67.94,11,12.12,100,84.85,63.64,21.21,15.15,6.06,0,9.09,0,0,6.06,21.21,6.06,3.03,9.09,9.09,12.12,3.03,6.06,21.21,12.12,3.03,9.09,0,6.06,3.03,27.27,0,12.12,3.03,3.03,3.03,0,0,6.06,0,3.03,3.03,0,0,0,0,0,0,0,0,18.18,9.09,3.03,0,0,0,0,9.09,0,0,0,0,0,0,0,0,9.09,0,0,3.03,6.06,0,0,0,0,0,0,0,0,0,0,0,0,0,0,0,0,0,0,0,9.09,6.06,0,6.06,0,0,0,0,6.06,3.03,6.06,3.03,0,0,0,0,0,12.12,3.03,3.03,3.03,0,3.03,0,0
2536,seller,1,42,13.76,97.11,92.84,88.66,14,9.52,92.86,80.95,64.29,21.43,16.67,4.76,2.38,9.52,0,0,4.76,21.43,9.52,4.76,9.52,7.14,16.67,2.38,2.38,16.67,11.9,4.76,9.52,2.38,4.76,2.38,23.81,0,7.14,2.38,2.38,2.38,0,0,2.38,0,4.76,4.76,0,0,0,0,0,0,0,0,14.29,2.38,0,0,0,0,0,11.9,0,0,0,0,0,0,0,0,4.76,0,0,2.38,2.38,0,0,0,0,0,0,0,0,0,0,0,0,4.76,0,0,0,0,0,0,11.9,9.52,0,7.14,4.76,0,0,0,7.14,2.38,4.76,4.76,2.38,0,2.38,0,0,11.9,2.38,2.38,2.38,0,4.76,0,0
2536,seller,1,51,16.49,99,60.65,80.19,51,19.61,88.24,60.78,49.02,17.65,15.69,3.92,1.96,5.88,0,3.92,1.96,15.69,5.88,1.96,5.88,5.88,13.73,1.96,1.96,13.73,5.88,1.96,7.84,1.96,0,5.88,23.53,1.96,5.88,5.88,1.96,0,0,0,0,0,3.92,3.92,0,0,0,0,0,0,0,0,21.57,5.88,3.92,3.92,0,0,0,15.69,0,0,0,0,0,0,0,0,17.65,0,0,3.92,13.73,0,0,0,0,0,0,0,0,0,0,0,0,11.76,0,0,0,0,0,0,13.73,3.92,0,1.96,3.92,0,0,0,3.92,5.88,3.92,1.96,1.96,0,1.96,0,0,15.69,1.96,9.8,0,0,1.96,1.96,0
2539,buyer,1,33,10.19,1.92,29.49,1,11,6.06,90.91,75.76,57.58,30.3,21.21,15.15,0,6.06,0,0,9.09,18.18,12.12,0,3.03,9.09,0,3.03,6.06,21.21,6.06,0,0,0,0,0,33.33,3.03,21.21,0,0,6.06,0,6.06,3.03,0,12.12,0,12.12,0,0,0,0,0,0,0,24.24,18.18,0,6.06,3.03,3.03,3.03,6.06,0,0,0,0,0,0,0,0,6.06,0,0,0,6.06,0,0,0,0,0,0,0,0,0,0,0,6.06,0,0,0,0,0,0,0,9.09,3.03,0,3.03,0,0,0,0,0,12.12,3.03,0,0,0,0,0,0,6.06,0,0,0,6.06,0,0,0
2539,buyer,1,31,2.75,11.07,17.19,1,15.5,6.45,90.32,77.42,61.29,35.48,25.81,16.13,0,9.68,0,0,9.68,16.13,9.68,0,3.23,9.68,0,3.23,6.45,19.35,6.45,0,0,0,0,0,35.48,3.23,22.58,0,0,6.45,0,6.45,3.23,0,9.68,0,9.68,0,0,0,0,0,0,0,22.58,12.9,0,6.45,3.23,0,3.23,9.68,0,0,0,0,0,0,0,0,6.45,0,0,0,6.45,0,0,0,0,0,0,0,0,0,0,0,6.45,0,0,0,0,0,0,0,9.68,0,0,0,0,0,0,0,0,6.45,6.45,0,0,0,0,0,0,6.45,0,0,3.23,3.23,0,0,0
2539,buyer,1,18,1,13.82,39.59,1,9,11.11,94.44,83.33,61.11,38.89,33.33,22.22,0,11.11,0,0,5.56,11.11,5.56,0,0,16.67,0,0,5.56,27.78,11.11,0,0,0,0,0,38.89,5.56,11.11,0,0,5.56,0,5.56,0,0,5.56,0,5.56,0,0,0,0,0,0,0,27.78,16.67,5.56,0,5.56,0,5.56,11.11,0,0,0,0,0,0,0,0,5.56,0,0,0,5.56,0,0,0,0,0,0,0,0,0,0,0,5.56,0,0,0,0,0,0,0,11.11,0,0,0,0,0,0,0,0,11.11,11.11,0,0,0,0,0,0,5.56,0,0,5.56,0,0,0,0
2539,buyer,1,8,1,40.06,89.39,99,4,12.5,87.5,62.5,50,37.5,37.5,25,0,12.5,0,0,0,0,0,0,0,25,0,0,0,25,12.5,0,0,0,0,0,25,0,0,0,0,0,0,0,0,0,12.5,12.5,0,0,0,0,0,0,0,0,25,12.5,12.5,0,0,0,0,12.5,0,0,0,0,0,0,0,0,12.5,0,0,12.5,0,0,0,0,0,0,0,0,0,0,0,0,0,12.5,0,0,0,0,0,0,0,0,0,0,0,0,0,0,0,0,25,0,0,0,0,0,0,12.5,0,0,12.5,0,0,0,0
2539,seller,1,53,11.97,81.19,68.36,,53,11.32,90.57,79.25,62.26,22.64,11.32,1.89,3.77,5.66,0,0,11.32,24.53,9.43,3.77,5.66,15.09,0,5.66,3.77,20.75,11.32,5.66,3.77,3.77,0,0,41.51,3.77,16.98,3.77,3.77,0,0,3.77,5.66,0,0,0,0,0,0,0,0,0,0,0,15.09,5.66,1.89,0,0,0,3.77,9.43,0,0,0,0,0,0,0,0,3.77,0,0,0,3.77,0,0,0,0,0,0,0,0,0,0,0,0,1.89,0,0,0,0,0,0,7.55,5.66,1.89,0,3.77,0,0,0,5.66,9.43,7.55,0,0,0,0,0,0,7.55,1.89,3.77,0,0,1.89,0,0
2539,seller,1,89,7.08,94.61,64.89,3.64,22.25,11.24,91.01,78.65,61.8,23.6,16.85,4.49,3.37,8.99,0,0,6.74,16.85,5.62,1.12,8.99,14.61,4.49,4.49,3.37,20.22,11.24,2.25,4.49,3.37,1.12,0,38.2,3.37,20.22,5.62,4.49,2.25,1.12,3.37,4.49,0,2.25,0,2.25,0,0,0,0,0,0,0,17.98,5.62,2.25,1.12,0,0,2.25,12.36,0,0,0,0,0,0,0,0,5.62,0,0,2.25,3.37,0,0,0,0,0,0,0,0,0,0,0,0,1.12,0,1.12,0,0,0,0,8.99,6.74,2.25,0,4.49,0,0,0,3.37,4.49,5.62,3.37,0,0,0,0,0,7.87,4.49,2.25,0,0,1.12,0,0
2539,seller,1,95,7.26,97.5,55.97,4.13,19,16.84,90.53,69.47,54.74,22.11,16.84,3.16,3.16,8.42,0,2.11,5.26,16.84,4.21,1.05,7.37,12.63,4.21,3.16,5.26,20,7.37,1.05,6.32,3.16,1.05,2.11,33.68,3.16,20,7.37,4.21,2.11,1.05,2.11,4.21,0,2.11,0,2.11,0,0,0,0,0,0,0,22.11,6.32,3.16,3.16,0,0,2.11,15.79,0,0,0,0,0,0,0,0,12.63,0,0,4.21,8.42,0,0,0,0,0,0,0,0,0,0,0,0,5.26,0,1.05,0,0,0,0,11.58,6.32,2.11,0,4.21,0,0,0,2.11,5.26,4.21,3.16,0,0,0,0,0,13.68,5.26,5.26,0,0,2.11,1.05,0
2540,buyer,1,68,59.96,1.3,46.57,20.23,22.67,10.29,89.71,69.12,57.35,16.18,11.76,10.29,0,1.47,0,0,4.41,14.71,10.29,2.94,11.76,8.82,4.41,2.94,2.94,14.71,5.88,2.94,1.47,0,0,1.47,26.47,0,19.12,1.47,1.47,8.82,0,2.94,4.41,0,8.82,4.41,4.41,4.41,2.94,1.47,0,0,0,0,4.41,1.47,0,0,0,1.47,0,2.94,1.47,0,0,1.47,0,0,0,0,7.35,0,0,1.47,5.88,0,1.47,0,0,0,0,0,0,0,1.47,4.41,1.47,2.94,0,1.47,0,0,0,0,7.35,5.88,0,1.47,5.88,0,0,0,2.94,2.94,1.47,4.41,0,0,0,0,0,7.35,2.94,4.41,0,0,0,0,0
2540,buyer,1,101,49.18,15.93,54.98,1,16.83,15.84,90.1,72.28,58.42,17.82,13.86,8.91,1.98,2.97,0,0,3.96,12.87,5.94,0.99,14.85,9.9,2.97,3.96,2.97,16.83,6.93,0.99,4.95,1.98,0.99,1.98,25.74,0,18.81,3.96,0.99,7.92,0,1.98,3.96,0,5.94,0.99,4.95,2.97,0,2.97,0,0,0,0,8.91,2.97,0,0,0,0.99,0.99,5.94,0.99,0,0,0.99,0,0,0,0,8.91,0,0,3.96,3.96,0.99,0.99,0,0,0,0,0,0,0,0.99,2.97,0.99,2.97,0,0,0,0,0,0,5.94,5.94,0,0.99,5.94,0,0,0,2.97,0.99,2.97,2.97,0,0,0,0,0,8.91,4.95,3.96,0,0,0,0,0
2540,buyer,1,78,49.68,15.29,66.8,2.7,15.6,17.95,88.46,71.79,57.69,17.95,14.1,8.97,2.56,2.56,0,0,3.85,11.54,5.13,1.28,15.38,11.54,1.28,3.85,2.56,19.23,6.41,1.28,6.41,2.56,1.28,2.56,25.64,0,19.23,3.85,1.28,8.97,0,1.28,3.85,0,5.13,1.28,3.85,2.56,0,2.56,0,0,0,0,7.69,2.56,0,0,0,0,1.28,5.13,0,0,0,0,0,0,0,0,7.69,0,0,3.85,2.56,1.28,0,0,0,0,0,0,0,0,0,2.56,1.28,1.28,0,0,0,0,0,0,3.85,8.97,0,2.56,7.69,0,0,0,2.56,0,2.56,3.85,0,0,0,0,0,11.54,6.41,5.13,0,0,0,0,0
2540,seller,1,112,11.88,75.49,66.94,11.2,22.4,18.75,95.54,75.89,65.18,22.32,17.86,7.14,0,10.71,0,0,4.46,15.18,7.14,0,10.71,14.29,4.46,6.25,2.68,19.64,5.36,0.89,1.79,0,0.89,0.89,29.46,2.68,16.07,3.57,0,5.36,0.89,2.68,6.25,0,0.89,0,0.89,0,0,0,0,0,0,0,16.07,4.46,0,0,0,0.89,0,11.61,0,0,0,0,0.89,0,0,0.89,8.04,0,0,2.68,6.25,0,0,0,0,0,0,0,0,0,0,0,0.89,3.57,0,0,0,0,0,0,6.25,8.04,1.79,0.89,5.36,0.89,0,0,2.68,4.46,8.04,2.68,0.89,0.89,0,0,0,6.25,3.57,2.68,0,0,0,0,0
2540,seller,1,194,32.14,43.08,79.6,6.73,27.71,14.95,95.88,79.9,67.01,21.65,15.46,7.73,0,7.73,0,0,6.19,14.95,8.76,0.52,15.98,11.34,4.12,8.25,2.06,16.49,7.22,2.06,1.55,0,1.03,0.52,22.68,0,15.98,2.58,0,5.67,3.09,1.03,7.73,0,1.55,0,1.55,1.03,0,1.03,0,0,0,0,13.4,3.09,0,0,0,0.52,0.52,10.31,0.52,0,0,0.52,0,0,0,0,8.76,0.52,0,3.09,5.67,0,0,0,0,0,0,0,0,0,0,0,0.52,3.61,0,0,0,0,0,0,6.19,7.73,1.03,1.55,6.19,0.52,0,0,2.58,2.58,6.7,1.55,1.03,0.52,0.52,0,0,8.25,3.61,3.61,0,0,0.52,0.52,0
2542,buyer,1,120,12.61,10.48,78.67,11.69,20,13.33,90,70,61.67,23.33,16.67,11.67,0,4.17,0.83,0,6.67,16.67,9.17,0.83,9.17,10,5,10.83,0.83,14.17,5.83,2.5,4.17,1.67,0,2.5,30,0,15.83,1.67,3.33,2.5,3.33,1.67,5,0,5.83,2.5,3.33,2.5,0,2.5,1.67,0,0,0,12.5,5.83,0.83,1.67,0,0.83,2.5,6.67,0.83,0,0,0.83,0,0,0,0,5,0,0,1.67,3.33,0,0,0,0,0,0,0,0,0,0,0,0,2.5,0,0.83,0,0,0,0,5,1.67,0,0,0.83,0.83,0,0,6.67,9.17,4.17,0.83,0,0,0,0,0,5.83,4.17,0,0,0,1.67,0,0
2542,buyer,1,112,4.9,17.77,94.2,75.77,22.4,9.82,90.18,71.43,61.61,25,19.64,13.39,0,5.36,0.89,0,5.36,16.96,7.14,0.89,8.93,10.71,6.25,11.61,0.89,16.07,6.25,2.68,3.57,1.79,0,1.79,29.46,0,16.96,2.68,3.57,3.57,4.46,1.79,3.57,0,8.93,6.25,2.68,3.57,0.89,2.68,1.79,0,0,0,15.18,7.14,0.89,4.46,0,0,1.79,8.04,0.89,0,0,0.89,0,0,0,0,5.36,0,0,2.68,2.68,0,0,0,0,0,0,0,0,0,0,0,0.89,1.79,0,0.89,0,0,0,0,5.36,1.79,0,0,0.89,0.89,0,0,10.71,8.04,2.68,3.57,0.89,0,0.89,0,0,5.36,4.46,0,0,0,0.89,0,0
2542,buyer,1,101,8.52,24.22,95.92,90.14,25.25,10.89,89.11,63.37,52.48,21.78,19.8,12.87,0,3.96,0.99,1.98,1.98,15.84,4.95,0,7.92,10.89,2.97,10.89,0.99,16.83,5.94,2.97,4.95,1.98,0,2.97,26.73,0,16.83,4.95,2.97,2.97,3.96,0.99,3.96,0,8.91,6.93,1.98,2.97,0.99,1.98,1.98,0,0,0,18.81,7.92,2.97,6.93,0,0,0,10.89,0.99,0,0,0.99,0,0,0,0,13.86,0,0,4.95,8.91,0,0,0,0,0,0,0,0,0,0,0,0.99,5.94,0,1.98,0,0,0,0,8.91,1.98,0,0,1.98,0,0,0,7.92,4.95,3.96,3.96,0.99,0,0.99,0,0,10.89,3.96,3.96,0,0,1.98,0.99,0
2542,seller,1,101,46.17,5.57,88.55,34.12,10.1,16.83,87.13,71.29,57.43,20.79,16.83,11.88,0,3.96,0,0.99,3.96,19.8,8.91,0,12.87,9.9,1.98,3.96,2.97,15.84,7.92,1.98,5.94,1.98,1.98,2.97,26.73,1.98,13.86,2.97,1.98,0.99,3.96,0.99,4.95,0,8.91,4.95,3.96,5.94,1.98,3.96,0.99,0,0,0,11.88,4.95,1.98,4.95,0,0,0.99,6.93,0.99,0,0,0,0,0,0,0,5.94,0,0,2.97,2.97,0,0,0,0,0,0,0,0,0,0,0,0.99,0,0,0,0,0,0,0,4.95,3.96,0,0.99,2.97,0,0,0,1.98,1.98,4.95,3.96,0.99,0,0.99,0,0,20.79,9.9,2.97,0,0.99,3.96,2.97,0
2542,seller,1,88,48.53,22.21,89.39,36.46,8.8,12.5,90.91,72.73,61.36,22.73,18.18,11.36,0,5.68,0,1.14,4.55,20.45,10.23,0,14.77,9.09,3.41,4.55,2.27,13.64,6.82,1.14,5.68,2.27,1.14,2.27,25,1.14,13.64,3.41,2.27,1.14,3.41,1.14,4.55,0,10.23,5.68,4.55,7.95,3.41,4.55,1.14,0,0,0,13.64,4.55,2.27,4.55,0,0,0,9.09,1.14,0,0,0,0,0,0,0,4.55,0,0,3.41,1.14,0,0,0,0,0,0,0,0,0,0,0,1.14,0,0,0,0,0,0,0,6.82,5.68,0,1.14,3.41,0,1.14,0,2.27,1.14,4.55,4.55,1.14,0,1.14,0,0,21.59,10.23,3.41,0,1.14,4.55,2.27,0
2542,seller,1,30,39.7,96.04,7.03,99,6,10,100,66.67,50,23.33,20,10,0,6.67,0,3.33,3.33,16.67,3.33,0,13.33,6.67,3.33,3.33,0,13.33,10,0,13.33,6.67,3.33,3.33,10,0,3.33,0,0,3.33,3.33,0,0,0,20,16.67,3.33,13.33,10,3.33,3.33,0,0,0,26.67,10,3.33,10,0,0,0,16.67,3.33,0,0,0,0,0,0,0,3.33,0,0,3.33,0,0,0,0,0,0,0,0,0,0,0,0,3.33,3.33,0,0,0,0,0,0,13.33,6.67,0,0,3.33,0,3.33,0,0,0,6.67,3.33,3.33,0,3.33,0,0,16.67,13.33,3.33,0,0,0,0,0
2543,buyer,1,81,33.38,40.06,52.89,38.04,9,4.94,88.89,70.37,61.73,25.93,19.75,12.35,0,4.94,1.23,0,6.17,13.58,6.17,0,14.81,11.11,1.23,4.94,0,14.81,3.7,1.23,1.23,0,0,1.23,19.75,0,9.88,2.47,0,4.94,2.47,0,2.47,0,6.17,3.7,2.47,6.17,3.7,2.47,0,0,0,0,17.28,7.41,1.23,1.23,0,0,3.7,9.88,2.47,0,0,3.7,0,0,0,0,4.94,0,0,2.47,2.47,0,0,0,0,0,0,0,0,0,0,0,0,2.47,0,0,0,0,0,0,4.94,4.94,0,1.23,3.7,0,0,1.23,2.47,1.23,6.17,3.7,1.23,0,1.23,0,0,13.58,11.11,1.23,0,0,0,1.23,0
2543,buyer,1,64,15.97,23.51,96.5,99,7.11,4.69,90.63,71.88,57.81,28.13,23.44,15.63,0,6.25,1.56,0,4.69,12.5,4.69,0,10.94,9.38,1.56,6.25,0,17.19,4.69,1.56,3.13,0,1.56,1.56,17.19,0,9.38,3.13,0,3.13,4.69,0,3.13,0,14.06,10.94,3.13,6.25,3.13,3.13,0,0,0,0,23.44,14.06,3.13,9.38,0,0,4.69,9.38,1.56,0,0,3.13,0,0,0,0,4.69,0,0,4.69,0,0,0,0,0,0,0,0,0,0,0,0,1.56,3.13,0,0,0,0,0,0,6.25,3.13,0,0,1.56,0,0,1.56,9.38,0,4.69,6.25,1.56,0,1.56,0,0,15.63,12.5,1.56,0,1.56,0,0,0
2543,buyer,1,55,29.57,71.57,50.45,99,7.86,12.73,87.27,58.18,43.64,18.18,16.36,9.09,0,1.82,1.82,3.64,1.82,12.73,5.45,0,5.45,12.73,0,3.64,0,23.64,3.64,3.64,5.45,0,1.82,3.64,18.18,0,7.27,3.64,0,3.64,1.82,0,0,0,12.73,12.73,0,3.64,3.64,0,0,0,0,0,27.27,14.55,5.45,12.73,0,0,3.64,12.73,1.82,0,0,3.64,0,0,0,0,16.36,0,0,5.45,10.91,0,0,0,0,0,0,0,0,0,0,0,1.82,9.09,0,1.82,0,0,0,0,10.91,1.82,0,0,1.82,0,0,0,9.09,3.64,7.27,3.64,0,0,0,0,0,21.82,10.91,7.27,0,1.82,0,1.82,0
2543,seller,1,61,16.31,49.82,71.87,89.9,15.25,13.11,93.44,73.77,59.02,18.03,14.75,8.2,0,6.56,0,0,3.28,6.56,3.28,0,13.11,11.48,6.56,9.84,0,19.67,3.28,0,3.28,0,1.64,1.64,24.59,1.64,13.11,4.92,0,3.28,6.56,0,3.28,0,8.2,6.56,1.64,3.28,1.64,1.64,0,0,0,0,13.11,6.56,1.64,3.28,0,0,1.64,6.56,0,0,0,0,0,0,0,0,4.92,0,0,1.64,3.28,0,0,0,0,0,0,0,0,0,0,0,1.64,1.64,0,0,0,0,0,3.28,6.56,11.48,6.56,1.64,3.28,3.28,0,0,3.28,1.64,6.56,4.92,4.92,0,4.92,0,0,9.84,6.56,3.28,0,0,0,0,0
2543,seller,1,50,7.03,96.81,63.35,99,10,12,96,80,62,24,20,8,0,12,0,0,4,4,0,0,16,8,10,10,0,20,4,0,4,0,2,2,24,2,12,6,0,2,6,0,2,0,12,10,2,4,2,2,0,0,0,0,18,6,4,4,0,0,2,12,0,0,0,0,0,0,0,0,4,0,0,2,2,0,0,0,0,0,0,0,0,0,0,0,2,2,0,0,0,0,0,4,6,12,8,0,2,4,0,0,4,0,6,6,4,0,4,0,0,12,8,4,0,0,0,0,0
2543,seller,1,31,11.71,99,17.19,99,10.33,12.9,96.77,74.19,54.84,25.81,19.35,3.23,0,16.13,0,0,6.45,0,0,0,12.9,9.68,6.45,3.23,0,29.03,3.23,0,3.23,0,3.23,0,22.58,0,6.45,3.23,0,3.23,3.23,0,0,0,12.9,12.9,0,3.23,3.23,0,0,0,0,0,19.35,3.23,3.23,3.23,0,0,3.23,16.13,0,0,0,0,0,0,0,0,6.45,0,0,3.23,3.23,0,0,0,0,0,0,0,0,0,0,0,3.23,6.45,0,0,0,0,0,6.45,6.45,19.35,12.9,0,3.23,6.45,0,0,6.45,0,9.68,9.68,0,0,0,0,0,9.68,6.45,3.23,0,0,0,0,0
2544,buyer,1,68,42.31,80.39,67.28,41.97,68,4.41,92.65,80.88,64.71,23.53,17.65,8.82,2.94,2.94,1.47,0,5.88,14.71,5.88,0,17.65,13.24,4.41,1.47,0,22.06,7.35,2.94,2.94,2.94,0,0,16.18,0,13.24,1.47,1.47,8.82,1.47,1.47,0,0,7.35,4.41,2.94,5.88,2.94,2.94,0,0,0,0,11.76,1.47,0,1.47,0,0,1.47,10.29,1.47,0,0,2.94,0,0,0,0,5.88,0,0,1.47,4.41,0,1.47,1.47,1.47,0,0,0,0,0,0,0,2.94,4.41,0,0,0,0,0,0,10.29,16.18,0,4.41,14.71,0,0,0,1.47,1.47,4.41,4.41,0,0,0,0,0,7.35,0,4.41,1.47,0,1.47,0,0
2544,buyer,1,66,54.26,49.07,71.27,42.71,22,6.06,93.94,78.79,63.64,22.73,15.15,9.09,0,3.03,1.52,0,7.58,15.15,6.06,0,19.7,10.61,4.55,3.03,0,18.18,7.58,1.52,0,0,0,0,18.18,0,12.12,1.52,1.52,6.06,0,3.03,0,0,7.58,4.55,3.03,3.03,0,3.03,0,0,0,0,10.61,3.03,3.03,1.52,0,0,1.52,7.58,1.52,0,0,3.03,0,0,0,0,7.58,1.52,0,1.52,4.55,0,1.52,1.52,1.52,0,0,0,0,0,0,0,1.52,4.55,0,0,0,0,0,0,12.12,13.64,0,1.52,12.12,0,1.52,0,4.55,1.52,4.55,3.03,0,0,0,0,0,7.58,0,3.03,1.52,1.52,1.52,0,0
2544,buyer,1,58,63.33,85.25,95.69,74.09,19.33,12.07,94.83,67.24,50,15.52,12.07,5.17,0,3.45,0,3.45,3.45,10.34,3.45,0,17.24,10.34,1.72,5.17,0,20.69,6.9,1.72,3.45,0,0,3.45,24.14,0,10.34,5.17,1.72,1.72,0,1.72,0,0,6.9,5.17,1.72,1.72,0,1.72,0,0,0,0,17.24,6.9,6.9,5.17,0,0,1.72,10.34,0,0,0,0,0,0,0,0,18.97,1.72,0,5.17,12.07,0,0,0,0,0,0,0,0,0,0,0,0,8.62,0,1.72,0,0,0,0,15.52,13.79,0,1.72,12.07,0,1.72,0,5.17,6.9,3.45,1.72,0,0,0,0,0,17.24,1.72,8.62,1.72,1.72,1.72,1.72,0
2544,seller,1,31,51.31,40.06,17.19,97.31,31,6.45,90.32,74.19,58.06,19.35,12.9,6.45,0,6.45,0,0,6.45,3.23,3.23,0,19.35,12.9,0,6.45,0,16.13,9.68,3.23,0,0,0,0,25.81,0,19.35,0,3.23,3.23,3.23,6.45,6.45,0,6.45,6.45,0,6.45,6.45,0,0,0,0,0,6.45,0,0,0,0,0,0,6.45,0,0,0,0,0,0,0,0,6.45,0,0,0,6.45,0,0,0,0,0,0,0,0,0,0,0,0,0,0,0,0,0,0,0,9.68,3.23,0,0,3.23,0,0,0,0,0,3.23,3.23,3.23,0,3.23,0,0,3.23,0,3.23,0,0,0,0,0
2544,seller,1,38,74.45,40.06,33.61,61.63,38,10.53,89.47,71.05,60.53,15.79,13.16,7.89,0,5.26,0,0,2.63,10.53,5.26,0,23.68,7.89,5.26,7.89,0,10.53,5.26,2.63,2.63,0,0,2.63,18.42,0,13.16,2.63,0,2.63,5.26,0,5.26,0,2.63,2.63,0,2.63,2.63,0,0,0,0,0,10.53,2.63,2.63,2.63,0,0,0,7.89,0,0,0,0,0,0,0,0,5.26,0,0,0,5.26,0,0,0,0,0,0,0,0,0,0,0,2.63,0,0,0,0,0,0,0,7.89,2.63,0,0,2.63,0,0,0,0,0,2.63,2.63,2.63,0,2.63,0,0,0,0,0,0,0,0,0,0
2544,seller,1,17,89.52,93.56,1.39,95.42,17,17.65,88.24,58.82,52.94,11.76,11.76,5.88,0,5.88,0,0,0,17.65,5.88,0,23.53,0,11.76,5.88,0,5.88,0,0,5.88,0,0,5.88,17.65,0,17.65,5.88,0,5.88,5.88,0,0,0,5.88,5.88,0,0,0,0,0,0,0,0,17.65,5.88,5.88,5.88,0,0,0,11.76,0,0,0,0,0,0,0,0,5.88,0,0,5.88,0,0,0,0,0,0,0,0,0,0,0,0,5.88,5.88,0,0,0,0,0,0,5.88,0,0,0,0,0,0,0,0,0,0,0,0,0,0,0,0,0,0,0,0,0,0,0,0
2545,buyer,1,26,53.56,62.84,1,99,6.5,15.38,100,61.54,57.69,19.23,15.38,7.69,0,3.85,0,0,3.85,19.23,15.38,0,7.69,11.54,7.69,0,0,15.38,0,0,3.85,3.85,0,0,38.46,7.69,23.08,0,3.85,11.54,0,3.85,0,0,15.38,15.38,0,7.69,7.69,0,0,0,0,0,15.38,7.69,3.85,3.85,0,0,3.85,7.69,0,0,0,0,0,0,0,0,15.38,0,0,3.85,11.54,0,0,0,0,0,0,0,0,0,0,0,0,3.85,0,0,0,0,0,0,7.69,3.85,0,0,3.85,0,0,0,0,3.85,3.85,0,0,0,0,0,0,19.23,7.69,3.85,3.85,0,3.85,0,0
2545,buyer,1,22,58.76,17.46,20.79,86.79,7.33,27.27,100,63.64,54.55,13.64,13.64,9.09,0,0,0,0,0,18.18,18.18,0,4.55,18.18,4.55,0,0,18.18,9.09,4.55,4.55,4.55,0,0,36.36,9.09,13.64,0,0,4.55,0,4.55,0,0,4.55,4.55,0,0,0,0,0,0,0,0,9.09,4.55,4.55,0,0,0,0,4.55,0,0,0,0,0,0,0,0,22.73,0,0,4.55,18.18,0,0,0,0,0,0,0,0,0,0,0,0,4.55,0,4.55,0,0,0,0,0,9.09,0,0,9.09,0,0,0,0,4.55,4.55,4.55,0,0,0,0,0,22.73,4.55,4.55,9.09,0,4.55,0,0
2545,buyer,1,46,2.08,65.68,4.38,99,11.5,23.91,93.48,76.09,65.22,17.39,15.22,8.7,4.35,2.17,0,0,2.17,15.22,6.52,0,8.7,17.39,13.04,10.87,0,21.74,6.52,4.35,10.87,6.52,0,4.35,21.74,0,17.39,2.17,0,8.7,0,2.17,0,0,13.04,10.87,0,4.35,2.17,0,0,0,0,0,17.39,10.87,10.87,6.52,0,0,2.17,6.52,0,0,0,0,0,0,0,0,4.35,0,0,0,4.35,0,0,0,0,0,0,0,0,0,0,0,0,0,0,2.17,0,0,0,0,2.17,6.52,0,0,6.52,0,0,0,0,0,6.52,2.17,0,0,0,0,0,10.87,6.52,2.17,2.17,0,0,0,0
2545,buyer,1,44,1.5,53.63,20.79,99,8.8,20.45,93.18,81.82,68.18,22.73,18.18,11.36,4.55,2.27,0,0,4.55,15.91,4.55,0,11.36,15.91,11.36,11.36,0,22.73,6.82,4.55,11.36,4.55,2.27,4.55,18.18,0,11.36,2.27,0,6.82,0,0,0,0,11.36,9.09,0,4.55,2.27,0,0,0,0,0,15.91,9.09,9.09,6.82,0,0,2.27,6.82,0,0,0,0,0,0,0,0,4.55,0,0,2.27,2.27,0,0,0,0,0,0,0,0,0,0,0,0,0,0,2.27,0,0,0,0,2.27,6.82,0,0,6.82,0,0,0,0,0,9.09,2.27,0,0,0,0,0,13.64,9.09,2.27,2.27,0,0,0,0
2545,buyer,1,39,1.3,69.89,2.93,99,7.8,17.95,92.31,76.92,66.67,23.08,17.95,10.26,5.13,2.56,0,0,5.13,17.95,5.13,0,10.26,12.82,12.82,12.82,0,20.51,2.56,2.56,12.82,5.13,2.56,5.13,17.95,0,12.82,2.56,0,7.69,0,0,0,0,15.38,12.82,0,5.13,2.56,0,0,0,0,0,17.95,10.26,10.26,7.69,0,0,2.56,7.69,0,0,0,0,0,0,0,0,5.13,0,0,5.13,0,0,0,0,0,0,0,0,0,0,0,0,0,2.56,0,0,0,0,0,0,2.56,2.56,0,0,2.56,0,0,0,0,0,10.26,0,0,0,0,0,0,10.26,10.26,0,0,0,0,0,0
2545,seller,1,24,37.3,64.67,1,83,8,8.33,100,79.17,70.83,25,20.83,12.5,0,8.33,0,0,4.17,20.83,12.5,0,12.5,16.67,4.17,0,0,16.67,8.33,0,4.17,0,0,4.17,25,0,16.67,0,0,16.67,0,0,0,0,12.5,8.33,4.17,8.33,8.33,0,0,0,0,0,12.5,4.17,4.17,4.17,0,0,0,8.33,0,0,0,0,0,0,0,0,8.33,0,0,0,8.33,0,0,0,0,0,0,0,0,0,0,0,0,0,0,0,0,0,0,0,20.83,0,0,0,0,0,0,0,4.17,0,4.17,4.17,8.33,0,8.33,0,0,8.33,4.17,0,4.17,0,0,0,0
2545,seller,1,21,18.12,99,1,1,7,9.52,100,85.71,76.19,28.57,23.81,9.52,0,14.29,0,0,4.76,19.05,9.52,0,14.29,19.05,4.76,0,0,19.05,4.76,0,4.76,0,0,4.76,28.57,4.76,9.52,0,0,9.52,0,0,0,0,4.76,0,4.76,0,0,0,0,0,0,0,19.05,4.76,4.76,4.76,0,0,0,14.29,0,0,0,0,0,0,0,0,4.76,0,0,0,4.76,0,0,0,0,0,0,0,0,0,0,0,0,0,0,0,0,0,0,0,23.81,0,0,0,0,0,0,0,4.76,0,4.76,9.52,9.52,0,9.52,0,0,9.52,4.76,0,4.76,0,0,0,0
2545,seller,1,34,16.49,85.94,12.44,1.85,17,14.71,91.18,76.47,64.71,20.59,17.65,8.82,0,8.82,0,0,2.94,11.76,5.88,0,14.71,17.65,5.88,5.88,0,17.65,8.82,0,8.82,0,2.94,5.88,23.53,2.94,5.88,2.94,0,2.94,0,0,0,0,8.82,2.94,5.88,2.94,0,2.94,0,0,0,0,14.71,5.88,5.88,5.88,0,0,0,8.82,0,0,0,0,0,0,0,0,2.94,0,0,2.94,0,0,0,0,0,0,0,0,0,0,0,0,0,0,0,0,0,0,0,0,14.71,0,0,0,0,0,0,0,2.94,0,2.94,11.76,8.82,0,8.82,0,0,8.82,2.94,0,2.94,0,2.94,0,0
2545,seller,1,42,23.27,98.75,12.96,20.23,21,21.43,85.71,54.76,40.48,11.9,11.9,2.38,0,4.76,0,4.76,0,7.14,2.38,0,7.14,14.29,2.38,7.14,0,19.05,7.14,2.38,9.52,0,2.38,7.14,23.81,2.38,7.14,7.14,0,0,0,0,0,0,4.76,2.38,2.38,2.38,0,2.38,0,0,0,0,21.43,7.14,7.14,7.14,0,0,0,14.29,0,0,0,0,0,0,0,0,21.43,0,0,7.14,14.29,0,0,0,0,0,0,0,0,0,0,0,0,9.52,0,2.38,0,0,0,0,11.9,2.38,0,0,2.38,0,0,0,0,4.76,2.38,7.14,4.76,0,4.76,0,0,19.05,2.38,9.52,2.38,0,2.38,2.38,0
2546,buyer,1,22,12.37,1,79.84,99,22,4.55,100,72.73,59.09,18.18,13.64,13.64,0,0,0,0,4.55,9.09,4.55,0,9.09,9.09,4.55,4.55,9.09,13.64,4.55,0,0,0,0,0,31.82,4.55,18.18,4.55,4.55,4.55,0,0,9.09,0,13.64,13.64,0,0,0,0,0,0,0,0,18.18,18.18,9.09,13.64,0,4.55,4.55,0,0,0,0,0,0,0,0,0,9.09,0,0,0,9.09,0,0,0,0,0,0,0,0,0,0,4.55,0,0,0,4.55,0,0,0,0,18.18,0,0,0,0,0,0,0,0,9.09,0,0,4.55,0,4.55,0,0,4.55,0,4.55,0,0,0,0,0
2546,buyer,1,22,6.68,1,79.84,99,22,9.09,100,86.36,72.73,13.64,9.09,9.09,0,0,0,0,4.55,9.09,9.09,0,9.09,13.64,9.09,4.55,13.64,18.18,4.55,0,0,0,0,0,36.36,4.55,22.73,4.55,4.55,4.55,0,0,13.64,0,9.09,9.09,0,0,0,0,0,0,0,0,9.09,9.09,4.55,4.55,0,4.55,0,0,0,0,0,0,0,0,0,0,4.55,0,0,4.55,0,0,0,0,0,0,0,0,0,0,0,4.55,0,0,0,4.55,0,0,0,0,18.18,0,0,0,0,0,0,0,0,9.09,0,0,4.55,0,4.55,0,0,0,0,0,0,0,0,0,0
2546,buyer,1,14,35.59,1,99,,14,14.29,100,71.43,64.29,14.29,14.29,14.29,0,0,0,0,0,14.29,14.29,0,7.14,14.29,7.14,0,7.14,14.29,0,0,0,0,0,0,21.43,7.14,7.14,0,0,0,0,0,7.14,0,0,0,0,0,0,0,0,0,0,0,7.14,7.14,7.14,7.14,0,0,0,0,0,0,0,0,0,0,0,0,14.29,0,0,14.29,0,0,0,0,0,0,0,0,0,0,0,0,0,0,0,0,0,0,0,0,14.29,7.14,0,7.14,7.14,0,0,0,0,0,0,7.14,7.14,0,7.14,0,0,0,0,0,0,0,0,0,0
2546,buyer,1,23,23.51,1,98.67,,23,17.39,100,73.91,65.22,13.04,8.7,8.7,0,0,0,0,4.35,13.04,13.04,0,8.7,13.04,8.7,8.7,4.35,13.04,4.35,0,0,0,0,0,17.39,4.35,4.35,0,0,0,0,0,4.35,0,0,0,0,0,0,0,0,0,0,0,8.7,8.7,8.7,4.35,0,0,0,0,0,0,0,0,0,0,0,0,13.04,0,0,13.04,0,0,0,0,0,0,0,0,0,0,0,0,0,0,0,0,0,0,0,0,8.7,8.7,0,8.7,8.7,0,0,0,0,0,4.35,4.35,4.35,0,4.35,0,0,0,0,0,0,0,0,0,0
2546,buyer,1,37,27.81,83.39,73.75,,37,24.32,91.89,51.35,37.84,10.81,8.11,2.7,0,0,0,5.41,2.7,10.81,5.41,0,2.7,10.81,2.7,8.11,0,16.22,5.41,2.7,5.41,0,0,5.41,21.62,2.7,5.41,5.41,0,0,0,0,0,0,0,0,0,0,0,0,0,0,0,0,21.62,10.81,10.81,8.11,0,0,0,10.81,0,0,0,0,0,0,0,0,27.03,0,0,10.81,16.22,0,0,0,0,0,0,0,0,0,0,0,0,10.81,0,2.7,0,0,0,0,10.81,8.11,0,5.41,8.11,0,0,0,0,5.41,5.41,2.7,2.7,0,2.7,0,0,16.22,2.7,10.81,0,0,0,2.7,0
2546,seller,1,47,15.79,76.11,16.56,20.23,6.71,23.4,91.49,70.21,63.83,19.15,10.64,4.26,0,6.38,0,0,8.51,14.89,10.64,0,6.38,17.02,8.51,0,2.13,19.15,4.26,2.13,2.13,0,0,2.13,36.17,2.13,14.89,6.38,2.13,2.13,4.26,2.13,0,0,4.26,2.13,2.13,0,0,0,0,0,0,0,14.89,8.51,0,2.13,0,2.13,6.38,6.38,0,0,0,0,0,0,0,0,8.51,0,0,6.38,2.13,0,0,0,0,0,0,0,0,0,0,0,0,0,0,0,0,0,0,0,2.13,2.13,0,0,2.13,0,0,0,2.13,8.51,8.51,0,0,0,0,0,0,21.28,4.26,4.26,8.51,2.13,2.13,0,0
2546,seller,1,56,4.26,30.13,60.9,20.23,8,21.43,91.07,73.21,66.07,23.21,16.07,7.14,0,8.93,0,0,7.14,14.29,8.93,0,7.14,17.86,7.14,1.79,5.36,21.43,3.57,0,1.79,0,0,1.79,30.36,0,19.64,5.36,1.79,5.36,5.36,0,7.14,0,3.57,1.79,1.79,0,0,0,0,0,0,0,14.29,5.36,1.79,0,0,1.79,1.79,8.93,0,0,0,0,0,0,0,0,7.14,0,0,5.36,1.79,0,0,0,0,0,0,0,0,0,0,0,0,0,0,0,0,0,0,1.79,3.57,7.14,1.79,1.79,3.57,0,1.79,0,0,3.57,8.93,0,0,0,0,0,0,19.64,5.36,5.36,7.14,0,1.79,0,0
2546,seller,1,75,12.09,32.56,63.35,20.23,9.38,18.67,92,74.67,68,21.33,14.67,6.67,0,8,0,0,6.67,18.67,10.67,0,9.33,14.67,8,4,4,16,4,0,4,0,1.33,2.67,24,0,12,2.67,1.33,4,1.33,0,6.67,0,2.67,1.33,1.33,0,0,0,0,0,0,0,13.33,5.33,2.67,1.33,0,1.33,1.33,8,0,0,0,0,0,0,0,0,8,0,0,4,4,0,0,0,0,0,0,0,0,0,0,0,0,1.33,0,0,0,0,0,1.33,5.33,6.67,1.33,1.33,4,0,1.33,0,2.67,4,5.33,2.67,1.33,0,1.33,0,0,16,5.33,5.33,5.33,0,0,0,0
2546,seller,1,83,13.14,61.53,66.6,76.34,10.38,16.87,90.36,74.7,66.27,24.1,19.28,8.43,1.2,9.64,0,0,4.82,18.07,8.43,0,10.84,14.46,4.82,3.61,3.61,16.87,4.82,0,4.82,1.2,2.41,1.2,21.69,0,10.84,2.41,0,3.61,1.2,0,6.02,0,3.61,3.61,0,1.2,1.2,0,0,0,0,0,14.46,3.61,3.61,2.41,0,0,1.2,10.84,0,0,0,0,0,0,0,0,8.43,0,0,4.82,4.82,0,0,0,0,0,0,0,0,0,0,0,0,1.2,0,0,0,0,0,1.2,4.82,6.02,1.2,1.2,3.61,0,1.2,0,2.41,2.41,6.02,2.41,1.2,0,1.2,0,0,14.46,6.02,4.82,3.61,0,0,0,0
2546,seller,1,56,18.12,94.84,48.09,92.84,9.33,16.07,91.07,71.43,62.5,25,21.43,8.93,1.79,10.71,0,0,3.57,17.86,7.14,0,10.71,12.5,3.57,3.57,1.79,14.29,5.36,0,7.14,1.79,3.57,1.79,19.64,0,7.14,3.57,0,1.79,0,0,1.79,0,5.36,5.36,0,1.79,1.79,0,0,0,0,0,16.07,3.57,3.57,3.57,0,0,1.79,12.5,0,0,0,0,0,0,0,0,10.71,0,0,7.14,5.36,0,0,0,0,0,0,0,0,0,0,0,0,3.57,0,0,0,0,0,0,5.36,1.79,0,0,1.79,0,0,0,3.57,3.57,3.57,3.57,1.79,0,1.79,0,0,12.5,5.36,3.57,3.57,0,0,0,0
2547,buyer,1,60,34.92,2.26,99,45.29,15,18.33,88.33,68.33,55,20,16.67,13.33,0,3.33,0,0,3.33,15,6.67,1.67,11.67,10,0,10,0,18.33,5,3.33,1.67,0,0,1.67,23.33,0,10,3.33,0,1.67,3.33,0,5,0,1.67,1.67,0,0,0,0,0,0,0,0,6.67,3.33,1.67,3.33,0,0,1.67,3.33,0,0,0,0,0,0,0,0,10,0,0,3.33,6.67,0,0,0,0,0,0,0,0,0,0,5,0,3.33,0,3.33,0,0,0,0,6.67,10,0,3.33,8.33,0,0,0,3.33,3.33,0,10,0,0,0,0,0,10,5,3.33,0,0,0,1.67,0
2547,buyer,1,39,4.85,1.53,99,,19.5,15.38,87.18,69.23,58.97,28.21,23.08,17.95,0,5.13,0,0,5.13,17.95,5.13,2.56,7.69,10.26,2.56,10.26,0,17.95,2.56,2.56,2.56,0,0,2.56,28.21,0,12.82,5.13,0,2.56,5.13,0,5.13,0,0,0,0,0,0,0,0,0,0,0,7.69,2.56,2.56,2.56,0,0,0,5.13,0,0,0,0,0,0,0,0,10.26,0,0,5.13,5.13,0,0,0,0,0,0,0,0,0,0,2.56,0,5.13,0,2.56,0,0,0,0,7.69,5.13,0,0,5.13,0,0,0,5.13,2.56,0,7.69,0,0,0,0,0,12.82,2.56,2.56,0,2.56,2.56,2.56,0
2547,buyer,1,48,37.3,1,99,52.41,16,8.33,95.83,75,47.92,20.83,20.83,18.75,2.08,0,0,0,0,12.5,8.33,0,6.25,6.25,2.08,6.25,0,25,8.33,2.08,2.08,2.08,0,0,29.17,0,20.83,6.25,2.08,4.17,4.17,4.17,4.17,0,6.25,4.17,2.08,2.08,2.08,0,0,0,0,0,12.5,10.42,2.08,2.08,0,4.17,0,2.08,0,0,0,0,0,0,0,0,12.5,0,0,6.25,4.17,2.08,0,0,0,0,0,0,0,0,0,2.08,0,6.25,0,2.08,0,0,0,0,8.33,6.25,0,0,6.25,0,0,0,2.08,6.25,2.08,4.17,0,0,0,0,0,12.5,4.17,4.17,0,2.08,2.08,0,0
2547,buyer,1,60,44.66,3.95,99,20.23,12,10,96.67,76.67,50,20,16.67,13.33,1.67,1.67,0,0,3.33,13.33,6.67,0,10,8.33,1.67,3.33,1.67,26.67,8.33,1.67,1.67,1.67,0,0,33.33,3.33,20,8.33,1.67,3.33,1.67,3.33,3.33,0,6.67,3.33,3.33,1.67,1.67,0,0,0,0,0,15,10,1.67,1.67,0,5,0,5,0,0,0,0,0,0,0,0,11.67,0,0,8.33,3.33,1.67,0,0,0,0,0,0,0,0,0,0,0,5,0,0,0,0,0,0,10,8.33,0,1.67,5,1.67,0,0,3.33,5,1.67,5,0,0,0,0,0,15,6.67,5,0,1.67,1.67,0,0
2547,buyer,1,75,43.65,25.67,90.46,20.23,15,16,93.33,65.33,41.33,16,13.33,8,1.33,1.33,0,2.67,2.67,12,5.33,0,6.67,8,0,4,2.67,24,8,2.67,4,1.33,0,2.67,30.67,2.67,18.67,8,1.33,2.67,1.33,2.67,4,0,5.33,2.67,2.67,1.33,1.33,0,0,0,0,0,20,10.67,4,4,0,4,0,9.33,0,0,0,0,0,0,0,0,18.67,0,0,8,10.67,1.33,0,0,0,0,0,0,0,0,0,0,0,8,0,1.33,0,0,0,0,10.67,6.67,0,1.33,4,1.33,0,0,2.67,6.67,2.67,2.67,0,0,0,0,0,18.67,6.67,9.33,0,0,1.33,1.33,0
2547,seller,1,32,5.64,94.84,1.63,69.4,5.33,9.38,93.75,75,59.38,18.75,12.5,3.13,0,9.38,0,0,6.25,15.63,6.25,3.13,6.25,18.75,9.38,3.13,0,21.88,12.5,3.13,3.13,0,0,3.13,21.88,0,15.63,3.13,3.13,3.13,6.25,0,3.13,0,3.13,3.13,0,0,0,0,0,0,0,0,15.63,6.25,6.25,3.13,0,0,0,9.38,0,0,0,0,0,0,0,0,12.5,0,0,9.38,3.13,0,0,0,0,0,0,0,0,0,0,0,0,0,0,0,0,0,0,0,6.25,0,0,0,0,0,0,0,0,0,6.25,3.13,3.13,0,3.13,0,0,34.38,18.75,3.13,6.25,0,3.13,3.13,0
2547,seller,1,33,4.19,99,13.81,67.94,4.71,18.18,87.88,69.7,60.61,24.24,21.21,6.06,3.03,12.12,0,0,3.03,21.21,9.09,0,3.03,12.12,12.12,3.03,0,12.12,12.12,3.03,12.12,3.03,0,9.09,18.18,0,18.18,6.06,3.03,6.06,3.03,0,6.06,0,3.03,3.03,0,0,0,0,0,0,0,0,21.21,6.06,6.06,6.06,0,0,0,15.15,0,0,0,0,0,0,0,0,12.12,0,0,9.09,3.03,0,0,0,0,0,0,0,0,0,0,0,0,0,0,0,0,0,0,0,3.03,0,0,0,0,0,0,0,0,0,0,0,6.06,0,6.06,0,0,33.33,24.24,3.03,3.03,0,3.03,0,0
2547,seller,1,34,22.63,99,12.44,66.58,3.4,23.53,88.24,64.71,55.88,23.53,17.65,5.88,5.88,5.88,0,0,5.88,23.53,8.82,0,8.82,11.76,8.82,0,0,11.76,11.76,5.88,17.65,5.88,0,11.76,20.59,2.94,11.76,5.88,2.94,2.94,0,0,2.94,0,2.94,2.94,0,0,0,0,0,0,0,0,26.47,11.76,11.76,11.76,0,0,0,14.71,0,0,0,0,0,0,0,0,11.76,0,0,8.82,2.94,0,0,0,0,0,0,0,0,0,0,0,0,0,0,0,0,0,0,0,2.94,0,0,0,0,0,0,0,0,0,5.88,0,5.88,0,5.88,0,0,44.12,29.41,2.94,2.94,0,8.82,0,0
2547,seller,1,74,13.55,99,20.17,2.35,6.17,17.57,93.24,75.68,60.81,28.38,20.27,6.76,4.05,9.46,0,0,8.11,17.57,6.76,0,9.46,10.81,4.05,2.7,1.35,20.27,6.76,4.05,13.51,4.05,0,9.46,21.62,1.35,12.16,4.05,0,5.41,0,1.35,1.35,0,5.41,1.35,4.05,1.35,0,1.35,1.35,0,0,0,25.68,12.16,9.46,8.11,0,2.7,0,16.22,0,0,0,0,1.35,1.35,0,0,4.05,0,0,2.7,1.35,0,0,0,0,0,0,0,0,0,0,1.35,2.7,1.35,0,0,0,0,0,0,8.11,5.41,0,1.35,4.05,0,0,1.35,1.35,1.35,5.41,1.35,1.35,0,1.35,0,0,22.97,12.16,1.35,4.05,0,5.41,0,0
2547,seller,1,62,24.16,99,10.77,6.37,6.89,14.52,95.16,75.81,59.68,25.81,16.13,4.84,3.23,8.06,0,0,9.68,16.13,6.45,0,11.29,9.68,3.23,3.23,1.61,20.97,4.84,4.84,11.29,3.23,0,8.06,20.97,1.61,9.68,3.23,0,4.84,0,1.61,0,0,8.06,3.23,4.84,1.61,0,1.61,1.61,0,0,0,24.19,12.9,9.68,8.06,0,3.23,0,14.52,0,0,0,0,1.61,1.61,0,0,3.23,0,0,3.23,0,0,0,0,0,0,0,0,0,0,0,1.61,3.23,3.23,0,0,0,0,0,0,9.68,6.45,0,1.61,4.84,0,0,1.61,1.61,1.61,6.45,1.61,0,0,0,0,0,19.35,8.06,1.61,4.84,0,4.84,0,0
2548,buyer,1,119,44.19,2.91,70.01,72.85,11.9,18.49,95.8,73.11,61.34,15.97,15.13,11.76,0,3.36,0,0,0.84,14.29,12.61,0,10.92,14.29,4.2,5.04,2.52,21.01,5.88,0.84,1.68,0,1.68,0,31.09,0.84,17.65,5.04,0.84,5.88,3.36,0,4.2,0,10.08,6.72,3.36,6.72,5.04,1.68,0,0,0,0,7.56,3.36,1.68,0.84,0,0,1.68,4.2,0,0,0,0,0,0,0,0,11.76,0,0,7.56,6.72,0,0.84,0,0,0,0,0,0,0,0,0,0.84,6.72,0,0,0,0,0,0.84,4.2,4.2,0,0,3.36,0,0,0.84,2.52,6.72,4.2,1.68,0,0,0,0,0,9.24,8.4,0,0,0,0.84,0,0
2548,buyer,1,122,43.09,6.87,84.75,71.67,13.56,18.03,96.72,77.87,63.93,16.39,14.75,10.66,0,4.1,0,0,1.64,13.93,10.66,0,13.93,13.93,4.92,5.74,2.46,22.95,6.56,1.64,3.28,0,3.28,0,28.69,0.82,17.21,5.74,0.82,4.92,3.28,0,4.1,0,8.2,5.74,2.46,4.92,3.28,1.64,0,0,0,0,8.2,3.28,2.46,0.82,0,0,1.64,4.92,0,0,0,0,0,0,0,0,10.66,0,0,8.2,4.92,0,0.82,0,0,0,0,0,0,0,0,0,0.82,4.92,0,0,0,0,0,0.82,5.74,5.74,0,0.82,4.92,0,0,0.82,2.46,5.74,3.28,1.64,0,0,0,0,0,8.2,7.38,0,0,0,0.82,0,0
2548,buyer,1,84,63.81,9.23,98.22,20.23,12,15.48,100,80.95,61.9,17.86,16.67,11.9,0,4.76,0,0,1.19,15.48,8.33,0,16.67,9.52,2.38,5.95,1.19,19.05,9.52,1.19,5.95,0,4.76,1.19,25,0,15.48,7.14,0,2.38,4.76,0,4.76,0,9.52,4.76,4.76,3.57,1.19,2.38,0,0,0,0,10.71,4.76,2.38,2.38,0,0,2.38,5.95,0,0,0,0,0,0,0,0,13.1,0,0,11.9,4.76,0,1.19,0,0,0,0,0,0,0,0,0,0,5.95,0,0,0,0,1.19,1.19,5.95,7.14,0,1.19,5.95,0,0,1.19,1.19,2.38,3.57,1.19,1.19,0,1.19,0,0,8.33,8.33,0,0,0,0,0,0
2548,buyer,1,35,39.7,24.76,91.58,65.27,7,14.29,100,80,62.86,20,17.14,11.43,0,5.71,0,0,2.86,17.14,2.86,0,17.14,11.43,2.86,5.71,0,20,8.57,2.86,8.57,0,5.71,2.86,17.14,0,14.29,5.71,0,2.86,5.71,0,2.86,0,14.29,8.57,5.71,0,0,0,0,0,0,0,14.29,8.57,5.71,5.71,0,0,2.86,5.71,0,0,0,0,0,0,0,0,11.43,0,0,11.43,2.86,0,0,0,0,0,0,0,0,0,0,0,0,2.86,0,0,0,0,2.86,0,5.71,5.71,0,2.86,5.71,0,0,0,0,2.86,0,0,2.86,0,2.86,0,0,11.43,11.43,0,0,0,0,0,0
2548,seller,1,76,17.38,82.58,70.28,20.23,6.91,11.84,94.74,81.58,61.84,25,19.74,9.21,1.32,9.21,0,0,5.26,10.53,9.21,0,10.53,14.47,1.32,5.26,2.63,26.32,6.58,0,1.32,1.32,0,0,26.32,0,10.53,3.95,2.63,1.32,0,0,1.32,0,5.26,2.63,2.63,2.63,0,2.63,0,0,0,0,18.42,6.58,1.32,1.32,0,0,3.95,10.53,0,0,0,0,0,0,0,0,9.21,0,0,3.95,5.26,0,0,0,0,0,0,0,0,0,0,0,0,5.26,0,0,0,0,0,0,9.21,6.58,0,1.32,5.26,0,0,0,1.32,3.95,7.89,5.26,1.32,0,1.32,0,0,21.05,10.53,1.32,3.95,0,5.26,0,0
2548,seller,1,81,26.88,94.59,83.36,20.23,9,8.64,96.3,83.95,62.96,23.46,20.99,8.64,2.47,9.88,0,0,2.47,9.88,7.41,0,14.81,13.58,2.47,4.94,2.47,25.93,7.41,0,3.7,2.47,0,1.23,25.93,1.23,11.11,6.17,3.7,1.23,0,0,1.23,0,4.94,2.47,2.47,3.7,1.23,2.47,0,0,0,0,19.75,6.17,2.47,1.23,0,0,2.47,12.35,0,0,0,0,0,0,0,0,8.64,0,0,4.94,4.94,0,0,0,0,0,0,0,0,0,0,0,0,4.94,0,0,0,0,0,0,9.88,7.41,0,1.23,6.17,0,0,0,1.23,3.7,7.41,4.94,1.23,0,1.23,0,0,17.28,8.64,1.23,2.47,0,4.94,0,0
2548,seller,1,76,14.93,97.27,52.19,39.38,9.5,15.79,92.11,68.42,51.32,19.74,18.42,5.26,2.63,7.89,0,2.63,1.32,9.21,5.26,0,9.21,13.16,2.63,5.26,3.95,23.68,5.26,0,6.58,2.63,0,3.95,25,1.32,11.84,6.58,2.63,1.32,0,0,2.63,0,3.95,2.63,1.32,2.63,1.32,1.32,0,0,0,0,25,9.21,5.26,3.95,0,0,2.63,15.79,0,0,0,0,0,0,0,0,17.11,0,0,5.26,13.16,0,0,0,0,0,0,0,0,0,0,0,0,9.21,0,0,0,0,0,0,13.16,3.95,0,0,3.95,0,0,0,1.32,3.95,6.58,5.26,1.32,0,1.32,0,0,23.68,9.21,5.26,1.32,0,6.58,1.32,0
2550,buyer,1,88,51.97,53.63,34.4,1,14.67,18.18,84.09,64.77,59.09,14.77,6.82,3.41,0,3.41,0,0,7.95,20.45,13.64,0,10.23,7.95,5.68,10.23,1.14,10.23,3.41,3.41,2.27,0,1.14,1.14,22.73,1.14,12.5,3.41,7.95,1.14,0,0,1.14,0,5.68,0,5.68,2.27,0,2.27,0,1.14,0,0,12.5,7.95,1.14,1.14,1.14,0,3.41,4.55,0,0,0,0,0,0,0,0,5.68,0,0,3.41,2.27,0,1.14,1.14,0,0,0,0,0,0,0,0,0,1.14,0,1.14,0,0,1.14,0,3.41,7.95,1.14,0,6.82,0,0,0,2.27,6.82,2.27,1.14,0,0,0,0,0,7.95,6.82,1.14,0,0,0,0,0
2550,buyer,1,123,15.26,10.93,31.39,1,13.67,17.89,86.99,70.73,64.23,19.51,12.2,7.32,0,4.88,0,0,7.32,17.07,9.76,0,9.76,10.57,6.5,7.32,5.69,16.26,0.81,1.63,2.44,0,0.81,1.63,30.89,1.63,16.26,1.63,6.5,3.25,0.81,0.81,4.07,0,4.07,0,4.07,0.81,0,0.81,0,0.81,0,0,13.01,7.32,1.63,1.63,0.81,0,3.25,5.69,0,0,0,0,0,0,0,0,4.88,0,0,2.44,2.44,0,0.81,0.81,0,0,0,0,0,0,0,0,1.63,1.63,0,0,0,0,0.81,0,7.32,4.88,0.81,0,4.07,0,0,0,1.63,8.94,4.07,0,0,0,0,0,0,10.57,7.32,1.63,0,0,1.63,0,0
2550,buyer,1,132,12.37,17.46,66.42,1,16.5,18.94,91.67,69.7,62.88,20.45,15.91,8.33,0,7.58,0,0,4.55,18.18,8.33,0,10.61,9.85,6.06,7.58,6.82,15.91,1.52,2.27,4.55,0,2.27,2.27,31.82,3.79,16.67,0.76,5.3,3.03,1.52,0.76,6.06,0,5.3,0,5.3,0.76,0,0.76,0,0.76,0,0,18.94,9.85,2.27,2.27,0.76,0.76,3.79,9.09,0,0,0,0,0,0,0,0,5.3,0,0,3.03,2.27,0,0.76,0.76,0,0,0,0,0,0,0,0,1.52,1.52,0,0,0,0,1.52,0,9.85,6.06,1.52,0,4.55,0,0,0,3.79,4.55,6.82,0.76,0,0,0,0,0,12.88,5.3,2.27,1.52,0,3.79,0,0
2550,buyer,1,108,3.91,13.82,94.33,5.19,15.43,16.67,93.52,71.3,63.89,24.07,22.22,12.04,1.85,8.33,0,0,1.85,15.74,5.56,0,10.19,11.11,6.48,6.48,7.41,18.52,0.93,1.85,6.48,1.85,1.85,2.78,35.19,3.7,17.59,1.85,3.7,3.7,1.85,0.93,7.41,0,3.7,0.93,2.78,0,0,0,0,0,0,0,20.37,9.26,2.78,2.78,0,0.93,2.78,11.11,0,0,0,0,0,0,0,0,6.48,0,0,2.78,3.7,0,0,0,0,0,0,0,0,0,0,0,1.85,1.85,0,0,0,0,0.93,0,12.96,6.48,0.93,0.93,5.56,0,0,0,2.78,4.63,8.33,1.85,0,0,0,0,0,14.81,5.56,1.85,1.85,0,5.56,0,0
2550,buyer,1,82,14.55,61.79,98.7,8.75,16.4,15.85,91.46,68.29,58.54,20.73,20.73,9.76,2.44,8.54,0,0,0,14.63,6.1,0,13.41,9.76,6.1,9.76,3.66,17.07,1.22,2.44,8.54,2.44,3.66,2.44,28.05,3.66,14.63,3.66,3.66,2.44,2.44,0,6.1,0,6.1,2.44,3.66,0,0,0,0,0,0,0,21.95,9.76,1.22,1.22,1.22,2.44,2.44,12.2,0,0,0,0,0,0,0,0,4.88,0,0,2.44,2.44,0,0,0,0,0,0,0,0,0,0,0,0,1.22,0,0,0,0,1.22,0,12.2,8.54,1.22,2.44,7.32,0,0,0,3.66,0,10.98,2.44,2.44,0,1.22,1.22,0,14.63,2.44,1.22,3.66,0,7.32,0,0
2550,buyer,1,45,17.49,77.41,97.42,20.23,11.25,11.11,91.11,71.11,55.56,22.22,22.22,11.11,4.44,6.67,0,0,0,11.11,4.44,0,13.33,8.89,6.67,6.67,2.22,20,0,2.22,11.11,4.44,2.22,4.44,24.44,0,15.56,6.67,4.44,4.44,2.22,0,2.22,0,8.89,4.44,4.44,0,0,0,0,0,0,0,20,8.89,0,0,4.44,2.22,0,11.11,0,0,0,0,0,0,0,0,6.67,0,0,4.44,2.22,0,0,0,0,0,0,0,0,0,0,0,0,0,0,0,0,0,0,0,13.33,8.89,0,4.44,8.89,0,0,0,0,0,11.11,2.22,4.44,0,2.22,2.22,0,13.33,4.44,0,2.22,0,6.67,0,0
2550,buyer,1,29,28.28,9.86,86.26,1.05,14.5,10.34,93.1,68.97,48.28,20.69,20.69,13.79,0,6.9,0,0,0,6.9,3.45,0,13.79,6.9,3.45,6.9,3.45,20.69,0,0,10.34,0,3.45,6.9,24.14,0,17.24,3.45,3.45,6.9,3.45,0,3.45,0,10.34,3.45,6.9,0,0,0,0,0,0,0,17.24,10.34,0,0,6.9,3.45,0,6.9,0,0,0,0,0,0,0,0,6.9,0,0,3.45,3.45,0,0,0,0,0,0,0,0,0,0,0,3.45,0,0,0,0,0,0,0,13.79,6.9,0,3.45,6.9,0,0,0,0,0,10.34,0,6.9,0,3.45,3.45,0,10.34,0,0,3.45,0,6.9,0,0
2550,buyer,1,18,4.55,1,99,20.23,18,5.56,94.44,61.11,44.44,27.78,27.78,27.78,0,0,0,0,0,16.67,5.56,0,0,5.56,5.56,5.56,0,16.67,11.11,0,5.56,0,0,5.56,22.22,0,16.67,5.56,0,5.56,5.56,0,5.56,0,11.11,5.56,5.56,0,0,0,0,0,0,0,5.56,5.56,0,0,5.56,0,0,0,0,0,0,0,0,0,0,0,22.22,0,0,11.11,11.11,0,0,0,0,0,0,0,0,0,0,0,5.56,5.56,0,0,0,0,0,0,16.67,5.56,0,0,5.56,0,0,0,0,0,0,5.56,0,0,0,0,0,5.56,5.56,0,0,0,0,0,0
2550,buyer,1,23,1,1,98.67,84.9,11.5,4.35,95.65,78.26,65.22,30.43,26.09,26.09,0,0,0,0,4.35,21.74,4.35,0,4.35,17.39,8.7,4.35,4.35,26.09,8.7,0,0,0,0,0,34.78,4.35,21.74,4.35,0,8.7,8.7,0,4.35,0,4.35,4.35,0,0,0,0,0,0,0,0,0,0,0,0,0,0,0,0,0,0,0,0,0,0,0,0,13.04,0,0,4.35,8.7,0,0,0,0,0,0,0,0,0,0,0,4.35,4.35,0,0,0,0,0,0,17.39,4.35,0,0,4.35,0,0,0,0,4.35,0,4.35,0,0,0,0,0,17.39,8.7,4.35,0,0,4.35,0,0
2550,buyer,1,20,1,1,89.39,99,6.67,5,95,75,65,25,20,20,0,0,0,0,5,20,5,0,5,20,10,5,5,25,10,0,0,0,0,0,35,5,20,5,0,5,10,0,5,0,10,10,0,0,0,0,0,0,0,0,0,0,0,0,0,0,0,0,0,0,0,0,0,0,0,0,15,0,0,10,5,0,0,0,0,0,0,0,0,0,0,0,0,10,0,0,0,0,0,0,10,0,0,0,0,0,0,0,0,5,0,5,0,0,0,0,0,20,10,5,0,0,5,0,0
2550,seller,1,118,41.22,69.65,12.81,31.93,14.75,15.25,93.22,70.34,62.71,15.25,11.02,4.24,1.69,5.08,0,0,4.24,16.95,13.56,0,9.32,14.41,4.24,6.78,1.69,18.64,3.39,0.85,5.08,1.69,0.85,2.54,28.81,5.93,14.41,2.54,0.85,5.08,4.24,0,3.39,0,4.24,2.54,1.69,1.69,1.69,0,0,0,0,0,14.41,6.78,2.54,1.69,0,1.69,1.69,7.63,0,0,0,0,0.85,0,0,0.85,9.32,0,0,5.08,4.24,0,0,0,0,0,0,0,0,0,0,0,0,1.69,0,0.85,0,0,0.85,0,5.08,5.08,0,0,5.08,0,0,0,1.69,2.54,5.93,0.85,0,0,0,0,0,11.86,5.08,4.24,1.69,0,0.85,0,0
2550,seller,1,134,41.48,80.84,32.84,42.34,14.89,16.42,91.79,68.66,61.94,16.42,13.43,4.48,1.49,7.46,0,0,2.99,17.16,13.43,0,8.96,13.43,2.99,6.72,2.24,17.91,1.49,0.75,5.22,1.49,0.75,2.99,28.36,5.97,14.93,3.73,0.75,4.48,3.73,0,4.48,0,2.99,2.24,0.75,1.49,1.49,0,0,0,0,0,15.67,5.97,2.24,2.24,0,0.75,1.49,9.7,0,0,0,0,0.75,0,0,0.75,8.96,0,0,4.48,4.48,0,0,0,0,0,0,0,0,0,0,0,0,2.24,0,0.75,0,0,0.75,0,5.22,5.22,0,0.75,5.22,0,0,0,1.49,2.24,5.22,1.49,0.75,0,0.75,0,0,11.94,5.97,4.48,0.75,0,0.75,0,0
2550,seller,1,115,39.7,55.61,74.45,74.5,14.38,17.39,93.91,70.43,59.13,17.39,14.78,6.96,0,7.83,0,0,2.61,13.91,10.43,0,10.43,10.43,3.48,6.96,2.61,19.13,1.74,1.74,4.35,0,0.87,3.48,26.96,5.22,13.91,4.35,0.87,2.61,4.35,0,4.35,0,5.22,4.35,0.87,1.74,1.74,0,0,0,0,0,14.78,6.09,2.61,2.61,0,0.87,0.87,8.7,0,0,0,0,0,0,0,0,10.43,0,0,5.22,5.22,0,0,0,0,0,0,0,0,0,0,0,0,3.48,0,1.74,0,0,0.87,0,7.83,7.83,1.74,0.87,6.09,0,0,0,1.74,1.74,4.35,4.35,0.87,0,0.87,0,0,9.57,6.09,3.48,0,0,0,0,0
2550,seller,1,54,55.25,72.07,96.01,77.5,13.5,16.67,88.89,68.52,53.7,16.67,16.67,7.41,0,9.26,0,0,0,12.96,5.56,0,12.96,9.26,0,5.56,1.85,18.52,3.7,3.7,3.7,0,0,3.7,24.07,3.7,11.11,7.41,0,0,1.85,0,3.7,0,3.7,3.7,0,0,0,0,0,0,0,0,12.96,3.7,1.85,1.85,0,0,0,9.26,0,0,0,0,0,0,0,0,11.11,0,0,5.56,5.56,0,0,0,0,0,0,0,0,0,0,0,0,3.7,0,1.85,0,0,0,0,7.41,9.26,3.7,1.85,5.56,0,0,0,1.85,1.85,3.7,7.41,1.85,0,1.85,0,0,9.26,7.41,1.85,0,0,0,0,0
2550,seller,1,46,41.01,53.04,74.45,84.9,23,17.39,93.48,58.7,36.96,10.87,10.87,4.35,0,2.17,0,4.35,0,10.87,0,0,8.7,8.7,0,4.35,4.35,26.09,4.35,4.35,6.52,0,0,6.52,30.43,4.35,10.87,8.7,0,0,0,0,2.17,0,4.35,4.35,0,0,0,0,0,0,0,0,15.22,4.35,4.35,4.35,0,0,0,10.87,0,0,0,0,0,0,0,0,26.09,0,0,8.7,17.39,0,0,0,0,0,0,0,0,0,0,0,0,10.87,0,2.17,0,0,0,0,15.22,8.7,4.35,0,4.35,0,0,0,2.17,8.7,4.35,6.52,0,0,0,0,0,17.39,4.35,8.7,0,0,2.17,2.17,0
2550,seller,1,50,3.8,94.01,75.94,50.98,12.5,14,92,58,44,16,16,2,2,8,0,4,0,18,2,0,0,10,4,6,6,20,4,4,6,2,0,4,38,6,14,6,0,0,2,0,8,0,2,2,0,0,0,0,0,0,0,0,24,6,6,4,0,0,0,18,0,0,0,0,0,0,0,0,26,0,0,6,20,0,0,0,0,0,0,0,0,0,0,0,0,10,0,0,0,0,0,0,12,2,0,0,2,0,0,0,4,10,4,2,0,0,0,0,0,20,6,10,0,0,2,2,0
2550,seller,1,93,13.38,99,51.16,53.56,13.29,10.75,90.32,65.59,54.84,20.43,19.35,3.23,5.38,7.53,0,3.23,1.08,16.13,4.3,0,8.6,8.6,4.3,7.53,3.23,16.13,2.15,2.15,9.68,5.38,0,4.3,27.96,2.15,15.05,3.23,0,3.23,4.3,0,6.45,0,2.15,2.15,0,0,0,0,0,0,0,0,25.81,7.53,6.45,5.38,0,0,1.08,18.28,0,0,0,0,1.08,0,0,1.08,15.05,0,0,4.3,10.75,0,0,0,0,0,0,0,0,0,0,0,1.08,6.45,0,0,0,0,0,0,6.45,4.3,0,1.08,3.23,0,0,0,4.3,6.45,3.23,2.15,0,0,0,0,0,16.13,6.45,6.45,1.08,0,1.08,1.08,0
2550,seller,1,93,15.21,99,58.85,53.56,13.29,11.83,89.25,64.52,53.76,20.43,19.35,3.23,5.38,7.53,0,3.23,1.08,15.05,4.3,0,8.6,8.6,4.3,7.53,2.15,15.05,3.23,3.23,9.68,5.38,0,4.3,25.81,1.08,15.05,3.23,0,3.23,4.3,0,6.45,0,2.15,2.15,0,0,0,0,0,0,0,0,25.81,7.53,6.45,5.38,0,0,1.08,18.28,0,0,0,0,1.08,0,0,1.08,15.05,0,0,4.3,10.75,0,0,0,0,0,0,0,0,0,0,0,1.08,6.45,0,1.08,0,0,0,0,5.38,5.38,0,1.08,4.3,0,0,0,4.3,5.38,3.23,2.15,0,0,0,0,0,16.13,6.45,6.45,1.08,0,1.08,1.08,0
2551,buyer,1,28,56.86,21.49,99,1,9.33,10.71,96.43,82.14,57.14,25,21.43,14.29,0,7.14,0,0,3.57,10.71,10.71,0,10.71,7.14,0,3.57,0,17.86,14.29,3.57,3.57,0,0,3.57,17.86,0,10.71,7.14,0,0,3.57,0,3.57,0,10.71,3.57,7.14,0,0,0,0,0,0,0,14.29,7.14,7.14,7.14,0,0,3.57,7.14,0,0,0,0,0,0,0,0,10.71,0,0,7.14,3.57,0,0,0,0,0,0,0,0,0,0,0,0,7.14,0,3.57,0,0,0,0,10.71,10.71,0,0,10.71,0,0,0,0,3.57,0,3.57,3.57,0,3.57,0,0,14.29,10.71,3.57,0,0,0,0,0
2551,buyer,1,19,52.34,99,70.28,99,4.75,15.79,100,84.21,57.89,31.58,26.32,10.53,0,15.79,0,0,5.26,10.53,5.26,0,15.79,5.26,0,0,0,21.05,10.53,0,10.53,5.26,0,5.26,10.53,0,5.26,5.26,0,0,0,0,0,0,21.05,15.79,5.26,0,0,0,0,0,0,0,36.84,21.05,21.05,15.79,0,0,10.53,15.79,0,0,0,0,0,0,0,0,5.26,0,0,5.26,0,0,0,0,0,0,0,0,0,0,0,0,0,5.26,0,0,0,0,0,0,10.53,5.26,0,0,5.26,0,0,0,0,5.26,0,0,5.26,0,5.26,0,0,21.05,15.79,5.26,0,0,0,0,0
2551,buyer,1,37,35.05,91.56,73.75,62.77,12.33,24.32,91.89,56.76,40.54,18.92,16.22,5.41,0,5.41,0,5.41,2.7,10.81,2.7,0,8.11,8.11,0,2.7,2.7,18.92,5.41,2.7,10.81,2.7,0,8.11,18.92,0,10.81,8.11,0,0,0,0,2.7,0,8.11,5.41,2.7,0,0,0,0,0,0,0,29.73,13.51,13.51,10.81,0,0,2.7,16.22,0,0,0,0,0,0,0,0,24.32,0,0,8.11,16.22,0,0,0,0,0,0,0,0,0,0,0,0,13.51,0,2.7,0,0,0,0,10.81,5.41,0,0,5.41,0,0,0,0,8.11,2.7,0,0,0,0,0,0,24.32,8.11,10.81,0,0,2.7,2.7,0
2551,seller,1,54,16.08,87.35,92.16,99,27,14.81,94.44,79.63,62.96,24.07,22.22,11.11,1.85,9.26,0,0,1.85,14.81,5.56,0,11.11,3.7,7.41,11.11,0,16.67,9.26,5.56,7.41,5.56,0,1.85,12.96,0,9.26,5.56,0,1.85,1.85,0,1.85,0,12.96,11.11,1.85,5.56,3.7,1.85,0,0,0,0,22.22,11.11,9.26,1.85,0,0,1.85,11.11,0,0,0,0,0,0,0,0,9.26,0,0,5.56,3.7,0,0,0,0,0,0,0,0,0,0,1.85,0,5.56,0,1.85,0,0,0,0,11.11,9.26,0,0,7.41,0,0,1.85,1.85,1.85,0,1.85,0,0,0,0,0,5.56,1.85,3.7,0,0,0,0,0
2551,seller,1,38,36.67,40.06,97.49,99,19,18.42,94.74,73.68,57.89,18.42,15.79,10.53,2.63,2.63,0,0,2.63,18.42,7.89,0,10.53,5.26,7.89,7.89,0,21.05,7.89,5.26,7.89,7.89,0,0,10.53,0,7.89,5.26,0,2.63,0,0,0,0,28.95,28.95,0,5.26,5.26,0,0,0,0,0,31.58,26.32,13.16,13.16,0,0,5.26,5.26,0,0,0,0,0,0,0,0,7.89,0,0,5.26,2.63,0,0,0,0,0,0,0,0,0,0,2.63,0,2.63,0,0,0,0,0,0,10.53,5.26,0,0,2.63,0,0,2.63,13.16,2.63,0,0,0,0,0,0,0,7.89,2.63,5.26,0,0,0,0,0
2551,seller,1,23,23.51,1.4,99,99,23,13.04,95.65,65.22,52.17,17.39,13.04,13.04,0,0,0,0,4.35,13.04,8.7,0,8.7,8.7,4.35,13.04,0,21.74,0,0,0,0,0,0,8.7,0,4.35,4.35,0,0,0,0,0,0,34.78,34.78,0,4.35,4.35,0,0,0,0,0,26.09,26.09,8.7,21.74,0,0,4.35,0,0,0,0,0,0,0,0,0,8.7,0,0,4.35,4.35,0,0,0,0,0,0,0,0,0,0,0,0,8.7,0,0,0,0,0,0,8.7,4.35,0,0,4.35,0,0,0,21.74,4.35,0,0,0,0,0,0,0,4.35,0,4.35,0,0,0,0,0
2552,buyer,1,78,31.07,1,74.77,79.29,13,19.23,80.77,64.1,56.41,17.95,10.26,10.26,0,0,0,0,7.69,16.67,10.26,0,7.69,11.54,1.28,6.41,3.85,17.95,1.28,1.28,0,0,0,0,30.77,1.28,15.38,1.28,3.85,3.85,1.28,0,5.13,0,3.85,3.85,0,2.56,2.56,0,0,0,0,0,2.56,2.56,0,1.28,0,0,2.56,0,0,0,0,0,0,0,0,0,5.13,0,0,0,5.13,0,0,0,0,0,0,0,0,0,0,0,0,7.69,0,0,0,0,0,0,2.56,5.13,1.28,0,2.56,1.28,0,0,6.41,11.54,3.85,0,0,0,0,0,0,12.82,6.41,2.56,0,1.28,0,2.56,0
2552,buyer,1,118,33.89,18.69,76.13,45.75,16.86,18.64,85.59,69.49,61.02,19.49,14.41,8.47,2.54,3.39,0,0,5.08,16.95,8.47,0,12.71,11.86,0.85,8.47,2.54,18.64,1.69,1.69,5.08,2.54,1.69,0.85,27.97,0.85,17.8,3.39,4.24,4.24,2.54,0,5.08,0,1.69,1.69,0,1.69,1.69,0,0,0,0,0,8.47,2.54,0.85,0.85,0,0,1.69,5.93,0,0,0,0,0,0,0,0,6.78,0,0,1.69,5.08,0,0,0,0,0,0,0,0,0,0,0,0,5.08,0,0.85,0,0,0,0,5.08,5.08,0.85,0.85,3.39,0.85,0,0,5.08,7.63,2.54,0,0,0,0,0,0,11.02,5.93,2.54,0,0,0.85,1.69,0
2552,buyer,1,109,36.53,61.85,70.59,48.14,18.17,22.02,88.07,64.22,53.21,16.51,15.6,7.34,2.75,3.67,0,1.83,0.92,14.68,5.5,0,11.93,11.93,0,8.26,1.83,20.18,2.75,1.83,7.34,2.75,1.83,2.75,27.52,0.92,18.35,5.5,4.59,4.59,2.75,0,3.67,0,1.83,1.83,0,1.83,1.83,0,0,0,0,0,14.68,4.59,2.75,2.75,0,0,1.83,10.09,0,0,0,0,0,0,0,0,14.68,0,0,3.67,11.01,0,0,0,0,0,0,0,0,0,0,0,0,7.34,0,1.83,0,0,0,0,8.26,4.59,0,0.92,3.67,0.92,0,0,4.59,7.34,2.75,0,0,0,0,0,0,14.68,5.5,5.5,0,0,0.92,2.75,0
2552,seller,1,60,44.66,22.56,89.39,72.45,10,18.33,90,75,65,15,8.33,3.33,0,5,0,0,6.67,16.67,10,0,15,11.67,8.33,5,3.33,16.67,5,0,0,0,0,0,28.33,0,16.67,1.67,6.67,1.67,1.67,0,6.67,0,6.67,5,1.67,3.33,1.67,1.67,0,0,0,0,11.67,6.67,3.33,3.33,0,0,5,5,0,0,0,0,0,0,0,0,5,0,0,0,5,0,0,0,0,0,0,0,0,0,0,0,0,3.33,0,0,0,0,0,0,6.67,6.67,0,3.33,6.67,0,0,0,5,3.33,6.67,1.67,0,0,0,0,0,13.33,6.67,3.33,1.67,1.67,0,0,0
2552,seller,1,51,35.2,4.22,83.69,20.23,12.75,21.57,88.24,74.51,64.71,17.65,9.8,5.88,0,3.92,0,0,7.84,19.61,11.76,0,11.76,11.76,5.88,5.88,3.92,13.73,7.84,0,0,0,0,0,29.41,0,15.69,3.92,5.88,0,1.96,0,7.84,0,3.92,1.96,1.96,3.92,1.96,1.96,0,0,0,0,7.84,3.92,1.96,0,0,0,1.96,3.92,0,0,0,0,0,0,0,0,5.88,0,0,0,5.88,0,0,0,0,0,0,0,0,0,0,0,0,3.92,0,0,0,0,0,0,1.96,1.96,0,0,0,0,1.96,0,5.88,3.92,7.84,1.96,0,0,0,0,0,11.76,5.88,3.92,0,1.96,0,0,0
2552,seller,1,31,4.68,11.07,97.57,70.91,7.75,22.58,96.77,74.19,64.52,22.58,12.9,6.45,0,6.45,0,0,9.68,12.9,3.23,0,12.9,12.9,6.45,9.68,3.23,16.13,6.45,0,0,0,0,0,35.48,0,19.35,3.23,9.68,0,3.23,0,9.68,0,9.68,6.45,3.23,6.45,3.23,3.23,0,0,0,0,6.45,0,0,0,0,0,0,6.45,0,0,0,0,0,0,0,0,12.9,0,0,3.23,9.68,0,0,0,0,0,0,0,0,0,0,0,0,9.68,0,0,0,0,0,0,3.23,3.23,0,0,0,0,3.23,0,9.68,6.45,6.45,3.23,0,0,0,0,0,12.9,6.45,3.23,0,3.23,0,0,0
2553,buyer,1,42,70.33,40.06,39.59,1,10.5,19.05,83.33,73.81,61.9,16.67,9.52,4.76,0,4.76,0,0,7.14,19.05,16.67,0,9.52,11.9,4.76,2.38,0,16.67,4.76,0,0,0,0,0,19.05,2.38,9.52,2.38,0,0,2.38,0,4.76,0,4.76,0,4.76,0,0,0,0,0,0,0,4.76,0,0,0,0,0,0,4.76,0,0,0,0,0,0,0,0,4.76,0,0,2.38,2.38,0,0,0,0,0,0,0,0,0,0,0,0,0,0,0,0,0,0,0,4.76,9.52,0,2.38,2.38,4.76,0,0,0,4.76,4.76,2.38,2.38,0,2.38,0,0,9.52,7.14,0,2.38,0,0,0,0
2553,buyer,1,39,61.17,55.35,30.98,2.7,9.75,23.08,76.92,69.23,58.97,15.38,7.69,2.56,0,5.13,0,0,7.69,17.95,15.38,0,7.69,10.26,5.13,5.13,0,15.38,2.56,0,0,0,0,0,20.51,2.56,7.69,2.56,0,0,0,0,5.13,0,2.56,0,2.56,0,0,0,0,0,0,0,5.13,0,0,0,0,0,0,5.13,0,0,0,0,0,0,0,0,2.56,0,0,2.56,0,0,0,0,0,0,0,0,0,0,0,0,0,0,0,0,0,0,0,0,2.56,10.26,0,2.56,2.56,5.13,0,0,0,5.13,7.69,0,2.56,0,2.56,0,0,7.69,7.69,0,0,0,0,0,0
2553,buyer,1,30,30.37,10.48,39.59,72.45,15,20,76.67,73.33,63.33,20,10,6.67,0,3.33,0,0,10,16.67,13.33,0,6.67,13.33,3.33,6.67,0,20,3.33,0,0,0,0,0,16.67,0,10,0,0,3.33,0,0,6.67,0,3.33,3.33,0,0,0,0,0,0,0,0,3.33,0,0,0,0,0,0,3.33,0,0,0,0,0,0,0,0,0,0,0,0,0,0,0,0,0,0,0,0,0,0,0,0,0,0,0,0,0,0,0,0,0,10,0,3.33,3.33,3.33,0,0,0,3.33,6.67,0,0,0,0,0,0,3.33,3.33,0,0,0,0,0,0
2553,buyer,1,23,72.44,5.93,4.38,99,11.5,17.39,73.91,73.91,60.87,13.04,8.7,8.7,0,0,0,0,4.35,17.39,13.04,0,13.04,17.39,0,4.35,0,26.09,4.35,0,0,0,0,0,17.39,0,4.35,0,0,4.35,0,0,0,0,8.7,8.7,0,0,0,0,0,0,0,0,8.7,8.7,4.35,4.35,0,0,8.7,0,0,0,0,0,0,0,0,0,0,0,0,0,0,0,0,0,0,0,0,0,0,0,0,0,0,0,0,0,0,0,0,4.35,0,4.35,0,0,4.35,0,0,0,0,0,4.35,4.35,0,0,0,0,0,4.35,4.35,0,0,0,0,0,0
2553,buyer,1,26,83.25,20.31,11.63,99,13,11.54,88.46,88.46,65.38,23.08,15.38,11.54,0,3.85,0,0,7.69,15.38,7.69,0,23.08,11.54,0,0,0,30.77,3.85,0,0,0,0,0,11.54,0,3.85,0,0,3.85,0,0,0,0,15.38,15.38,0,0,0,0,0,0,0,0,19.23,15.38,11.54,7.69,0,0,11.54,3.85,0,0,0,0,0,0,0,0,0,0,0,0,0,0,0,0,0,0,0,0,0,0,0,0,0,3.85,0,0,0,0,0,3.85,0,3.85,0,0,3.85,0,0,0,0,0,0,3.85,0,0,0,0,0,7.69,7.69,0,0,0,0,0,0
2553,buyer,1,22,97.37,40.06,20.79,99,7.33,13.64,86.36,77.27,54.55,18.18,13.64,9.09,0,4.55,0,0,4.55,13.64,9.09,0,22.73,4.55,0,0,0,27.27,0,0,0,0,0,0,9.09,0,0,0,0,0,0,0,0,0,18.18,18.18,0,0,0,0,0,0,0,0,22.73,18.18,13.64,9.09,0,0,13.64,4.55,0,0,0,0,0,0,0,0,4.55,0,0,4.55,0,0,0,0,0,0,0,0,0,0,0,0,0,9.09,0,0,0,0,0,4.55,0,4.55,0,0,4.55,0,0,0,0,0,0,4.55,0,0,0,0,0,9.09,9.09,0,0,0,0,0,0
2553,seller,1,61,45.55,95.74,27.07,6.23,10.17,19.67,91.8,68.85,59.02,19.67,16.39,6.56,3.28,6.56,0,0,3.28,13.11,8.2,0,14.75,11.48,6.56,3.28,0,16.39,4.92,0,3.28,3.28,0,0,18.03,0,8.2,1.64,3.28,3.28,0,1.64,0,0,4.92,1.64,3.28,1.64,1.64,0,0,0,0,0,22.95,13.11,3.28,1.64,0,0,6.56,9.84,0,0,0,0,0,0,0,0,6.56,0,0,3.28,3.28,0,0,0,0,0,0,0,0,0,0,3.28,0,0,0,0,0,0,0,0,3.28,6.56,0,3.28,4.92,0,0,0,1.64,3.28,8.2,0,0,0,0,0,0,11.48,4.92,1.64,4.92,0,0,0,0
2553,seller,1,71,44.73,99,10.7,20.23,14.2,19.72,91.55,73.24,61.97,22.54,19.72,7.04,4.23,8.45,0,0,2.82,12.68,7.04,0,16.9,11.27,5.63,2.82,0,16.9,5.63,0,4.23,4.23,0,0,19.72,0,9.86,2.82,2.82,5.63,0,1.41,0,0,5.63,2.82,2.82,2.82,1.41,1.41,0,0,0,0,23.94,11.27,2.82,1.41,0,0,5.63,12.68,0,0,0,0,0,0,0,0,5.63,0,0,4.23,1.41,0,0,0,0,0,0,0,0,0,0,1.41,0,0,0,0,0,0,0,0,4.23,5.63,0,1.41,2.82,1.41,0,0,2.82,1.41,9.86,0,0,0,0,0,0,9.86,4.23,2.82,2.82,0,0,0,0
2553,seller,1,87,22.7,99,28.21,20.23,12.43,20.69,94.25,75.86,60.92,26.44,22.99,8.05,5.75,9.2,0,0,3.45,14.94,5.75,0,14.94,12.64,4.6,3.45,0,20.69,6.9,0,6.9,5.75,0,1.15,22.99,0,12.64,4.6,3.45,5.75,1.15,1.15,0,0,6.9,3.45,3.45,3.45,2.3,1.15,0,0,0,0,21.84,6.9,2.3,0,0,0,2.3,14.94,0,0,0,0,0,0,0,0,6.9,0,0,5.75,1.15,0,0,0,0,0,0,0,0,0,0,1.15,1.15,1.15,0,0,0,0,0,0,5.75,6.9,0,1.15,2.3,2.3,1.15,0,4.6,1.15,10.34,1.15,0,0,0,0,0,9.2,5.75,1.15,2.3,0,0,0,0
2553,seller,1,77,15.64,99,24.32,61.07,11,15.58,93.51,79.22,64.94,28.57,23.38,7.79,3.9,11.69,0,0,5.19,15.58,5.19,0,12.99,14.29,2.6,2.6,0,23.38,6.49,2.6,6.49,5.19,0,1.3,22.08,1.3,11.69,3.9,2.6,6.49,1.3,0,0,0,7.79,5.19,2.6,2.6,1.3,1.3,0,0,0,0,19.48,3.9,3.9,1.3,0,0,1.3,15.58,0,0,0,0,0,0,0,0,5.19,0,0,5.19,0,0,0,0,0,0,0,0,0,0,0,0,1.3,1.3,0,0,0,0,0,0,9.09,6.49,0,0,2.6,2.6,1.3,0,6.49,0,10.39,2.6,0,0,0,0,0,10.39,3.9,1.3,3.9,1.3,0,0,0
2553,seller,1,78,14.06,98.04,39.59,60.52,11.14,19.23,91.03,65.38,53.85,23.08,19.23,6.41,2.56,7.69,0,2.56,3.85,16.67,3.85,0,8.97,12.82,1.28,3.85,2.56,21.79,3.85,2.56,7.69,3.85,0,3.85,23.08,2.56,11.54,5.13,1.28,3.85,1.28,0,1.28,0,5.13,3.85,1.28,1.28,1.28,0,0,0,0,0,21.79,6.41,6.41,3.85,0,0,1.28,15.38,0,0,0,0,0,0,0,0,14.1,0,0,6.41,7.69,0,0,0,0,0,0,0,0,0,0,0,1.28,6.41,0,0,0,0,0,0,11.54,5.13,0,0,2.56,1.28,1.28,0,5.13,2.56,8.97,2.56,0,0,0,0,0,16.67,5.13,5.13,2.56,1.28,1.28,1.28,0
2554,buyer,1,49,62.82,6.94,51.8,82.06,24.5,20.41,91.84,73.47,61.22,14.29,8.16,6.12,2.04,0,0,0,6.12,18.37,12.24,0,14.29,12.24,2.04,8.16,2.04,18.37,4.08,0,2.04,2.04,0,0,22.45,0,16.33,2.04,2.04,8.16,0,0,4.08,0,4.08,4.08,0,4.08,4.08,0,0,0,0,0,8.16,6.12,2.04,2.04,0,2.04,2.04,2.04,0,0,0,0,0,0,0,0,4.08,0,0,0,4.08,0,0,0,0,0,0,0,0,0,0,0,0,2.04,0,0,0,0,2.04,0,2.04,10.2,0,2.04,4.08,2.04,0,2.04,8.16,6.12,6.12,0,2.04,2.04,0,0,0,4.08,4.08,0,0,0,0,0,0
2554,buyer,1,68,75.75,5.72,89.39,41.97,17,25,89.71,73.53,57.35,11.76,8.82,7.35,1.47,0,0,0,2.94,19.12,14.71,0,14.71,11.76,2.94,8.82,1.47,17.65,4.41,0,1.47,1.47,0,0,19.12,0,11.76,4.41,1.47,2.94,0,0,2.94,0,4.41,2.94,1.47,0,0,0,0,0,0,0,5.88,4.41,0,0,0,1.47,2.94,1.47,0,0,0,0,1.47,0,0,1.47,2.94,0,0,1.47,1.47,0,0,0,0,0,0,0,0,0,0,2.94,0,0,0,0,0,0,1.47,0,4.41,13.24,0,1.47,5.88,4.41,0,1.47,5.88,4.41,4.41,5.88,5.88,4.41,1.47,0,0,8.82,4.41,1.47,0,0,2.94,0,0
2554,buyer,1,70,76.24,13.3,80.49,65.27,17.5,22.86,91.43,74.29,55.71,15.71,12.86,10,1.43,1.43,0,0,2.86,18.57,12.86,0,15.71,11.43,1.43,7.14,0,17.14,5.71,0,1.43,1.43,0,0,21.43,1.43,14.29,5.71,1.43,5.71,0,0,1.43,0,8.57,5.71,2.86,2.86,2.86,0,0,0,0,0,5.71,2.86,0,0,0,1.43,1.43,2.86,0,0,0,0,1.43,0,0,1.43,4.29,0,0,2.86,1.43,0,0,0,0,0,0,0,0,0,0,2.86,2.86,1.43,0,0,0,0,1.43,0,5.71,12.86,0,0,7.14,4.29,0,1.43,4.29,4.29,4.29,5.71,7.14,4.29,2.86,0,0,12.86,5.71,2.86,0,0,4.29,0,0
2554,buyer,1,42,85.89,4.61,97.09,88.66,14,21.43,92.86,73.81,52.38,16.67,16.67,14.29,0,2.38,0,0,0,16.67,11.9,0,19.05,9.52,2.38,4.76,0,16.67,4.76,0,0,0,0,0,21.43,2.38,11.9,7.14,0,4.76,0,0,0,0,14.29,9.52,4.76,4.76,4.76,0,0,0,0,0,4.76,2.38,0,0,0,0,2.38,2.38,0,0,0,0,2.38,0,0,2.38,4.76,0,0,4.76,0,0,0,0,0,0,0,0,0,0,0,4.76,4.76,2.38,0,0,0,0,0,0,7.14,16.67,0,2.38,9.52,4.76,0,0,0,2.38,0,9.52,9.52,4.76,4.76,0,0,19.05,7.14,4.76,0,0,7.14,0,0
2554,seller,1,62,51.31,23.05,35.88,44.38,12.4,12.9,88.71,74.19,64.52,16.13,11.29,4.84,0,6.45,0,0,4.84,20.97,14.52,0,11.29,12.9,3.23,4.84,4.84,14.52,8.06,1.61,0,0,0,0,27.42,3.23,11.29,0,3.23,3.23,0,0,6.45,0,1.61,1.61,0,1.61,1.61,0,0,0,0,0,11.29,4.84,1.61,0,0,0,0,6.45,0,0,0,0,1.61,0,0,1.61,8.06,0,0,0,8.06,0,0,0,0,0,0,0,0,0,0,0,0,3.23,0,0,0,0,0,0,1.61,1.61,0,0,1.61,0,0,0,6.45,4.84,8.06,0,0,0,0,0,0,11.29,6.45,1.61,1.61,0,1.61,0,0
2554,seller,1,70,15.41,9.23,72.58,65.27,11.67,14.29,91.43,75.71,67.14,18.57,14.29,7.14,0,7.14,0,0,4.29,18.57,10,0,10,14.29,7.14,4.29,5.71,15.71,8.57,1.43,1.43,1.43,0,0,34.29,4.29,15.71,0,2.86,4.29,1.43,0,8.57,0,2.86,2.86,0,1.43,1.43,0,0,0,0,0,12.86,5.71,2.86,0,0,0,0,7.14,0,0,0,0,1.43,0,0,1.43,7.14,0,0,0,7.14,0,0,0,0,0,0,0,0,0,0,0,0,2.86,0,0,0,0,0,0,2.86,2.86,0,0,2.86,0,0,0,7.14,4.29,10,0,0,0,0,0,0,12.86,7.14,2.86,1.43,0,1.43,0,0
2554,seller,1,72,2.87,2.75,89.39,40.61,10.29,13.89,94.44,76.39,68.06,22.22,19.44,12.5,0,6.94,0,0,2.78,16.67,6.94,0,9.72,18.06,6.94,5.56,5.56,19.44,8.33,1.39,1.39,1.39,0,0,34.72,4.17,16.67,0,2.78,5.56,1.39,0,8.33,0,4.17,2.78,1.39,2.78,1.39,1.39,1.39,0,0,0,13.89,5.56,2.78,0,0,0,0,8.33,0,0,0,0,0,0,0,0,8.33,0,0,0,8.33,0,0,0,0,0,0,0,0,0,0,2.78,0,2.78,0,0,0,0,1.39,0,2.78,2.78,0,0,2.78,0,0,0,6.94,4.17,11.11,2.78,0,0,0,0,0,15.28,8.33,2.78,1.39,0,2.78,0,0
2556,buyer,1,62,41.62,1.48,86.48,70.91,20.67,16.13,91.94,75.81,66.13,14.52,9.68,8.06,1.61,0,0,0,4.84,19.35,11.29,1.61,12.9,14.52,6.45,4.84,3.23,19.35,8.06,3.23,4.84,1.61,1.61,1.61,27.42,0,17.74,4.84,3.23,3.23,1.61,0,4.84,0,3.23,3.23,0,0,0,0,0,0,0,0,3.23,1.61,0,0,0,0,0,1.61,0,0,0,0,0,0,0,0,4.84,0,0,1.61,3.23,0,0,0,0,0,0,0,0,0,0,0,0,1.61,0,0,0,0,0,3.23,1.61,8.06,3.23,1.61,4.84,3.23,0,0,3.23,6.45,3.23,0,0,0,0,0,0,3.23,3.23,0,0,0,0,0,0
2556,buyer,1,69,30.77,1.4,92.58,20.23,17.25,15.94,89.86,78.26,66.67,15.94,13.04,10.14,0,2.9,0,0,2.9,17.39,10.14,1.45,13.04,13.04,7.25,7.25,2.9,15.94,10.14,2.9,1.45,0,0,1.45,26.09,0,14.49,2.9,2.9,1.45,2.9,0,5.8,0,2.9,1.45,1.45,1.45,0,1.45,0,0,0,0,5.8,2.9,0,0,0,0,0,2.9,0,0,0,0,0,0,0,0,5.8,0,0,2.9,2.9,0,0,0,0,0,0,0,0,0,0,0,0,1.45,0,0,0,0,0,2.9,1.45,7.25,2.9,1.45,4.35,2.9,0,0,2.9,5.8,4.35,1.45,1.45,0,1.45,0,0,5.8,5.8,0,0,0,0,0,0
2556,buyer,1,75,16.64,4.89,79.53,7.99,18.75,14.67,90.67,78.67,66.67,18.67,14.67,9.33,1.33,4,0,0,4,17.33,8,1.33,12,13.33,6.67,8,2.67,14.67,10.67,2.67,2.67,1.33,0,1.33,24,0,14.67,2.67,0,2.67,4,0,8,0,4,1.33,2.67,4,1.33,2.67,0,0,0,0,8,2.67,1.33,1.33,0,0,0,5.33,0,0,0,0,0,0,0,0,4,0,0,2.67,1.33,0,0,0,0,0,0,0,0,0,0,0,0,1.33,0,0,0,0,0,2.67,2.67,8,2.67,0,5.33,2.67,0,0,0,4,5.33,1.33,1.33,0,1.33,0,0,4,4,0,0,0,0,0,0
2556,buyer,1,71,18.94,72.47,70.75,7.54,23.67,19.72,90.14,66.2,53.52,18.31,15.49,7.04,1.41,4.23,0,2.82,2.82,14.08,4.23,0,9.86,11.27,4.23,8.45,0,14.08,8.45,1.41,5.63,1.41,0,4.23,21.13,0,11.27,5.63,0,1.41,2.82,0,4.23,0,4.23,1.41,2.82,4.23,1.41,2.82,0,0,0,0,16.9,5.63,4.23,4.23,0,0,0,11.27,0,0,0,0,0,0,0,0,14.08,0,0,5.63,8.45,0,0,0,0,0,0,0,0,0,0,0,0,5.63,0,0,0,0,0,0,5.63,5.63,0,0,5.63,0,0,0,0,2.82,7.04,1.41,1.41,0,1.41,0,0,11.27,4.23,5.63,0,0,0,1.41,0
2556,seller,1,38,29.44,14.81,18.39,92.27,19,7.89,92.11,81.58,65.79,18.42,10.53,5.26,2.63,2.63,0,0,7.89,15.79,10.53,0,13.16,15.79,5.26,2.63,5.26,18.42,7.89,2.63,2.63,2.63,0,0,26.32,0,15.79,0,2.63,2.63,2.63,2.63,5.26,0,5.26,5.26,0,0,0,0,0,0,0,0,15.79,10.53,0,0,0,0,2.63,5.26,0,0,0,0,0,0,0,0,5.26,0,0,0,5.26,0,0,0,0,0,0,0,0,0,0,0,0,0,0,0,0,0,0,0,5.26,2.63,0,0,2.63,0,0,0,2.63,5.26,7.89,2.63,7.89,0,7.89,0,0,7.89,7.89,0,0,0,0,0,0
2556,seller,1,38,12.74,1.34,33.61,99,19,10.53,89.47,78.95,65.79,15.79,10.53,7.89,2.63,0,0,0,5.26,13.16,10.53,0,10.53,18.42,7.89,5.26,5.26,21.05,7.89,2.63,2.63,2.63,0,0,28.95,0,15.79,0,2.63,2.63,2.63,2.63,5.26,0,7.89,7.89,0,0,0,0,0,0,0,0,10.53,7.89,0,0,0,0,2.63,2.63,0,0,0,0,0,0,0,0,5.26,0,0,0,5.26,0,0,0,0,0,0,0,0,0,0,0,0,0,0,0,0,0,0,0,5.26,2.63,0,0,2.63,0,0,0,2.63,5.26,7.89,5.26,5.26,0,5.26,0,0,7.89,7.89,0,0,0,0,0,0
2556,seller,1,27,10.19,2.75,77.17,99,9,14.81,92.59,81.48,59.26,18.52,18.52,14.81,3.7,0,0,0,0,3.7,3.7,0,14.81,18.52,7.41,7.41,0,25.93,11.11,3.7,3.7,3.7,0,0,22.22,0,11.11,3.7,0,3.7,0,0,3.7,0,11.11,11.11,0,0,0,0,0,0,0,0,14.81,11.11,3.7,3.7,0,0,3.7,3.7,0,0,0,0,0,0,0,0,3.7,0,0,0,3.7,0,0,0,0,0,0,0,0,0,0,0,0,0,0,0,0,0,0,0,3.7,3.7,0,0,3.7,0,0,0,0,0,11.11,3.7,3.7,0,3.7,0,0,14.81,14.81,0,0,0,0,0,0
2556,seller,1,18,4.55,1,96.01,99,9,16.67,94.44,77.78,61.11,16.67,16.67,16.67,0,0,0,0,0,0,0,0,16.67,16.67,11.11,11.11,0,22.22,11.11,0,0,0,0,0,22.22,0,11.11,5.56,0,0,0,0,5.56,0,16.67,16.67,0,0,0,0,0,0,0,0,5.56,5.56,5.56,5.56,0,0,5.56,0,0,0,0,0,0,0,0,0,5.56,0,0,5.56,0,0,0,0,0,0,0,0,0,0,0,0,0,5.56,0,0,0,0,0,0,0,0,0,0,0,0,0,0,0,0,5.56,5.56,0,0,0,0,0,5.56,5.56,0,0,0,0,0,0
2557,buyer,1,68,55.58,1,96.24,,22.67,27.94,83.82,58.82,52.94,14.71,11.76,10.29,0,1.47,0,0,2.94,17.65,11.76,0,10.29,7.35,4.41,7.35,2.94,11.76,1.47,1.47,1.47,0,0,1.47,27.94,0,14.71,4.41,1.47,1.47,0,0,5.88,0,0,0,0,0,0,0,0,0,0,0,5.88,4.41,0,1.47,0,0,2.94,1.47,0,0,0,0,1.47,0,0,1.47,7.35,0,0,1.47,5.88,0,0,0,0,0,0,0,0,0,0,0,0,5.88,0,2.94,0,0,0,0,1.47,2.94,0,0,1.47,1.47,0,0,7.35,7.35,2.94,1.47,0,0,0,0,0,7.35,2.94,2.94,0,0,1.47,0,0
2557,buyer,1,70,7.34,1,99,,23.33,22.86,90,71.43,64.29,20,14.29,12.86,0,1.43,0,0,5.71,17.14,7.14,0,10,14.29,4.29,8.57,5.71,21.43,0,0,0,0,0,0,34.29,0,21.43,7.14,1.43,2.86,1.43,0,10,0,0,0,0,0,0,0,0,0,0,0,4.29,2.86,0,0,0,0,2.86,1.43,0,0,0,0,1.43,0,0,1.43,8.57,0,0,2.86,5.71,0,0,0,0,0,0,0,0,0,0,0,0,7.14,0,1.43,0,0,0,0,2.86,2.86,0,0,1.43,1.43,0,0,5.71,7.14,4.29,2.86,0,0,0,0,0,5.71,2.86,1.43,0,0,1.43,0,0
2557,buyer,1,39,3.2,1,99,,19.5,23.08,94.87,76.92,66.67,17.95,12.82,12.82,0,0,0,0,5.13,15.38,7.69,0,7.69,17.95,2.56,10.26,7.69,25.64,0,0,0,0,0,0,38.46,2.56,23.08,5.13,2.56,2.56,2.56,0,12.82,0,0,0,0,0,0,0,0,0,0,0,2.56,2.56,0,0,0,0,2.56,0,0,0,0,0,2.56,0,0,2.56,10.26,0,0,2.56,7.69,0,0,0,0,0,0,0,0,0,0,0,0,7.69,0,2.56,0,0,0,0,5.13,2.56,0,0,2.56,0,0,0,5.13,7.69,5.13,5.13,2.56,0,2.56,0,0,2.56,2.56,0,0,0,0,0,0
2557,buyer,1,36,1,1,99,,12,8.33,94.44,80.56,69.44,30.56,22.22,16.67,0,5.56,0,0,8.33,13.89,0,0,5.56,19.44,2.78,8.33,5.56,25,2.78,0,0,0,0,0,41.67,2.78,25,8.33,0,2.78,2.78,2.78,11.11,0,0,0,0,0,0,0,0,0,0,0,8.33,2.78,2.78,2.78,0,0,0,5.56,0,0,0,0,0,0,0,0,8.33,0,0,5.56,2.78,0,0,0,0,0,0,0,0,0,0,0,0,5.56,0,0,0,0,0,0,8.33,2.78,0,0,2.78,0,0,0,0,5.56,2.78,8.33,2.78,0,2.78,0,0,5.56,5.56,0,0,0,0,0,0
2557,buyer,1,57,15.72,85.76,96.42,,11.4,10.53,92.98,77.19,59.65,24.56,21.05,10.53,1.75,8.77,0,0,3.51,17.54,7.02,0,8.77,8.77,7.02,5.26,0,21.05,3.51,1.75,3.51,1.75,1.75,0,24.56,1.75,17.54,8.77,0,1.75,3.51,1.75,3.51,0,0,0,0,0,0,0,0,0,0,0,19.3,7.02,1.75,1.75,0,0,5.26,12.28,0,0,0,0,0,0,0,0,7.02,0,0,7.02,0,0,1.75,0,0,0,0,0,0,0,0,0,0,1.75,0,0,0,0,0,0,8.77,5.26,0,1.75,5.26,0,0,0,0,1.75,1.75,7.02,1.75,0,1.75,0,0,12.28,7.02,3.51,1.75,0,0,0,0
2557,buyer,1,75,16.64,82.98,93.95,,12.5,14.67,92,66.67,49.33,20,17.33,6.67,1.33,6.67,0,2.67,2.67,16,5.33,0,6.67,8,5.33,5.33,2.67,21.33,4,2.67,5.33,1.33,1.33,2.67,24,0,18.67,9.33,0,1.33,2.67,1.33,5.33,0,0,0,0,0,0,0,0,0,0,0,22.67,8,4,4,0,0,4,14.67,0,0,0,0,0,0,0,0,16,0,0,8,8,0,1.33,0,0,0,0,0,0,0,0,0,0,6.67,0,1.33,0,0,0,0,9.33,5.33,0,1.33,5.33,0,0,0,0,5.33,2.67,4,0,0,0,0,0,20,6.67,8,1.33,0,2.67,1.33,0
2557,buyer,1,67,21.73,57.85,96.82,,11.17,16.42,91.04,67.16,47.76,17.91,16.42,7.46,1.49,4.48,0,2.99,1.49,14.93,5.97,0,5.97,8.96,4.48,4.48,2.99,23.88,4.48,2.99,5.97,1.49,1.49,2.99,23.88,0,17.91,8.96,0,1.49,2.99,0,5.97,0,0,0,0,0,0,0,0,0,0,0,20.9,7.46,2.99,2.99,0,0,4.48,13.43,0,0,0,0,0,0,0,0,16.42,0,0,7.46,8.96,0,1.49,0,0,0,0,0,0,0,0,0,0,7.46,0,1.49,0,0,0,0,10.45,5.97,0,1.49,5.97,0,0,0,0,5.97,2.99,4.48,0,0,0,0,0,22.39,5.97,10.45,1.49,0,2.99,1.49,0
2557,buyer,1,27,10.19,20.91,77.17,77.5,13.5,22.22,88.89,44.44,25.93,11.11,11.11,3.7,0,0,0,7.41,0,7.41,0,0,0,11.11,0,3.7,7.41,22.22,7.41,3.7,7.41,0,0,7.41,25.93,0,14.81,7.41,0,0,0,0,7.41,0,3.7,3.7,0,0,0,0,0,0,0,0,22.22,7.41,7.41,7.41,0,0,0,14.81,0,0,0,0,0,0,0,0,33.33,0,0,11.11,22.22,0,0,0,0,0,0,0,0,0,0,0,0,18.52,0,3.7,0,0,0,0,14.81,3.7,0,0,3.7,0,0,0,0,11.11,3.7,3.7,0,0,0,0,0,33.33,3.7,18.52,0,0,7.41,3.7,0
2557,seller,1,49,2.35,83.6,51.8,4.4,12.25,12.24,91.84,71.43,57.14,26.53,20.41,6.12,2.04,12.24,0,0,6.12,18.37,6.12,0,2.04,8.16,4.08,8.16,4.08,14.29,8.16,2.04,2.04,2.04,0,0,34.69,0,26.53,8.16,0,6.12,2.04,0,10.2,0,14.29,6.12,8.16,8.16,4.08,4.08,0,0,0,0,20.41,6.12,2.04,0,0,0,2.04,14.29,0,0,0,0,4.08,0,0,4.08,8.16,0,0,6.12,2.04,0,0,0,0,0,0,0,0,0,0,0,4.08,2.04,0,0,0,0,0,0,4.08,0,0,0,0,0,0,0,0,2.04,2.04,2.04,0,0,0,0,0,22.45,6.12,8.16,2.04,0,6.12,0,0
2557,seller,1,35,1,99,91.58,1,11.67,5.71,94.29,77.14,60,31.43,25.71,5.71,2.86,17.14,0,0,5.71,17.14,5.71,0,0,8.57,2.86,8.57,2.86,17.14,8.57,5.71,2.86,2.86,0,0,34.29,0,20,8.57,0,0,5.71,0,8.57,0,14.29,2.86,11.43,2.86,0,2.86,0,0,0,0,25.71,5.71,0,0,0,0,0,20,0,0,0,0,0,0,0,0,11.43,0,0,5.71,5.71,0,0,0,0,0,0,0,0,0,0,0,0,0,0,2.86,0,0,0,0,5.71,2.86,0,0,2.86,0,0,0,0,0,5.71,5.71,0,0,0,0,0,22.86,2.86,11.43,5.71,0,2.86,0,0
2557,seller,1,44,3.27,78.1,98.07,1,11,4.55,97.73,81.82,61.36,27.27,20.45,9.09,2.27,9.09,0,0,6.82,11.36,4.55,0,9.09,9.09,4.55,11.36,2.27,20.45,9.09,4.55,2.27,2.27,0,0,27.27,0,13.64,6.82,0,0,2.27,0,4.55,0,13.64,4.55,9.09,2.27,2.27,0,0,0,0,0,13.64,2.27,0,0,0,0,0,11.36,0,0,0,0,0,0,0,0,9.09,0,0,4.55,4.55,0,0,0,0,0,0,0,0,0,0,0,0,2.27,0,2.27,0,0,0,0,13.64,11.36,0,2.27,4.55,2.27,2.27,0,2.27,2.27,6.82,6.82,2.27,0,2.27,0,0,25,6.82,11.36,2.27,0,4.55,0,0
2557,seller,1,51,13.06,63.27,95.46,4.72,10.2,5.88,96.08,78.43,56.86,23.53,19.61,9.8,0,9.8,0,0,3.92,11.76,5.88,0,11.76,9.8,5.88,7.84,1.96,23.53,9.8,1.96,0,0,0,0,31.37,0,17.65,5.88,0,1.96,7.84,0,3.92,0,5.88,1.96,3.92,1.96,1.96,0,0,0,0,0,11.76,1.96,0,0,0,0,0,9.8,0,0,0,0,0,0,0,0,9.8,0,0,3.92,5.88,0,0,0,0,0,0,0,0,0,0,1.96,0,3.92,0,1.96,0,0,0,0,15.69,11.76,0,3.92,3.92,1.96,1.96,0,1.96,1.96,7.84,5.88,1.96,0,1.96,0,0,19.61,7.84,5.88,1.96,0,3.92,0,0
2557,seller,1,46,18.75,10.88,85.35,53.96,7.67,4.35,97.83,80.43,56.52,23.91,15.22,10.87,0,4.35,0,0,8.7,13.04,4.35,0,15.22,8.7,6.52,6.52,2.17,21.74,10.87,0,0,0,0,0,26.09,0,15.22,4.35,0,2.17,6.52,0,2.17,0,6.52,4.35,2.17,2.17,2.17,0,0,0,0,0,6.52,2.17,0,0,0,0,0,4.35,0,0,0,0,0,0,0,0,6.52,0,0,2.17,4.35,0,0,0,0,0,0,0,0,0,0,2.17,0,4.35,0,0,0,0,0,0,19.57,13.04,0,4.35,2.17,2.17,4.35,0,2.17,2.17,6.52,4.35,4.35,0,4.35,0,0,23.91,13.04,6.52,0,0,4.35,0,0
2557,seller,1,26,21.6,7.93,30.98,20.23,5.2,3.85,96.15,73.08,50,23.08,11.54,7.69,0,3.85,0,0,11.54,19.23,3.85,0,11.54,7.69,7.69,0,3.85,19.23,11.54,0,3.85,0,0,3.85,30.77,0,23.08,3.85,0,3.85,11.54,0,3.85,0,7.69,3.85,3.85,0,0,0,0,0,0,0,11.54,7.69,0,0,3.85,0,0,3.85,0,0,0,0,0,0,0,0,7.69,0,0,3.85,3.85,0,0,0,0,0,0,0,0,0,0,3.85,0,3.85,0,0,0,0,0,0,19.23,7.69,0,3.85,0,0,3.85,0,0,0,7.69,0,3.85,0,3.85,0,0,23.08,15.38,3.85,0,0,3.85,0,0
2557,seller,1,20,39.7,69.2,89.39,20.23,6.67,10,90,70,50,35,25,15,0,10,0,0,10,15,0,0,15,0,0,0,0,5,10,0,5,0,0,5,10,0,10,10,0,0,0,0,0,0,10,5,5,0,0,0,0,0,0,0,20,10,0,0,5,0,0,10,0,0,0,0,0,0,0,0,10,0,0,10,0,0,0,0,0,0,0,0,0,0,0,0,0,0,0,0,0,0,0,0,10,5,0,0,0,0,5,0,0,0,0,0,5,0,5,0,0,20,10,5,5,0,0,0,0
2557,seller,1,33,20.83,74.59,95.15,1.71,16.5,24.24,84.85,45.45,33.33,18.18,18.18,6.06,0,6.06,0,6.06,0,9.09,0,0,6.06,6.06,0,3.03,6.06,15.15,3.03,3.03,9.09,0,0,9.09,21.21,0,18.18,12.12,0,0,0,0,6.06,0,3.03,0,3.03,0,0,0,0,0,0,0,27.27,9.09,6.06,6.06,3.03,0,0,18.18,0,0,0,0,0,0,0,0,30.3,0,0,12.12,18.18,0,0,0,0,0,0,0,0,0,0,0,0,12.12,0,3.03,0,0,0,0,9.09,3.03,0,0,3.03,0,0,0,0,6.06,3.03,0,0,0,0,0,0,27.27,3.03,12.12,3.03,0,6.06,3.03,0
2558,buyer,1,119,82.56,15.6,46.57,11.63,19.83,18.49,87.39,64.71,58.82,12.61,8.4,5.88,0,1.68,0,0.84,4.2,22.69,14.29,1.68,13.45,9.24,3.36,5.04,1.68,10.92,5.04,3.36,2.52,0,0,2.52,22.69,0,10.92,3.36,0.84,1.68,1.68,0,1.68,0,2.52,0.84,1.68,0.84,0,0.84,0,0,0,0,10.08,5.88,0,1.68,0,0,1.68,2.52,0,0,0,0,0,0,0,0,9.24,0,0,3.36,5.88,0,0.84,0,0,0,0,0,0,0,0,0,0,0.84,0,1.68,0,0,0,0.84,2.52,5.04,1.68,0,3.36,0,0,0,5.04,5.88,5.04,0,0,0,0,0,0,8.4,5.04,2.52,0,0,0.84,0,0
2558,buyer,1,102,74.58,16.11,46.57,10.51,17,18.63,88.24,67.65,59.8,13.73,8.82,5.88,0,1.96,0,0.98,4.9,22.55,13.73,1.96,12.75,10.78,2.94,4.9,1.96,13.73,5.88,2.94,0.98,0,0,0.98,24.51,0,11.76,3.92,0.98,1.96,1.96,0,1.96,0,2.94,0.98,1.96,0.98,0,0.98,0,0,0,0,9.8,4.9,0,0.98,0,0,1.96,2.94,0,0,0,0,0,0,0,0,8.82,0,0,3.92,4.9,0,0.98,0,0,0,0,0,0,0,0,0,0,0.98,0,0.98,0,0,0,0.98,3.92,5.88,1.96,0,2.94,0,0.98,0,4.9,6.86,5.88,0,0.98,0,0.98,0,0,8.82,4.9,2.94,0,0,0.98,0,0
2558,buyer,1,60,26.1,3.95,89.39,6.08,20,18.33,91.67,68.33,55,15,13.33,10,0,1.67,0,1.67,1.67,16.67,8.33,3.33,6.67,13.33,3.33,6.67,1.67,18.33,10,5,1.67,0,0,1.67,28.33,0,16.67,8.33,1.67,3.33,1.67,0,3.33,0,1.67,0,1.67,0,0,0,0,0,0,0,6.67,1.67,0,1.67,0,0,0,3.33,0,0,0,0,0,0,0,0,13.33,0,0,5,8.33,0,1.67,0,0,0,0,0,0,0,0,0,0,1.67,0,3.33,0,0,0,0,5,8.33,1.67,1.67,5,0,1.67,0,0,3.33,10,0,1.67,0,1.67,0,0,11.67,5,5,0,0,0,1.67,0
2558,buyer,1,45,59.67,2.75,87.45,3.72,22.5,20,84.44,62.22,48.89,11.11,11.11,8.89,0,2.22,0,0,0,17.78,11.11,2.22,8.89,11.11,2.22,6.67,2.22,15.56,8.89,2.22,0,0,0,0,20,0,13.33,6.67,0,2.22,2.22,0,4.44,0,2.22,0,2.22,2.22,0,2.22,0,0,0,0,2.22,0,0,0,0,0,0,2.22,0,0,0,0,0,0,0,0,20,0,0,6.67,13.33,0,0,0,0,0,0,0,0,0,0,0,0,2.22,0,2.22,0,0,0,0,4.44,6.67,0,2.22,4.44,0,2.22,0,0,2.22,6.67,0,2.22,0,2.22,0,0,15.56,2.22,6.67,2.22,0,2.22,2.22,0
2558,buyer,1,62,51.31,23.05,79.1,6.37,20.67,22.58,83.87,51.61,40.32,9.68,9.68,4.84,0,1.61,0,3.23,0,16.13,8.06,1.61,6.45,9.68,1.61,6.45,3.23,14.52,6.45,3.23,3.23,0,0,3.23,20.97,0,14.52,8.06,0,1.61,1.61,0,4.84,0,1.61,0,1.61,1.61,0,1.61,0,0,0,0,11.29,3.23,3.23,3.23,0,0,0,8.06,0,0,0,0,0,0,0,0,27.42,0,0,8.06,19.35,0,0,0,0,0,0,0,0,0,0,0,0,8.06,0,3.23,0,0,0,0,6.45,4.84,0,1.61,4.84,0,0,0,0,4.84,4.84,0,0,0,0,0,0,20.97,3.23,9.68,1.61,0,3.23,3.23,0
2558,seller,1,79,10.77,55.15,29.73,8.44,9.88,21.52,92.41,72.15,60.76,20.25,8.86,2.53,1.27,3.8,0,1.27,11.39,20.25,5.06,0,8.86,13.92,6.33,2.53,3.8,20.25,6.33,3.8,2.53,1.27,0,1.27,36.71,7.59,13.92,3.8,0,1.27,3.8,0,3.8,0,3.8,1.27,2.53,3.8,1.27,2.53,0,0,1.27,0,12.66,5.06,2.53,0,0,0,1.27,7.59,0,0,0,0,2.53,0,0,2.53,7.59,0,0,2.53,6.33,0,0,0,0,0,0,0,0,0,0,0,0,2.53,0,0,0,0,0,0,5.06,5.06,0,0,3.8,1.27,0,0,2.53,7.59,6.33,1.27,0,0,0,0,0,12.66,8.86,1.27,1.27,0,1.27,0,0
2558,seller,1,75,32.18,99,26.54,7.99,9.38,25.33,92,68,60,22.67,14.67,2.67,1.33,9.33,0,1.33,8,20,6.67,1.33,12,10.67,4,2.67,1.33,16,4,4,2.67,1.33,0,1.33,26.67,2.67,14.67,5.33,0,2.67,4,0,2.67,0,4,1.33,2.67,4,1.33,2.67,0,0,1.33,0,20,6.67,2.67,0,0,0,1.33,13.33,0,0,0,0,1.33,0,0,1.33,9.33,0,0,5.33,5.33,0,0,0,0,0,0,0,0,0,0,0,0,2.67,0,0,0,0,0,0,4,5.33,0,1.33,4,1.33,0,0,1.33,5.33,6.67,0,0,0,0,0,0,16,9.33,2.67,1.33,0,1.33,1.33,0
2558,seller,1,30,22.17,98.75,19.26,,7.5,23.33,90,60,56.67,23.33,20,6.67,0,13.33,0,0,3.33,20,10,3.33,10,13.33,3.33,3.33,3.33,13.33,3.33,3.33,6.67,0,3.33,3.33,20,0,13.33,3.33,0,6.67,3.33,0,0,0,0,0,0,0,0,0,0,0,0,0,26.67,13.33,6.67,0,0,0,0,13.33,0,0,0,0,0,0,0,0,13.33,0,0,10,3.33,0,0,0,0,0,0,0,0,0,0,0,0,0,0,0,0,0,0,0,3.33,6.67,0,3.33,6.67,0,0,0,0,0,10,3.33,0,0,0,0,0,30,13.33,6.67,0,0,6.67,3.33,0
2558,seller,1,35,48.23,99,42.95,65.27,7,20,85.71,62.86,51.43,22.86,20,5.71,0,14.29,0,0,2.86,17.14,8.57,2.86,14.29,11.43,0,2.86,2.86,14.29,5.71,2.86,5.71,0,2.86,2.86,17.14,0,8.57,5.71,0,2.86,2.86,0,0,0,2.86,2.86,0,0,0,0,0,0,0,0,22.86,8.57,5.71,2.86,0,0,0,14.29,0,0,0,0,0,0,0,0,11.43,0,0,8.57,2.86,0,0,0,0,0,0,0,0,0,0,0,0,0,0,0,0,0,0,0,5.71,5.71,0,2.86,5.71,0,0,0,0,0,8.57,5.71,2.86,0,2.86,0,0,34.29,14.29,8.57,0,0,8.57,2.86,0
2558,seller,1,18,19.76,13.82,39.59,99,4.5,11.11,88.89,66.67,44.44,22.22,16.67,11.11,0,5.56,0,0,5.56,11.11,5.56,0,11.11,16.67,0,0,5.56,22.22,11.11,0,11.11,0,5.56,5.56,22.22,0,5.56,5.56,0,0,5.56,0,0,0,11.11,11.11,0,0,0,0,0,0,0,0,16.67,11.11,11.11,5.56,0,0,0,5.56,0,0,0,0,0,0,0,0,11.11,0,0,11.11,0,0,0,0,0,0,0,0,0,0,0,0,0,5.56,0,0,0,0,0,0,11.11,0,0,0,0,0,0,0,0,0,11.11,11.11,5.56,0,5.56,0,0,44.44,16.67,11.11,0,0,16.67,0,0
2559,buyer,1,132,17.69,35.72,34.4,67.94,13.2,15.91,93.94,76.52,64.39,18.94,14.39,5.3,0.76,8.33,0,0,4.55,14.39,9.09,0,12.12,12.88,3.03,9.09,6.06,18.94,4.55,1.52,2.27,0.76,0,1.52,22.73,0,15.91,3.03,0.76,3.03,2.27,0.76,8.33,0,6.06,4.55,1.52,3.03,1.52,1.52,0,0,0,0,19.7,9.85,3.03,3.03,0,0.76,5.3,9.85,0,0,0,0,0,0,0,0,8.33,0,0,2.27,6.06,0,0,0,0,0,0,0,0,0,0,2.27,1.52,0.76,0,0.76,0,0,0,0,2.27,3.03,0,0,2.27,0.76,0,0,0,3.79,4.55,3.79,1.52,0.76,0.76,0,0,12.12,7.58,2.27,0,0,2.27,0,0
2559,buyer,1,177,7.46,19.86,69.33,36.35,13.62,14.69,93.22,77.97,64.41,19.77,15.25,6.78,0.56,6.78,0,1.13,4.52,12.43,6.78,0,10.17,13.56,5.08,9.04,5.08,19.77,6.78,0.56,2.82,0.56,0.56,1.69,27.68,1.13,18.64,5.08,1.69,2.82,2.82,0.56,8.47,0,5.65,3.39,2.26,2.26,1.13,1.13,0,0,0,0,15.82,6.78,2.82,2.26,0,0.56,2.82,9.04,0,0,0,0,0,0,0,0,7.34,0,0,2.82,4.52,0,0,0,0,0,0,0,0,0,0,1.69,1.13,0.56,0,0,0,0,1.13,0,5.08,4.52,0.56,1.13,2.26,0.56,0,0.56,0,3.39,6.78,2.82,1.69,0.56,1.13,0,0,10.73,7.34,1.13,0,0,2.26,0,0
2559,buyer,1,155,6.28,36.36,79.1,49.87,11.92,12.9,93.55,79.35,64.52,21.94,17.42,7.74,0,8.39,0,1.29,4.52,11.61,5.81,0,10.97,14.19,5.16,7.74,4.52,21.94,6.45,0,1.94,0,0.65,1.29,27.1,1.29,17.42,5.81,1.94,2.58,2.58,0.65,7.1,0,5.81,3.87,1.94,1.29,0.65,0.65,0,0,0,0,17.42,7.1,3.23,1.94,0,0.65,3.23,10.32,0,0,0,0,0,0,0,0,7.74,0,0,3.23,4.52,0,0,0,0,0,0,0,0,0,0,1.94,0.65,0.65,0,0,0,0,1.29,0,5.81,5.81,0.65,1.94,2.58,0.65,0,0.65,0,3.87,7.74,2.58,1.94,0.65,1.29,0,0,12.26,8.39,0.65,0,0,3.23,0,0
2559,buyer,1,79,2.27,3.8,99,59.98,9.88,8.86,92.41,78.48,63.29,21.52,17.72,11.39,0,3.8,0,2.53,3.8,8.86,2.53,0,10.13,13.92,8.86,8.86,2.53,20.25,10.13,0,2.53,0,1.27,1.27,32.91,2.53,20.25,8.86,3.8,1.27,3.8,0,6.33,0,7.59,5.06,2.53,0,0,0,0,0,0,0,10.13,3.8,3.8,2.53,0,0,1.27,6.33,0,0,0,0,0,0,0,0,6.33,0,0,5.06,1.27,0,0,0,0,0,0,0,0,0,0,0,0,2.53,0,0,0,0,2.53,0,7.59,8.86,1.27,3.8,3.8,0,0,1.27,0,3.8,8.86,2.53,1.27,0,1.27,0,0,11.39,8.86,0,0,0,2.53,0,0
2559,seller,1,49,14.33,1.85,24.32,51.68,12.25,10.2,91.84,71.43,61.22,16.33,12.24,8.16,0,2.04,0,2.04,4.08,20.41,12.24,0,8.16,12.24,6.12,10.2,6.12,18.37,4.08,2.04,4.08,0,2.04,2.04,30.61,4.08,12.24,2.04,0,6.12,0,0,6.12,0,6.12,4.08,2.04,2.04,0,2.04,0,0,0,0,12.24,6.12,0,0,0,2.04,4.08,6.12,0,0,0,0,0,0,0,0,12.24,0,0,2.04,10.2,0,0,0,0,0,0,0,0,0,0,2.04,0,0,0,0,0,0,0,0,8.16,6.12,0,0,2.04,2.04,0,2.04,2.04,8.16,8.16,0,0,0,0,0,0,12.24,8.16,0,0,0,4.08,0,0
2559,seller,1,55,11.02,2.92,50.45,47.86,11,9.09,90.91,72.73,58.18,21.82,18.18,12.73,0,3.64,0,1.82,3.64,18.18,12.73,0,7.27,12.73,5.45,9.09,3.64,18.18,9.09,1.82,3.64,0,1.82,1.82,27.27,1.82,12.73,3.64,0,5.45,0,0,5.45,0,9.09,5.45,3.64,3.64,0,3.64,0,0,0,0,12.73,5.45,1.82,0,0,1.82,1.82,7.27,0,0,0,0,0,0,0,0,12.73,0,0,3.64,9.09,0,0,0,0,0,0,0,0,0,0,1.82,0,0,0,0,0,0,0,0,7.27,3.64,0,0,0,1.82,0,1.82,1.82,3.64,7.27,3.64,1.82,0,1.82,0,0,20,9.09,1.82,0,0,9.09,0,0
2559,seller,1,55,17.1,71.57,63.35,47.86,13.75,16.36,90.91,61.82,45.45,20,16.36,7.27,0,3.64,0,5.45,3.64,14.55,7.27,0,7.27,10.91,3.64,7.27,1.82,18.18,9.09,3.64,5.45,0,0,5.45,23.64,0,9.09,5.45,0,0,0,0,3.64,0,5.45,3.64,1.82,1.82,0,1.82,0,0,0,0,20,5.45,5.45,3.64,0,0,0,14.55,0,0,0,0,0,0,0,0,21.82,0,0,5.45,16.36,0,0,0,0,0,0,0,0,0,0,0,0,7.27,0,1.82,0,0,0,0,10.91,5.45,0,0,1.82,1.82,0,1.82,1.82,7.27,3.64,3.64,1.82,0,1.82,0,0,27.27,7.27,9.09,0,0,9.09,1.82,0
2560,buyer,1,105,7.84,8.09,11.24,88.66,9.55,10.48,89.52,74.29,60.95,24.76,14.29,10.48,0,2.86,0,0,10.48,12.38,9.52,0,7.62,18.1,0.95,4.76,3.81,25.71,5.71,0,0.95,0,0.95,0,26.67,0,14.29,2.86,0,6.67,2.86,0,1.9,0,10.48,7.62,2.86,4.76,2.86,1.9,0,0,0,0,9.52,3.81,3.81,2.86,0,0,0.95,5.71,0,0,0,0,0,0,0,0,6.67,0,0,1.9,4.76,0,0,0,0,0,0,0,0,0,0,0,5.71,2.86,0,0,0,0,0.95,0,4.76,2.86,0,0.95,1.9,0,0.95,0,0,5.71,3.81,4.76,0,0,0,0,0,20,9.52,2.86,0.95,0,5.71,0.95,0
2560,buyer,1,104,15.75,51.52,15.38,89.04,8.67,9.62,91.35,75.96,59.62,24.04,17.31,9.62,0.96,5.77,0,0,6.73,12.5,8.65,0,8.65,14.42,1.92,3.85,2.88,25,5.77,0,2.88,0.96,0.96,0.96,24.04,0,14.42,3.85,0,6.73,2.88,0,0.96,0,10.58,7.69,2.88,3.85,1.92,1.92,0,0,0,0,14.42,5.77,5.77,4.81,0,0,1.92,8.65,0,0,0,0,0,0,0,0,6.73,0,0,2.88,4.81,0,0,0,0,0,0,0,0,0,0,0,4.81,1.92,0,0,0,0,0.96,0,5.77,3.85,0,1.92,2.88,0,0.96,0,0,1.92,4.81,4.81,0,0,0,0,0,20.19,10.58,2.88,0.96,0,4.81,0.96,0
2560,buyer,1,74,24.47,96.25,27.74,98.04,9.25,16.22,87.84,63.51,45.95,18.92,16.22,5.41,1.35,6.76,0,2.7,2.7,12.16,5.41,0,5.41,10.81,1.35,4.05,1.35,20.27,8.11,1.35,5.41,1.35,0,4.05,21.62,0,14.86,8.11,0,4.05,1.35,0,1.35,0,12.16,9.46,2.7,5.41,2.7,2.7,0,0,0,0,22.97,9.46,9.46,8.11,0,0,2.7,13.51,0,0,0,0,0,0,0,0,14.86,0,0,6.76,9.46,0,0,0,0,0,0,0,0,0,0,0,1.35,5.41,0,1.35,0,0,0,0,8.11,4.05,0,1.35,2.7,0,1.35,0,0,2.7,4.05,2.7,0,0,0,0,0,22.97,9.46,6.76,1.35,0,2.7,2.7,0
2560,seller,1,57,52.34,40.06,80.24,20.23,19,8.77,85.96,73.68,61.4,19.3,15.79,8.77,1.75,5.26,0,0,3.51,12.28,8.77,0,19.3,10.53,5.26,7.02,1.75,14.04,10.53,0,3.51,1.75,0,1.75,22.81,0,8.77,1.75,0,0,3.51,0,3.51,0,3.51,1.75,1.75,1.75,0,1.75,0,0,0,0,10.53,3.51,3.51,0,0,0,0,7.02,0,0,0,0,0,0,0,0,3.51,0,0,1.75,1.75,0,0,0,0,0,0,0,0,0,0,0,0,0,5.26,0,0,0,0,0,3.51,8.77,0,1.75,3.51,1.75,1.75,0,3.51,7.02,3.51,5.26,1.75,0,1.75,0,0,21.05,10.53,7.02,0,0,3.51,0,0
2560,seller,1,46,18.75,97.92,60.36,97.48,15.33,13.04,91.3,76.09,58.7,21.74,19.57,8.7,4.35,6.52,0,0,2.17,8.7,4.35,0,17.39,13.04,8.7,6.52,0,19.57,13.04,0,10.87,6.52,2.17,2.17,17.39,0,4.35,2.17,0,0,2.17,0,0,0,10.87,8.7,2.17,4.35,2.17,2.17,0,0,0,0,17.39,4.35,2.17,2.17,0,0,0,13.04,0,0,0,0,0,0,0,0,6.52,0,0,4.35,4.35,0,0,0,0,0,0,0,0,0,0,0,2.17,0,0,0,0,0,0,0,4.35,10.87,2.17,2.17,2.17,2.17,2.17,0,4.35,0,6.52,6.52,2.17,0,2.17,0,0,23.91,10.87,8.7,0,0,4.35,0,0
2560,seller,1,32,5.64,99,75.23,99,10.67,6.25,93.75,68.75,53.13,28.13,25,9.38,6.25,9.38,0,0,3.13,6.25,0,0,12.5,15.63,3.13,3.13,0,21.88,9.38,0,15.63,9.38,3.13,3.13,15.63,0,3.13,3.13,0,0,0,0,0,0,18.75,15.63,3.13,6.25,3.13,3.13,0,0,0,0,21.88,3.13,0,3.13,0,0,0,18.75,0,0,0,0,0,0,0,0,9.38,0,0,9.38,3.13,0,0,0,0,0,0,0,0,0,0,0,3.13,3.13,0,0,0,0,0,0,3.13,12.5,3.13,3.13,3.13,0,3.13,0,3.13,0,9.38,3.13,0,0,0,0,0,21.88,9.38,6.25,0,0,6.25,0,0
2561,buyer,1,34,72.12,24.36,4.6,99,34,14.71,79.41,64.71,55.88,14.71,11.76,8.82,0,2.94,0,0,2.94,17.65,17.65,0,8.82,11.76,2.94,5.88,0,20.59,0,0,2.94,0,0,2.94,20.59,0,8.82,2.94,0,5.88,0,0,0,0,8.82,8.82,0,5.88,5.88,0,0,0,0,0,11.76,8.82,0,2.94,0,0,8.82,2.94,0,0,0,0,0,0,0,0,5.88,0,0,0,5.88,0,0,0,0,0,0,0,0,0,0,0,0,0,0,0,0,0,0,0,5.88,2.94,0,0,0,0,0,2.94,2.94,11.76,2.94,0,0,0,0,0,0,0,0,0,0,0,0,0,0
2561,buyer,1,63,37.85,23.28,56.69,43.94,63,15.87,85.71,68.25,58.73,19.05,14.29,9.52,1.59,3.17,0,0,4.76,17.46,12.7,0,9.52,11.11,4.76,7.94,0,19.05,1.59,0,3.17,1.59,0,1.59,22.22,0,14.29,6.35,0,4.76,0,1.59,3.17,0,4.76,3.17,1.59,4.76,3.17,1.59,0,0,0,0,11.11,6.35,1.59,1.59,0,0,3.17,4.76,0,0,0,0,0,0,0,0,7.94,0,0,3.17,6.35,0,0,0,0,0,0,0,0,0,0,0,0,1.59,0,0,0,0,0,0,6.35,4.76,0,0,3.17,0,0,1.59,1.59,6.35,3.17,1.59,0,0,0,0,0,0,0,0,0,0,0,0,0
2561,buyer,1,76,22.98,47.87,77.97,8.11,76,19.74,86.84,61.84,48.68,17.11,13.16,6.58,1.32,2.63,0,2.63,3.95,14.47,7.89,0,6.58,10.53,3.95,7.89,1.32,21.05,2.63,1.32,5.26,1.32,0,3.95,23.68,0,13.16,7.89,0,1.32,0,1.32,3.95,0,1.32,0,1.32,1.32,0,1.32,0,0,0,0,17.11,7.89,3.95,3.95,0,0,2.63,9.21,0,0,0,0,0,0,0,0,15.79,0,0,5.26,11.84,0,0,0,0,0,0,0,0,0,0,0,0,6.58,0,1.32,0,0,0,0,9.21,5.26,0,0,3.95,0,0,1.32,1.32,9.21,3.95,1.32,0,0,0,0,0,9.21,1.32,5.26,0,0,1.32,1.32,0
2561,seller,1,13,53.56,7.93,,99,13,30.77,46.15,30.77,30.77,7.69,0,0,0,0,0,0,7.69,7.69,0,0,7.69,0,7.69,0,7.69,0,0,0,7.69,0,7.69,7.69,15.38,7.69,7.69,0,7.69,0,0,0,0,0,15.38,15.38,0,0,0,0,0,0,0,0,7.69,7.69,0,7.69,0,0,7.69,0,0,0,0,0,0,0,0,0,0,0,0,0,0,0,0,0,0,0,0,0,0,0,0,0,0,0,0,0,0,0,0,0,7.69,0,0,0,0,0,0,0,0,0,0,0,0,0,0,0,0,0,0,0,0,0,0,0,0
2561,seller,1,34,11.57,2.18,46.57,66.58,34,20.59,73.53,58.82,50,23.53,8.82,8.82,0,0,0,0,14.71,17.65,2.94,0,5.88,5.88,2.94,2.94,5.88,11.76,2.94,0,2.94,0,2.94,2.94,23.53,5.88,8.82,2.94,2.94,0,0,2.94,0,0,2.94,2.94,0,0,0,0,0,0,0,0,5.88,2.94,0,0,0,0,2.94,2.94,0,0,0,0,0,0,0,0,0,0,0,0,0,0,0,0,0,0,0,0,0,0,0,0,0,0,0,0,0,0,0,0,11.76,5.88,0,0,5.88,0,0,0,0,0,8.82,0,0,0,0,0,0,0,0,0,0,0,0,0,0
2561,seller,1,35,18.12,2.47,42.95,94.7,35,20,74.29,54.29,45.71,22.86,8.57,8.57,0,0,0,0,14.29,17.14,2.86,0,5.71,5.71,0,2.86,5.71,11.43,2.86,0,2.86,0,2.86,2.86,20,5.71,5.71,2.86,0,0,0,2.86,0,0,5.71,5.71,0,0,0,0,0,0,0,0,5.71,2.86,0,0,0,0,2.86,2.86,0,0,0,0,0,0,0,0,2.86,0,0,2.86,0,0,0,0,0,0,0,0,0,0,0,0,0,2.86,0,0,0,0,0,0,11.43,5.71,0,0,5.71,0,0,0,0,0,8.57,0,0,0,0,0,0,0,0,0,0,0,0,0,0
2562,buyer,1,61,4.22,1,87.98,71.67,15.25,16.39,93.44,72.13,59.02,24.59,21.31,19.67,0,1.64,0,0,3.28,9.84,3.28,0,6.56,13.11,1.64,6.56,3.28,19.67,8.2,4.92,4.92,0,0,4.92,29.51,0,21.31,3.28,3.28,6.56,1.64,0,6.56,0,6.56,4.92,1.64,4.92,3.28,1.64,0,0,0,0,4.92,3.28,3.28,3.28,0,0,0,1.64,0,0,0,0,0,0,0,0,8.2,0,0,1.64,6.56,0,0,0,0,0,0,0,0,0,0,0,1.64,4.92,0,1.64,0,0,0,0,3.28,1.64,0,0,1.64,0,0,0,0,6.56,0,3.28,0,0,0,0,0,9.84,6.56,3.28,0,0,0,0,0
2562,buyer,1,44,4.73,1,79.84,55.62,11,13.64,93.18,70.45,52.27,22.73,20.45,18.18,0,2.27,0,0,2.27,11.36,2.27,0,4.55,11.36,2.27,6.82,2.27,18.18,13.64,4.55,4.55,0,0,4.55,25,0,18.18,2.27,2.27,4.55,2.27,0,6.82,0,6.82,4.55,2.27,2.27,0,2.27,0,0,0,0,6.82,4.55,4.55,4.55,0,0,0,2.27,0,0,0,0,0,0,0,0,9.09,0,0,2.27,6.82,0,0,0,0,0,0,0,0,0,0,0,2.27,4.55,0,0,0,0,0,0,6.82,2.27,0,0,0,0,2.27,0,0,4.55,0,4.55,2.27,0,2.27,0,0,15.91,9.09,6.82,0,0,0,0,0
2562,buyer,1,41,9.13,8.81,75.67,20.23,13.67,19.51,90.24,53.66,36.59,17.07,14.63,9.76,0,0,0,4.88,2.44,12.2,0,0,2.44,7.32,2.44,7.32,2.44,14.63,12.2,2.44,7.32,0,0,7.32,21.95,0,12.2,7.32,0,0,2.44,0,4.88,0,4.88,2.44,2.44,2.44,0,2.44,0,0,0,0,17.07,7.32,7.32,7.32,0,0,0,9.76,0,0,0,0,0,0,0,0,24.39,0,0,7.32,17.07,0,0,0,0,0,0,0,0,0,0,0,0,12.2,0,0,0,0,0,0,9.76,2.44,0,0,0,0,2.44,0,0,7.32,2.44,2.44,2.44,0,2.44,0,0,24.39,7.32,12.2,0,0,2.44,2.44,0
2562,seller,1,82,4.45,33.17,75.67,37.8,10.25,7.32,96.34,80.49,63.41,26.83,20.73,10.98,0,9.76,0,0,6.1,9.76,2.44,0,9.76,13.41,0,8.54,2.44,23.17,7.32,0,7.32,0,2.44,4.88,26.83,1.22,15.85,4.88,1.22,2.44,1.22,0,7.32,0,10.98,6.1,4.88,4.88,0,4.88,0,0,0,0,14.63,4.88,4.88,4.88,0,0,0,9.76,0,0,0,0,0,0,0,0,8.54,0,0,4.88,3.66,0,0,0,0,0,0,0,0,0,0,0,1.22,3.66,0,0,0,0,0,0,9.76,1.22,0,0,1.22,0,0,0,0,0,1.22,10.98,1.22,0,1.22,0,0,9.76,9.76,0,0,0,0,0,0
2562,seller,1,65,6.14,11.94,92.75,43.1,9.29,6.15,95.38,80,61.54,27.69,20,12.31,0,7.69,0,0,7.69,10.77,1.54,0,10.77,9.23,0,10.77,1.54,18.46,9.23,0,6.15,0,1.54,4.62,27.69,1.54,16.92,6.15,1.54,1.54,1.54,0,7.69,0,13.85,7.69,6.15,6.15,0,6.15,0,0,0,0,12.31,4.62,4.62,4.62,0,0,0,7.69,0,0,0,0,0,0,0,0,7.69,0,0,6.15,1.54,0,0,0,0,0,0,0,0,0,0,0,1.54,1.54,0,0,0,0,0,0,9.23,1.54,0,0,1.54,0,0,0,0,0,1.54,10.77,1.54,0,1.54,0,0,9.23,9.23,0,0,0,0,0,0
2562,seller,1,21,5.14,1,99,99,7,4.76,100,76.19,57.14,23.81,19.05,14.29,0,4.76,0,0,4.76,9.52,0,0,9.52,9.52,0,9.52,4.76,14.29,9.52,0,4.76,0,0,4.76,28.57,4.76,14.29,4.76,0,0,0,0,9.52,0,23.81,19.05,4.76,4.76,0,4.76,0,0,0,0,9.52,4.76,4.76,4.76,0,0,0,4.76,0,0,0,0,0,0,0,0,9.52,0,0,9.52,0,0,0,0,0,0,0,0,0,0,0,0,0,9.52,0,0,0,0,0,0,14.29,4.76,0,0,4.76,0,0,0,0,0,0,9.52,4.76,0,4.76,0,0,9.52,9.52,0,0,0,0,0,0
2563,buyer,1,13,1.3,7.93,30.98,,13,15.38,92.31,69.23,61.54,38.46,30.77,23.08,0,7.69,0,0,7.69,15.38,7.69,0,0,15.38,0,0,0,23.08,0,0,0,0,0,0,23.08,0,7.69,0,0,7.69,0,0,0,0,0,0,0,0,0,0,0,0,0,0,15.38,7.69,0,0,0,0,7.69,7.69,0,0,0,0,0,0,0,0,7.69,0,0,0,7.69,0,0,0,0,0,0,0,0,0,0,7.69,0,7.69,0,0,0,0,0,0,7.69,0,0,0,0,0,0,0,0,7.69,0,7.69,0,0,0,0,0,7.69,7.69,0,0,0,0,0,0
2563,buyer,1,12,1,1,39.59,,6,8.33,91.67,83.33,66.67,33.33,16.67,16.67,0,0,0,0,16.67,16.67,8.33,0,0,8.33,0,0,16.67,25,0,0,0,0,0,0,33.33,8.33,16.67,0,0,8.33,0,0,8.33,0,0,0,0,0,0,0,0,0,0,0,0,0,0,0,0,0,0,0,0,0,0,0,0,0,0,0,8.33,0,0,0,8.33,0,0,0,0,0,0,0,0,0,0,8.33,0,0,0,0,0,0,0,0,16.67,0,0,0,0,0,0,0,0,0,0,8.33,0,0,0,0,0,16.67,8.33,8.33,0,0,0,0,0
2563,buyer,1,12,1,1,39.59,,6,16.67,91.67,75,66.67,25,8.33,8.33,0,0,0,0,16.67,8.33,0,0,8.33,16.67,0,0,16.67,33.33,0,0,8.33,0,0,8.33,33.33,8.33,8.33,0,0,0,0,0,8.33,0,0,0,0,0,0,0,0,0,0,0,8.33,8.33,8.33,8.33,0,0,0,0,0,0,0,0,0,0,0,0,0,0,0,0,0,0,0,0,0,0,0,0,0,0,0,0,0,0,0,0,0,0,0,0,8.33,0,0,0,0,0,0,0,0,0,8.33,25,0,0,0,0,0,25,8.33,8.33,8.33,0,0,0,0
2563,buyer,1,12,2.87,1,39.59,,6,25,100,75,58.33,16.67,8.33,8.33,0,0,0,0,8.33,8.33,0,0,8.33,16.67,0,0,16.67,33.33,0,0,16.67,0,0,16.67,33.33,8.33,8.33,0,0,0,0,0,8.33,0,0,0,0,0,0,0,0,0,0,0,16.67,16.67,16.67,16.67,0,0,0,0,0,0,0,0,0,0,0,0,0,0,0,0,0,0,0,0,0,0,0,0,0,0,0,0,0,0,0,0,0,0,0,0,16.67,0,0,0,0,0,0,0,0,0,8.33,25,8.33,0,8.33,0,0,33.33,8.33,16.67,8.33,0,0,0,0
2563,buyer,1,29,28.28,90.41,21.61,,9.67,27.59,89.66,44.83,31.03,10.34,10.34,3.45,0,0,0,6.9,0,6.9,0,0,3.45,13.79,0,3.45,0,24.14,3.45,3.45,13.79,0,0,13.79,24.14,0,6.9,6.9,0,0,0,0,0,0,0,0,0,0,0,0,0,0,0,0,27.59,13.79,13.79,13.79,0,0,0,13.79,0,0,0,0,0,0,0,0,27.59,0,0,6.9,20.69,0,0,0,0,0,0,0,0,0,0,0,0,13.79,0,3.45,0,0,0,0,13.79,3.45,0,0,3.45,0,0,0,0,6.9,6.9,10.34,3.45,0,3.45,0,0,31.03,6.9,17.24,3.45,0,0,3.45,0
2563,seller,1,36,41.36,72.07,3.81,64,12,2.78,94.44,77.78,61.11,13.89,13.89,5.56,0,8.33,0,0,0,16.67,11.11,0,11.11,16.67,2.78,5.56,2.78,22.22,11.11,2.78,8.33,2.78,2.78,2.78,22.22,2.78,13.89,2.78,2.78,2.78,5.56,0,2.78,0,8.33,5.56,2.78,5.56,2.78,2.78,0,0,0,0,16.67,8.33,5.56,2.78,0,0,0,8.33,0,0,0,0,0,0,0,0,8.33,0,0,2.78,5.56,0,0,0,0,0,0,0,0,0,0,0,0,0,0,2.78,0,0,0,0,11.11,0,0,0,0,0,0,0,0,0,2.78,5.56,2.78,0,2.78,0,0,13.89,5.56,2.78,2.78,0,2.78,0,0
2563,seller,1,55,17.1,91.79,5.07,76.62,13.75,5.45,96.36,80,65.45,23.64,20,9.09,0,10.91,0,0,3.64,16.36,9.09,0,9.09,18.18,1.82,3.64,0,25.45,7.27,3.64,7.27,1.82,1.82,3.64,23.64,1.82,14.55,3.64,1.82,5.45,5.45,0,1.82,0,7.27,5.45,1.82,5.45,3.64,1.82,0,0,0,0,20,9.09,3.64,3.64,0,0,0,10.91,0,0,0,0,0,0,0,0,7.27,0,0,1.82,5.45,0,0,0,0,0,0,0,0,0,0,0,1.82,0,0,1.82,0,0,0,0,10.91,0,0,0,0,0,0,0,0,1.82,5.45,5.45,1.82,0,1.82,0,0,10.91,3.64,3.64,1.82,0,1.82,0,0
2563,seller,1,42,5.14,93.83,2.36,88.66,14,9.52,97.62,83.33,66.67,28.57,23.81,11.9,0,11.9,0,0,4.76,16.67,7.14,0,7.14,19.05,2.38,2.38,0,28.57,7.14,4.76,7.14,0,0,7.14,23.81,2.38,11.9,2.38,2.38,7.14,2.38,0,0,0,4.76,4.76,0,4.76,4.76,0,0,0,0,0,23.81,11.9,4.76,7.14,0,0,0,11.9,0,0,0,0,0,0,0,0,4.76,0,0,0,4.76,0,0,0,0,0,0,0,0,0,0,0,2.38,0,0,2.38,0,0,0,0,14.29,0,0,0,0,0,0,0,0,2.38,7.14,4.76,2.38,0,2.38,0,0,14.29,4.76,4.76,2.38,0,2.38,0,0
2563,seller,1,30,1.16,96.04,7.03,97.84,15,13.33,100,86.67,70,36.67,26.67,13.33,0,13.33,0,0,10,13.33,3.33,0,6.67,20,0,0,0,30,3.33,3.33,10,0,3.33,6.67,26.67,3.33,10,3.33,0,6.67,3.33,0,0,0,6.67,6.67,0,3.33,3.33,0,0,0,0,0,23.33,10,3.33,6.67,0,0,0,13.33,0,0,0,0,0,0,0,0,6.67,0,0,3.33,3.33,0,0,0,0,0,0,0,0,0,0,0,3.33,0,0,0,0,0,0,0,13.33,0,0,0,0,0,0,0,0,6.67,10,3.33,3.33,0,3.33,0,0,13.33,6.67,6.67,0,0,0,0,0
2563,seller,1,12,10.19,84.23,3.81,99,4,16.67,100,75,50,25,16.67,8.33,0,8.33,0,0,8.33,0,0,0,8.33,16.67,0,0,0,25,8.33,0,16.67,0,8.33,8.33,16.67,0,0,0,0,0,0,0,0,0,16.67,16.67,0,0,0,0,0,0,0,0,16.67,8.33,8.33,8.33,0,0,0,8.33,0,0,0,0,0,0,0,0,16.67,0,0,16.67,0,0,0,0,0,0,0,0,0,0,0,0,0,8.33,0,0,0,0,0,0,8.33,0,0,0,0,0,0,0,0,8.33,8.33,0,8.33,0,8.33,0,0,25,16.67,8.33,0,0,0,0,0
2564,buyer,1,59,43.72,1.12,20.4,20.23,19.67,18.64,79.66,61.02,54.24,20.34,11.86,10.17,0,0,1.69,0,8.47,22.03,13.56,0,5.08,5.08,5.08,5.08,1.69,10.17,1.69,1.69,0,0,0,0,28.81,0,11.86,0,0,3.39,0,3.39,5.08,0,3.39,1.69,1.69,1.69,0,1.69,0,0,0,0,5.08,1.69,0,0,0,0,1.69,3.39,1.69,0,0,3.39,1.69,0,0,1.69,5.08,1.69,0,1.69,1.69,0,1.69,1.69,1.69,0,0,0,0,0,0,1.69,1.69,3.39,0,0,0,0,0,0,1.69,0,0,0,0,0,0,0,3.39,13.56,1.69,0,0,0,0,0,0,5.08,3.39,1.69,0,0,0,0,0
2564,buyer,1,56,76.24,9.23,2.36,75.77,28,14.29,78.57,60.71,53.57,14.29,8.93,7.14,0,0,1.79,0,5.36,23.21,14.29,1.79,8.93,5.36,5.36,5.36,0,8.93,3.57,5.36,0,0,0,0,26.79,0,12.5,0,0,5.36,0,3.57,3.57,0,7.14,5.36,1.79,5.36,3.57,1.79,0,0,0,0,5.36,1.79,0,0,0,0,1.79,3.57,1.79,0,0,3.57,1.79,0,0,1.79,5.36,1.79,0,0,3.57,0,1.79,1.79,1.79,0,0,0,0,0,0,0,1.79,1.79,0,0,0,0,0,0,0,0,0,0,0,0,0,0,3.57,10.71,1.79,0,0,0,0,0,0,3.57,1.79,0,0,0,0,1.79,0
2564,buyer,1,59,53.96,15.45,1,73.26,29.5,10.17,86.44,69.49,61.02,16.95,8.47,6.78,0,0,1.69,0,8.47,25.42,15.25,3.39,8.47,8.47,6.78,5.08,1.69,13.56,5.08,6.78,0,0,0,0,27.12,0,8.47,0,0,5.08,0,3.39,0,0,6.78,5.08,1.69,5.08,3.39,1.69,0,0,0,0,6.78,3.39,0,0,0,0,3.39,3.39,1.69,0,0,3.39,3.39,0,0,3.39,3.39,0,0,0,3.39,0,1.69,1.69,1.69,0,0,0,0,0,0,0,1.69,0,3.39,0,0,0,0,0,0,0,0,0,0,0,0,0,5.08,11.86,3.39,0,0,0,0,0,0,6.78,1.69,1.69,0,0,1.69,1.69,0
2564,buyer,1,55,39.7,2.92,25.81,1,55,5.45,92.73,74.55,65.45,21.82,14.55,10.91,0,3.64,0,0,7.27,23.64,10.91,3.64,14.55,12.73,1.82,5.45,3.64,14.55,7.27,7.27,1.82,0,0,1.82,25.45,0,12.73,1.82,0,3.64,0,0,3.64,0,10.91,3.64,7.27,7.27,3.64,3.64,0,0,0,0,9.09,5.45,0,3.64,0,0,1.82,3.64,0,0,0,0,1.82,0,0,1.82,5.45,0,0,1.82,3.64,0,0,0,0,0,0,0,0,0,0,3.64,0,0,3.64,0,0,0,0,0,1.82,0,0,0,0,0,0,0,1.82,9.09,1.82,5.45,1.82,0,1.82,0,0,9.09,0,3.64,0,0,3.64,1.82,0
2564,buyer,1,70,12.97,1.51,72.58,1,70,11.43,91.43,72.86,61.43,21.43,15.71,11.43,0,2.86,0,1.43,5.71,21.43,7.14,1.43,11.43,12.86,4.29,7.14,4.29,17.14,8.57,2.86,5.71,0,1.43,4.29,25.71,0,15.71,4.29,2.86,1.43,0,0,5.71,0,8.57,0,8.57,5.71,0,5.71,0,0,0,0,11.43,5.71,0,2.86,0,1.43,1.43,5.71,0,0,0,0,1.43,0,0,1.43,4.29,0,0,4.29,1.43,0,0,0,0,0,0,0,0,0,0,2.86,0,0,2.86,0,0,0,0,0,7.14,0,0,0,0,0,0,0,1.43,7.14,2.86,4.29,1.43,0,1.43,0,0,7.14,0,2.86,0,0,4.29,0,0
2564,buyer,1,66,8.29,3.25,86.68,1,66,9.09,92.42,74.24,60.61,21.21,19.7,12.12,0,6.06,0,1.52,1.52,19.7,4.55,0,12.12,13.64,3.03,9.09,4.55,18.18,10.61,1.52,6.06,0,1.52,4.55,27.27,0,22.73,6.06,3.03,4.55,1.52,0,9.09,0,10.61,0,10.61,7.58,0,7.58,0,0,0,0,13.64,4.55,0,3.03,0,1.52,0,9.09,0,0,0,0,0,0,0,0,7.58,0,0,6.06,3.03,0,0,0,0,0,0,0,0,0,0,4.55,0,0,0,0,0,0,0,0,9.09,0,0,0,0,0,0,0,1.52,3.03,3.03,6.06,1.52,0,1.52,0,0,9.09,0,3.03,0,0,6.06,0,0
2564,buyer,1,69,6.8,2.33,92.58,1,34.5,11.59,92.75,72.46,56.52,15.94,15.94,7.25,0,7.25,0,1.45,0,20.29,7.25,0,5.8,10.14,2.9,14.49,5.8,15.94,11.59,4.35,5.8,0,1.45,4.35,31.88,0,28.99,7.25,2.9,7.25,7.25,0,15.94,0,7.25,0,7.25,7.25,0,7.25,0,0,0,0,14.49,4.35,2.9,2.9,0,1.45,0,10.14,0,0,0,0,0,0,0,0,11.59,0,0,7.25,5.8,0,0,0,0,0,0,0,0,0,0,2.9,0,0,0,0,0,0,0,0,8.7,0,0,0,0,0,0,0,2.9,0,4.35,2.9,0,0,0,0,0,14.49,2.9,4.35,0,0,7.25,0,0
2564,buyer,1,63,6.54,23.28,84.92,1,21,12.7,92.06,63.49,46.03,14.29,14.29,3.17,0,7.94,0,3.17,0,17.46,6.35,0,1.59,9.52,0,14.29,6.35,19.05,7.94,4.76,4.76,0,0,4.76,36.51,0,26.98,7.94,0,6.35,7.94,0,15.87,0,4.76,0,4.76,4.76,0,4.76,0,0,0,0,20.63,6.35,6.35,6.35,0,0,0,14.29,0,0,0,0,0,0,0,0,22.22,0,0,7.94,14.29,0,0,0,0,0,0,0,0,0,0,3.17,0,6.35,0,0,0,0,0,0,7.94,0,0,0,0,0,0,0,3.17,6.35,4.76,3.17,0,0,0,0,0,25.4,4.76,11.11,0,0,7.94,1.59,0
2564,seller,1,57,4.76,85.76,33.61,46.76,8.14,17.54,89.47,70.18,63.16,31.58,19.3,8.77,0,10.53,0,0,12.28,15.79,8.77,0,7.02,12.28,5.26,3.51,1.75,17.54,1.75,0,3.51,0,0,3.51,22.81,0,10.53,3.51,3.51,3.51,0,0,3.51,0,1.75,1.75,0,0,0,0,0,0,0,0,22.81,10.53,3.51,3.51,0,0,5.26,12.28,1.75,0,0,1.75,0,0,0,0,5.26,0,0,3.51,1.75,0,0,0,0,0,0,0,0,0,0,0,0,1.75,0,0,0,0,0,0,1.75,3.51,0,0,3.51,0,0,0,0,5.26,10.53,0,0,0,0,0,0,17.54,8.77,3.51,3.51,0,1.75,0,0
2564,seller,1,48,16.96,64.67,54.55,,8,12.5,87.5,72.92,64.58,27.08,16.67,8.33,0,8.33,0,0,10.42,20.83,12.5,2.08,10.42,10.42,10.42,2.08,2.08,16.67,2.08,0,0,0,0,0,25,0,14.58,6.25,6.25,4.17,0,0,4.17,0,0,0,0,0,0,0,0,0,0,0,18.75,8.33,2.08,0,0,0,4.17,10.42,2.08,0,0,2.08,0,0,0,0,4.17,0,0,0,4.17,0,0,0,0,0,0,0,0,0,0,0,0,0,0,0,0,0,0,0,2.08,4.17,0,0,4.17,0,0,0,0,2.08,12.5,0,0,0,0,0,0,18.75,8.33,2.08,4.17,0,2.08,2.08,0
2564,seller,1,37,42.89,96.25,36.48,62.77,6.17,5.41,94.59,78.38,64.86,24.32,13.51,5.41,2.7,5.41,0,0,10.81,18.92,10.81,5.41,16.22,10.81,10.81,0,0,18.92,5.41,0,2.7,2.7,0,0,21.62,0,13.51,5.41,8.11,5.41,0,0,0,0,2.7,2.7,0,0,0,0,0,0,0,0,21.62,10.81,2.7,0,0,0,5.41,10.81,2.7,0,0,2.7,0,0,0,0,5.41,0,0,0,5.41,0,0,0,0,0,0,0,0,0,0,0,0,0,0,0,0,0,0,0,5.41,10.81,0,0,10.81,0,0,0,0,0,13.51,0,0,0,0,0,0,24.32,8.11,0,8.11,0,2.7,5.41,0
2564,seller,1,31,69.92,88.59,91.84,1.4,7.75,0,93.55,74.19,58.06,19.35,19.35,9.68,3.23,6.45,0,0,0,12.9,9.68,6.45,19.35,6.45,6.45,6.45,0,9.68,12.9,3.23,3.23,3.23,0,0,16.13,0,12.9,9.68,3.23,3.23,0,0,0,0,9.68,3.23,6.45,6.45,0,6.45,0,0,0,0,12.9,3.23,0,0,0,0,0,9.68,0,0,0,0,0,0,0,0,12.9,0,0,6.45,6.45,0,0,0,0,0,0,0,0,0,0,0,0,0,0,0,0,0,0,0,6.45,9.68,0,0,9.68,0,0,0,0,0,3.23,3.23,0,0,0,0,0,16.13,3.23,0,6.45,0,0,6.45,0
2564,seller,1,54,19.76,62.05,77.17,1,13.5,5.56,92.59,79.63,62.96,25.93,25.93,14.81,1.85,9.26,0,0,0,11.11,5.56,1.85,14.81,11.11,1.85,7.41,1.85,16.67,12.96,1.85,1.85,1.85,0,0,22.22,0,18.52,5.56,1.85,7.41,0,0,3.7,0,9.26,1.85,7.41,5.56,0,5.56,0,0,0,0,18.52,5.56,0,0,0,0,3.7,12.96,0,0,0,0,0,0,0,0,9.26,0,0,5.56,3.7,0,0,0,0,0,0,0,0,0,0,0,1.85,0,0,0,0,0,1.85,0,3.7,7.41,1.85,0,5.56,0,0,0,0,0,1.85,3.7,0,0,0,0,0,11.11,5.56,0,1.85,0,1.85,1.85,0
2564,seller,1,61,23.18,16.05,80.96,1,20.33,9.84,93.44,77.05,63.93,24.59,24.59,16.39,0,8.2,0,0,0,13.11,8.2,1.64,13.11,11.48,1.64,8.2,1.64,14.75,9.84,3.28,1.64,0,0,1.64,24.59,0,18.03,4.92,1.64,4.92,1.64,0,4.92,0,8.2,0,8.2,6.56,0,6.56,0,0,0,0,16.39,6.56,1.64,1.64,0,0,3.28,9.84,0,0,0,0,0,0,0,0,8.2,0,0,4.92,3.28,0,0,0,0,0,0,0,0,0,0,0,1.64,0,0,0,0,0,1.64,0,1.64,3.28,1.64,0,1.64,0,0,0,0,0,1.64,4.92,0,0,0,0,0,9.84,4.92,1.64,0,0,1.64,1.64,0
2564,seller,1,71,21.96,64.99,31.69,20.23,17.75,15.49,95.77,76.06,61.97,25.35,25.35,14.08,0,11.27,0,0,0,15.49,8.45,1.41,9.86,8.45,2.82,7.04,1.41,15.49,7.04,1.41,5.63,0,0,5.63,25.35,0,18.31,1.41,1.41,7.04,4.23,0,5.63,0,11.27,5.63,5.63,5.63,1.41,4.23,0,0,0,0,23.94,9.86,4.23,5.63,0,0,2.82,14.08,1.41,0,0,1.41,0,0,0,0,7.04,0,0,4.23,2.82,0,0,0,0,0,0,0,0,0,0,1.41,2.82,1.41,0,0,0,0,1.41,0,2.82,1.41,1.41,0,0,0,0,0,1.41,2.82,1.41,4.23,0,0,0,0,0,9.86,4.23,2.82,0,0,1.41,1.41,0
2564,seller,1,45,53.05,86.16,19.26,97.84,22.5,17.78,97.78,68.89,55.56,22.22,22.22,11.11,0,11.11,0,0,0,17.78,11.11,2.22,8.89,4.44,2.22,6.67,0,11.11,4.44,2.22,8.89,0,0,8.89,22.22,0,13.33,0,0,4.44,6.67,0,4.44,0,15.56,11.11,4.44,6.67,2.22,4.44,0,0,0,0,24.44,11.11,6.67,8.89,0,0,0,13.33,2.22,0,0,2.22,0,0,0,0,8.89,0,0,6.67,2.22,0,0,0,0,0,0,0,0,0,0,2.22,2.22,4.44,0,0,0,0,0,0,4.44,0,0,0,0,0,0,0,2.22,4.44,2.22,4.44,0,0,0,0,0,8.89,2.22,4.44,0,0,0,2.22,0
2565,buyer,1,141,18.53,1,47.17,41.11,14.1,14.89,90.78,71.63,63.12,22.7,12.77,9.22,0,0.71,2.84,0,9.93,21.99,9.22,0,9.22,9.93,4.26,6.38,3.55,14.89,4.26,0.71,0.71,0,0.71,0,27.66,0.71,12.06,1.42,0,2.84,0,0.71,7.09,0,3.55,2.13,0.71,2.84,1.42,0.71,0,0,0,0,8.51,4.26,0,0.71,0,0.71,2.84,4.26,0.71,0,0,3.55,0.71,0,0,0.71,7.8,0,0,0.71,7.09,0,0.71,0.71,0.71,0,0,0,0,0,0,1.42,0.71,4.96,0,0.71,0,0,0,4.96,4.96,7.09,3.55,0.71,2.84,0.71,0,0,2.13,7.8,4.26,2.13,1.42,0.71,0.71,0,0,10.64,7.09,2.84,0,0,0,0.71,0
2565,buyer,1,182,19.25,4.09,69.17,44.98,15.17,15.93,93.41,73.08,61.54,19.78,10.99,7.14,0,0.55,1.65,1.65,8.79,19.23,8.24,0,10.44,12.64,4.4,7.14,2.75,18.13,7.14,1.65,1.1,0,1.1,0,27.47,0.55,13.74,3.3,1.1,2.2,0.55,0.55,6.04,0,3.3,2.2,0.55,2.75,1.65,0.55,0,0,0,0,8.79,3.3,0.55,0.55,0,1.65,0.55,5.49,0.55,0,0,2.2,0.55,0,0,0.55,9.89,0,0,2.2,7.69,0,0.55,0.55,0.55,0,0,0,0,0,0,1.1,0.55,3.85,0,1.1,0,0,0,3.85,5.49,8.79,3.3,1.65,3.3,1.65,0,0,3.3,5.49,4.95,3.3,1.1,0.55,0.55,0,0,10.44,6.59,2.75,0,0,0.55,0.55,0
2565,buyer,1,186,30.96,3.08,95.4,27.34,12.4,15.05,94.09,74.19,60.22,17.74,8.6,5.91,0,1.08,0,1.61,9.14,20.97,9.14,0,11.83,12.9,3.23,6.45,3.76,20.43,8.06,1.61,1.61,0,1.08,0.54,29.03,1.08,13.98,3.23,1.61,0.54,1.61,0,7.53,0,2.69,1.61,1.08,1.08,0.54,0.54,0,0,0,0,10.22,4.84,0.54,0.54,0,2.15,2.15,5.38,0,0,0,0,0.54,0,0,0.54,12.37,0,0,2.69,9.68,0,0,0,0,0,0,0,0,0,0,1.08,0.54,3.76,0,0.54,0,0,0,0,7.53,7.53,0.54,3.23,4.84,1.08,0,0,3.23,5.38,6.99,3.76,0.54,0,0.54,0,0,13.98,8.06,3.23,0,0,2.15,0.54,0
2565,seller,1,73,34.21,19.21,37.99,82.37,14.6,21.92,87.67,69.86,60.27,15.07,9.59,4.11,1.37,4.11,0,0,5.48,21.92,8.22,0,13.7,10.96,5.48,6.85,5.48,12.33,6.85,4.11,2.74,1.37,1.37,0,27.4,5.48,9.59,1.37,0,1.37,0,1.37,5.48,0,4.11,4.11,0,0,0,0,0,0,0,0,13.7,8.22,2.74,1.37,0,1.37,4.11,5.48,0,0,0,0,1.37,0,0,1.37,9.59,0,0,6.85,4.11,0,0,0,0,0,0,0,0,0,0,0,0,0,0,1.37,0,0,0,0,4.11,4.11,0,0,2.74,1.37,0,0,4.11,2.74,6.85,0,0,0,0,0,0,10.96,6.85,2.74,0,0,1.37,0,0
2565,seller,1,73,26.97,4.52,67.02,63.38,14.6,16.44,90.41,73.97,64.38,15.07,10.96,6.85,2.74,1.37,0,0,4.11,19.18,8.22,0,16.44,12.33,6.85,10.96,4.11,13.7,6.85,4.11,4.11,2.74,1.37,0,27.4,4.11,12.33,2.74,0,2.74,0,1.37,6.85,0,2.74,2.74,0,0,0,0,0,0,0,0,10.96,6.85,2.74,0,0,1.37,1.37,4.11,0,0,0,0,1.37,0,0,1.37,10.96,0,0,6.85,5.48,0,0,0,0,0,0,0,0,0,0,0,0,0,0,0,0,0,0,0,4.11,4.11,0,0,2.74,1.37,0,0,4.11,2.74,5.48,1.37,0,0,0,0,0,10.96,6.85,2.74,0,0,1.37,0,0
2565,seller,1,57,41.78,1.83,87.88,74.93,11.4,17.54,89.47,73.68,63.16,15.79,12.28,8.77,1.75,1.75,0,0,3.51,19.3,8.77,0,17.54,10.53,5.26,8.77,5.26,14.04,5.26,3.51,3.51,1.75,1.75,0,19.3,3.51,10.53,3.51,0,3.51,0,0,5.26,0,3.51,3.51,0,0,0,0,0,0,0,0,8.77,5.26,1.75,0,0,1.75,0,3.51,0,0,0,0,0,0,0,0,12.28,0,0,8.77,5.26,0,0,0,0,0,0,0,0,0,0,0,0,0,0,0,0,0,0,0,5.26,8.77,0,1.75,5.26,1.75,0,0,3.51,1.75,1.75,1.75,0,0,0,0,0,10.53,8.77,1.75,0,0,0,0,0
2566,buyer,1,31,11.71,1.48,58.85,1.4,10.33,3.23,100,87.1,61.29,32.26,22.58,16.13,0,6.45,0,0,9.68,12.9,9.68,0,6.45,9.68,0,3.23,3.23,29.03,6.45,0,6.45,0,6.45,0,35.48,0,16.13,3.23,0,6.45,0,0,6.45,0,3.23,0,3.23,3.23,0,3.23,0,0,0,0,12.9,6.45,0,0,0,0,0,6.45,0,0,0,0,0,0,0,0,6.45,0,0,3.23,3.23,0,0,0,0,0,0,0,0,0,0,6.45,0,3.23,0,0,0,0,0,0,22.58,0,0,0,0,0,0,0,0,6.45,12.9,0,0,0,0,0,0,6.45,6.45,0,0,0,0,0,0
2566,buyer,1,26,21.6,40.06,30.98,1,13,3.85,96.15,88.46,57.69,26.92,19.23,11.54,0,7.69,0,0,7.69,11.54,7.69,0,11.54,7.69,7.69,3.85,0,30.77,7.69,0,7.69,0,7.69,0,34.62,0,19.23,7.69,3.85,7.69,0,0,3.85,0,3.85,0,3.85,3.85,0,3.85,0,0,0,0,15.38,7.69,0,0,0,0,0,7.69,0,0,0,0,0,0,0,0,3.85,0,0,3.85,0,0,0,0,0,0,0,0,0,0,0,7.69,0,3.85,0,0,0,0,0,0,23.08,0,0,0,0,0,0,0,0,0,15.38,0,0,0,0,0,0,3.85,3.85,0,0,0,0,0,0
2566,buyer,1,17,3.11,12.77,46.57,20.23,17,5.88,94.12,88.24,58.82,23.53,11.76,5.88,0,5.88,0,0,11.76,17.65,5.88,0,11.76,11.76,17.65,0,5.88,29.41,11.76,0,0,0,0,0,35.29,0,23.53,11.76,5.88,5.88,0,0,5.88,0,11.76,5.88,5.88,11.76,5.88,5.88,0,0,0,0,5.88,0,0,0,0,0,0,5.88,0,0,0,0,0,0,0,0,5.88,0,0,5.88,0,0,0,0,0,0,0,0,0,0,0,5.88,0,5.88,0,0,0,0,0,0,11.76,0,0,0,0,0,0,0,0,0,11.76,0,0,0,0,0,0,0,0,0,0,0,0,0,0
2566,seller,1,31,1,4.4,17.19,,31,12.9,90.32,77.42,74.19,25.81,19.35,9.68,0,3.23,0,3.23,6.45,12.9,6.45,0,6.45,22.58,3.23,6.45,9.68,25.81,0,0,0,0,0,0,35.48,6.45,9.68,0,3.23,3.23,0,0,3.23,0,0,0,0,0,0,0,0,0,0,0,19.35,9.68,0,0,0,0,3.23,9.68,0,0,0,0,0,0,0,0,6.45,0,0,0,6.45,0,0,0,0,0,0,0,0,0,0,0,0,0,0,0,0,0,0,0,6.45,0,0,0,0,0,0,0,3.23,3.23,16.13,3.23,0,0,0,0,0,0,0,0,0,0,0,0,0
2566,seller,1,30,2.14,3.95,19.26,,30,13.33,86.67,73.33,70,20,16.67,6.67,0,3.33,0,3.33,3.33,13.33,6.67,0,6.67,16.67,3.33,6.67,10,20,0,3.33,0,0,0,0,40,10,13.33,0,3.33,3.33,3.33,0,6.67,0,0,0,0,0,0,0,0,0,0,0,16.67,6.67,0,0,0,0,3.33,10,0,0,0,0,0,0,0,0,10,0,0,0,10,0,0,0,0,0,0,0,0,0,0,0,0,0,0,0,0,0,0,0,6.67,0,0,0,0,0,0,0,3.33,3.33,13.33,3.33,0,0,0,0,0,0,0,0,0,0,0,0,0
2566,seller,1,26,2.59,1,94.47,,26,11.54,88.46,76.92,73.08,19.23,15.38,7.69,0,0,0,3.85,3.85,11.54,3.85,0,11.54,15.38,3.85,7.69,11.54,19.23,0,3.85,0,0,0,0,38.46,11.54,11.54,0,3.85,0,3.85,0,7.69,0,0,0,0,0,0,0,0,0,0,0,11.54,3.85,0,0,0,0,3.85,7.69,0,0,0,0,0,0,0,0,7.69,0,0,0,7.69,0,0,0,0,0,0,0,0,0,0,0,0,0,0,0,0,0,0,0,3.85,7.69,0,3.85,3.85,0,0,0,3.85,3.85,7.69,3.85,0,0,0,0,0,3.85,3.85,0,0,0,0,0,0
2567,buyer,1,78,10.19,47.66,96.61,8.34,13,20.51,93.59,76.92,64.1,21.79,16.67,8.97,0,7.69,0,0,5.13,14.1,8.97,0,6.41,10.26,8.97,6.41,1.28,17.95,5.13,2.56,1.28,0,0,1.28,34.62,3.85,20.51,6.41,5.13,2.56,0,1.28,3.85,0,1.28,0,1.28,0,0,0,0,0,0,0,14.1,6.41,0,0,0,1.28,3.85,7.69,0,0,0,0,0,0,0,0,3.85,0,0,1.28,2.56,0,0,0,0,0,0,0,0,0,0,1.28,0,0,0,1.28,0,0,0,0,6.41,7.69,1.28,0,6.41,0,0,0,5.13,5.13,5.13,1.28,0,0,0,0,0,7.69,2.56,0,1.28,3.85,0,0,0
2567,buyer,1,63,10.19,11.37,94.6,6.51,12.6,22.22,92.06,74.6,63.49,19.05,11.11,6.35,0,4.76,0,0,7.94,15.87,7.94,0,7.94,12.7,7.94,6.35,3.17,19.05,4.76,3.17,0,0,0,0,39.68,4.76,20.63,6.35,3.17,3.17,0,0,6.35,0,1.59,0,1.59,0,0,0,0,0,0,0,11.11,6.35,0,0,0,1.59,3.17,4.76,0,0,0,0,0,0,0,0,3.17,0,0,1.59,1.59,0,0,0,0,0,0,0,0,0,0,1.59,0,1.59,0,1.59,0,0,0,0,6.35,7.94,0,0,7.94,0,0,0,3.17,6.35,6.35,1.59,0,0,0,0,0,7.94,3.17,0,1.59,1.59,1.59,0,0
2567,buyer,1,95,16.37,6.45,95.32,35.11,23.75,18.95,92.63,73.68,61.05,21.05,13.68,8.42,0,5.26,0,0,7.37,12.63,5.26,0,14.74,9.47,6.32,8.42,4.21,15.79,5.26,4.21,1.05,0,1.05,0,31.58,3.16,16.84,5.26,0,3.16,0,0,6.32,0,3.16,2.11,1.05,1.05,1.05,0,0,0,0,0,9.47,4.21,0,0,0,2.11,0,5.26,0,0,0,0,0,0,0,0,9.47,0,0,3.16,6.32,0,0,0,0,0,0,0,0,0,0,2.11,1.05,1.05,0,2.11,0,0,0,0,4.21,8.42,0,2.11,8.42,0,0,0,0,3.16,8.42,1.05,0,0,0,0,0,8.42,4.21,0,0,0,4.21,0,0
2567,buyer,1,56,35.59,9.23,60.9,20.23,18.67,19.64,89.29,66.07,53.57,17.86,12.5,7.14,0,5.36,0,0,5.36,12.5,7.14,0,16.07,8.93,5.36,7.14,5.36,12.5,7.14,3.57,3.57,0,1.79,1.79,25,0,12.5,1.79,0,3.57,0,0,5.36,0,7.14,3.57,3.57,1.79,1.79,0,0,0,0,0,12.5,7.14,0,0,1.79,3.57,0,5.36,0,0,0,0,0,0,0,0,14.29,0,0,5.36,8.93,0,0,0,0,0,0,0,0,0,0,1.79,1.79,1.79,0,1.79,0,0,0,0,1.79,5.36,0,3.57,5.36,0,0,0,0,3.57,8.93,0,0,0,0,0,0,10.71,3.57,0,0,0,7.14,0,0
2567,buyer,1,66,63.17,31.58,79.84,67.94,22,13.64,90.91,66.67,56.06,16.67,13.64,7.58,0,6.06,0,0,3.03,13.64,9.09,0,19.7,6.06,6.06,9.09,3.03,9.09,6.06,4.55,3.03,0,1.52,1.52,19.7,0,12.12,3.03,0,3.03,0,0,3.03,0,6.06,4.55,1.52,1.52,1.52,0,0,0,0,0,10.61,4.55,0,0,1.52,1.52,0,6.06,0,0,0,0,0,0,0,0,15.15,0,0,6.06,9.09,0,0,0,0,0,0,0,0,0,0,1.52,1.52,0,0,3.03,0,0,0,0,1.52,7.58,0,4.55,7.58,0,0,0,0,0,6.06,1.52,0,0,0,0,0,7.58,3.03,0,0,0,4.55,0,0
2567,buyer,1,22,94.5,66.75,79.84,86.79,22,4.55,90.91,54.55,50,9.09,9.09,4.55,0,4.55,0,0,0,18.18,13.64,0,18.18,4.55,4.55,9.09,0,4.55,4.55,4.55,4.55,0,0,4.55,13.64,0,9.09,4.55,0,0,0,0,0,0,13.64,9.09,4.55,0,0,0,0,0,0,0,9.09,4.55,0,0,4.55,0,0,4.55,0,0,0,0,0,0,0,0,18.18,0,0,13.64,4.55,0,0,0,0,0,0,0,0,0,0,0,0,4.55,0,4.55,0,0,0,0,0,9.09,0,4.55,9.09,0,0,0,0,0,0,4.55,0,0,0,0,0,0,0,0,0,0,0,0,0
2567,seller,1,137,24.77,44.38,40.45,12.58,19.57,13.87,94.89,75.91,59.85,23.36,16.79,8.03,0,8.76,0,0,6.57,15.33,8.03,0.73,9.49,8.76,2.19,6.57,2.19,17.52,7.3,2.92,4.38,0,1.46,2.92,23.36,0,16.79,1.46,1.46,5.84,1.46,2.19,7.3,0,5.11,2.19,2.92,2.92,1.46,1.46,0,0.73,0,0,15.33,5.84,0.73,1.46,0,1.46,0.73,9.49,0,0,0,0,1.46,0,0,1.46,5.11,0,0,2.19,3.65,0,0,0,0,0,0,0,0,0,0,0,0.73,1.46,0,0.73,0,0,0,0,7.3,5.84,0,0.73,2.19,2.19,0,0.73,2.92,8.03,2.92,1.46,0.73,0.73,0,0,0,8.76,4.38,3.65,0.73,0,0,0,0
2567,seller,1,141,18.53,48.48,19.97,64.94,17.63,12.06,95.74,77.3,63.12,23.4,14.89,5.67,0,9.22,0,0,8.51,12.77,7.09,0.71,10.64,10.64,2.84,5.67,3.55,19.15,6.38,2.13,4.96,0.71,1.42,2.84,26.24,0,19.15,0,2.13,7.8,2.84,2.13,8.51,0,5.67,4.26,1.42,1.42,1.42,0,0,0,0,0,15.6,5.67,0.71,2.13,0,0.71,0.71,9.93,0,0,0,0,1.42,0,0,1.42,4.26,0,0,2.13,2.84,0,0,0,0,0,0,0,0,0,0,0,2.13,1.42,0,1.42,0,0,0,0,7.09,5.67,0,1.42,2.84,2.13,0,0,2.84,5.67,4.26,1.42,0.71,0.71,0,0,0,9.22,4.26,3.55,1.42,0,0,0,0
2567,seller,1,129,19.49,40.06,36.92,79.65,18.43,15.5,94.57,71.32,57.36,19.38,13.18,4.65,0,6.98,0,1.55,6.2,12.4,5.43,0.78,10.08,10.08,3.1,6.98,3.88,20.16,5.43,2.33,6.2,0.78,1.55,3.88,27.13,0,18.6,1.55,0.78,6.2,3.1,0.78,9.3,0,5.43,4.65,0.78,1.55,1.55,0,0,0,0,0,16.28,5.43,1.55,3.1,0,0,0,10.85,0,0,0,0,1.55,0,0,1.55,10.85,0,0,3.88,7.75,0,0,0,0,0,0,0,0,0,0,0,2.33,4.65,0,1.55,0,0,0,0,9.3,3.88,0,1.55,3.1,0,0,0,2.33,3.88,4.65,1.55,0,0,0,0,0,13.18,4.65,6.2,0.78,0,0.78,0.78,0
2567,seller,1,70,7.34,85.08,24.32,84.26,17.5,21.43,91.43,57.14,44.29,17.14,11.43,0,0,5.71,0,5.71,5.71,7.14,1.43,0,4.29,11.43,1.43,5.71,5.71,22.86,1.43,1.43,7.14,1.43,0,5.71,31.43,0,20,5.71,1.43,4.29,2.86,0,8.57,0,4.29,4.29,0,0,0,0,0,0,0,0,24.29,7.14,5.71,7.14,0,0,0,17.14,0,0,0,0,0,0,0,0,24.29,0,0,7.14,17.14,0,0,0,0,0,0,0,0,0,0,0,2.86,11.43,0,2.86,0,0,0,0,10,2.86,0,1.43,2.86,0,0,0,0,8.57,7.14,0,0,0,0,0,0,24.29,4.29,12.86,1.43,0,2.86,2.86,0
2569,buyer,1,19,12.74,14.81,99,20.23,19,10.53,100,78.95,57.89,26.32,21.05,10.53,0,10.53,0,0,5.26,21.05,5.26,0,5.26,5.26,0,5.26,5.26,21.05,5.26,0,0,0,0,0,36.84,0,36.84,21.05,0,5.26,0,0,10.53,0,10.53,5.26,5.26,0,0,0,0,0,0,0,21.05,10.53,0,5.26,0,0,10.53,10.53,0,0,0,0,0,0,0,0,10.53,0,0,10.53,0,0,0,0,0,0,0,0,0,0,0,5.26,5.26,0,0,0,0,0,0,0,0,0,0,0,0,0,0,0,0,0,0,0,0,0,0,0,0,0,0,0,0,0,0,0,0
2569,buyer,1,25,7.03,7.28,99,1,25,12,100,88,64,28,20,12,0,8,0,0,8,20,4,0,8,12,0,4,4,24,8,0,0,0,0,0,36,4,28,16,0,4,0,0,8,0,4,0,4,0,0,0,0,0,0,0,12,4,0,0,0,0,4,8,0,0,0,0,0,0,0,0,8,0,0,8,0,0,0,0,0,0,0,0,0,0,0,4,4,0,0,0,0,0,0,0,4,0,0,0,0,0,0,0,0,0,4,0,4,0,4,0,0,0,0,0,0,0,0,0,0
2569,buyer,1,26,8.56,1,98.89,20.23,13,7.69,100,92.31,69.23,26.92,15.38,11.54,0,3.85,0,0,11.54,15.38,3.85,0,11.54,15.38,0,3.85,3.85,26.92,7.69,0,0,0,0,0,26.92,3.85,15.38,7.69,0,0,0,0,7.69,0,7.69,3.85,3.85,0,0,0,0,0,0,0,7.69,3.85,3.85,3.85,0,0,3.85,3.85,0,0,0,0,0,0,0,0,3.85,0,0,3.85,0,0,0,0,0,0,0,0,0,0,0,3.85,0,3.85,0,0,0,0,0,0,3.85,3.85,0,0,3.85,0,0,0,0,0,7.69,0,3.85,0,3.85,0,0,3.85,3.85,0,0,0,0,0,0
2569,buyer,1,17,16.49,40.06,46.57,99,8.5,5.88,100,88.24,64.71,29.41,17.65,11.76,0,5.88,0,0,11.76,5.88,0,0,17.65,17.65,0,0,0,29.41,5.88,0,0,0,0,0,17.65,5.88,0,0,0,0,0,0,0,0,11.76,11.76,0,0,0,0,0,0,0,0,11.76,5.88,5.88,5.88,0,0,5.88,5.88,0,0,0,0,0,0,0,0,5.88,0,0,5.88,0,0,0,0,0,0,0,0,0,0,0,0,0,11.76,0,0,0,0,0,0,5.88,5.88,0,0,5.88,0,0,0,0,0,11.76,0,5.88,0,5.88,0,0,5.88,5.88,0,0,0,0,0,0
2569,seller,1,75,28.63,91.22,98.82,62.2,12.5,16,96,72,60,21.33,18.67,8,1.33,9.33,0,0,2.67,17.33,9.33,0,9.33,12,4,5.33,0,20,2.67,1.33,4,2.67,0,1.33,32,1.33,20,14.67,2.67,1.33,2.67,0,2.67,0,5.33,4,1.33,1.33,1.33,0,0,0,0,0,17.33,6.67,2.67,2.67,0,0,4,10.67,0,0,0,0,0,0,0,0,12,0,0,12,2.67,0,0,0,0,0,0,0,0,0,0,0,0,4,0,0,0,0,0,1.33,8,6.67,0,0,6.67,0,0,0,0,6.67,4,1.33,1.33,0,1.33,0,0,10.67,6.67,2.67,1.33,0,0,0,0
2569,seller,1,87,34.44,99,98.3,74.09,12.43,16.09,96.55,74.71,60.92,20.69,18.39,5.75,3.45,9.2,0,0,2.3,18.39,9.2,1.15,11.49,11.49,3.45,6.9,0,21.84,2.3,2.3,4.6,3.45,0,1.15,32.18,1.15,17.24,13.79,1.15,0,2.3,0,2.3,0,5.75,4.6,1.15,2.3,2.3,0,0,0,0,0,18.39,5.75,3.45,2.3,0,0,3.45,12.64,0,0,0,0,0,0,0,0,12.64,0,0,12.64,3.45,0,0,0,0,0,0,0,0,0,0,0,0,5.75,0,0,0,0,0,1.15,8.05,6.9,0,0,6.9,0,0,0,1.15,6.9,3.45,2.3,1.15,0,1.15,0,0,10.34,6.9,2.3,0,1.15,0,0,0
2569,seller,1,82,34.12,96.14,97.82,76.91,16.4,17.07,95.12,67.07,53.66,17.07,17.07,4.88,2.44,7.32,0,2.44,0,17.07,6.1,1.22,10.98,9.76,2.44,7.32,2.44,20.73,2.44,2.44,6.1,2.44,0,3.66,30.49,1.22,18.29,13.41,1.22,0,2.44,0,3.66,0,6.1,4.88,1.22,2.44,2.44,0,0,0,0,0,23.17,8.54,6.1,4.88,0,0,3.66,14.63,0,0,0,0,0,0,0,0,19.51,0,0,12.2,9.76,0,0,0,0,0,0,0,0,0,0,0,0,9.76,0,0,0,0,0,1.22,9.76,6.1,0,0,6.1,0,0,0,1.22,3.66,3.66,2.44,0,0,0,0,0,13.41,4.88,4.88,0,1.22,1.22,1.22,0
2572,buyer,1,97,40.94,2.55,84.49,4.31,32.33,19.59,88.66,75.26,59.79,17.53,10.31,8.25,1.03,1.03,0,0,7.22,16.49,11.34,0,13.4,11.34,2.06,9.28,4.12,22.68,4.12,1.03,4.12,1.03,1.03,3.09,28.87,2.06,13.4,2.06,2.06,2.06,1.03,1.03,6.19,0,4.12,1.03,3.09,0,0,0,0,0,0,0,10.31,5.15,0,1.03,0,3.09,1.03,5.15,2.06,0,0,0,0,0,0,0,6.19,0,0,1.03,5.15,0,0,0,0,0,0,0,0,0,0,1.03,0,4.12,0,0,0,0,0,0,4.12,5.15,0,2.06,3.09,0,1.03,0,4.12,12.37,5.15,1.03,0,0,0,0,0,12.37,3.09,2.06,0,0,7.22,0,0
2572,buyer,1,100,48.67,5.42,81.21,4.56,20,18,89,77,60,16,10,8,1,1,0,0,6,17,12,0,13,13,2,8,3,24,4,3,4,1,2,2,28,2,13,3,2,2,1,1,5,0,4,1,3,0,0,0,0,0,0,0,9,4,0,0,0,3,1,5,2,0,0,0,0,0,0,0,8,0,0,1,7,0,0,0,0,0,0,0,0,0,0,0,0,5,0,0,0,0,0,0,4,5,0,2,3,0,1,0,4,11,5,2,0,0,0,0,0,12,3,2,1,0,6,0,0
2572,buyer,1,87,22.7,1,75.03,9.24,14.5,24.14,93.1,79.31,62.07,18.39,12.64,10.34,0,2.3,0,0,5.75,16.09,8.05,0,12.64,14.94,2.3,9.2,2.3,22.99,6.9,3.45,3.45,0,1.15,2.3,29.89,1.15,20.69,5.75,1.15,3.45,4.6,1.15,6.9,0,3.45,1.15,2.3,0,0,0,0,0,0,0,8.05,4.6,1.15,1.15,0,3.45,0,3.45,0,0,0,0,0,0,0,0,8.05,0,0,2.3,5.75,0,0,0,0,0,0,0,0,0,0,0,0,4.6,0,1.15,0,0,0,0,5.75,2.3,0,1.15,1.15,0,0,0,0,3.45,3.45,4.6,0,0,0,0,0,14.94,3.45,2.3,2.3,0,6.9,0,0
2572,buyer,1,62,32.41,16.34,17.19,44.38,15.5,17.74,95.16,80.65,64.52,24.19,14.52,11.29,0,3.23,0,0,9.68,17.74,8.06,0,14.52,16.13,1.61,3.23,0,20.97,6.45,3.23,3.23,0,1.61,1.61,20.97,0,16.13,4.84,0,4.84,6.45,0,1.61,0,1.61,1.61,0,0,0,0,0,0,0,0,8.06,3.23,1.61,1.61,0,0,0,4.84,0,0,0,0,0,0,0,0,11.29,0,0,4.84,6.45,0,0,0,0,0,0,0,0,0,0,0,0,3.23,0,1.61,0,0,0,0,8.06,1.61,0,0,0,0,1.61,0,0,0,3.23,4.84,1.61,0,1.61,0,0,12.9,1.61,3.23,3.23,0,4.84,0,0
2572,buyer,1,46,14.64,28.14,17.84,84.9,15.33,19.57,93.48,76.09,60.87,26.09,15.22,10.87,0,4.35,0,0,10.87,15.22,4.35,0,13.04,15.22,2.17,4.35,0,19.57,8.7,0,2.17,0,0,2.17,21.74,0,17.39,4.35,0,4.35,8.7,0,2.17,0,4.35,4.35,0,0,0,0,0,0,0,0,10.87,4.35,2.17,2.17,0,0,0,6.52,0,0,0,0,0,0,0,0,8.7,0,0,6.52,2.17,0,0,0,0,0,0,0,0,0,0,0,0,4.35,0,2.17,0,0,0,0,8.7,2.17,0,0,0,0,2.17,0,0,0,2.17,4.35,2.17,0,2.17,0,0,15.22,2.17,4.35,2.17,0,6.52,0,0
2572,seller,1,128,28.08,87.7,23.08,56.84,12.8,21.09,84.38,67.97,58.59,17.97,13.28,2.34,4.69,6.25,0,0,4.69,14.06,10.16,0,8.59,10.94,3.91,6.25,3.91,15.63,3.91,1.56,5.47,4.69,0,0.78,23.44,0.78,14.84,2.34,0,1.56,3.91,0.78,7.03,0,3.91,3.13,0.78,2.34,1.56,0.78,0,0,0,0,21.09,9.38,3.91,3.13,0,0,5.47,11.72,0,0,0,0,0,0,0,0,7.03,0,0,0.78,6.25,0,0,0,0,0,0,0,0,0,0,0,0,1.56,0,0,0,0,0,0,1.56,3.13,0,0.78,2.34,0,0,0.78,0.78,3.91,5.47,0.78,0,0,0,0,0,11.72,6.25,1.56,0.78,0.78,2.34,0,0
2572,seller,1,118,31.6,60.23,30.14,45.75,13.11,21.19,86.44,69.49,58.47,16.1,11.02,2.54,4.24,4.24,0,0,5.08,14.41,10.17,0,9.32,11.86,4.24,5.93,4.24,15.25,5.08,3.39,5.08,4.24,0,0.85,23.73,1.69,15.25,1.69,0,1.69,4.24,0.85,7.63,0,3.39,2.54,0.85,2.54,1.69,0.85,0,0,0,0,16.95,7.63,2.54,1.69,0,0,4.24,9.32,0,0,0,0,0,0,0,0,8.47,0,0,0.85,7.63,0,0,0,0,0,0,0,0,0,0,0,0,1.69,0,0.85,0,0,0,0,2.54,4.24,0,0.85,3.39,0,0,0.85,0.85,3.39,4.24,0.85,0.85,0,0.85,0,0,12.71,7.63,2.54,0,0,2.54,0,0
2572,seller,1,97,19.64,90.32,38.39,68.9,16.17,21.65,92.78,71.13,61.86,18.56,13.4,3.09,4.12,6.19,0,0,5.15,14.43,9.28,0,10.31,12.37,5.15,9.28,2.06,14.43,4.12,3.09,5.15,4.12,0,1.03,28.87,2.06,20.62,4.12,0,4.12,6.19,1.03,6.19,0,5.15,4.12,1.03,4.12,3.09,1.03,0,0,0,0,19.59,8.25,3.09,1.03,0,0,3.09,11.34,0,0,0,0,0,0,0,0,9.28,0,0,2.06,7.22,0,0,0,0,0,0,0,0,0,0,0,0,2.06,0,1.03,0,0,0,0,5.15,5.15,0,1.03,4.12,0,0,1.03,2.06,3.09,4.12,1.03,2.06,0,2.06,0,0,14.43,5.15,5.15,0,1.03,3.09,0,0
2572,seller,1,52,17.58,99,11.63,79.29,17.33,23.08,90.38,59.62,48.08,15.38,11.54,0,3.85,3.85,0,3.85,3.85,13.46,3.85,0,7.69,11.54,3.85,9.62,0,15.38,1.92,3.85,7.69,3.85,0,3.85,30.77,3.85,19.23,9.62,0,5.77,1.92,0,1.92,0,3.85,3.85,0,1.92,1.92,0,0,0,0,0,21.15,5.77,5.77,3.85,0,0,0,15.38,0,0,0,0,0,0,0,0,23.08,0,0,5.77,17.31,0,0,0,0,0,0,0,0,0,0,0,0,9.62,0,1.92,0,0,0,0,11.54,1.92,0,0,1.92,0,0,0,3.85,3.85,3.85,0,3.85,0,3.85,0,0,21.15,3.85,13.46,0,1.92,0,1.92,0
2573,buyer,1,40,32.63,26.5,15.38,90.5,40,12.5,87.5,75,65,15,5,2.5,0,2.5,0,0,10,17.5,12.5,0,10,17.5,2.5,10,0,22.5,5,0,0,0,0,0,35,0,17.5,2.5,5,5,0,0,5,0,10,7.5,2.5,5,5,0,0,0,0,0,10,7.5,0,2.5,0,0,7.5,2.5,0,0,0,0,0,0,0,0,5,0,0,2.5,2.5,0,0,0,0,0,0,0,0,0,0,0,0,0,0,0,0,0,0,0,0,0,0,0,0,0,0,0,7.5,12.5,5,0,0,0,0,0,0,2.5,0,2.5,0,0,0,0,0
2573,buyer,1,48,16.96,11.66,54.55,4.22,48,8.33,87.5,79.17,64.58,18.75,6.25,4.17,0,2.08,0,0,12.5,16.67,10.42,0,8.33,16.67,2.08,10.42,0,25,4.17,2.08,0,0,0,0,33.33,0,14.58,2.08,6.25,0,2.08,0,6.25,0,2.08,0,2.08,0,0,0,0,0,0,0,8.33,6.25,0,0,0,0,6.25,2.08,0,0,0,0,0,0,0,0,6.25,0,0,2.08,4.17,0,0,0,0,0,0,0,0,0,0,0,0,0,0,0,0,0,0,0,2.08,0,0,0,0,0,0,0,6.25,14.58,4.17,2.08,0,0,0,0,0,2.08,0,2.08,0,0,0,0,0
2573,buyer,1,44,4.73,10.07,95.15,20.23,44,9.09,88.64,79.55,65.91,20.45,11.36,6.82,0,4.55,0,0,9.09,15.91,9.09,0,6.82,13.64,4.55,15.91,0,22.73,2.27,2.27,0,0,0,0,36.36,0,20.45,4.55,6.82,0,6.82,0,9.09,0,4.55,2.27,2.27,0,0,0,0,0,0,0,9.09,4.55,0,0,0,0,4.55,4.55,0,0,0,0,0,0,0,0,9.09,0,0,4.55,4.55,0,0,0,0,0,0,0,0,0,0,0,0,0,0,0,0,0,0,0,2.27,0,0,0,0,0,0,0,6.82,11.36,2.27,4.55,0,0,0,0,0,2.27,0,2.27,0,0,0,0,0
2573,buyer,1,53,9.37,20.62,87.76,20.23,53,15.09,86.79,60.38,47.17,16.98,13.21,5.66,0,3.77,0,3.77,3.77,13.21,5.66,0,3.77,9.43,1.89,11.32,3.77,16.98,3.77,3.77,3.77,0,0,3.77,26.42,0,18.87,7.55,1.89,0,5.66,0,9.43,0,3.77,1.89,1.89,0,0,0,0,0,0,0,16.98,5.66,3.77,3.77,0,0,1.89,11.32,0,0,0,0,0,0,0,0,22.64,0,0,7.55,15.09,0,0,0,0,0,0,0,0,0,0,0,0,7.55,0,1.89,0,0,0,0,7.55,1.89,0,0,1.89,0,0,0,0,7.55,1.89,3.77,0,0,0,0,0,15.09,1.89,7.55,0,0,3.77,1.89,0
2573,seller,1,48,10.19,18.97,80.79,4.22,8,10.42,85.42,77.08,62.5,20.83,12.5,6.25,0,6.25,0,0,8.33,14.58,10.42,0,6.25,14.58,6.25,2.08,6.25,25,4.17,0,0,0,0,0,29.17,4.17,8.33,0,2.08,2.08,2.08,0,4.17,0,2.08,0,2.08,0,0,0,0,0,0,0,14.58,8.33,0,0,0,2.08,4.17,6.25,0,0,0,0,0,0,0,0,4.17,0,0,2.08,2.08,0,0,0,0,0,0,0,0,0,0,0,0,0,0,0,0,0,0,0,10.42,6.25,0,2.08,4.17,2.08,0,0,8.33,8.33,10.42,2.08,0,0,0,0,0,12.5,12.5,0,0,0,0,0,0
2573,seller,1,38,17.38,25.84,97.49,,7.6,7.89,81.58,73.68,60.53,18.42,10.53,5.26,0,5.26,0,0,7.89,15.79,13.16,0,5.26,13.16,7.89,2.63,5.26,21.05,2.63,2.63,0,0,0,0,26.32,5.26,5.26,0,2.63,0,2.63,0,2.63,0,0,0,0,0,0,0,0,0,0,0,7.89,2.63,0,0,0,0,2.63,5.26,0,0,0,0,0,0,0,0,5.26,0,0,0,5.26,0,0,0,0,0,0,0,0,0,0,0,0,0,0,0,0,0,0,0,10.53,10.53,0,2.63,7.89,2.63,0,0,10.53,10.53,2.63,5.26,0,0,0,0,0,10.53,10.53,0,0,0,0,0,0
2573,seller,1,20,15.41,1,89.39,,6.67,10,80,75,65,15,10,10,0,0,0,0,5,15,15,0,5,20,10,0,5,25,0,5,0,0,0,0,30,5,5,0,5,0,0,0,0,0,0,0,0,0,0,0,0,0,0,0,0,0,0,0,0,0,0,0,0,0,0,0,0,0,0,0,10,0,0,0,10,0,0,0,0,0,0,0,0,0,0,0,0,0,0,0,0,0,0,0,5,5,0,0,5,0,0,0,10,10,5,10,0,0,0,0,0,10,10,0,0,0,0,0,0
2573,seller,1,11,45.12,1,95.15,99,11,0,90.91,63.64,54.55,18.18,18.18,18.18,0,0,0,0,0,9.09,9.09,0,9.09,18.18,0,0,0,18.18,0,9.09,0,0,0,0,18.18,0,0,0,0,0,0,0,0,0,9.09,9.09,0,0,0,0,0,0,0,0,0,0,0,0,0,0,0,0,0,0,0,0,0,0,0,0,27.27,0,0,9.09,18.18,0,0,0,0,0,0,0,0,0,0,0,0,9.09,0,0,0,0,0,0,0,9.09,0,0,9.09,0,0,0,0,0,0,18.18,0,0,0,0,0,0,0,0,0,0,0,0,0
2574,buyer,1,24,1.39,6.61,89.39,99,12,25,87.5,58.33,54.17,25,20.83,16.67,0,4.17,0,0,4.17,8.33,0,0,4.17,8.33,8.33,8.33,0,12.5,0,0,0,0,0,0,25,0,20.83,4.17,4.17,8.33,0,4.17,0,0,20.83,20.83,0,12.5,12.5,0,0,0,0,0,20.83,16.67,4.17,8.33,0,0,4.17,4.17,0,0,0,0,0,0,0,0,4.17,0,0,0,4.17,0,0,0,0,0,0,0,0,0,0,0,0,4.17,0,4.17,0,0,0,0,0,4.17,0,4.17,0,0,0,0,8.33,8.33,0,0,0,0,0,0,0,20.83,8.33,4.17,0,0,0,8.33,0
2574,buyer,1,29,1,78.45,67.94,99,7.25,13.79,93.1,68.97,55.17,31.03,24.14,13.79,0,10.34,0,0,6.9,10.34,0,0,3.45,6.9,6.9,6.9,0,17.24,3.45,0,3.45,3.45,0,0,27.59,0,27.59,10.34,3.45,6.9,0,6.9,0,0,24.14,24.14,0,13.79,13.79,0,0,0,0,0,27.59,17.24,13.79,3.45,0,0,6.9,10.34,0,0,0,0,0,0,0,0,3.45,0,0,0,3.45,0,0,0,0,0,0,0,0,0,0,0,0,0,0,3.45,0,0,0,0,3.45,6.9,0,3.45,0,0,3.45,0,0,3.45,0,0,0,0,0,0,0,20.69,13.79,0,0,0,0,6.9,0
2574,buyer,1,46,2.08,65.68,74.45,99,11.5,19.57,93.48,56.52,43.48,21.74,19.57,8.7,0,6.52,0,4.35,2.17,10.87,0,0,2.17,8.7,4.35,6.52,4.35,17.39,4.35,2.17,6.52,2.17,0,4.35,28.26,0,26.09,10.87,2.17,4.35,0,4.35,4.35,0,15.22,15.22,0,8.7,8.7,0,0,0,0,0,30.43,15.22,13.04,6.52,0,0,4.35,15.22,0,0,0,0,0,0,0,0,19.57,0,0,4.35,15.22,0,0,0,0,0,0,0,0,0,0,0,0,8.7,0,4.35,0,0,0,0,8.7,4.35,0,0,2.17,0,2.17,0,0,4.35,2.17,0,0,0,0,0,0,23.91,8.7,8.7,0,0,4.35,2.17,0
2574,seller,1,61,16.31,99,11.41,6.23,10.17,6.56,91.8,77.05,65.57,22.95,16.39,4.92,1.64,9.84,0,0,6.56,14.75,6.56,0,13.11,11.48,8.2,6.56,0,13.11,9.84,3.28,1.64,1.64,0,0,21.31,0,14.75,4.92,1.64,8.2,1.64,0,0,0,4.92,1.64,3.28,3.28,1.64,1.64,0,0,0,0,18.03,6.56,1.64,0,0,1.64,1.64,11.48,0,0,0,0,0,0,0,0,8.2,0,0,3.28,4.92,0,0,0,0,0,0,0,0,0,0,0,1.64,0,0,1.64,0,0,0,0,6.56,8.2,0,0,6.56,0,1.64,0,3.28,0,8.2,3.28,1.64,0,1.64,0,0,9.84,6.56,0,3.28,0,0,0,0
2574,seller,1,57,10.19,99,14.46,46.76,9.5,8.77,92.98,75.44,64.91,24.56,19.3,5.26,1.75,12.28,0,0,5.26,15.79,5.26,0,12.28,10.53,8.77,7.02,0,12.28,8.77,3.51,3.51,3.51,0,0,21.05,0,15.79,5.26,1.75,8.77,1.75,0,0,0,5.26,3.51,1.75,3.51,1.75,1.75,0,0,0,0,21.05,7.02,1.75,1.75,0,0,1.75,14.04,0,0,0,0,0,0,0,0,8.77,0,0,3.51,5.26,0,0,0,0,0,0,0,0,0,0,0,1.75,0,0,1.75,0,0,0,0,7.02,8.77,0,0,7.02,0,1.75,0,3.51,0,7.02,3.51,1.75,0,1.75,0,0,10.53,8.77,0,1.75,0,0,0,0
2574,seller,1,43,5.88,99,22.48,87.73,10.75,6.98,93.02,67.44,60.47,25.58,20.93,4.65,2.33,13.95,0,0,4.65,16.28,4.65,0,9.3,6.98,9.3,9.3,0,6.98,6.98,4.65,4.65,4.65,0,0,18.6,0,13.95,4.65,0,9.3,2.33,0,0,0,9.3,6.98,2.33,4.65,2.33,2.33,0,0,0,0,23.26,6.98,0,2.33,0,0,2.33,16.28,0,0,0,0,0,0,0,0,13.95,0,0,6.98,6.98,0,0,0,0,0,0,0,0,0,0,0,2.33,2.33,0,2.33,0,0,0,0,4.65,9.3,0,0,9.3,0,0,0,4.65,0,6.98,4.65,0,0,0,0,0,6.98,6.98,0,0,0,0,0,0
2575,buyer,1,23,60.52,1.4,92.58,99,4.6,8.7,95.65,52.17,39.13,13.04,13.04,13.04,0,0,0,0,0,17.39,13.04,4.35,0,13.04,0,0,0,17.39,8.7,4.35,0,0,0,0,8.7,0,4.35,0,0,4.35,0,0,0,0,26.09,21.74,4.35,0,0,0,0,0,0,0,39.13,39.13,8.7,30.43,0,4.35,8.7,0,0,0,0,0,0,0,0,0,4.35,0,0,0,4.35,0,0,0,0,0,0,0,0,0,0,0,0,4.35,0,0,0,0,0,0,8.7,0,0,0,0,0,0,0,17.39,4.35,4.35,0,4.35,0,4.35,0,0,26.09,8.7,8.7,4.35,4.35,0,0,0
2575,buyer,1,13,74.95,7.93,99,99,6.5,15.38,100,38.46,23.08,7.69,7.69,7.69,0,0,0,0,0,15.38,7.69,15.38,0,7.69,0,0,0,15.38,7.69,7.69,0,0,0,0,0,0,0,0,0,0,0,0,0,0,30.77,30.77,0,0,0,0,0,0,0,0,53.85,53.85,7.69,38.46,0,0,15.38,0,0,0,0,0,0,0,0,0,0,0,0,0,0,0,0,0,0,0,0,0,0,0,0,0,0,0,0,0,0,0,0,0,7.69,0,0,0,0,0,0,0,30.77,0,0,0,7.69,0,7.69,0,0,15.38,7.69,7.69,0,0,0,0,0
2575,buyer,1,10,69.05,3.95,7.03,,10,30,100,30,20,10,10,10,0,0,0,0,0,10,0,30,0,0,0,0,0,10,10,10,0,0,0,0,0,0,0,0,0,0,0,0,0,0,0,0,0,0,0,0,0,0,0,0,40,40,10,10,0,0,30,0,0,0,0,0,0,0,0,0,0,0,0,0,0,0,0,0,0,0,0,0,0,0,0,0,0,0,0,0,0,0,0,0,0,0,0,0,0,0,0,0,0,0,0,0,0,0,0,0,0,0,0,0,0,0,0,0,0
2575,seller,1,45,33.38,86.16,19.26,99,11.25,11.11,82.22,64.44,53.33,15.56,6.67,0,2.22,4.44,0,0,8.89,26.67,11.11,2.22,4.44,13.33,4.44,2.22,2.22,20,4.44,4.44,2.22,2.22,0,0,24.44,2.22,11.11,0,0,0,8.89,2.22,2.22,0,11.11,11.11,0,0,0,0,0,0,0,0,17.78,11.11,0,11.11,0,0,2.22,6.67,0,0,0,0,0,0,0,0,6.67,0,0,0,6.67,0,0,0,0,0,0,0,0,0,0,0,0,0,0,0,0,0,0,0,4.44,4.44,2.22,0,0,4.44,0,0,11.11,0,6.67,6.67,0,0,0,0,0,20,6.67,6.67,0,2.22,4.44,0,0
2575,seller,1,8,62.1,,99,99,4,12.5,100,25,25,0,0,0,0,0,0,0,0,12.5,12.5,12.5,0,25,0,0,0,25,0,0,0,0,0,0,0,0,0,0,0,0,0,0,0,0,50,50,0,0,0,0,0,0,0,0,62.5,62.5,0,50,0,0,12.5,0,0,0,0,0,0,0,0,0,0,0,0,0,0,0,0,0,0,0,0,0,0,0,0,0,0,0,0,0,0,0,0,0,0,0,0,0,0,0,0,0,50,0,0,25,0,0,0,0,0,12.5,12.5,0,0,0,0,0,0
2575,seller,1,7,56.86,1,99,,3.5,14.29,100,57.14,42.86,14.29,14.29,14.29,0,0,0,0,0,0,0,14.29,14.29,14.29,0,0,0,28.57,0,0,0,0,0,0,0,0,0,0,0,0,0,0,0,0,0,0,0,0,0,0,0,0,0,0,14.29,14.29,0,0,0,0,14.29,0,0,0,0,0,0,0,0,0,0,0,0,0,0,0,0,0,0,0,0,0,0,0,0,0,0,0,0,0,0,0,0,0,0,28.57,0,14.29,14.29,0,0,0,0,0,0,28.57,0,0,0,0,0,28.57,28.57,0,0,0,0,0,0
2576,buyer,1,74,7.95,1,36.48,62.77,12.33,13.51,94.59,81.08,66.22,24.32,12.16,10.81,0,1.35,0,0,12.16,16.22,9.46,0,6.76,14.86,4.05,5.41,2.7,21.62,4.05,4.05,0,0,0,0,32.43,1.35,18.92,1.35,2.7,8.11,2.7,1.35,5.41,0,5.41,4.05,1.35,2.7,2.7,0,0,0,0,0,2.7,1.35,0,0,0,0,1.35,1.35,0,0,0,0,0,0,0,0,9.46,0,0,1.35,8.11,0,0,0,0,0,0,0,0,0,0,0,0,9.46,0,1.35,0,0,0,0,5.41,2.7,0,0,2.7,0,0,0,4.05,10.81,1.35,1.35,1.35,0,1.35,0,0,14.86,8.11,6.76,0,0,0,0,0
2576,buyer,1,74,6.56,7.05,65.19,7.88,12.33,10.81,95.95,86.49,66.22,24.32,14.86,10.81,0,4.05,0,0,9.46,14.86,8.11,0,8.11,14.86,5.41,6.76,1.35,24.32,5.41,4.05,0,0,0,0,32.43,2.7,20.27,4.05,2.7,8.11,2.7,1.35,4.05,0,4.05,1.35,2.7,0,0,0,0,0,0,0,5.41,1.35,0,0,0,0,1.35,4.05,0,0,0,0,0,0,0,0,9.46,0,0,4.05,5.41,0,0,0,0,0,0,0,0,0,0,0,0,9.46,0,1.35,0,0,0,0,9.46,5.41,0,0,5.41,0,0,0,4.05,8.11,4.05,1.35,2.7,0,2.7,0,0,14.86,6.76,6.76,1.35,0,0,0,0
2576,buyer,1,69,10.19,2.33,82.12,20.23,13.8,11.59,95.65,85.51,63.77,21.74,15.94,13.04,0,2.9,0,0,5.8,14.49,4.35,0,14.49,13.04,5.8,7.25,4.35,24.64,4.35,4.35,0,0,0,0,30.43,2.9,21.74,5.8,0,8.7,4.35,0,2.9,0,2.9,1.45,1.45,0,0,0,0,0,0,0,5.8,0,0,0,0,0,0,5.8,0,0,0,0,0,0,0,0,10.14,0,0,2.9,7.25,0,0,0,0,0,0,0,0,0,0,0,2.9,4.35,0,1.45,0,0,0,0,10.14,10.14,0,1.45,7.25,0,0,1.45,1.45,1.45,7.25,1.45,2.9,0,2.9,0,0,14.49,5.8,2.9,1.45,0,4.35,0,0
2576,buyer,1,75,7.03,7.28,93.95,7.99,15,18.67,92,69.33,53.33,20,16,10.67,0,2.67,0,2.67,4,12,1.33,0,12,10.67,5.33,6.67,6.67,22.67,2.67,1.33,2.67,0,0,2.67,29.33,1.33,21.33,8,0,5.33,2.67,0,4,0,1.33,0,1.33,0,0,0,0,0,0,0,13.33,2.67,2.67,2.67,0,0,0,10.67,0,0,0,0,0,0,0,0,17.33,0,0,5.33,12,0,0,0,0,0,0,0,0,0,0,0,2.67,8,0,1.33,0,0,0,0,9.33,9.33,0,1.33,6.67,0,0,1.33,1.33,4,8,1.33,1.33,0,1.33,0,0,20,5.33,5.33,1.33,0,6.67,1.33,0
2576,buyer,1,60,4.95,1.24,93.95,45.29,15,21.67,90,61.67,48.33,18.33,13.33,10,0,0,0,3.33,5,11.67,0,0,10,10,5,6.67,8.33,21.67,1.67,1.67,3.33,0,0,3.33,28.33,0,20,6.67,0,3.33,3.33,0,5,0,1.67,1.67,0,0,0,0,0,0,0,0,13.33,3.33,3.33,3.33,0,0,0,10,0,0,0,0,0,0,0,0,20,0,0,5,15,0,0,0,0,0,0,0,0,0,0,0,3.33,8.33,0,1.67,0,0,0,0,6.67,8.33,0,1.67,5,0,0,1.67,1.67,5,6.67,1.67,0,0,0,0,0,21.67,5,6.67,0,0,8.33,1.67,0
2576,seller,1,43,14.99,53.95,22.48,,21.5,11.63,88.37,81.4,62.79,20.93,9.3,4.65,2.33,2.33,0,0,11.63,13.95,9.3,0,9.3,18.6,4.65,4.65,0,27.91,2.33,4.65,2.33,2.33,0,0,34.88,0,20.93,9.3,2.33,6.98,4.65,0,2.33,0,0,0,0,0,0,0,0,0,0,0,6.98,2.33,0,0,0,0,0,4.65,0,0,0,0,2.33,0,0,2.33,6.98,0,0,2.33,4.65,0,0,0,0,0,0,0,0,0,0,0,0,2.33,0,2.33,0,0,0,0,2.33,4.65,0,0,4.65,0,0,0,0,9.3,6.98,0,2.33,0,2.33,0,0,16.28,0,4.65,4.65,0,2.33,4.65,0
2576,seller,1,50,2.72,94.01,49.13,50.98,16.67,18,96,82,64,26,14,4,6,4,0,0,12,14,6,0,10,16,6,8,2,26,2,4,8,6,0,2,34,2,24,10,0,8,6,0,4,0,2,2,0,0,0,0,0,0,0,0,14,2,0,0,0,0,0,12,0,0,0,0,0,0,0,0,10,0,0,4,8,0,0,0,0,0,0,0,0,0,0,0,0,2,0,2,0,0,0,0,2,6,0,0,6,0,0,0,2,2,10,2,2,0,2,0,0,18,0,6,4,0,4,4,0
2576,seller,1,64,3.43,98.18,75.23,69.4,32,20.31,95.31,82.81,65.63,28.13,17.19,4.69,7.81,4.69,0,0,10.94,15.63,6.25,0,10.94,12.5,6.25,9.38,1.56,23.44,1.56,1.56,10.94,7.81,0,3.13,32.81,3.13,23.44,10.94,0,6.25,4.69,0,4.69,0,3.13,3.13,0,0,0,0,0,0,0,0,17.19,3.13,1.56,1.56,0,0,0,14.06,0,0,0,0,0,0,0,0,6.25,0,0,3.13,4.69,0,0,0,0,0,0,0,0,0,0,1.56,0,1.56,0,0,0,0,0,0,3.13,6.25,0,0,6.25,0,0,0,1.56,1.56,7.81,1.56,3.13,0,3.13,0,0,12.5,0,6.25,1.56,0,3.13,1.56,0
2576,seller,1,46,6.11,99,74.45,53.96,46,23.91,95.65,76.09,63.04,28.26,17.39,4.35,8.7,4.35,0,0,10.87,17.39,6.52,0,10.87,8.7,6.52,8.7,2.17,17.39,2.17,0,15.22,8.7,0,6.52,26.09,4.35,19.57,10.87,0,4.35,2.17,0,4.35,0,6.52,4.35,2.17,0,0,0,0,0,0,0,19.57,4.35,2.17,2.17,2.17,0,0,15.22,0,0,0,0,0,0,0,0,6.52,0,0,4.35,4.35,0,0,0,0,0,0,0,0,0,0,2.17,0,0,0,0,0,0,0,0,2.17,4.35,0,0,4.35,0,0,0,2.17,0,4.35,2.17,2.17,0,2.17,0,0,6.52,0,4.35,0,0,2.17,0,0
2576,seller,1,41,16.76,97.41,59.99,20.23,41,29.27,87.8,53.66,39.02,17.07,14.63,2.44,4.88,2.44,0,4.88,2.44,12.2,2.44,0,4.88,7.32,2.44,7.32,2.44,17.07,2.44,2.44,14.63,4.88,0,9.76,24.39,2.44,17.07,9.76,0,2.44,0,0,4.88,0,4.88,2.44,2.44,0,0,0,0,0,0,0,26.83,9.76,7.32,7.32,2.44,0,0,17.07,0,0,0,0,0,0,0,0,21.95,0,0,7.32,14.63,0,0,0,0,0,0,0,0,0,0,2.44,0,9.76,0,2.44,0,0,0,0,9.76,4.88,0,0,4.88,0,0,0,0,4.88,2.44,0,2.44,0,2.44,0,0,19.51,2.44,12.2,0,0,2.44,2.44,0
2577,buyer,1,41,27.64,1,87.24,,10.25,17.07,82.93,70.73,56.1,19.51,12.2,12.2,0,0,0,0,7.32,19.51,12.2,0,4.88,9.76,4.88,7.32,0,21.95,0,2.44,0,0,0,0,31.71,4.88,12.2,4.88,0,2.44,4.88,0,4.88,2.44,0,0,0,0,0,0,0,0,0,0,4.88,4.88,0,0,0,0,4.88,0,0,0,0,0,0,0,0,0,4.88,0,0,0,4.88,0,0,0,0,0,0,0,0,0,0,0,0,4.88,0,0,0,0,0,2.44,4.88,4.88,0,2.44,2.44,0,0,0,0,19.51,0,0,2.44,2.44,0,0,0,7.32,4.88,0,2.44,0,0,0,0
2577,buyer,1,42,13.76,2.06,99,3.2,14,19.05,85.71,73.81,59.52,23.81,9.52,9.52,0,0,0,0,14.29,16.67,9.52,0,7.14,9.52,7.14,7.14,0,23.81,0,2.38,0,0,0,0,35.71,4.76,11.9,4.76,4.76,0,2.38,0,2.38,2.38,2.38,0,2.38,2.38,0,2.38,0,0,0,0,4.76,4.76,0,0,2.38,0,4.76,0,0,0,0,0,0,0,0,0,2.38,0,0,0,2.38,0,0,0,0,0,0,0,0,0,0,0,0,2.38,0,0,0,0,0,0,2.38,7.14,0,2.38,4.76,0,0,0,7.14,26.19,2.38,0,0,0,0,0,0,7.14,7.14,0,0,0,0,0,0
2577,buyer,1,40,15.41,1,99,2.86,13.33,17.5,92.5,77.5,60,22.5,12.5,12.5,0,0,0,0,10,12.5,10,0,7.5,10,7.5,7.5,0,22.5,5,0,0,0,0,0,30,0,15,7.5,5,0,5,0,2.5,2.5,7.5,2.5,5,7.5,2.5,5,0,0,0,0,5,5,0,0,2.5,0,5,0,0,0,0,0,0,0,0,0,7.5,0,0,2.5,5,0,0,0,0,0,0,0,0,0,0,0,0,5,0,0,0,0,0,0,2.5,5,0,0,5,0,0,0,7.5,17.5,2.5,2.5,0,0,0,0,0,7.5,7.5,0,0,0,0,0,0
2577,buyer,1,39,10.19,1,99,20.23,9.75,12.82,94.87,79.49,61.54,20.51,10.26,10.26,0,0,0,0,10.26,12.82,10.26,0,7.69,15.38,5.13,10.26,0,23.08,10.26,2.56,0,0,0,0,33.33,0,15.38,5.13,5.13,0,7.69,0,5.13,0,10.26,5.13,5.13,7.69,2.56,5.13,0,0,0,0,2.56,2.56,0,0,2.56,0,2.56,0,0,0,0,0,0,0,0,0,10.26,0,0,2.56,7.69,0,0,0,0,0,0,0,0,0,0,0,0,5.13,0,2.56,0,0,0,0,2.56,5.13,0,0,5.13,0,0,0,7.69,12.82,7.69,2.56,0,0,0,0,0,15.38,10.26,2.56,0,0,2.56,0,0
2577,buyer,1,43,24.69,17.05,82.44,56.53,14.33,16.28,90.7,58.14,39.53,11.63,9.3,4.65,0,0,0,4.65,2.33,13.95,6.98,0,2.33,13.95,0,6.98,2.33,20.93,11.63,4.65,4.65,0,0,4.65,27.91,0,13.95,6.98,0,0,4.65,0,6.98,0,6.98,4.65,2.33,4.65,2.33,2.33,0,0,0,0,13.95,4.65,4.65,4.65,0,0,0,9.3,0,0,0,0,0,0,0,0,25.58,0,0,6.98,18.6,0,0,0,0,0,0,0,0,0,0,0,0,11.63,0,4.65,0,0,0,0,6.98,4.65,0,0,4.65,0,0,0,0,6.98,6.98,2.33,0,0,0,0,0,25.58,6.98,11.63,0,0,4.65,2.33,0
2577,seller,1,48,10.19,28.59,15.38,52.41,16,10.42,81.25,77.08,68.75,18.75,2.08,0,0,2.08,0,0,16.67,18.75,14.58,0,4.17,14.58,12.5,2.08,4.17,20.83,2.08,0,0,0,0,0,20.83,2.08,8.33,2.08,2.08,2.08,0,2.08,2.08,0,2.08,2.08,0,0,0,0,0,0,0,0,4.17,2.08,0,0,0,0,2.08,2.08,0,0,0,0,2.08,0,0,2.08,0,0,0,0,0,0,0,0,0,0,0,0,0,0,0,0,0,0,0,0,0,0,0,0,8.33,10.42,0,2.08,8.33,2.08,0,0,0,0,10.42,2.08,0,0,0,0,0,8.33,2.08,4.17,2.08,0,0,0,0
2577,seller,1,81,16.08,2.75,88.34,8.65,20.25,14.81,86.42,72.84,64.2,18.52,7.41,4.94,0,2.47,0,0,11.11,17.28,9.88,0,7.41,11.11,8.64,2.47,6.17,16.05,3.7,0,0,0,0,0,27.16,2.47,17.28,3.7,3.7,1.23,2.47,1.23,6.17,0,6.17,2.47,3.7,2.47,0,2.47,0,1.23,0,0,6.17,3.7,0,0,1.23,1.23,1.23,3.7,0,0,0,0,1.23,0,0,1.23,4.94,0,0,2.47,3.7,0,1.23,0,0,0,0,0,0,0,0,0,0,0,0,0,0,0,0,0,6.17,9.88,0,1.23,7.41,1.23,0,1.23,2.47,2.47,4.94,2.47,0,0,0,0,0,7.41,3.7,3.7,0,0,0,0,0
2577,seller,1,78,12.01,7.93,87.13,20.23,19.5,14.1,92.31,75.64,65.38,19.23,10.26,6.41,0,3.85,0,0,8.97,14.1,7.69,0,8.97,11.54,8.97,3.85,5.13,17.95,3.85,0,1.28,0,0,1.28,30.77,2.56,20.51,5.13,5.13,3.85,2.56,0,5.13,0,10.26,5.13,5.13,6.41,2.56,3.85,0,2.56,0,0,10.26,6.41,1.28,1.28,2.56,1.28,1.28,5.13,0,0,0,0,0,0,0,0,6.41,0,0,3.85,3.85,0,1.28,0,0,0,0,0,0,0,0,0,0,0,0,0,0,0,0,0,6.41,10.26,0,1.28,7.69,1.28,0,1.28,2.56,3.85,5.13,1.28,0,0,0,0,0,6.41,3.85,2.56,0,0,0,0,0
2577,seller,1,55,39.7,1.58,95.15,5.35,18.33,18.18,94.55,70.91,61.82,18.18,12.73,9.09,0,3.64,0,0,5.45,14.55,7.27,0,12.73,9.09,3.64,3.64,5.45,12.73,5.45,0,1.82,0,0,1.82,34.55,1.82,27.27,7.27,7.27,3.64,3.64,0,7.27,0,12.73,5.45,7.27,9.09,3.64,5.45,0,3.64,0,0,10.91,7.27,1.82,1.82,3.64,1.82,0,5.45,0,0,0,0,0,0,0,0,9.09,0,0,5.45,5.45,0,1.82,0,0,0,0,0,0,0,0,0,0,0,0,0,0,0,0,0,1.82,5.45,0,0,3.64,0,0,1.82,3.64,5.45,0,1.82,0,0,0,0,0,5.45,3.64,1.82,0,0,0,0,0
2577,seller,1,20,69.05,69.2,1,99,20,15,95,70,60,15,10,5,0,5,0,0,5,10,10,0,15,10,5,5,0,15,5,0,5,0,0,5,25,0,20,5,5,10,0,0,0,0,20,15,5,15,10,5,0,5,0,0,15,10,5,5,5,0,0,5,0,0,0,0,0,0,0,0,10,0,0,10,0,0,0,0,0,0,0,0,0,0,0,0,0,5,0,0,0,0,0,0,0,0,0,0,0,0,0,0,0,5,0,0,0,0,0,0,0,0,0,0,0,0,0,0,0
2578,buyer,1,67,4.61,57.85,48.48,20.23,33.5,11.94,94.03,80.6,65.67,25.37,20.9,10.45,0,10.45,0,0,4.48,11.94,2.99,0,13.43,10.45,5.97,8.96,4.48,20.9,4.48,1.49,0,0,0,0,25.37,0,16.42,2.99,5.97,4.48,0,0,2.99,0,5.97,2.99,2.99,2.99,1.49,1.49,0,0,0,0,11.94,1.49,1.49,1.49,0,0,1.49,10.45,0,0,0,0,1.49,0,0,1.49,7.46,0,0,1.49,5.97,0,0,0,0,0,0,0,0,0,0,1.49,0,4.48,0,0,0,0,0,0,4.48,2.99,0,0,2.99,0,0,0,2.99,1.49,5.97,5.97,0,0,0,0,0,1.49,1.49,0,0,0,0,0,0
2578,buyer,1,59,5.82,77.93,76.13,20.23,29.5,11.86,94.92,77.97,66.1,23.73,22.03,10.17,0,11.86,0,0,1.69,13.56,1.69,0,16.95,11.86,6.78,8.47,5.08,20.34,3.39,1.69,1.69,0,0,1.69,25.42,1.69,15.25,5.08,5.08,3.39,0,0,1.69,0,6.78,3.39,3.39,3.39,1.69,1.69,0,0,0,0,15.25,3.39,3.39,3.39,0,0,1.69,11.86,0,0,0,0,0,0,0,0,6.78,0,0,3.39,3.39,0,0,0,0,0,0,0,0,0,0,3.39,0,3.39,0,0,0,0,0,0,3.39,5.08,0,0,5.08,0,0,0,3.39,1.69,5.08,10.17,0,0,0,0,0,1.69,1.69,0,0,0,0,0,0
2578,buyer,1,58,20.17,60.57,78.21,20.23,58,15.52,94.83,79.31,67.24,24.14,20.69,8.62,0,10.34,0,0,3.45,17.24,1.72,0,20.69,12.07,1.72,5.17,6.9,18.97,5.17,1.72,1.72,0,0,1.72,25.86,1.72,17.24,1.72,5.17,3.45,0,0,5.17,0,3.45,1.72,1.72,1.72,1.72,0,0,0,0,0,15.52,1.72,1.72,1.72,0,0,0,13.79,0,0,0,0,0,0,0,0,6.9,0,0,3.45,5.17,0,0,0,0,0,0,0,0,0,0,3.45,0,3.45,0,0,0,0,0,0,3.45,8.62,0,1.72,6.9,0,0,0,1.72,1.72,5.17,8.62,0,0,0,0,0,0,0,0,0,0,0,0,0
2578,buyer,1,35,79.45,13.3,97.09,,35,17.14,97.14,74.29,65.71,22.86,20,11.43,0,5.71,0,0,2.86,25.71,8.57,0,22.86,5.71,0,2.86,5.71,11.43,5.71,0,5.71,0,0,5.71,17.14,2.86,11.43,2.86,0,0,0,0,5.71,0,0,0,0,0,0,0,0,0,0,0,17.14,5.71,5.71,5.71,0,0,0,11.43,0,0,0,0,0,0,0,0,11.43,0,0,5.71,8.57,0,0,0,0,0,0,0,0,0,0,5.71,0,2.86,0,0,0,0,0,0,5.71,8.57,0,2.86,5.71,0,0,0,0,0,2.86,8.57,0,0,0,0,0,0,0,0,0,0,0,0,0
2578,buyer,1,27,89.52,20.91,77.17,,27,18.52,96.3,77.78,62.96,18.52,14.81,7.41,0,3.7,0,0,3.7,29.63,11.11,0,18.52,3.7,0,3.7,3.7,11.11,7.41,3.7,3.7,0,0,3.7,18.52,3.7,11.11,0,0,0,0,0,7.41,0,0,0,0,0,0,0,0,0,0,0,14.81,3.7,3.7,3.7,0,0,0,11.11,0,0,0,0,0,0,0,0,11.11,0,0,3.7,11.11,0,0,0,0,0,0,0,0,0,0,0,0,3.7,0,0,0,0,0,0,7.41,7.41,0,3.7,3.7,0,0,0,0,0,3.7,3.7,3.7,0,3.7,0,0,0,0,0,0,0,0,0,0
2578,buyer,1,24,37.3,94.84,68.87,,24,8.33,100,83.33,62.5,16.67,12.5,0,4.17,8.33,0,0,4.17,25,12.5,0,8.33,4.17,0,12.5,8.33,8.33,8.33,4.17,8.33,4.17,0,4.17,20.83,8.33,4.17,0,0,0,4.17,0,4.17,0,0,0,0,0,0,0,0,0,0,0,25,12.5,4.17,4.17,0,0,4.17,12.5,0,0,0,0,0,0,0,0,8.33,0,0,4.17,4.17,0,0,0,0,0,0,0,0,0,0,0,0,4.17,0,0,0,0,0,0,16.67,8.33,0,0,8.33,0,0,0,8.33,0,4.17,0,8.33,0,8.33,0,0,4.17,0,0,0,0,4.17,0,0
2578,buyer,1,21,2.35,67.92,97.09,,21,4.76,100,90.48,66.67,23.81,19.05,4.76,4.76,9.52,0,0,4.76,19.05,4.76,0,9.52,9.52,0,9.52,14.29,14.29,9.52,4.76,4.76,4.76,0,0,28.57,9.52,4.76,0,0,0,4.76,0,4.76,0,0,0,0,0,0,0,0,0,0,0,23.81,9.52,0,0,0,0,4.76,14.29,0,0,0,0,0,0,0,0,4.76,0,0,4.76,0,0,0,0,0,0,0,0,0,0,0,0,0,4.76,0,0,0,0,0,0,19.05,9.52,0,0,9.52,0,0,0,9.52,0,4.76,4.76,9.52,0,9.52,0,0,4.76,0,0,0,0,4.76,0,0
2578,buyer,1,75,7.03,99,35.01,20.23,75,14.67,100,81.33,68,26.67,22.67,5.33,1.33,14.67,0,1.33,4,18.67,5.33,0,14.67,10.67,5.33,6.67,6.67,18.67,5.33,0,4,1.33,1.33,1.33,26.67,1.33,16,2.67,1.33,5.33,2.67,0,5.33,0,8,4,4,1.33,1.33,0,0,0,0,0,26.67,5.33,2.67,1.33,0,0,1.33,21.33,0,0,0,0,0,0,0,0,8,0,0,6.67,4,0,0,0,0,0,0,0,0,0,0,1.33,0,2.67,0,0,0,0,0,0,8,6.67,0,0,5.33,1.33,0,0,2.67,2.67,6.67,1.33,1.33,0,1.33,0,0,5.33,0,0,0,0,5.33,0,0
2578,buyer,1,79,10.77,99,16.07,20.23,79,18.99,97.47,69.62,56.96,22.78,20.25,5.06,0,11.39,0,3.8,2.53,16.46,3.8,0,11.39,11.39,5.06,5.06,3.8,21.52,3.8,1.27,5.06,0,1.27,3.8,27.85,0,16.46,5.06,1.27,5.06,1.27,0,3.8,0,7.59,3.8,3.8,1.27,1.27,0,0,0,0,0,26.58,5.06,5.06,3.8,0,0,0,21.52,0,0,0,0,0,0,0,0,16.46,0,0,7.59,11.39,0,0,0,0,0,0,0,0,0,0,1.27,0,6.33,0,1.27,0,0,0,0,7.59,5.06,0,0,3.8,1.27,0,0,0,6.33,6.33,1.27,0,0,0,0,0,11.39,1.27,5.06,0,0,3.8,1.27,0
2578,seller,1,78,21.6,1,81.58,38.83,15.6,16.67,89.74,73.08,64.1,21.79,16.67,12.82,0,3.85,0,0,5.13,12.82,6.41,0,12.82,14.1,2.56,5.13,2.56,17.95,6.41,1.28,1.28,0,0,1.28,25.64,0,15.38,3.85,0,3.85,0,0,7.69,0,3.85,2.56,1.28,1.28,0,1.28,0,0,0,0,12.82,8.97,1.28,0,0,0,3.85,3.85,0,0,0,0,0,0,0,0,7.69,0,0,3.85,5.13,0,0,0,0,0,0,0,0,0,0,1.28,0,1.28,0,0,0,0,0,0,1.28,2.56,0,0,2.56,0,0,0,0,2.56,6.41,1.28,0,0,0,0,0,8.97,5.13,3.85,0,0,0,0,0
2578,seller,1,88,28.98,22.21,92.7,9.34,22,13.64,92.05,77.27,64.77,25,20.45,12.5,0,7.95,0,0,4.55,13.64,6.82,0,14.77,11.36,2.27,5.68,1.14,18.18,6.82,1.14,0,0,0,0,23.86,0,13.64,5.68,0,2.27,0,0,5.68,0,5.68,2.27,3.41,1.14,0,1.14,0,0,0,0,14.77,6.82,0,0,0,0,3.41,7.95,0,0,0,0,0,0,0,0,7.95,0,0,5.68,3.41,0,0,0,0,0,0,0,0,0,0,3.41,0,3.41,0,0,0,0,0,0,4.55,4.55,0,0,4.55,0,0,0,0,2.27,5.68,4.55,0,0,0,0,0,7.95,3.41,4.55,0,0,0,0,0
2578,seller,1,83,25.36,33.25,74.14,8.85,27.67,13.25,91.57,78.31,63.86,26.51,19.28,10.84,0,8.43,0,0,7.23,14.46,7.23,0,12.05,12.05,0,4.82,1.2,20.48,7.23,1.2,0,0,0,0,25.3,0,14.46,4.82,0,3.61,0,0,6.02,0,3.61,1.2,2.41,0,0,0,0,0,0,0,15.66,7.23,0,0,0,0,3.61,8.43,0,0,0,0,0,0,0,0,7.23,0,0,4.82,3.61,0,0,0,0,0,0,0,0,0,0,3.61,1.2,3.61,0,0,0,0,0,0,4.82,3.61,0,0,3.61,0,0,0,0,2.41,6.02,4.82,0,0,0,0,0,7.23,2.41,4.82,0,0,0,0,0
2578,seller,1,33,28.02,99,71.27,1,33,6.06,100,87.88,66.67,30.3,24.24,9.09,0,15.15,0,0,6.06,15.15,6.06,0,15.15,9.09,0,6.06,0,21.21,9.09,3.03,0,0,0,0,21.21,0,12.12,6.06,0,3.03,0,0,3.03,0,6.06,0,6.06,0,0,0,0,0,0,0,18.18,3.03,0,0,0,0,0,15.15,0,0,0,0,0,0,0,0,9.09,0,0,6.06,3.03,0,0,0,0,0,0,0,0,0,0,6.06,3.03,6.06,0,0,0,0,0,0,9.09,6.06,0,0,6.06,0,0,0,0,0,6.06,9.09,0,0,0,0,0,9.09,0,6.06,3.03,0,0,0,0
2578,seller,1,19,36.67,99,8.42,1,9.5,10.53,100,94.74,68.42,31.58,21.05,5.26,0,15.79,0,0,10.53,15.79,5.26,0,15.79,10.53,0,0,0,21.05,15.79,5.26,0,0,0,0,21.05,0,10.53,5.26,0,5.26,0,0,0,0,5.26,0,5.26,0,0,0,0,0,0,0,15.79,0,0,0,0,0,0,15.79,0,0,0,0,0,0,0,0,5.26,0,0,5.26,0,0,0,0,0,0,0,0,0,0,0,0,5.26,5.26,0,0,0,0,0,0,5.26,5.26,0,0,5.26,0,0,0,0,0,10.53,0,0,0,0,0,0,10.53,0,0,10.53,0,0,0,0
2578,seller,1,30,39.7,96.04,99,1.23,10,6.67,100,90,70,33.33,33.33,16.67,0,16.67,0,0,0,13.33,0,0,23.33,6.67,0,3.33,0,20,6.67,3.33,0,0,0,0,23.33,0,13.33,10,0,0,3.33,0,3.33,0,3.33,0,3.33,0,0,0,0,0,0,0,20,3.33,0,0,0,0,3.33,16.67,0,0,0,0,0,0,0,0,10,0,0,10,0,0,0,0,0,0,0,0,0,0,0,0,0,10,0,0,0,0,0,0,10,10,0,0,10,0,0,0,0,3.33,3.33,3.33,0,0,0,0,0,10,3.33,0,6.67,0,0,0,0
2578,seller,1,50,15.41,98.38,96.32,4.56,12.5,8,100,90,72,34,30,14,0,16,0,0,4,8,0,0,20,14,0,2,0,26,6,2,0,0,0,0,24,2,10,6,0,2,2,0,2,0,2,0,2,0,0,0,0,0,0,0,24,8,0,0,0,0,4,16,0,0,0,0,0,0,0,0,6,0,0,6,0,0,0,0,0,0,0,0,0,0,0,0,2,6,0,0,0,0,0,0,8,8,0,0,8,0,0,0,0,4,6,2,0,0,0,0,0,8,4,0,4,0,0,0,0
2578,seller,1,58,3,98.12,56.1,1.05,14.5,12.07,100,89.66,72.41,36.21,25.86,12.07,0,13.79,0,0,10.34,10.34,1.72,0,15.52,13.79,3.45,5.17,0,27.59,3.45,1.72,3.45,0,1.72,1.72,29.31,5.17,12.07,3.45,1.72,5.17,1.72,0,1.72,0,3.45,0,3.45,0,0,0,0,0,0,0,25.86,10.34,0,0,0,0,6.9,15.52,0,0,0,0,0,0,0,0,5.17,0,0,5.17,0,0,0,0,0,0,0,0,0,0,0,0,1.72,3.45,0,0,0,0,1.72,0,5.17,6.9,0,0,6.9,0,0,0,0,5.17,6.9,1.72,0,0,0,0,0,8.62,3.45,0,3.45,0,1.72,0,0
2578,seller,1,43,1.85,98.54,11.94,1,10.75,16.28,100,90.7,72.09,34.88,20.93,9.3,0,11.63,0,0,13.95,9.3,2.33,0,13.95,16.28,4.65,4.65,0,30.23,4.65,2.33,4.65,0,2.33,2.33,27.91,6.98,9.3,0,2.33,6.98,0,0,0,0,4.65,0,4.65,0,0,0,0,0,0,0,25.58,11.63,0,0,0,0,6.98,13.95,0,0,0,0,0,0,0,0,2.33,0,0,2.33,0,0,0,0,0,0,0,0,0,0,0,0,2.33,0,0,0,0,0,2.33,0,2.33,9.3,0,2.33,6.98,0,0,0,0,4.65,9.3,0,0,0,0,0,0,11.63,4.65,0,4.65,0,2.33,0,0
2580,buyer,1,76,56.29,14.81,52.19,61.63,19,10.53,86.84,72.37,64.47,17.11,11.84,9.21,0,2.63,0,0,5.26,15.79,7.89,0,21.05,11.84,6.58,5.26,2.63,14.47,5.26,1.32,2.63,1.32,1.32,0,15.79,0,9.21,1.32,0,2.63,1.32,1.32,2.63,0,5.26,3.95,1.32,1.32,0,1.32,0,0,0,0,9.21,2.63,1.32,1.32,0,0,1.32,6.58,1.32,0,0,1.32,0,0,0,0,3.95,0,0,2.63,2.63,0,0,0,0,0,0,0,0,0,0,0,1.32,2.63,0,1.32,0,0,0,1.32,6.58,7.89,1.32,1.32,6.58,0,0,0,0,2.63,2.63,2.63,1.32,0,1.32,0,0,10.53,3.95,3.95,1.32,0,1.32,0,0
2580,buyer,1,67,50.43,74.15,13.1,95.78,13.4,10.45,89.55,74.63,64.18,17.91,13.43,7.46,0,5.97,0,0,4.48,14.93,7.46,0,20.9,11.94,5.97,7.46,1.49,14.93,7.46,1.49,2.99,1.49,0,1.49,13.43,0,7.46,1.49,0,1.49,1.49,1.49,1.49,0,8.96,7.46,1.49,2.99,1.49,1.49,0,0,0,0,14.93,4.48,4.48,2.99,0,0,1.49,10.45,1.49,0,0,1.49,0,0,0,0,2.99,0,0,2.99,1.49,0,0,0,0,0,0,0,0,0,0,0,0,1.49,0,0,0,0,0,1.49,8.96,5.97,1.49,0,2.99,0,1.49,0,0,0,2.99,2.99,2.99,0,2.99,0,0,13.43,5.97,4.48,1.49,0,1.49,0,0
2580,buyer,1,50,33.98,99,13.33,95.9,12.5,16,96,64,46,16,16,4,0,8,0,4,0,12,2,0,14,8,2,10,2,18,8,2,6,0,0,6,18,2,8,6,0,2,0,0,0,0,10,8,2,4,2,2,0,0,0,0,26,8,8,8,0,0,2,18,0,0,0,0,0,0,0,0,20,0,0,8,14,0,0,0,0,0,0,0,0,0,0,0,0,10,0,0,0,0,0,2,18,8,2,0,4,0,2,0,0,6,2,0,4,0,4,0,0,22,8,12,0,0,0,2,0
2580,seller,1,30,49.68,89.5,19.26,99,15,3.33,90,80,66.67,20,10,3.33,0,6.67,0,0,10,16.67,6.67,3.33,16.67,10,10,0,0,13.33,6.67,3.33,0,0,0,0,13.33,3.33,3.33,0,0,3.33,0,0,0,0,10,10,0,0,0,0,0,0,0,0,16.67,10,6.67,6.67,0,0,6.67,6.67,0,0,0,0,0,0,0,0,0,0,0,0,0,0,0,0,0,0,0,0,0,0,0,0,0,0,0,0,0,0,0,0,6.67,6.67,0,3.33,6.67,0,0,0,3.33,0,3.33,6.67,3.33,0,3.33,0,0,10,3.33,6.67,0,0,0,0,0
2580,seller,1,15,1.16,99,1.91,99,15,13.33,86.67,73.33,60,26.67,13.33,0,0,13.33,0,0,13.33,6.67,0,0,6.67,6.67,20,0,0,13.33,0,0,6.67,6.67,0,0,13.33,13.33,0,0,0,0,0,0,0,0,13.33,13.33,0,0,0,0,0,0,0,0,26.67,13.33,6.67,13.33,0,0,6.67,13.33,0,0,0,0,0,0,0,0,0,0,0,0,0,0,0,0,0,0,0,0,0,0,0,0,0,0,0,0,0,0,0,0,6.67,0,0,0,0,0,0,0,6.67,0,0,13.33,6.67,0,6.67,0,0,6.67,0,6.67,0,0,0,0,0
2580,seller,1,11,1,99,5.07,99,11,9.09,100,63.64,54.55,27.27,18.18,0,0,18.18,0,0,9.09,9.09,0,0,0,9.09,18.18,0,0,18.18,0,0,9.09,9.09,0,0,9.09,9.09,0,0,0,0,0,0,0,0,27.27,27.27,0,0,0,0,0,0,0,0,36.36,18.18,9.09,18.18,0,0,9.09,18.18,0,0,0,0,0,0,0,0,9.09,0,0,9.09,0,0,0,0,0,0,0,0,0,0,0,0,0,9.09,0,0,0,0,0,0,0,0,0,0,0,0,0,0,9.09,0,0,18.18,0,0,0,0,0,9.09,0,9.09,0,0,0,0,0
2581,buyer,1,39,45.8,99,16.81,,13,25.64,79.49,58.97,53.85,23.08,23.08,7.69,0,15.38,0,0,0,15.38,10.26,0,7.69,7.69,0,5.13,0,10.26,2.56,2.56,0,0,0,0,17.95,0,7.69,2.56,0,2.56,2.56,0,2.56,0,0,0,0,0,0,0,0,0,0,0,23.08,7.69,0,0,0,0,2.56,15.38,0,0,0,0,2.56,0,0,2.56,10.26,0,0,2.56,7.69,0,0,0,0,0,0,0,0,0,0,0,2.56,0,0,2.56,0,0,0,0,2.56,2.56,0,0,2.56,0,0,0,0,0,5.13,5.13,0,0,0,0,0,15.38,5.13,7.69,2.56,0,0,0,0
2581,buyer,1,79,31.86,98.64,73.13,,13.17,16.46,87.34,69.62,59.49,25.32,22.78,7.59,5.06,10.13,0,0,2.53,13.92,8.86,0,10.13,8.86,0,5.06,2.53,16.46,2.53,1.27,6.33,5.06,0,1.27,16.46,0,6.33,1.27,0,1.27,2.53,0,3.8,0,0,0,0,0,0,0,0,0,0,0,18.99,3.8,0,0,0,0,1.27,15.19,0,0,0,0,1.27,0,0,1.27,8.86,0,0,2.53,6.33,0,0,0,0,0,0,0,0,0,0,0,1.27,2.53,0,1.27,0,0,0,0,10.13,8.86,0,1.27,8.86,0,0,0,0,1.27,3.8,5.06,0,0,0,0,0,18.99,6.33,8.86,1.27,0,1.27,1.27,0
2581,buyer,1,83,19.91,84.59,86.1,37.57,13.83,8.43,93.98,78.31,65.06,25.3,18.07,4.82,6.02,7.23,0,0,7.23,14.46,9.64,0,10.84,10.84,0,6.02,6.02,19.28,3.61,3.61,8.43,6.02,0,2.41,20.48,1.2,8.43,1.2,0,0,3.61,0,7.23,0,1.2,1.2,0,0,0,0,0,0,0,0,14.46,1.2,0,0,0,0,0,13.25,0,0,0,0,0,0,0,0,7.23,0,0,3.61,3.61,0,0,0,0,0,0,0,0,0,0,0,0,6.02,0,1.2,0,0,0,0,12.05,9.64,0,1.2,9.64,0,0,0,0,1.2,3.61,6.02,0,0,0,0,0,19.28,7.23,6.02,1.2,0,3.61,1.2,0
2581,seller,1,83,15.19,33.25,74.14,1,11.86,24.1,90.36,71.08,61.45,22.89,16.87,8.43,0,8.43,0,0,6.02,15.66,7.23,0,10.84,12.05,1.2,8.43,3.61,16.87,4.82,0,3.61,0,0,3.61,22.89,0,9.64,3.61,1.2,0,1.2,0,6.02,0,3.61,0,3.61,0,0,0,0,0,0,0,16.87,8.43,2.41,2.41,1.2,0,2.41,8.43,0,0,0,0,0,0,0,0,8.43,0,0,3.61,6.02,0,0,0,0,0,0,0,0,0,0,0,0,1.2,0,0,0,0,0,0,1.2,2.41,0,0,0,2.41,0,0,3.61,6.02,4.82,1.2,1.2,0,1.2,0,0,12.05,7.23,0,1.2,0,3.61,0,0
2581,seller,1,142,10.51,9.49,85.48,12.8,17.75,21.83,92.25,75.35,64.79,19.01,13.38,7.75,1.41,4.23,0,0,5.63,16.2,4.93,0,12.68,12.68,2.82,12.68,3.52,18.31,6.34,1.41,4.23,1.41,0.7,2.11,26.76,1.41,13.38,2.11,0.7,1.41,4.23,0,8.45,0,3.52,1.41,2.11,0,0,0,0,0,0,0,11.97,4.93,0.7,0.7,0.7,0,2.11,7.04,0,0,0,0,0,0,0,0,8.45,0,0,4.93,4.93,0,0,0,0,0,0,0,0,0,0,0,0,2.11,0,0,0,0,0,0,3.52,4.93,0,0.7,2.82,2.11,0,0,3.52,4.23,4.93,2.11,1.41,0,1.41,0,0,9.15,4.93,0,0.7,0,3.52,0,0
2581,seller,1,116,12.25,2.66,94.07,20.23,16.57,19.83,93.1,75.86,66.38,17.24,12.07,7.76,1.72,2.59,0,0,5.17,17.24,5.17,0,13.79,13.79,3.45,12.07,4.31,19.83,6.03,1.72,4.31,1.72,0.86,1.72,28.45,1.72,14.66,1.72,0.86,1.72,4.31,0,9.48,0,3.45,1.72,1.72,0,0,0,0,0,0,0,10.34,4.31,0.86,0.86,0.86,0,1.72,6.03,0,0,0,0,0,0,0,0,8.62,0,0,5.17,5.17,0,0,0,0,0,0,0,0,0,0,0,0,1.72,0,0,0,0,0,0,4.31,6.9,0,1.72,4.31,1.72,0,0,3.45,3.45,5.17,2.59,0.86,0,0.86,0,0,10.34,5.17,0,0.86,0,4.31,0,0
2582,buyer,1,93,17.22,1,28.88,70.91,13.29,19.35,94.62,75.27,64.52,19.35,9.68,8.6,1.08,0,0,0,9.68,13.98,7.53,0,12.9,10.75,5.38,10.75,3.23,15.05,6.45,2.15,1.08,1.08,0,0,36.56,1.08,23.66,2.15,0,8.6,4.3,3.23,8.6,0,11.83,7.53,4.3,4.3,4.3,0,0,0,0,0,5.38,4.3,0,1.08,0,2.15,1.08,1.08,0,0,0,0,0,0,0,0,6.45,0,0,1.08,5.38,0,0,0,0,0,0,0,0,0,0,0,0,4.3,0,1.08,0,0,0,2.15,4.3,4.3,0,0,2.15,2.15,0,0,2.15,4.3,3.23,2.15,1.08,0,1.08,0,0,11.83,6.45,3.23,0,1.08,1.08,0,0
2582,buyer,1,102,20.45,5.72,67.28,66.58,14.57,20.59,94.12,76.47,65.69,16.67,9.8,6.86,0.98,1.96,0,0,6.86,12.75,7.84,0,14.71,12.75,5.88,12.75,1.96,18.63,4.9,0.98,1.96,0.98,0,0.98,28.43,0,19.61,5.88,0,4.9,1.96,2.94,5.88,0,8.82,5.88,2.94,2.94,2.94,0,0,0,0,0,9.8,6.86,1.96,0.98,0,1.96,1.96,2.94,0,0,0,0,0,0,0,0,6.86,0,0,2.94,3.92,0,0,0,0,0,0,0,0,0,0,0,0,1.96,0,0.98,0,0,0,1.96,2.94,5.88,0,1.96,2.94,0.98,0,0,1.96,1.96,1.96,4.9,0.98,0,0.98,0,0,10.78,6.86,2.94,0,0,0.98,0,0
2582,buyer,1,95,30.85,34.07,70.28,35.11,15.83,23.16,91.58,67.37,55.79,13.68,9.47,5.26,0,2.11,0,2.11,4.21,13.68,6.32,0,11.58,11.58,3.16,10.53,2.11,17.89,5.26,2.11,3.16,0,0,3.16,23.16,0,14.74,8.42,0,2.11,1.05,1.05,2.11,0,7.37,4.21,3.16,1.05,1.05,0,0,0,0,0,15.79,9.47,4.21,3.16,0,2.11,2.11,6.32,0,0,0,0,0,0,0,0,13.68,0,0,5.26,8.42,0,0,0,0,0,0,0,0,0,0,0,0,5.26,0,2.11,0,0,0,0,3.16,6.32,0,2.11,4.21,0,0,0,1.05,2.11,2.11,5.26,0,0,0,0,0,12.63,6.32,5.26,0,0,0,1.05,0
2582,seller,1,37,1,40.06,9.25,62.77,12.33,18.92,94.59,78.38,62.16,24.32,18.92,10.81,0,8.11,0,0,5.41,8.11,2.7,0,2.7,21.62,8.11,13.51,0,27.03,10.81,0,8.11,0,0,8.11,32.43,0,21.62,2.7,0,8.11,13.51,0,5.41,0,8.11,5.41,2.7,5.41,2.7,2.7,0,0,0,0,18.92,10.81,10.81,8.11,0,0,0,8.11,0,0,0,0,0,0,0,0,5.41,0,0,2.7,2.7,0,0,0,0,0,0,0,0,0,0,0,2.7,2.7,0,0,0,0,0,0,2.7,0,0,0,0,0,0,0,0,2.7,5.41,8.11,2.7,0,2.7,0,0,10.81,5.41,0,0,0,5.41,0,0
2582,seller,1,32,1,75.49,5.64,96.74,10.67,18.75,93.75,75,59.38,18.75,15.63,6.25,0,9.38,0,0,3.13,6.25,3.13,0,6.25,21.88,6.25,12.5,0,28.13,9.38,0,6.25,0,0,6.25,34.38,0,28.13,6.25,0,9.38,15.63,0,6.25,0,12.5,9.38,3.13,6.25,3.13,3.13,0,0,0,0,18.75,9.38,9.38,9.38,0,0,3.13,9.38,0,0,0,0,0,0,0,0,6.25,0,0,3.13,3.13,0,0,0,0,0,0,0,0,0,0,0,3.13,3.13,0,0,0,0,0,0,3.13,0,0,0,0,0,0,0,0,0,3.13,9.38,3.13,0,3.13,0,0,12.5,9.38,0,0,0,3.13,0,0
2582,seller,1,24,1,94.84,15.38,99,6,12.5,95.83,70.83,54.17,25,20.83,8.33,0,12.5,0,0,4.17,4.17,0,0,8.33,12.5,8.33,12.5,0,20.83,8.33,0,8.33,0,0,8.33,29.17,0,20.83,8.33,0,8.33,8.33,0,4.17,0,16.67,12.5,4.17,8.33,4.17,4.17,0,0,0,0,25,12.5,12.5,12.5,0,0,4.17,12.5,0,0,0,0,0,0,0,0,8.33,0,0,8.33,0,0,0,0,0,0,0,0,0,0,0,0,4.17,4.17,0,0,0,0,0,0,4.17,0,0,0,0,0,0,0,0,0,4.17,8.33,4.17,0,4.17,0,0,16.67,12.5,0,0,0,4.17,0,0
2583,buyer,1,47,42.22,18.61,16.56,99,11.75,14.89,87.23,68.09,55.32,19.15,14.89,10.64,0,4.26,0,0,4.26,12.77,10.64,0,10.64,10.64,4.26,6.38,0,19.15,4.26,2.13,4.26,0,0,4.26,19.15,0,19.15,6.38,0,10.64,0,0,2.13,0,12.77,10.64,2.13,10.64,8.51,2.13,0,0,0,0,10.64,6.38,6.38,6.38,0,0,0,4.26,0,0,0,0,0,0,0,0,4.26,0,0,2.13,2.13,0,0,0,0,0,0,0,0,0,0,0,0,2.13,0,0,0,0,0,0,2.13,6.38,0,0,4.26,0,0,0,0,2.13,2.13,0,0,0,0,0,0,12.77,8.51,2.13,0,0,2.13,0,0
2583,buyer,1,49,14.33,28.8,78.4,51.68,12.25,12.24,87.76,69.39,53.06,24.49,20.41,14.29,0,6.12,0,0,4.08,14.29,6.12,0,8.16,10.2,4.08,6.12,0,20.41,6.12,2.04,2.04,0,0,2.04,20.41,0,18.37,8.16,0,8.16,0,0,2.04,0,10.2,6.12,4.08,8.16,4.08,4.08,0,0,0,0,10.2,2.04,2.04,2.04,0,0,0,8.16,2.04,0,0,2.04,0,0,0,0,8.16,0,0,4.08,4.08,0,2.04,2.04,2.04,0,0,0,0,0,0,2.04,0,0,0,0,0,0,0,0,8.16,8.16,0,0,6.12,0,0,0,0,2.04,4.08,0,0,0,0,0,0,14.29,6.12,4.08,0,2.04,2.04,0,0
2583,buyer,1,59,17.64,84.73,53.8,5.94,14.75,11.86,91.53,71.19,55.93,23.73,20.34,11.86,0,8.47,0,0,3.39,18.64,8.47,0,8.47,10.17,5.08,6.78,0,20.34,5.08,0,1.69,0,0,1.69,20.34,0,15.25,8.47,0,6.78,0,0,0,0,11.86,5.08,6.78,6.78,3.39,3.39,0,0,0,0,15.25,6.78,1.69,1.69,0,3.39,0,11.86,1.69,0,0,1.69,0,0,0,0,10.17,0,0,5.08,5.08,0,1.69,1.69,1.69,0,0,0,0,0,0,1.69,0,0,0,0,0,0,0,0,6.78,6.78,0,0,5.08,0,0,0,0,3.39,5.08,0,0,0,0,0,0,11.86,5.08,3.39,0,1.69,1.69,0,0
2583,buyer,1,32,13.27,99,32.54,1,10.67,9.38,87.5,59.38,46.88,25,21.88,9.38,0,12.5,0,0,3.13,25,6.25,0,3.13,6.25,3.13,6.25,0,15.63,3.13,0,3.13,0,0,3.13,18.75,0,9.38,6.25,0,3.13,0,0,0,0,12.5,0,12.5,3.13,0,3.13,0,0,0,0,25,12.5,0,0,3.13,6.25,0,18.75,3.13,0,0,3.13,0,0,0,0,15.63,0,0,9.38,6.25,0,3.13,3.13,3.13,0,0,0,0,0,0,3.13,0,0,0,0,0,0,0,0,9.38,3.13,0,0,3.13,0,0,0,0,3.13,6.25,0,0,0,0,0,0,12.5,3.13,6.25,0,3.13,0,0,0
2583,buyer,1,40,32.63,99,2.73,1,20,22.5,82.5,45,35,15,12.5,0,0,7.5,0,5,2.5,17.5,5,0,2.5,7.5,2.5,5,0,17.5,0,0,7.5,0,0,7.5,20,0,7.5,7.5,0,0,0,0,0,0,7.5,0,7.5,0,0,0,0,0,0,0,30,15,5,5,2.5,5,0,20,0,0,0,0,0,0,0,0,27.5,0,0,10,17.5,0,0,0,0,0,0,0,0,0,0,0,0,10,0,0,0,0,0,0,7.5,0,0,0,0,0,0,0,0,7.5,5,0,0,0,0,0,0,20,5,12.5,0,0,0,2.5,0
2583,seller,1,51,1.6,88.96,12.44,50.31,25.5,5.88,90.2,72.55,62.75,23.53,15.69,3.92,1.96,7.84,0,1.96,7.84,5.88,1.96,0,9.8,13.73,7.84,9.8,1.96,19.61,3.92,0,1.96,1.96,0,0,25.49,0,13.73,0,0,5.88,0,1.96,5.88,0,3.92,1.96,0,1.96,0,0,0,0,0,0,19.61,7.84,7.84,3.92,0,0,1.96,11.76,0,0,0,0,0,0,0,0,7.84,0,0,1.96,5.88,0,0,0,0,0,0,0,0,0,0,0,3.92,0,0,0,0,0,0,0,5.88,7.84,1.96,1.96,5.88,0,0,0,0,0,9.8,3.92,0,0,0,0,0,1.96,0,0,1.96,0,0,0,0
2583,seller,1,55,1,61.66,9.55,47.86,55,7.27,90.91,72.73,63.64,20,14.55,3.64,1.82,7.27,0,1.82,5.45,7.27,1.82,0,7.27,16.36,9.09,9.09,5.45,21.82,5.45,0,1.82,1.82,0,0,29.09,1.82,16.36,0,0,7.27,0,1.82,7.27,0,3.64,1.82,0,1.82,0,0,0,0,0,0,18.18,7.27,7.27,3.64,0,0,1.82,10.91,0,0,0,0,0,0,0,0,9.09,0,0,1.82,7.27,0,0,0,0,0,0,0,0,0,0,0,3.64,0,0,0,0,0,0,0,9.09,7.27,1.82,1.82,5.45,0,0,0,0,0,10.91,3.64,0,0,0,0,0,0,0,0,0,0,0,0,0
2583,seller,1,46,1,2.96,29.9,53.96,46,17.39,89.13,56.52,47.83,10.87,8.7,2.17,0,2.17,0,4.35,2.17,10.87,0,0,2.17,15.22,6.52,8.7,10.87,21.74,4.35,0,4.35,0,0,4.35,32.61,4.35,17.39,4.35,0,2.17,0,0,10.87,0,2.17,2.17,0,0,0,0,0,0,0,0,21.74,10.87,10.87,8.7,0,0,2.17,10.87,0,0,0,0,0,0,0,0,26.09,0,0,4.35,21.74,0,0,0,0,0,0,0,0,0,0,0,0,8.7,0,0,0,0,0,0,15.22,0,0,0,0,0,0,0,0,4.35,10.87,0,0,0,0,0,0,15.22,2.17,8.7,0,0,2.17,2.17,0
2583,seller,1,32,5.64,11.66,5.64,1.56,16,21.88,87.5,40.63,34.38,6.25,6.25,0,0,0,0,6.25,0,12.5,0,0,0,12.5,3.13,3.13,12.5,18.75,3.13,0,9.38,0,0,9.38,28.13,6.25,15.63,6.25,0,3.13,0,0,6.25,0,3.13,0,3.13,0,0,0,0,0,0,0,25,12.5,9.38,9.38,3.13,0,0,12.5,0,0,0,0,0,0,0,0,34.38,0,0,9.38,25,0,0,0,0,0,0,0,0,0,0,0,0,12.5,0,0,0,0,0,0,18.75,0,0,0,0,0,0,0,0,6.25,6.25,0,0,0,0,0,0,21.88,3.13,12.5,0,0,3.13,3.13,0
2583,seller,1,26,21.6,40.06,81.58,1,13,23.08,88.46,42.31,30.77,11.54,11.54,3.85,0,0,0,7.69,0,11.54,0,0,3.85,7.69,0,3.85,7.69,19.23,0,0,11.54,0,0,11.54,23.08,3.85,11.54,7.69,0,0,0,0,3.85,0,3.85,0,3.85,0,0,0,0,0,0,0,26.92,11.54,7.69,7.69,3.85,0,0,15.38,0,0,0,0,0,0,0,0,34.62,0,0,11.54,23.08,0,0,0,0,0,0,0,0,0,0,0,0,15.38,0,0,0,0,0,0,15.38,7.69,0,3.85,3.85,0,0,0,0,7.69,3.85,0,0,0,0,0,0,30.77,7.69,15.38,0,0,3.85,3.85,0
2585,buyer,1,70,76.24,18.49,53.28,84.26,11.67,17.14,87.14,71.43,58.57,12.86,11.43,7.14,0,4.29,0,0,1.43,15.71,14.29,0,12.86,11.43,1.43,7.14,1.43,15.71,7.14,1.43,1.43,0,0,1.43,32.86,0,17.14,5.71,1.43,2.86,2.86,0,4.29,0,7.14,5.71,1.43,4.29,2.86,1.43,0,0,0,0,7.14,2.86,1.43,2.86,0,0,1.43,4.29,0,0,0,0,0,0,0,0,8.57,0,0,4.29,4.29,0,0,0,0,0,0,0,0,0,0,0,0,1.43,0,0,0,0,0,0,0,1.43,0,0,1.43,0,0,0,2.86,4.29,11.43,0,0,0,0,0,0,12.86,7.14,4.29,0,1.43,0,0,0
2585,buyer,1,72,73.36,78.66,84.06,20.23,10.29,16.67,88.89,73.61,56.94,15.28,15.28,6.94,1.39,6.94,0,0,0,16.67,12.5,0,12.5,8.33,1.39,8.33,0,12.5,11.11,4.17,4.17,1.39,0,2.78,27.78,0,15.28,8.33,1.39,0,2.78,0,2.78,0,5.56,2.78,2.78,2.78,0,2.78,0,0,0,0,11.11,2.78,2.78,2.78,0,0,0,8.33,0,0,0,0,0,0,0,0,11.11,0,0,6.94,4.17,0,0,0,0,0,0,0,0,0,0,0,0,0,0,1.39,0,0,0,0,1.39,2.78,0,0,2.78,0,0,0,2.78,2.78,9.72,0,0,0,0,0,0,15.28,6.94,5.56,0,2.78,0,0,0
2585,buyer,1,67,54.92,93.9,85.22,42.34,11.17,22.39,89.55,61.19,46.27,13.43,13.43,4.48,1.49,4.48,0,2.99,0,14.93,8.96,0,7.46,7.46,1.49,8.96,0,13.43,8.96,4.48,7.46,1.49,0,5.97,28.36,0,16.42,10.45,1.49,0,1.49,0,1.49,0,4.48,2.99,1.49,1.49,0,1.49,0,0,0,0,17.91,5.97,5.97,5.97,0,0,0,11.94,0,0,0,0,0,0,0,0,19.4,0,0,8.96,10.45,0,0,0,0,0,0,0,0,0,0,0,0,5.97,0,2.99,0,0,0,0,5.97,4.48,0,0,4.48,0,0,0,2.99,4.48,8.96,0,0,0,0,0,0,20.9,5.97,10.45,0,2.99,0,1.49,0
2585,seller,1,16,26.1,1.71,89.39,96.74,8,6.25,93.75,81.25,62.5,18.75,6.25,6.25,0,0,0,0,12.5,18.75,6.25,6.25,12.5,0,18.75,6.25,0,6.25,12.5,6.25,0,0,0,0,18.75,0,18.75,12.5,6.25,0,0,0,6.25,0,6.25,6.25,0,6.25,6.25,0,0,0,0,0,6.25,6.25,0,0,0,0,0,0,0,0,0,0,0,0,0,0,6.25,0,0,6.25,0,0,0,0,0,0,0,0,0,0,0,0,0,0,0,0,0,0,0,0,12.5,6.25,0,0,0,6.25,0,0,0,0,6.25,0,12.5,0,12.5,0,0,6.25,0,0,6.25,0,0,0,0
2585,seller,1,15,77.34,1.24,93.95,97.84,7.5,6.67,93.33,73.33,60,20,13.33,13.33,0,0,0,0,6.67,20,6.67,6.67,20,0,13.33,0,0,0,13.33,6.67,0,0,0,0,13.33,0,13.33,13.33,6.67,0,0,0,0,0,6.67,6.67,0,6.67,6.67,0,0,0,0,0,6.67,6.67,0,0,0,0,0,0,0,0,0,0,0,0,0,0,6.67,0,0,6.67,0,0,0,0,0,0,0,0,0,0,0,0,0,0,0,0,0,0,0,0,13.33,6.67,0,0,0,0,6.67,0,0,0,0,0,13.33,0,13.33,0,0,6.67,0,0,6.67,0,0,0,0
2585,seller,1,11,71.44,1,50.45,99,11,0,100,63.64,45.45,27.27,18.18,18.18,0,0,0,0,9.09,9.09,0,0,18.18,0,0,0,0,0,9.09,0,0,0,0,0,0,0,0,0,0,0,0,0,0,0,18.18,18.18,0,9.09,9.09,0,0,0,0,0,9.09,9.09,0,0,0,0,0,0,0,0,0,0,0,0,0,0,9.09,0,0,9.09,0,0,0,0,0,0,0,0,0,0,0,0,0,9.09,0,0,0,0,0,0,18.18,9.09,0,0,0,0,9.09,0,0,0,0,0,18.18,0,18.18,0,0,0,0,0,0,0,0,0,0
2586,buyer,1,46,47.48,5.93,60.36,,46,17.39,97.83,76.09,60.87,26.09,17.39,10.87,0,6.52,0,0,8.7,13.04,8.7,0,15.22,4.35,0,6.52,4.35,17.39,4.35,4.35,0,0,0,0,15.22,0,8.7,0,0,2.17,0,0,6.52,0,0,0,0,0,0,0,0,0,0,0,10.87,2.17,0,0,0,0,2.17,6.52,0,0,0,0,2.17,0,0,2.17,6.52,0,0,2.17,4.35,0,0,0,0,0,0,0,0,0,0,0,2.17,2.17,0,0,0,0,0,0,2.17,10.87,2.17,0,2.17,6.52,0,0,2.17,6.52,6.52,0,0,0,0,0,0,4.35,0,2.17,0,0,2.17,0,0
2586,buyer,1,61,69.49,49.82,27.07,,61,18.03,90.16,70.49,59.02,19.67,14.75,6.56,0,8.2,0,0,4.92,11.48,8.2,0,18.03,6.56,1.64,4.92,3.28,14.75,3.28,3.28,1.64,0,1.64,0,14.75,0,9.84,1.64,0,3.28,0,0,4.92,0,0,0,0,0,0,0,0,0,0,0,14.75,3.28,0,0,0,0,1.64,8.2,0,0,0,0,1.64,0,0,1.64,8.2,0,0,4.92,3.28,0,0,0,0,0,0,0,0,0,0,0,1.64,0,0,0,0,0,0,0,4.92,9.84,1.64,0,3.28,4.92,0,0,1.64,3.28,4.92,0,1.64,0,1.64,0,0,6.56,1.64,3.28,0,0,1.64,0,0
2586,buyer,1,46,60.52,53.04,29.9,,23,19.57,86.96,65.22,58.7,21.74,17.39,8.7,0,8.7,0,0,4.35,8.7,6.52,0,17.39,8.7,2.17,2.17,2.17,13.04,2.17,2.17,2.17,0,2.17,0,15.22,0,10.87,2.17,0,4.35,0,0,4.35,0,0,0,0,0,0,0,0,0,0,0,17.39,4.35,0,0,0,0,2.17,8.7,0,0,0,0,0,0,0,0,10.87,0,0,6.52,4.35,0,0,0,0,0,0,0,0,0,0,0,2.17,0,0,0,0,0,0,0,4.35,4.35,2.17,0,2.17,0,0,0,2.17,0,2.17,2.17,2.17,0,2.17,0,0,8.7,2.17,4.35,0,0,2.17,0,0
2586,buyer,1,30,59.67,22.56,82.8,,15,13.33,80,70,63.33,20,16.67,10,0,6.67,0,0,3.33,6.67,6.67,0,20,13.33,3.33,0,3.33,16.67,0,0,3.33,0,3.33,0,16.67,0,10,3.33,0,3.33,0,0,3.33,0,0,0,0,0,0,0,0,0,0,0,13.33,3.33,0,0,0,0,0,6.67,0,0,0,0,0,0,0,0,6.67,0,0,6.67,0,0,0,0,0,0,0,0,0,0,0,0,0,0,0,0,0,0,0,0,6.67,10,0,3.33,6.67,0,0,0,0,0,3.33,3.33,3.33,0,3.33,0,0,13.33,6.67,3.33,0,0,3.33,0,0
2586,seller,1,75,22.17,14.57,63.35,7.99,9.38,20,90.67,78.67,64,25.33,10.67,6.67,0,4,0,0,14.67,13.33,4,0,14.67,13.33,2.67,2.67,1.33,18.67,10.67,1.33,2.67,0,0,2.67,33.33,1.33,20,2.67,1.33,4,4,5.33,5.33,0,1.33,0,1.33,1.33,0,1.33,0,0,0,0,8,4,1.33,1.33,0,0,0,4,0,0,0,0,0,0,0,0,2.67,0,0,2.67,0,0,0,0,0,0,0,0,0,0,0,0,0,0,0,0,0,0,0,0,5.33,9.33,0,0,8,0,0,1.33,1.33,2.67,10.67,0,0,0,0,0,0,14.67,8,2.67,2.67,0,1.33,0,0
2586,seller,1,85,43.18,27.24,55.07,3.29,12.14,22.35,88.24,76.47,62.35,18.82,8.24,4.71,0,3.53,0,0,10.59,12.94,4.71,0,16.47,14.12,2.35,4.71,0,18.82,10.59,1.18,1.18,0,0,1.18,31.76,1.18,20,3.53,1.18,4.71,4.71,4.71,4.71,0,2.35,0,2.35,2.35,0,2.35,0,0,0,0,5.88,1.18,0,0,0,0,0,3.53,0,0,0,0,0,0,0,0,4.71,0,0,4.71,0,0,0,0,0,0,0,0,0,0,0,0,0,1.18,0,0,0,0,0,0,5.88,10.59,1.18,0,9.41,1.18,0,0,1.18,1.18,7.06,1.18,0,0,0,0,0,11.76,5.88,2.35,2.35,0,1.18,0,0
2586,seller,1,79,50.32,62.57,65.08,2.78,15.8,26.58,84.81,63.29,50.63,15.19,10.13,3.8,0,3.8,0,2.53,5.06,10.13,3.8,0,13.92,11.39,1.27,5.06,1.27,17.72,6.33,0,3.8,0,0,3.8,24.05,0,16.46,6.33,1.27,2.53,3.8,1.27,3.8,0,2.53,0,2.53,2.53,0,2.53,0,0,0,0,13.92,3.8,2.53,2.53,0,0,0,8.86,0,0,0,0,0,0,0,0,13.92,0,0,6.33,7.59,0,0,0,0,0,0,0,0,0,0,0,0,6.33,0,0,0,0,0,0,7.59,8.86,1.27,0,7.59,1.27,0,0,1.27,2.53,3.8,1.27,0,0,0,0,0,15.19,3.8,6.33,2.53,0,1.27,1.27,0
2587,buyer,1,53,7.19,1,68.36,1,10.6,22.64,81.13,67.92,60.38,22.64,11.32,11.32,0,0,0,0,11.32,16.98,9.43,0,5.66,13.21,7.55,3.77,3.77,15.09,5.66,3.77,1.89,0,0,1.89,32.08,0,11.32,0,0,0,0,5.66,5.66,0,3.77,0,3.77,0,0,0,0,0,0,0,3.77,3.77,1.89,1.89,0,0,1.89,0,0,0,0,0,0,0,0,0,1.89,0,0,0,1.89,0,0,0,0,0,0,0,0,0,0,0,0,3.77,0,0,0,0,0,5.66,1.89,3.77,0,1.89,1.89,0,0,0,0,18.87,0,0,0,0,0,0,0,18.87,9.43,7.55,0,0,1.89,0,0
2587,buyer,1,59,2.56,1,76.13,1.14,11.8,16.95,84.75,71.19,64.41,23.73,10.17,10.17,0,0,0,0,13.56,16.95,10.17,1.69,3.39,15.25,10.17,5.08,1.69,16.95,5.08,3.39,1.69,0,0,1.69,35.59,0,11.86,0,0,0,1.69,5.08,5.08,0,3.39,0,3.39,0,0,0,0,0,0,0,3.39,3.39,1.69,1.69,0,0,1.69,0,0,0,0,0,0,0,0,0,1.69,0,0,0,1.69,0,0,0,0,0,0,0,0,0,0,0,0,3.39,0,0,0,0,0,5.08,3.39,3.39,0,0,3.39,0,0,0,3.39,15.25,3.39,1.69,0,0,0,0,0,16.95,6.78,8.47,0,0,1.69,0,0
2587,buyer,1,87,1,2.41,86.26,9.24,17.4,16.09,86.21,77.01,65.52,29.89,9.2,8.05,0,1.15,0,0,20.69,17.24,6.9,1.15,3.45,11.49,9.2,9.2,2.3,18.39,4.6,2.3,3.45,0,2.3,1.15,36.78,1.15,13.79,0,3.45,1.15,1.15,3.45,3.45,0,1.15,0,1.15,0,0,0,0,0,0,0,9.2,8.05,2.3,1.15,0,0,5.75,1.15,0,0,0,0,0,0,0,0,0,0,0,0,0,0,0,0,0,0,0,0,0,0,0,0,0,0,0,0,0,0,0,0,3.45,2.3,0,0,2.3,0,0,0,11.49,12.64,6.9,1.15,0,0,0,0,0,16.09,5.75,8.05,0,0,2.3,0,0
2587,buyer,1,106,2.94,24.88,83.95,10.8,17.67,14.15,92.45,78.3,64.15,26.42,12.26,8.49,0,3.77,0,0,14.15,15.09,5.66,0.94,8.49,12.26,6.6,9.43,0.94,19.81,6.6,1.89,1.89,0,1.89,0,33.96,2.83,14.15,0,3.77,2.83,1.89,2.83,1.89,0,0.94,0,0.94,0,0,0,0,0,0,0,13.21,8.49,0.94,0,0,0.94,5.66,4.72,0,0,0,0,0,0,0,0,1.89,0,0,0,1.89,0,0,0,0,0,0,0,0,0,0,0,0,0,0,0,0,0,0,0,4.72,5.66,0,1.89,4.72,0,0,0,9.43,6.6,6.6,1.89,0,0,0,0,0,13.21,5.66,6.6,0,0,0.94,0,0
2587,buyer,1,152,12.74,25.84,77.97,2.53,19,15.79,92.76,75.66,63.16,23.03,13.16,7.89,0,5.26,0,0,9.87,17.11,7.24,0,11.18,10.53,5.26,9.21,1.97,15.79,7.24,1.32,1.32,0,1.32,0,32.24,3.95,16.45,1.32,4.61,3.29,3.29,1.97,3.95,0,3.95,0.66,3.29,0.66,0,0.66,0.66,0,0,0,15.79,9.87,0.66,0,0,1.32,6.58,5.92,0,0,0,0,0,0,0,0,3.29,0,0,0.66,2.63,0,0,0,0,0,0,0,0,0,0,0.66,0,0.66,0,0,0,0,0.66,0,5.26,5.26,0.66,1.32,3.29,0.66,0,0,7.89,5.26,3.95,1.97,1.32,0.66,0.66,0,0,14.47,4.61,7.24,0.66,0,1.97,0,0
2587,buyer,1,102,35.2,34.48,73.43,1,17,15.69,95.1,71.57,60.78,17.65,14.71,7.84,0,6.86,0,0,2.94,15.69,7.84,0,13.73,10.78,3.92,8.82,1.96,13.73,7.84,0.98,0.98,0,0,0.98,28.43,4.9,18.63,1.96,3.92,3.92,4.9,1.96,5.88,0,6.86,0.98,5.88,0.98,0,0.98,0.98,0,0,0,18.63,10.78,0,0,0.98,1.96,5.88,7.84,0,0,0,0,0,0,0,0,5.88,0,0,1.96,3.92,0,0,0,0,0,0,0,0,0,0,0.98,0,0.98,0,0,0,0,0.98,0,5.88,6.86,0.98,1.96,3.92,0.98,0,0,3.92,0.98,1.96,2.94,1.96,0.98,0.98,0,0,14.71,3.92,7.84,0.98,0,1.96,0,0
2587,buyer,1,81,26.88,15.97,77.17,1,27,16.05,95.06,64.2,53.09,14.81,12.35,4.94,0,4.94,0,2.47,2.47,18.52,7.41,0,9.88,8.64,3.7,8.64,6.17,14.81,4.94,0,3.7,0,0,3.7,32.1,4.94,19.75,4.94,3.7,2.47,4.94,0,8.64,0,7.41,1.23,6.17,1.23,0,1.23,1.23,0,0,0,22.22,12.35,2.47,2.47,1.23,1.23,6.17,9.88,0,0,0,0,0,0,0,0,14.81,0,0,4.94,9.88,0,0,0,0,0,0,0,0,0,0,1.23,0,6.17,0,0,0,0,1.23,0,9.88,3.7,1.23,0,1.23,1.23,0,0,4.94,6.17,2.47,2.47,2.47,1.23,1.23,0,0,20.99,2.47,11.11,1.23,0,4.94,1.23,0
2587,seller,1,33,4.19,1.92,50.45,1.71,11,21.21,87.88,69.7,63.64,18.18,6.06,3.03,0,3.03,0,0,12.12,12.12,6.06,0,6.06,9.09,9.09,9.09,6.06,9.09,6.06,0,3.03,0,0,3.03,33.33,0,21.21,6.06,6.06,0,3.03,3.03,9.09,0,3.03,0,3.03,0,0,0,0,0,0,0,15.15,12.12,6.06,6.06,0,0,6.06,3.03,0,0,0,0,3.03,0,0,3.03,0,0,0,0,0,0,0,0,0,0,0,0,0,0,0,0,0,0,0,0,0,0,0,0,0,0,0,0,0,0,0,0,0,6.06,6.06,0,0,0,0,0,0,12.12,6.06,3.03,3.03,0,0,0,0
2587,seller,1,31,4.68,1.48,35.88,1,10.33,19.35,87.1,67.74,61.29,19.35,6.45,3.23,0,3.23,0,0,12.9,16.13,6.45,0,3.23,9.68,6.45,6.45,6.45,9.68,6.45,0,3.23,0,0,3.23,35.48,0,22.58,3.23,3.23,0,3.23,3.23,9.68,0,9.68,0,9.68,0,0,0,0,0,0,0,12.9,9.68,6.45,6.45,0,0,3.23,3.23,0,0,0,0,3.23,0,0,3.23,0,0,0,0,0,0,0,0,0,0,0,0,0,0,0,0,0,0,0,0,0,0,0,0,0,0,0,0,0,0,0,0,0,3.23,9.68,0,0,0,0,0,0,9.68,6.45,3.23,0,0,0,0,0
2587,seller,1,64,2.64,2.9,54.55,1.56,12.8,15.63,92.19,79.69,68.75,20.31,12.5,6.25,0,6.25,0,0,7.81,18.75,6.25,0,7.81,17.19,6.25,6.25,6.25,21.88,7.81,0,3.13,0,0,3.13,32.81,0,23.44,1.56,1.56,3.13,3.13,1.56,12.5,0,6.25,1.56,4.69,1.56,0,1.56,0,0,0,0,12.5,4.69,1.56,1.56,0,0,0,7.81,0,0,0,0,1.56,0,0,1.56,4.69,0,0,1.56,3.13,0,0,0,0,0,0,0,0,0,0,0,0,0,0,0,0,0,0,0,6.25,1.56,0,0,0,1.56,0,0,1.56,1.56,6.25,1.56,0,0,0,0,0,15.63,7.81,6.25,0,0,1.56,0,0
2587,seller,1,60,1.16,10.48,82.8,72.45,8.57,11.67,96.67,80,65,21.67,15,6.67,0,8.33,0,0,6.67,18.33,5,0,6.67,18.33,5,5,8.33,26.67,8.33,0,1.67,0,0,1.67,31.67,3.33,20,1.67,3.33,3.33,1.67,0,10,0,16.67,10,6.67,1.67,0,1.67,0,0,0,0,25,15,1.67,8.33,0,1.67,1.67,10,0,0,0,0,0,0,0,0,5,0,0,1.67,3.33,0,0,0,0,0,0,0,0,0,0,0,0,0,0,0,0,0,0,0,10,1.67,0,0,0,1.67,0,0,8.33,3.33,5,1.67,0,0,0,0,0,20,11.67,6.67,0,0,1.67,0,0
2587,seller,1,77,2.92,32.75,68.52,91.84,9.63,14.29,96.1,71.43,54.55,18.18,14.29,5.19,0,6.49,0,2.6,3.9,16.88,3.9,0,5.19,15.58,3.9,5.19,7.79,27.27,6.49,0,3.9,0,0,3.9,31.17,3.9,16.88,3.9,2.6,2.6,1.3,0,7.79,0,10.39,7.79,2.6,1.3,0,1.3,0,0,0,0,27.27,14.29,3.9,9.09,0,1.3,1.3,12.99,0,0,0,0,0,0,0,0,14.29,0,0,3.9,10.39,0,0,0,0,0,0,0,0,0,0,0,0,5.19,0,0,0,0,0,0,12.99,1.3,0,0,0,1.3,0,0,6.49,7.79,3.9,1.3,0,0,0,0,0,24.68,10.39,10.39,0,0,2.6,1.3,0
2587,seller,1,35,12.97,40.06,80.49,99,7,14.29,97.14,51.43,31.43,11.43,11.43,2.86,0,2.86,0,5.71,0,17.14,2.86,0,0,8.57,0,2.86,11.43,25.71,2.86,0,5.71,0,0,5.71,31.43,8.57,11.43,5.71,2.86,0,0,0,2.86,0,20,17.14,2.86,0,0,0,0,0,0,0,40,25.71,8.57,20,0,2.86,2.86,14.29,0,0,0,0,0,0,0,0,25.71,0,0,8.57,17.14,0,0,0,0,0,0,0,0,0,0,0,0,14.29,0,0,0,0,0,0,17.14,0,0,0,0,0,0,0,11.43,14.29,2.86,0,0,0,0,0,0,31.43,11.43,14.29,0,0,2.86,2.86,0
2588,buyer,1,36,4.55,1,59.49,2.17,7.2,27.78,77.78,58.33,52.78,25,13.89,13.89,0,0,0,0,11.11,13.89,8.33,0,0,11.11,5.56,2.78,2.78,13.89,2.78,0,0,0,0,0,30.56,0,2.78,0,0,0,0,0,2.78,0,2.78,0,2.78,0,0,0,0,0,0,0,5.56,5.56,0,0,0,2.78,2.78,0,0,0,0,0,2.78,0,0,2.78,2.78,0,0,2.78,0,0,0,0,0,0,0,0,0,0,0,0,0,5.56,0,0,0,0,0,0,0,0,0,0,0,0,0,0,2.78,16.67,2.78,5.56,0,0,0,0,0,22.22,13.89,2.78,0,0,5.56,0,0
2588,buyer,1,60,12.61,10.48,39.59,72.45,10,18.33,86.67,68.33,60,25,16.67,13.33,0,3.33,0,0,8.33,18.33,8.33,0,6.67,10,8.33,3.33,0,15,5,1.67,0,0,0,0,30,0,13.33,5,0,6.67,3.33,0,0,0,10,6.67,3.33,5,5,0,0,0,0,0,6.67,3.33,0,0,0,1.67,1.67,3.33,0,0,0,0,1.67,0,0,1.67,6.67,0,0,5,1.67,0,0,0,0,0,0,0,0,0,0,0,1.67,3.33,0,0,0,0,0,0,1.67,1.67,0,0,1.67,0,0,0,3.33,8.33,1.67,5,0,0,0,0,0,20,10,3.33,0,0,5,1.67,0
2588,buyer,1,76,2.1,1,52.19,80.5,8.44,11.84,88.16,75,65.79,25,14.47,11.84,0,2.63,0,0,10.53,18.42,6.58,0,5.26,11.84,7.89,5.26,5.26,17.11,5.26,1.32,0,0,0,0,32.89,1.32,15.79,3.95,0,5.26,3.95,0,3.95,0,9.21,6.58,2.63,3.95,3.95,0,0,0,0,0,5.26,2.63,0,0,0,1.32,1.32,2.63,0,0,0,0,1.32,0,0,1.32,5.26,0,0,2.63,2.63,0,1.32,0,0,0,0,0,0,0,0,0,1.32,5.26,0,0,0,0,0,0,2.63,2.63,0,0,1.32,1.32,0,0,2.63,6.58,3.95,3.95,0,0,0,0,0,18.42,11.84,2.63,0,0,2.63,1.32,0
2588,buyer,1,64,4.42,1,65.48,88.05,8,7.81,92.19,78.13,67.19,23.44,17.19,14.06,0,3.13,0,0,6.25,18.75,7.81,0,6.25,12.5,6.25,4.69,6.25,18.75,6.25,1.56,0,0,0,0,32.81,1.56,18.75,4.69,0,6.25,4.69,0,4.69,0,10.94,7.81,3.13,4.69,4.69,0,0,0,0,0,4.69,1.56,0,0,0,1.56,0,3.13,0,0,0,0,0,0,0,0,7.81,0,0,3.13,4.69,0,1.56,0,0,0,0,0,0,0,0,0,1.56,7.81,0,0,0,0,0,0,4.69,3.13,0,0,1.56,1.56,0,0,1.56,3.13,3.13,6.25,0,0,0,0,0,17.19,12.5,1.56,0,0,1.56,1.56,0
2588,buyer,1,33,1,1,71.27,20.23,4.71,6.06,87.88,78.79,63.64,21.21,12.12,12.12,0,0,0,0,9.09,15.15,6.06,0,0,15.15,3.03,6.06,12.12,21.21,6.06,0,0,0,0,0,36.36,6.06,12.12,0,0,0,3.03,0,9.09,0,6.06,3.03,3.03,0,0,0,0,0,0,0,3.03,3.03,0,0,0,3.03,0,0,0,0,0,0,0,0,0,0,6.06,0,0,0,6.06,0,3.03,0,0,0,0,0,0,0,0,0,0,12.12,0,0,0,0,0,0,9.09,3.03,0,0,0,3.03,0,0,0,6.06,6.06,6.06,3.03,0,3.03,0,0,18.18,18.18,0,0,0,0,0,0
2588,buyer,1,8,62.1,1.71,15.38,1,4,0,100,62.5,37.5,12.5,12.5,12.5,0,0,0,0,0,12.5,12.5,0,0,12.5,0,0,0,25,0,0,12.5,0,0,12.5,25,12.5,0,0,0,0,0,0,0,0,12.5,0,12.5,0,0,0,0,0,0,0,12.5,12.5,0,0,12.5,0,0,0,0,0,0,0,0,0,0,0,25,0,0,12.5,12.5,0,0,0,0,0,0,0,0,0,0,0,0,12.5,0,0,0,0,0,0,25,0,0,0,0,0,0,0,0,0,0,12.5,12.5,0,12.5,0,0,12.5,12.5,0,0,0,0,0,0
2588,buyer,1,9,1,1,10.18,1,9,11.11,88.89,66.67,55.56,22.22,22.22,11.11,0,11.11,0,0,0,11.11,0,0,0,11.11,11.11,0,22.22,11.11,0,0,11.11,0,0,11.11,33.33,22.22,11.11,0,0,11.11,0,0,11.11,0,11.11,0,11.11,0,0,0,0,0,0,0,22.22,11.11,0,0,11.11,0,0,11.11,0,0,0,0,0,0,0,0,11.11,0,0,11.11,0,0,0,0,0,0,0,0,0,0,0,0,0,0,0,0,0,0,0,0,33.33,0,0,0,0,0,0,0,0,0,11.11,0,11.11,0,11.11,0,0,33.33,11.11,11.11,0,0,11.11,0,0
2588,buyer,1,14,1,9.23,2.36,20.23,4.67,7.14,92.86,71.43,50,21.43,21.43,7.14,0,14.29,0,0,0,14.29,7.14,0,0,14.29,7.14,0,14.29,14.29,21.43,0,7.14,0,0,7.14,21.43,7.14,7.14,0,0,7.14,0,0,7.14,0,21.43,7.14,7.14,0,0,0,0,0,0,7.14,21.43,7.14,0,0,7.14,0,0,14.29,0,0,0,0,7.14,0,0,7.14,14.29,0,0,7.14,7.14,0,0,0,0,0,0,0,0,0,0,0,0,0,0,0,0,0,0,0,21.43,0,0,0,0,0,0,0,0,0,14.29,0,0,0,0,0,0,42.86,21.43,7.14,0,0,14.29,0,0
2588,buyer,1,14,1,9.23,2.36,99,3.5,7.14,92.86,71.43,50,21.43,21.43,7.14,0,14.29,0,0,0,14.29,7.14,0,0,14.29,7.14,0,14.29,14.29,21.43,0,0,0,0,0,21.43,7.14,7.14,0,0,7.14,0,0,7.14,0,21.43,14.29,0,0,0,0,0,0,0,7.14,14.29,0,0,0,0,0,0,14.29,0,0,0,0,7.14,0,0,7.14,14.29,0,0,7.14,7.14,0,0,0,0,0,0,0,0,0,0,0,0,7.14,0,0,0,0,0,0,21.43,0,0,0,0,0,0,0,0,0,14.29,0,0,0,0,0,0,42.86,21.43,7.14,0,0,14.29,0,0
2588,seller,1,46,4.38,91.69,4.38,,15.33,17.39,82.61,69.57,63.04,19.57,10.87,2.17,6.52,2.17,0,0,8.7,23.91,8.7,0,6.52,15.22,8.7,8.7,2.17,17.39,6.52,0,8.7,8.7,0,0,21.74,0,8.7,2.17,0,0,2.17,0,4.35,0,0,0,0,0,0,0,0,0,0,0,17.39,8.7,4.35,0,0,0,4.35,10.87,0,0,0,0,4.35,0,0,4.35,2.17,0,0,2.17,0,0,0,0,0,0,0,0,0,0,0,0,0,0,0,0,0,0,0,0,4.35,0,0,0,0,0,0,0,0,4.35,8.7,0,0,0,0,0,0,13.04,4.35,0,2.17,0,4.35,2.17,0
2588,seller,1,85,10.73,87.81,17.36,,17,14.12,85.88,69.41,64.71,18.82,11.76,3.53,4.71,3.53,0,0,7.06,23.53,8.24,0,9.41,11.76,9.41,8.24,2.35,14.12,3.53,0,7.06,5.88,0,1.18,21.18,1.18,7.06,2.35,0,0,1.18,0,2.35,0,0,0,0,0,0,0,0,0,0,0,16.47,8.24,4.71,2.35,0,0,1.18,9.41,0,0,0,0,4.71,0,0,4.71,3.53,0,0,1.18,2.35,0,0,0,0,0,0,0,0,0,0,0,0,1.18,0,0,0,0,0,0,4.71,3.53,0,0,2.35,1.18,0,0,2.35,1.18,9.41,1.18,0,0,0,0,0,9.41,5.88,0,0,0,2.35,1.18,0
2588,seller,1,89,5.99,97.39,48.97,36.25,12.71,13.48,91.01,70.79,65.17,22.47,15.73,4.49,4.49,6.74,0,0,6.74,21.35,6.74,0,10.11,12.36,8.99,8.99,1.12,15.73,2.25,0,5.62,4.49,0,1.12,24.72,1.12,6.74,3.37,0,0,1.12,0,2.25,0,1.12,1.12,0,0,0,0,0,0,0,0,21.35,10.11,4.49,2.25,0,0,1.12,11.24,0,0,0,0,3.37,0,0,3.37,6.74,0,0,3.37,3.37,0,0,0,0,0,0,0,0,0,0,0,0,2.25,0,0,0,0,0,0,5.62,4.49,0,0,3.37,1.12,0,0,4.49,2.25,8.99,2.25,0,0,0,0,0,10.11,7.87,0,0,0,1.12,1.12,0
2588,seller,1,72,16.96,99,59.49,40.61,12,11.11,91.67,69.44,63.89,20.83,16.67,4.17,2.78,9.72,0,0,4.17,20.83,8.33,0,9.72,9.72,6.94,8.33,1.39,13.89,1.39,0,4.17,2.78,0,1.39,25,1.39,6.94,4.17,0,0,1.39,0,1.39,0,1.39,1.39,0,0,0,0,0,0,0,0,22.22,9.72,4.17,2.78,0,0,0,12.5,0,0,0,0,2.78,0,0,2.78,9.72,0,0,5.56,4.17,0,0,0,0,0,0,0,0,0,0,0,0,2.78,0,0,0,0,0,0,5.56,5.56,0,0,4.17,1.39,0,0,5.56,1.39,6.94,4.17,0,0,0,0,0,8.33,6.94,0,1.39,0,0,0,0
2588,seller,1,48,10.19,99,80.79,52.41,12,16.67,93.75,58.33,45.83,18.75,16.67,2.08,2.08,8.33,0,4.17,2.08,14.58,4.17,0,4.17,10.42,2.08,8.33,2.08,18.75,4.17,2.08,6.25,2.08,0,4.17,31.25,0,12.5,8.33,0,0,2.08,0,4.17,0,2.08,2.08,0,0,0,0,0,0,0,0,29.17,10.42,6.25,4.17,0,0,0,18.75,0,0,0,0,0,0,0,0,25,0,0,10.42,14.58,0,0,0,0,0,0,0,0,0,0,0,0,10.42,0,2.08,0,0,0,0,8.33,4.17,0,0,4.17,0,0,0,4.17,8.33,4.17,4.17,0,0,0,0,0,20.83,6.25,8.33,2.08,0,2.08,2.08,0
2588,seller,1,35,12.97,72.87,91.58,,11.67,14.29,91.43,57.14,40,14.29,14.29,5.71,0,2.86,0,5.71,0,8.57,2.86,0,5.71,17.14,0,5.71,2.86,28.57,5.71,2.86,5.71,0,0,5.71,28.57,0,11.43,8.57,0,0,0,0,2.86,0,0,0,0,0,0,0,0,0,0,0,22.86,8.57,8.57,5.71,0,0,0,14.29,0,0,0,0,0,0,0,0,25.71,0,0,8.57,17.14,0,0,0,0,0,0,0,0,0,0,5.71,0,11.43,0,2.86,0,0,0,0,8.57,8.57,0,2.86,5.71,0,0,0,0,8.57,5.71,11.43,0,0,0,0,0,25.71,2.86,11.43,2.86,0,5.71,2.86,0
2588,seller,1,50,12.09,40.06,92.35,,25,22,90,48,30,12,12,4,0,0,0,8,0,8,0,0,4,14,0,4,6,26,6,4,8,0,0,8,26,0,14,8,0,0,0,0,6,0,0,0,0,0,0,0,0,0,0,0,26,10,10,8,0,0,0,16,0,0,0,0,0,0,0,0,32,0,0,8,24,0,0,0,0,0,0,0,0,0,0,4,0,16,0,4,0,0,0,0,12,8,0,2,6,0,0,0,0,10,6,6,0,0,0,0,0,32,4,16,0,0,8,4,0
2589,buyer,1,84,35.59,1,12.96,88.66,14,17.86,84.52,64.29,59.52,19.05,9.52,9.52,0,0,0,0,9.52,19.05,13.1,1.19,5.95,11.9,0,7.14,2.38,13.1,3.57,1.19,0,0,0,0,29.76,0,13.1,1.19,0,5.95,1.19,0,5.95,0,7.14,5.95,1.19,4.76,4.76,0,0,0,0,0,4.76,3.57,0,1.19,0,1.19,2.38,1.19,0,0,0,0,0,0,0,0,5.95,0,0,2.38,3.57,0,0,0,0,0,0,0,0,0,0,0,0,7.14,0,0,0,0,0,0,2.38,1.19,0,0,1.19,0,0,0,0,13.1,3.57,0,0,0,0,0,0,8.33,7.14,1.19,0,0,0,0,0
2589,buyer,1,93,32.41,1.48,58.85,84.42,15.5,16.13,82.8,63.44,59.14,17.2,8.6,7.53,0,1.08,0,0,8.6,19.35,12.9,1.08,6.45,11.83,1.08,8.6,3.23,13.98,2.15,1.08,0,0,0,0,25.81,0,9.68,1.08,0,3.23,1.08,0,5.38,0,6.45,5.38,1.08,2.15,2.15,0,0,0,0,0,6.45,4.3,0,0,0,1.08,3.23,2.15,0,0,0,0,1.08,0,0,1.08,5.38,0,0,3.23,2.15,0,0,0,0,0,0,0,0,0,0,0,0,4.3,0,0,0,0,0,0,3.23,5.38,0,2.15,5.38,0,0,0,1.08,9.68,4.3,2.15,0,0,0,0,0,7.53,6.45,1.08,0,0,0,0,0
2589,buyer,1,99,28.02,3.83,64.74,51.32,19.8,15.15,85.86,66.67,61.62,18.18,12.12,9.09,0,3.03,0,0,6.06,18.18,12.12,0,9.09,12.12,2.02,10.1,3.03,15.15,2.02,0,0,0,0,0,26.26,0,13.13,2.02,0,4.04,1.01,0,5.05,0,8.08,5.05,3.03,3.03,2.02,1.01,0,0,0,0,11.11,8.08,0,2.02,0,2.02,3.03,4.04,0,0,0,0,1.01,0,0,1.01,6.06,0,0,4.04,2.02,0,0,0,0,0,0,0,0,0,0,0,0,3.03,0,0,0,0,0,0,4.04,5.05,0,2.02,5.05,0,0,0,1.01,8.08,3.03,2.02,0,0,0,0,0,6.06,5.05,1.01,0,0,0,0,0
2589,buyer,1,70,24.37,13.3,97.09,20.23,23.33,11.43,90,71.43,64.29,22.86,18.57,12.86,0,5.71,0,0,4.29,15.71,8.57,0,15.71,10,2.86,11.43,2.86,12.86,2.86,1.43,0,0,0,0,18.57,0,10,2.86,0,1.43,0,0,2.86,0,8.57,4.29,4.29,1.43,0,1.43,0,0,0,0,17.14,11.43,0,2.86,0,2.86,2.86,7.14,0,0,0,0,1.43,0,0,1.43,5.71,0,0,5.71,0,0,0,0,0,0,0,0,0,0,0,0,0,0,0,0,0,0,0,0,5.71,7.14,0,2.86,7.14,0,0,0,1.43,1.43,2.86,4.29,1.43,0,1.43,0,0,7.14,4.29,2.86,0,0,0,0,0
2589,buyer,1,45,13.5,17.85,77.17,1,15,6.67,91.11,75.56,66.67,26.67,22.22,15.56,0,6.67,0,0,4.44,15.56,6.67,0,15.56,11.11,2.22,11.11,2.22,13.33,4.44,2.22,0,0,0,0,20,0,13.33,4.44,0,2.22,0,0,2.22,0,8.89,2.22,6.67,2.22,0,2.22,0,0,0,0,20,13.33,0,4.44,0,4.44,0,8.89,0,0,0,0,0,0,0,0,6.67,0,0,6.67,0,0,0,0,0,0,0,0,0,0,0,0,0,2.22,0,0,0,0,0,0,6.67,2.22,0,0,2.22,0,0,0,0,2.22,2.22,2.22,2.22,0,2.22,0,0,6.67,4.44,2.22,0,0,0,0,0
2589,seller,1,34,46.7,85.94,4.6,,11.33,23.53,91.18,64.71,58.82,17.65,11.76,2.94,5.88,2.94,0,0,5.88,17.65,8.82,0,14.71,11.76,2.94,5.88,2.94,11.76,5.88,2.94,5.88,5.88,0,0,20.59,0,8.82,0,0,2.94,0,0,2.94,0,0,0,0,0,0,0,0,0,0,0,14.71,5.88,0,0,0,0,2.94,8.82,0,0,0,0,2.94,0,0,2.94,11.76,0,0,5.88,5.88,0,0,0,0,0,0,0,0,0,0,0,0,2.94,0,0,0,0,0,0,5.88,5.88,0,0,5.88,0,0,0,0,8.82,5.88,0,0,0,0,0,0,8.82,5.88,0,2.94,0,0,0,0
2589,seller,1,34,22.63,40.06,26.78,66.58,8.5,17.65,91.18,70.59,58.82,20.59,11.76,5.88,5.88,0,0,0,8.82,14.71,5.88,0,14.71,14.71,2.94,5.88,2.94,17.65,8.82,2.94,5.88,5.88,0,0,20.59,0,5.88,0,0,2.94,0,0,2.94,0,2.94,2.94,0,0,0,0,0,0,0,0,11.76,5.88,0,0,0,0,2.94,5.88,0,0,0,0,2.94,0,0,2.94,8.82,0,0,2.94,5.88,0,0,0,0,0,0,0,0,0,0,0,0,2.94,0,0,0,0,0,0,5.88,8.82,0,0,8.82,0,0,0,0,5.88,8.82,2.94,0,0,0,0,0,14.71,11.76,0,0,0,2.94,0,0
2589,seller,1,38,36.67,82.58,33.61,61.63,7.6,10.53,92.11,78.95,63.16,21.05,15.79,7.89,2.63,5.26,0,0,5.26,10.53,7.89,0,21.05,13.16,2.63,13.16,0,15.79,13.16,5.26,5.26,2.63,0,2.63,13.16,0,2.63,0,0,2.63,0,0,0,0,7.89,5.26,2.63,0,0,0,0,0,0,0,13.16,5.26,2.63,0,0,0,0,7.89,0,0,0,0,0,0,0,0,7.89,0,0,2.63,5.26,0,0,0,0,0,0,0,0,0,0,0,0,2.63,0,0,0,0,0,0,10.53,10.53,0,0,10.53,0,0,0,0,0,10.53,2.63,0,0,0,0,0,15.79,13.16,0,0,0,2.63,0,0
2589,seller,1,44,16.24,86.82,50.45,55.62,8.8,18.18,88.64,63.64,45.45,18.18,13.64,4.55,0,4.55,0,4.55,4.55,9.09,2.27,0,11.36,11.36,2.27,9.09,2.27,18.18,11.36,4.55,6.82,0,0,6.82,18.18,0,6.82,4.55,0,0,0,0,2.27,0,6.82,4.55,2.27,0,0,0,0,0,0,0,20.45,6.82,6.82,4.55,0,0,0,13.64,0,0,0,0,0,0,0,0,20.45,0,0,4.55,15.91,0,0,0,0,0,0,0,0,0,0,0,0,11.36,0,2.27,0,0,0,0,11.36,6.82,0,0,6.82,0,0,0,0,4.55,6.82,2.27,0,0,0,0,0,27.27,11.36,9.09,0,0,4.55,2.27,0
2590,buyer,1,26,1,1,94.47,,26,7.69,100,84.62,76.92,34.62,23.08,19.23,0,3.85,0,0,11.54,11.54,3.85,0,11.54,11.54,3.85,3.85,11.54,19.23,0,0,3.85,0,0,3.85,23.08,3.85,7.69,0,0,0,0,0,7.69,0,0,0,0,0,0,0,0,0,0,0,11.54,7.69,0,3.85,0,0,3.85,3.85,0,0,0,0,0,0,0,0,7.69,0,0,0,7.69,0,0,0,0,0,0,0,0,0,0,0,0,3.85,0,0,0,0,0,0,3.85,0,0,0,0,0,0,0,0,7.69,3.85,0,0,0,0,0,0,3.85,0,0,3.85,0,0,0,0
2590,buyer,1,32,1.97,23.51,32.54,1.56,16,9.38,96.88,78.13,68.75,25,21.88,12.5,0,9.38,0,0,3.13,15.63,6.25,0,9.38,12.5,6.25,9.38,6.25,18.75,3.13,0,9.38,0,0,9.38,15.63,3.13,9.38,3.13,0,3.13,0,0,3.13,0,3.13,0,3.13,0,0,0,0,0,0,0,18.75,9.38,3.13,6.25,0,0,3.13,9.38,0,0,0,0,0,0,0,0,12.5,0,0,3.13,9.38,0,0,0,0,0,0,0,0,0,0,0,0,0,0,0,0,0,0,0,3.13,0,0,0,0,0,0,0,0,3.13,0,0,0,0,0,0,0,3.13,0,0,3.13,0,0,0,0
2590,buyer,1,55,2.01,61.66,74.91,5.35,27.5,16.36,96.36,74.55,63.64,21.82,18.18,7.27,0,10.91,0,0,3.64,14.55,7.27,0,7.27,10.91,7.27,12.73,5.45,20,1.82,0,3.64,0,0,3.64,23.64,0,18.18,7.27,3.64,3.64,1.82,0,5.45,0,1.82,0,1.82,0,0,0,0,0,0,0,14.55,3.64,1.82,1.82,0,0,1.82,10.91,0,0,0,0,0,0,0,0,10.91,0,0,5.45,5.45,0,0,0,0,0,0,0,0,0,0,0,0,1.82,0,0,0,0,0,0,7.27,0,0,0,0,0,0,0,5.45,3.64,3.64,0,0,0,0,0,0,5.45,0,1.82,1.82,0,1.82,0,0
2590,buyer,1,50,3.8,51.99,75.94,20.23,50,18,96,70,60,18,16,6,0,10,0,0,2,14,8,0,6,10,6,14,6,18,2,0,4,0,0,4,26,0,20,8,4,4,2,0,6,0,4,2,2,0,0,0,0,0,0,0,12,2,2,2,0,0,0,10,0,0,0,0,0,0,0,0,12,0,0,8,4,0,0,0,0,0,0,0,0,0,0,0,0,4,0,0,0,0,0,0,8,0,0,0,0,0,0,0,6,4,4,0,0,0,0,0,0,4,0,2,0,0,2,0,0
2590,seller,1,56,4.26,99,4.78,5.5,14,14.29,94.64,78.57,64.29,30.36,17.86,1.79,0,16.07,0,0,12.5,7.14,5.36,0,7.14,10.71,1.79,5.36,3.57,17.86,7.14,0,7.14,5.36,0,1.79,28.57,1.79,12.5,1.79,0,1.79,3.57,1.79,7.14,0,1.79,0,1.79,1.79,0,1.79,0,0,0,0,26.79,7.14,3.57,1.79,0,0,1.79,21.43,0,0,0,0,0,0,0,0,3.57,0,0,1.79,1.79,0,0,0,0,0,0,0,0,0,0,0,0,1.79,0,0,0,0,0,0,5.36,1.79,1.79,0,0,1.79,0,0,0,10.71,3.57,0,1.79,0,1.79,0,0,8.93,7.14,1.79,0,0,0,0,0
2590,seller,1,63,2.35,99,45.24,1.48,12.6,14.29,95.24,80.95,68.25,31.75,22.22,4.76,0,17.46,0,0,9.52,11.11,4.76,0,7.94,12.7,1.59,6.35,3.17,19.05,6.35,0,3.17,1.59,0,1.59,31.75,1.59,17.46,4.76,1.59,1.59,6.35,0,7.94,0,3.17,0,3.17,1.59,0,1.59,0,0,0,0,25.4,6.35,1.59,1.59,0,1.59,1.59,19.05,0,0,0,0,0,0,0,0,7.94,0,0,4.76,3.17,0,0,0,0,0,0,0,0,0,0,0,0,0,0,0,0,0,0,0,6.35,1.59,1.59,0,0,1.59,0,0,1.59,7.94,3.17,1.59,1.59,0,1.59,0,0,9.52,7.94,1.59,0,0,0,0,0
2590,seller,1,64,3.43,96.89,75.23,1.56,12.8,20.31,92.19,65.63,53.13,25,20.31,4.69,0,12.5,0,3.13,4.69,12.5,3.13,0,4.69,10.94,1.56,6.25,4.69,18.75,6.25,1.56,4.69,0,0,4.69,28.13,0,20.31,7.81,1.56,1.56,4.69,0,7.81,0,3.13,0,3.13,1.56,0,1.56,0,0,0,0,28.13,9.38,4.69,4.69,0,1.56,1.56,18.75,0,0,0,0,0,0,0,0,20.31,0,0,7.81,12.5,0,0,0,0,0,0,0,0,0,0,0,0,6.25,0,1.56,0,0,0,0,7.81,1.56,0,0,1.56,0,0,0,1.56,6.25,3.13,1.56,0,0,0,0,0,18.75,7.81,6.25,0,0,3.13,1.56,0
2591,buyer,1,37,3.48,25.5,87,62.77,12.33,5.41,94.59,72.97,62.16,35.14,29.73,21.62,0,5.41,2.7,0,5.41,21.62,5.41,0,8.11,16.22,0,2.7,0,24.32,2.7,0,0,0,0,0,24.32,0,13.51,5.41,0,5.41,2.7,0,2.7,0,2.7,2.7,0,0,0,0,0,0,0,0,21.62,8.11,2.7,2.7,0,2.7,0,16.22,5.41,0,0,8.11,0,0,0,0,8.11,0,0,0,8.11,0,0,0,0,0,0,0,0,0,0,0,0,0,0,0,0,0,0,0,8.11,2.7,0,0,2.7,0,0,0,0,0,16.22,2.7,0,0,0,0,0,10.81,5.41,2.7,0,0,2.7,0,0
2591,buyer,1,51,3.11,88.96,73.43,50.31,17,7.84,96.08,78.43,66.67,33.33,29.41,17.65,0,9.8,1.96,0,3.92,17.65,3.92,0,9.8,13.73,1.96,5.88,0,23.53,3.92,1.96,3.92,3.92,0,0,25.49,0,15.69,3.92,0,3.92,3.92,1.96,3.92,0,1.96,1.96,0,0,0,0,0,0,0,0,25.49,5.88,0,0,0,1.96,0,21.57,5.88,1.96,0,5.88,0,0,0,0,5.88,0,0,1.96,5.88,0,0,0,0,0,0,0,0,0,0,0,0,1.96,0,1.96,0,0,0,0,9.8,1.96,0,0,1.96,0,0,0,0,0,11.76,3.92,0,0,0,0,0,9.8,3.92,3.92,0,0,1.96,0,0
2591,buyer,1,40,2.5,89.5,95.54,59.44,20,7.5,100,82.5,67.5,32.5,32.5,20,0,12.5,0,0,0,12.5,2.5,0,10,12.5,2.5,7.5,0,25,5,2.5,5,5,0,0,25,0,17.5,2.5,0,5,5,2.5,5,0,2.5,2.5,0,0,0,0,0,0,0,0,27.5,7.5,0,0,0,2.5,0,22.5,5,2.5,0,2.5,0,0,0,0,7.5,0,0,2.5,7.5,0,0,0,0,0,0,0,0,0,0,0,0,2.5,0,2.5,0,0,0,0,12.5,5,0,2.5,2.5,0,0,0,0,0,10,2.5,0,0,0,0,0,12.5,5,5,0,0,2.5,0,0
2591,seller,1,104,6.51,62.84,11.63,49.66,17.33,10.58,95.19,81.73,65.38,21.15,15.38,5.77,6.73,0,1.92,0,5.77,19.23,4.81,0,8.65,12.5,5.77,6.73,3.85,25,4.81,5.77,11.54,8.65,0,2.88,28.85,1.92,18.27,2.88,4.81,5.77,0,0,4.81,0,7.69,4.81,2.88,0.96,0,0.96,0,0,0,0,20.19,8.65,3.85,1.92,0,0,0,11.54,1.92,0,1.92,1.92,0,0,0,0,2.88,0,0,0.96,1.92,0,0,0,0,0,0,0,0,0,0,0,0.96,1.92,0,0,0,0,0,0,6.73,4.81,0,0,4.81,0,0,0,0.96,1.92,11.54,0.96,0,0,0,0,0,10.58,4.81,5.77,0,0,0,0,0
2591,seller,1,119,13.53,55.09,24.32,72.85,17,9.24,95.8,81.51,63.87,19.33,15.13,6.72,5.04,0.84,1.68,0,4.2,16.81,4.2,0.84,10.92,10.08,5.88,8.4,2.52,22.69,5.88,6.72,8.4,6.72,0,1.68,26.05,1.68,16.81,3.36,4.2,4.2,1.68,0,4.2,0,8.4,5.88,2.52,0.84,0,0.84,0,0,0,0,19.33,9.24,3.36,1.68,0,0,0.84,10.08,1.68,0,1.68,1.68,0,0,0,0,4.2,0,0,2.52,2.52,0,0,0,0,0,0,0,0,0,0,0,0.84,2.52,0,0.84,0,0,0,0,9.24,4.2,0,0,4.2,0,0,0,1.68,0.84,9.24,0.84,1.68,0,1.68,0,0,8.4,5.04,3.36,0,0,0,0,0
2593,buyer,1,39,38.2,26.18,48.76,2.7,13,10.26,79.49,69.23,53.85,25.64,23.08,15.38,0,7.69,0,0,2.56,17.95,12.82,2.56,2.56,5.13,0,5.13,0,15.38,2.56,5.13,0,0,0,0,17.95,0,10.26,0,2.56,5.13,0,0,2.56,0,2.56,0,2.56,0,0,0,0,0,0,0,10.26,2.56,0,0,0,2.56,0,7.69,0,0,0,0,0,0,0,0,7.69,0,0,2.56,5.13,0,0,0,0,0,0,0,0,0,0,0,2.56,0,0,0,0,0,0,0,2.56,2.56,0,2.56,2.56,0,0,0,0,5.13,2.56,5.13,2.56,0,2.56,0,0,7.69,5.13,0,2.56,0,0,0,0
2593,buyer,1,42,42.52,88.15,72.58,3.2,10.5,4.76,78.57,69.05,57.14,26.19,23.81,11.9,0,11.9,0,0,2.38,19.05,11.9,2.38,7.14,7.14,2.38,2.38,0,14.29,2.38,4.76,0,0,0,0,14.29,0,9.52,2.38,0,4.76,0,0,2.38,0,2.38,0,2.38,2.38,0,2.38,0,0,0,0,11.9,0,0,0,0,0,0,11.9,0,0,0,0,0,0,0,0,2.38,0,0,2.38,0,0,0,0,0,0,0,0,0,0,0,0,0,0,0,0,0,0,0,0,2.38,7.14,0,4.76,4.76,0,0,0,0,2.38,4.76,4.76,2.38,0,2.38,0,0,9.52,4.76,0,4.76,0,0,0,0
2593,buyer,1,29,28.28,99,67.94,1.05,7.25,0,86.21,75.86,58.62,24.14,24.14,10.34,0,13.79,0,0,0,17.24,10.34,3.45,6.9,10.34,3.45,3.45,0,17.24,3.45,3.45,0,0,0,0,13.79,0,10.34,3.45,0,6.9,0,0,0,0,3.45,0,3.45,3.45,0,3.45,0,0,0,0,13.79,0,0,0,0,0,0,13.79,0,0,0,0,0,0,0,0,3.45,0,0,3.45,0,0,0,0,0,0,0,0,0,0,0,0,0,0,0,0,0,0,0,0,6.9,10.34,0,6.9,6.9,0,0,0,0,0,6.9,3.45,6.9,0,6.9,0,0,13.79,6.9,0,6.9,0,0,0,0
2593,buyer,1,19,22.98,99,33.61,1,6.33,5.26,94.74,78.95,57.89,26.32,26.32,10.53,0,15.79,0,0,0,15.79,10.53,0,10.53,5.26,10.53,5.26,0,15.79,5.26,0,5.26,0,0,5.26,15.79,0,15.79,5.26,0,10.53,0,0,0,0,5.26,0,5.26,5.26,0,5.26,0,0,0,0,21.05,5.26,5.26,5.26,0,0,0,15.79,0,0,0,0,0,0,0,0,5.26,0,0,5.26,0,0,0,0,0,0,0,0,0,0,0,0,5.26,0,0,0,0,0,0,0,5.26,10.53,0,5.26,5.26,0,0,0,0,0,5.26,0,5.26,0,5.26,0,0,10.53,5.26,0,5.26,0,0,0,0
2593,buyer,1,7,18.12,1,1,,3.5,14.29,100,85.71,42.86,14.29,14.29,14.29,0,0,0,0,0,14.29,14.29,0,0,0,14.29,14.29,0,14.29,0,0,14.29,0,0,14.29,14.29,0,14.29,0,0,14.29,0,0,0,0,0,0,0,0,0,0,0,0,0,0,14.29,14.29,14.29,14.29,0,0,0,0,0,0,0,0,0,0,0,0,0,0,0,0,0,0,0,0,0,0,0,0,0,0,0,0,14.29,0,0,0,0,0,0,0,28.57,0,0,0,0,0,0,0,0,0,0,0,28.57,0,28.57,0,0,28.57,28.57,0,0,0,0,0,0
2593,buyer,1,8,26.1,1.71,1,99,4,12.5,100,62.5,37.5,12.5,12.5,12.5,0,0,0,0,0,12.5,12.5,0,0,0,12.5,12.5,0,12.5,0,0,12.5,0,0,12.5,12.5,0,12.5,0,0,12.5,0,0,0,0,12.5,12.5,0,0,0,0,0,0,0,0,12.5,12.5,12.5,12.5,0,0,0,0,0,0,0,0,0,0,0,0,12.5,0,0,12.5,0,0,0,0,0,0,0,0,0,0,0,0,12.5,12.5,0,0,0,0,0,0,12.5,0,0,0,0,0,0,0,0,0,0,0,12.5,0,12.5,0,0,12.5,12.5,0,0,0,0,0,0
2593,seller,1,22,81.89,99,1,20.23,5.5,31.82,95.45,77.27,59.09,18.18,13.64,0,9.09,4.55,0,0,4.55,13.64,13.64,0,13.64,9.09,4.55,0,0,9.09,18.18,0,13.64,9.09,0,4.55,31.82,0,22.73,4.55,4.55,9.09,4.55,0,4.55,0,18.18,9.09,9.09,13.64,9.09,4.55,0,0,0,0,18.18,4.55,4.55,4.55,0,0,0,13.64,0,0,0,0,0,0,0,0,0,0,0,0,0,0,0,0,0,0,0,0,0,0,0,0,0,0,0,0,0,0,0,0,0,0,0,0,0,0,0,0,0,4.55,0,4.55,0,0,0,0,0,13.64,9.09,0,4.55,0,0,0,0
2593,seller,1,25,39.7,99,1,1,6.25,24,96,80,56,24,24,4,16,4,0,0,0,16,8,0,8,12,0,0,0,16,16,4,20,16,0,4,24,0,24,8,0,12,4,0,0,0,20,8,12,16,8,8,0,0,0,0,28,8,4,4,0,0,0,20,0,0,0,0,0,0,0,0,4,0,0,4,0,0,0,0,0,0,0,0,0,0,0,0,0,0,0,0,0,0,0,0,0,0,0,0,0,0,0,0,0,0,0,0,4,0,4,0,0,16,12,0,4,0,0,0,0
2593,seller,1,14,1,99,24.32,20.23,4.67,14.29,92.86,85.71,57.14,28.57,28.57,7.14,14.29,7.14,0,0,0,14.29,0,0,0,21.43,0,0,0,28.57,14.29,7.14,14.29,14.29,0,0,28.57,0,21.43,14.29,0,7.14,0,0,0,0,14.29,7.14,7.14,14.29,7.14,7.14,0,0,0,0,28.57,7.14,0,0,0,0,0,21.43,0,0,0,0,0,0,0,0,7.14,0,0,7.14,0,0,0,0,0,0,0,0,0,0,0,0,0,0,0,0,0,0,0,0,0,0,0,0,0,0,0,0,0,7.14,0,0,7.14,0,7.14,0,0,14.29,7.14,0,7.14,0,0,0,0
2593,seller,1,17,1,99,46.57,1,5.67,17.65,94.12,82.35,58.82,29.41,29.41,5.88,17.65,5.88,0,0,0,11.76,0,0,0,23.53,0,0,0,29.41,11.76,5.88,23.53,17.65,0,5.88,35.29,0,17.65,11.76,0,5.88,0,0,0,0,5.88,0,5.88,5.88,0,5.88,0,0,0,0,35.29,11.76,5.88,5.88,0,0,0,23.53,0,0,0,0,0,0,0,0,5.88,0,0,5.88,0,0,0,0,0,0,0,0,0,0,0,0,0,0,0,0,0,0,0,0,0,0,0,0,0,0,0,0,5.88,17.65,0,0,5.88,0,5.88,0,0,17.65,11.76,0,5.88,0,0,0,0
2593,seller,1,26,4.85,93.13,30.98,,13,30.77,88.46,46.15,34.62,11.54,11.54,0,3.85,0,0,7.69,0,11.54,0,0,0,15.38,0,3.85,7.69,23.08,3.85,0,15.38,3.85,0,11.54,34.62,3.85,11.54,7.69,0,0,0,0,3.85,0,0,0,0,0,0,0,0,0,0,0,30.77,11.54,11.54,11.54,0,0,0,19.23,0,0,0,0,0,0,0,0,30.77,0,0,7.69,23.08,0,0,0,0,0,0,0,0,0,0,0,0,15.38,0,0,0,0,0,0,15.38,0,0,0,0,0,0,0,3.85,19.23,3.85,0,0,0,0,0,0,30.77,7.69,15.38,0,0,3.85,3.85,0
2594,buyer,1,50,82.95,1.98,22.74,1,10,6,96,76,64,18,14,14,0,0,0,0,4,20,12,0,18,12,2,2,0,16,10,2,2,0,0,2,14,0,10,4,0,6,0,0,0,0,10,0,10,8,0,8,0,2,0,0,12,10,6,4,0,2,2,2,2,0,0,2,0,0,0,0,8,0,0,4,4,0,2,2,2,0,0,0,0,0,0,0,0,4,0,0,0,0,0,0,6,2,0,0,2,0,0,0,0,4,2,0,0,0,0,0,0,12,10,2,0,0,0,0,0
2594,buyer,1,46,66.69,1,85.35,1,9.2,4.35,95.65,76.09,67.39,21.74,15.22,15.22,0,0,0,0,6.52,19.57,10.87,0,17.39,10.87,2.17,4.35,0,13.04,8.7,2.17,2.17,0,0,2.17,15.22,0,10.87,4.35,0,4.35,2.17,0,2.17,0,8.7,0,8.7,8.7,0,8.7,0,2.17,0,0,10.87,8.7,6.52,4.35,0,0,2.17,2.17,2.17,0,0,2.17,0,0,0,0,6.52,0,0,4.35,2.17,0,2.17,2.17,2.17,0,0,0,0,0,0,0,0,0,0,0,0,0,0,0,4.35,4.35,0,2.17,4.35,0,0,0,0,4.35,2.17,0,0,0,0,0,0,13.04,8.7,2.17,2.17,0,0,0,0
2594,buyer,1,44,26.1,5.27,66.42,3.56,7.33,2.27,97.73,81.82,70.45,25,15.91,13.64,0,2.27,0,0,9.09,20.45,9.09,0,13.64,13.64,4.55,4.55,0,18.18,9.09,2.27,2.27,0,0,2.27,15.91,0,9.09,2.27,0,4.55,2.27,0,2.27,0,11.36,4.55,6.82,6.82,0,6.82,0,2.27,0,0,13.64,9.09,6.82,4.55,0,0,4.55,4.55,2.27,0,0,2.27,0,0,0,0,4.55,0,0,2.27,2.27,0,2.27,2.27,2.27,0,0,0,0,0,0,0,0,0,0,0,0,0,0,0,4.55,4.55,0,2.27,4.55,0,0,0,0,4.55,4.55,0,0,0,0,0,0,13.64,11.36,0,2.27,0,0,0,0
2594,buyer,1,34,7.78,85.94,46.57,95.42,8.5,17.65,88.24,55.88,44.12,17.65,11.76,2.94,0,2.94,0,5.88,5.88,17.65,2.94,0,0,8.82,2.94,5.88,2.94,17.65,5.88,2.94,5.88,0,0,5.88,23.53,2.94,8.82,5.88,0,0,2.94,0,2.94,0,5.88,5.88,0,0,0,0,0,0,0,0,23.53,8.82,8.82,8.82,0,0,2.94,14.71,0,0,0,0,0,0,0,0,23.53,0,0,5.88,17.65,0,0,0,0,0,0,0,0,0,0,0,0,11.76,0,0,0,0,0,0,11.76,2.94,0,2.94,2.94,0,0,0,0,5.88,5.88,0,0,0,0,0,0,26.47,8.82,11.76,2.94,0,0,2.94,0
2594,seller,1,58,28.28,30.46,43.66,46.24,14.5,15.52,91.38,75.86,63.79,17.24,10.34,6.9,0,3.45,0,0,6.9,22.41,8.62,0,12.07,13.79,6.9,6.9,0,17.24,8.62,3.45,5.17,1.72,0,3.45,27.59,3.45,12.07,3.45,1.72,1.72,0,1.72,3.45,0,5.17,3.45,1.72,1.72,0,1.72,0,0,0,0,13.79,10.34,8.62,6.9,0,0,1.72,5.17,0,0,0,0,1.72,0,0,1.72,5.17,0,0,1.72,3.45,0,0,0,0,0,0,0,0,0,0,0,0,0,0,0,0,0,0,0,0,0,0,0,0,0,0,0,5.17,3.45,6.9,1.72,0,0,0,0,0,6.9,5.17,1.72,0,0,0,0,0
2594,seller,1,65,35.28,17.19,73.25,68.66,16.25,18.46,90.77,73.85,63.08,16.92,12.31,7.69,0,4.62,0,0,4.62,16.92,9.23,0,13.85,13.85,4.62,9.23,0,15.38,7.69,3.08,3.08,0,0,3.08,26.15,1.54,13.85,3.08,1.54,3.08,1.54,0,6.15,0,6.15,4.62,1.54,1.54,0,1.54,0,0,0,0,15.38,10.77,6.15,6.15,0,0,1.54,4.62,0,0,0,0,0,0,0,0,4.62,0,0,1.54,3.08,0,0,0,0,0,0,0,0,0,0,3.08,0,0,0,0,0,0,0,0,1.54,3.08,0,1.54,3.08,0,0,0,3.08,3.08,10.77,3.08,0,0,0,0,0,9.23,6.15,3.08,0,0,0,0,0
2594,seller,1,49,38.51,64.19,51.8,96.32,12.25,22.45,89.8,71.43,59.18,16.33,14.29,6.12,0,8.16,0,0,2.04,14.29,8.16,0,12.24,14.29,4.08,6.12,0,16.33,8.16,4.08,6.12,2.04,0,4.08,24.49,2.04,8.16,0,0,2.04,2.04,0,6.12,0,6.12,6.12,0,0,0,0,0,0,0,0,22.45,14.29,6.12,8.16,0,0,2.04,8.16,0,0,0,0,0,0,0,0,4.08,0,0,0,4.08,0,0,0,0,0,0,0,0,0,0,4.08,0,0,0,0,0,0,0,0,2.04,4.08,0,2.04,4.08,0,0,0,2.04,2.04,14.29,4.08,0,0,0,0,0,12.24,8.16,4.08,0,0,0,0,0
2594,seller,1,31,51.31,40.06,58.85,99,7.75,25.81,90.32,61.29,51.61,12.9,12.9,6.45,0,6.45,0,0,0,9.68,9.68,0,9.68,16.13,0,6.45,0,16.13,6.45,3.23,6.45,3.23,0,3.23,22.58,0,9.68,0,0,3.23,3.23,0,6.45,0,9.68,9.68,0,0,0,0,0,0,0,0,19.35,12.9,0,6.45,0,0,0,6.45,0,0,0,0,0,0,0,0,6.45,0,0,3.23,3.23,0,0,0,0,0,0,0,0,0,0,6.45,0,3.23,0,0,0,0,0,0,3.23,6.45,0,3.23,6.45,0,0,0,0,3.23,16.13,6.45,0,0,0,0,0,12.9,9.68,3.23,0,0,0,0,0
2595,buyer,1,117,4.85,1,85.43,11.52,9.75,14.53,84.62,65.81,51.28,20.51,15.38,11.11,0,0.85,2.56,0.85,5.13,12.82,2.56,0,5.98,11.97,2.56,7.69,4.27,21.37,5.13,1.71,1.71,0,0,1.71,22.22,0,11.11,2.56,1.71,2.56,0.85,0,5.98,0,2.56,0.85,1.71,0.85,0,0.85,0,0.85,0,0,7.69,1.71,1.71,1.71,0,0,0,5.98,1.71,0,0,4.27,0,0,0,0,5.98,0.85,0.85,0.85,3.42,0,1.71,1.71,0.85,0,0,0,0,0,0,0,0.85,5.13,0,0,0,0,0,0,6.84,8.55,2.56,0,5.98,0.85,0,0,3.42,9.4,6.84,0.85,0,0,0,0,0,11.97,11.97,0,0,0,0,0,0
2595,buyer,1,114,6.22,4.44,84.38,20.23,9.5,14.04,85.96,65.79,50,19.3,15.79,10.53,0.88,0.88,2.63,0.88,3.51,12.28,2.63,0,6.14,12.28,2.63,8.77,2.63,22.81,5.26,1.75,2.63,0.88,0,1.75,22.81,0,12.28,3.51,1.75,3.51,0.88,0,5.26,0,3.51,1.75,1.75,1.75,0.88,0.88,0,0.88,0,0,8.77,1.75,1.75,1.75,0,0,0,7.02,1.75,0,0,4.39,0,0,0,0,7.02,0.88,0.88,1.75,3.51,0,1.75,1.75,0.88,0,0,0,0,0,0,0,0.88,4.39,0,0,0,0,0,0,7.89,9.65,2.63,0.88,6.14,0.88,0,0,3.51,7.89,7.02,1.75,0,0,0,0,0,12.28,10.53,0,1.75,0,0,0,0
2595,buyer,1,116,10.98,18.39,67.94,46.24,8.92,14.66,87.93,72.41,52.59,18.97,15.52,8.62,0.86,2.59,2.59,0.86,3.45,11.21,3.45,0,8.62,12.07,3.45,7.76,2.59,22.41,8.62,2.59,4.31,1.72,1.72,0.86,24.14,0,12.07,4.31,0.86,3.45,0.86,0,5.17,0,6.9,4.31,2.59,2.59,0.86,1.72,0.86,0.86,0,0,12.93,4.31,4.31,2.59,0,0.86,0.86,8.62,0.86,0,0,4.31,0,0,0,0,6.9,0.86,0.86,2.59,2.59,0,1.72,1.72,0.86,0,0,0,0,0,0,0,0,3.45,0,0,0,0,0,0,8.62,7.76,0.86,0.86,5.17,0.86,0,0.86,2.59,2.59,9.48,1.72,0,0,0,0,0,12.93,11.21,0,1.72,0,0,0,0
2595,buyer,1,43,24.69,67.32,69.5,99,6.14,11.63,95.35,81.4,53.49,23.26,20.93,11.63,2.33,6.98,0,0,2.33,9.3,6.98,0,9.3,9.3,2.33,6.98,0,25.58,9.3,2.33,11.63,4.65,4.65,2.33,27.91,0,16.28,4.65,2.33,4.65,2.33,0,4.65,0,13.95,11.63,2.33,4.65,2.33,2.33,2.33,0,0,0,23.26,11.63,11.63,6.98,0,2.33,4.65,11.63,0,0,0,2.33,0,0,0,0,4.65,0,0,4.65,0,0,0,0,0,0,0,0,0,0,0,0,0,0,0,0,0,0,0,0,6.98,4.65,0,2.33,0,0,0,2.33,2.33,0,11.63,2.33,0,0,0,0,0,16.28,11.63,0,4.65,0,0,0,0
2595,buyer,1,54,28.44,80.61,52.89,93.93,9,18.52,92.59,68.52,42.59,18.52,16.67,7.41,0,5.56,0,3.7,1.85,9.26,3.7,0,7.41,7.41,1.85,5.56,1.85,22.22,9.26,3.7,11.11,1.85,3.7,5.56,24.07,0,12.96,5.56,1.85,1.85,1.85,0,3.7,0,9.26,7.41,1.85,1.85,0,1.85,1.85,0,0,0,27.78,12.96,12.96,9.26,0,1.85,3.7,14.81,0,0,0,1.85,0,0,0,0,16.67,0,0,5.56,11.11,0,0,0,0,0,0,0,0,0,0,0,0,7.41,0,1.85,0,0,0,0,9.26,3.7,0,0,1.85,0,0,1.85,1.85,3.7,9.26,0,0,0,0,0,0,22.22,11.11,7.41,0,0,1.85,1.85,0
2595,seller,1,119,13.53,99,40.59,6.01,9.92,11.76,87.39,74.79,61.34,21.85,17.65,3.36,1.68,11.76,0,0,4.2,18.49,7.56,1.68,7.56,11.76,3.36,5.88,3.36,18.49,7.56,5.04,5.04,1.68,0,3.36,24.37,2.52,8.4,3.36,0.84,0,0.84,0.84,3.36,0,3.36,0.84,2.52,1.68,0,1.68,0,0.84,0,0,20.17,5.88,1.68,1.68,0.84,1.68,1.68,15.13,0,0,0,0,0,0,0,0,6.72,0,0,2.52,4.2,0,0,0,0,0,0,0,0,0,0,0,0,2.52,0,0.84,0,0,0,0,5.04,4.2,0,0.84,3.36,0,0,0,2.52,6.72,4.2,4.2,0,0,0,0,0,14.29,9.24,0.84,0.84,0,3.36,0,0
2595,seller,1,124,15.7,99,53.11,20.23,10.33,9.68,89.52,77.42,62.9,24.19,20.16,4.84,1.61,12.9,0,0,4.03,17.74,5.65,1.61,10.48,11.29,1.61,6.45,2.42,17.74,8.87,5.65,3.23,1.61,0,1.61,23.39,2.42,6.45,3.23,0.81,0,0.81,0,2.42,0,4.84,2.42,2.42,1.61,0,1.61,0,0.81,0,0,20.97,5.65,1.61,1.61,0.81,1.61,1.61,16.13,0,0,0,0,0,0,0,0,7.26,0,0,2.42,4.84,0,0,0,0,0,0,0,0,0,0,0,0,1.61,0,1.61,0,0,0,0,5.65,4.84,0,0.81,4.03,0,0,0,3.23,5.65,4.03,4.84,0,0,0,0,0,13.71,8.87,0.81,0.81,0,3.23,0,0
2595,seller,1,72,22.81,99,59.49,83,9,8.33,88.89,76.39,65.28,26.39,22.22,8.33,2.78,11.11,0,0,4.17,18.06,5.56,2.78,13.89,11.11,2.78,5.56,0,13.89,9.72,6.94,4.17,2.78,0,1.39,18.06,0,5.56,4.17,0,0,1.39,0,1.39,0,6.94,5.56,1.39,2.78,1.39,1.39,0,0,0,0,18.06,4.17,2.78,1.39,0,0,0,13.89,0,0,0,0,0,0,0,0,8.33,0,0,2.78,5.56,0,0,0,0,0,0,0,0,0,0,0,0,2.78,0,2.78,0,0,0,0,6.94,2.78,0,0,2.78,0,0,0,2.78,1.39,5.56,4.17,0,0,0,0,0,15.28,9.72,0,1.39,0,4.17,0,0
2595,seller,1,36,6.92,99,59.49,99,7.2,5.56,86.11,75,63.89,30.56,25,8.33,5.56,11.11,0,0,5.56,13.89,5.56,0,11.11,11.11,5.56,5.56,0,16.67,8.33,2.78,5.56,5.56,0,0,16.67,0,2.78,2.78,0,0,0,0,0,0,11.11,11.11,0,2.78,2.78,0,0,0,0,0,22.22,5.56,5.56,2.78,0,0,2.78,16.67,0,0,0,0,0,0,0,0,5.56,0,0,0,5.56,0,0,0,0,0,0,0,0,0,0,0,0,2.78,0,2.78,0,0,0,0,11.11,2.78,0,0,2.78,0,0,0,5.56,2.78,5.56,2.78,0,0,0,0,0,19.44,13.89,0,0,0,5.56,0,0
2595,seller,1,17,1,99,46.57,99,4.25,11.76,94.12,76.47,64.71,35.29,23.53,5.88,11.76,5.88,0,0,11.76,11.76,5.88,0,0,17.65,11.76,5.88,0,29.41,0,0,11.76,11.76,0,0,23.53,0,5.88,5.88,0,0,0,0,0,0,17.65,17.65,0,5.88,5.88,0,0,0,0,0,29.41,11.76,11.76,5.88,0,0,5.88,17.65,0,0,0,0,0,0,0,0,5.88,0,0,5.88,0,0,0,0,0,0,0,0,0,0,0,0,0,11.76,0,0,0,0,0,0,17.65,0,0,0,0,0,0,0,5.88,5.88,11.76,0,0,0,0,0,0,23.53,17.65,0,0,0,5.88,0,0
2596,buyer,1,121,45.12,59.73,27.81,31.61,12.1,11.57,89.26,76.86,63.64,16.53,12.4,6.61,0.83,4.13,0,0.83,4.13,16.53,9.92,0.83,14.05,13.22,4.96,6.61,0.83,19.83,6.61,2.48,2.48,2.48,0,0,19.83,0,10.74,1.65,0,4.13,3.31,0,2.48,0,7.44,4.13,3.31,4.13,0.83,3.31,0,0,0,0,13.22,4.96,4.13,3.31,0,0,2.48,8.26,0.83,0,0,0,0,0,0,0,3.31,0,0,1.65,1.65,0,0.83,0.83,0.83,0,0,0,0,0,0,0,0,3.31,0,0,0,0,0,2.48,9.09,4.13,0,2.48,4.13,0,0,0,1.65,2.48,3.31,1.65,0,0,0,0,0,9.92,5.79,1.65,1.65,0,0.83,0,0
2596,buyer,1,108,41.36,80.61,33.29,48.44,12,12.96,91.67,80.56,64.81,16.67,12.04,5.56,0.93,4.63,0,0.93,4.63,16.67,9.26,0.93,14.81,12.96,6.48,7.41,0,20.37,8.33,2.78,2.78,2.78,0,0,21.3,0,11.11,1.85,0,3.7,3.7,0.93,1.85,0,9.26,5.56,3.7,4.63,0.93,3.7,0,0,0,0,13.89,4.63,4.63,2.78,0,0,2.78,9.26,0.93,0,0,0,0,0,0,0,2.78,0,0,1.85,0.93,0,0.93,0.93,0.93,0,0,0,0,0,0,0,0,2.78,0,0,0,0,0,2.78,10.19,4.63,0,2.78,4.63,0,0,0,2.78,1.85,3.7,1.85,0,0,0,0,0,10.19,6.48,0.93,0.93,0.93,0.93,0,0
2596,buyer,1,73,17.73,94.56,67.02,93.52,12.17,20.55,90.41,69.86,54.79,16.44,15.07,5.48,0,5.48,0,4.11,1.37,10.96,2.74,0,12.33,8.22,9.59,9.59,0,17.81,5.48,2.74,2.74,0,0,2.74,20.55,0,9.59,4.11,0,0,2.74,1.37,1.37,0,10.96,8.22,2.74,4.11,1.37,2.74,0,0,0,0,21.92,8.22,8.22,6.85,0,0,4.11,13.7,0,0,0,0,0,0,0,0,13.7,0,0,4.11,9.59,0,0,0,0,0,0,0,0,0,0,0,0,6.85,0,0,0,0,0,0,12.33,4.11,0,1.37,4.11,0,0,0,4.11,4.11,2.74,2.74,0,0,0,0,0,17.81,6.85,6.85,0,1.37,1.37,1.37,0
2596,seller,1,69,23.51,85.5,34.62,65.92,23,14.49,94.2,75.36,63.77,18.84,13.04,4.35,2.9,5.8,0,0,5.8,17.39,7.25,0,13.04,11.59,4.35,8.7,2.9,15.94,7.25,2.9,4.35,2.9,1.45,0,26.09,5.8,7.25,1.45,0,2.9,0,0,1.45,0,5.8,4.35,1.45,0,0,0,0,0,0,0,21.74,13.04,2.9,2.9,0,1.45,7.25,8.7,0,0,0,0,1.45,0,0,1.45,4.35,0,0,2.9,1.45,0,0,0,0,0,0,0,0,0,0,0,0,1.45,0,0,0,0,0,0,8.7,7.25,0,2.9,7.25,0,0,0,1.45,8.7,4.35,1.45,1.45,0,1.45,0,0,5.8,2.9,1.45,0,0,1.45,0,0
2596,seller,1,43,11.27,67.32,11.94,56.53,21.5,13.95,95.35,76.74,65.12,25.58,16.28,6.98,2.33,6.98,0,0,9.3,20.93,9.3,0,9.3,13.95,0,6.98,4.65,18.6,4.65,0,4.65,2.33,2.33,0,30.23,6.98,13.95,2.33,0,4.65,0,0,2.33,0,6.98,4.65,2.33,0,0,0,0,0,0,0,23.26,13.95,4.65,2.33,0,2.33,4.65,9.3,0,0,0,0,0,0,0,0,4.65,0,0,4.65,0,0,0,0,0,0,0,0,0,0,0,0,0,2.33,0,0,0,0,0,0,11.63,2.33,0,2.33,2.33,0,0,0,0,4.65,4.65,2.33,2.33,0,2.33,0,0,9.3,2.33,2.33,0,2.33,2.33,0,0
2596,seller,1,22,12.37,96.39,5.07,99,11,22.73,95.45,68.18,59.09,22.73,18.18,4.55,4.55,9.09,0,0,4.55,18.18,4.55,0,9.09,9.09,0,4.55,9.09,18.18,0,0,4.55,4.55,0,0,31.82,9.09,13.64,4.55,0,0,0,0,0,0,9.09,9.09,0,0,0,0,0,0,0,0,27.27,13.64,4.55,4.55,0,0,9.09,13.64,0,0,0,0,0,0,0,0,9.09,0,0,9.09,0,0,0,0,0,0,0,0,0,0,0,0,0,4.55,0,0,0,0,0,0,13.64,0,0,0,0,0,0,0,0,4.55,0,4.55,0,0,0,0,0,9.09,0,4.55,0,4.55,0,0,0
2597,buyer,1,100,26.1,5.42,63.35,50.98,11.11,12,83,62,55,17,12,9,0,3,0,0,5,16,11,1,7,10,4,7,5,15,2,0,1,0,1,0,26,4,11,2,1,2,2,1,4,0,4,3,1,0,0,0,0,0,0,0,8,2,1,2,0,0,1,6,1,0,0,1,0,0,0,0,8,0,0,4,4,0,0,0,0,0,0,0,0,0,0,0,0,2,0,0,0,0,0,0,7,5,0,2,3,1,0,0,2,9,3,2,0,0,0,0,0,14,8,2,1,0,0,3,0
2597,buyer,1,124,26.1,26.9,69.74,20.23,10.33,9.68,84.68,66.13,59.68,16.94,12.9,7.26,1.61,4.03,0,0,4.03,17.74,9.68,0.81,8.87,10.48,4.03,8.06,4.03,14.52,4.03,1.61,2.42,1.61,0.81,0,29.03,4.84,12.9,3.23,0.81,2.42,2.42,0.81,4.84,0,4.84,2.42,2.42,0,0,0,0,0,0,0,9.68,1.61,0.81,0.81,0,0,0,8.06,0.81,0,0,0.81,0,0,0,0,7.26,0,0,4.03,3.23,0,0,0,0,0,0,0,0,0,0,0,0,1.61,0,0.81,0,0,0.81,0,6.45,5.65,0,2.42,4.03,0.81,0,0,1.61,6.45,4.84,2.42,0,0,0,0,0,12.9,8.87,0.81,0.81,0,0,2.42,0
2597,buyer,1,106,37.52,34.68,62.07,5.02,9.64,10.38,85.85,66.98,58.49,14.15,12.26,5.66,1.89,4.72,0,0,1.89,18.87,11.32,0.94,7.55,10.38,2.83,7.55,4.72,15.09,4.72,1.89,2.83,1.89,0.94,0,29.25,5.66,14.15,3.77,0.94,2.83,2.83,0,5.66,0,3.77,0.94,2.83,0,0,0,0,0,0,0,11.32,2.83,0.94,0.94,0,0,0,8.49,0,0,0,0,0,0,0,0,8.49,0,0,4.72,3.77,0,0,0,0,0,0,0,0,0,0,0,0,0.94,0,0.94,0,0,0.94,0,9.43,5.66,0,2.83,3.77,0.94,0,0,0.94,4.72,6.6,1.89,0.94,0,0.94,0,0,12.26,9.43,0.94,0.94,0,0,0.94,0
2597,buyer,1,63,33.38,82.74,45.24,1.48,7.88,14.29,88.89,71.43,60.32,19.05,19.05,7.94,3.17,7.94,0,0,0,19.05,9.52,0,7.94,11.11,1.59,6.35,1.59,14.29,9.52,3.17,4.76,3.17,0,1.59,28.57,3.17,15.87,4.76,0,4.76,1.59,0,4.76,0,6.35,1.59,4.76,1.59,0,1.59,0,0,0,0,15.87,4.76,1.59,1.59,0,0,0,11.11,0,0,0,0,0,0,0,0,11.11,0,0,7.94,3.17,0,0,0,0,0,0,0,0,0,0,0,0,1.59,0,1.59,0,0,1.59,0,7.94,3.17,0,1.59,3.17,0,0,0,0,3.17,11.11,1.59,1.59,0,1.59,0,0,12.7,9.52,0,3.17,0,0,0,0
2597,buyer,1,33,63.17,40.06,29.49,20.23,6.6,24.24,84.85,66.67,48.48,18.18,18.18,12.12,0,6.06,0,0,0,15.15,12.12,0,6.06,6.06,0,6.06,0,12.12,6.06,0,6.06,0,0,6.06,15.15,0,9.09,3.03,0,3.03,0,0,0,0,6.06,3.03,3.03,3.03,0,3.03,0,0,0,0,18.18,12.12,9.09,9.09,0,0,3.03,6.06,0,0,0,0,0,0,0,0,12.12,0,0,9.09,3.03,0,0,0,0,0,0,0,0,0,0,0,0,0,0,0,0,0,0,0,12.12,0,0,0,0,0,0,0,3.03,3.03,9.09,0,6.06,0,6.06,0,0,18.18,12.12,3.03,3.03,0,0,0,0
2597,buyer,1,29,58.3,60.57,21.61,74.09,5.8,24.14,86.21,62.07,48.28,17.24,17.24,10.34,0,6.9,0,0,0,13.79,10.34,0,6.9,6.9,0,6.9,0,10.34,6.9,0,6.9,0,0,6.9,13.79,0,10.34,3.45,0,3.45,0,0,0,0,10.34,6.9,3.45,3.45,0,3.45,0,0,0,0,17.24,10.34,10.34,10.34,0,0,3.45,6.9,0,0,0,0,0,0,0,0,13.79,0,0,13.79,0,0,0,0,0,0,0,0,0,0,0,0,0,3.45,0,0,0,0,0,0,6.9,0,0,0,0,0,0,0,3.45,3.45,6.9,0,3.45,0,3.45,0,0,17.24,10.34,3.45,3.45,0,0,0,0
2597,seller,1,78,10.19,40.06,81.58,8.34,19.5,15.38,91.03,73.08,61.54,21.79,12.82,3.85,0,8.97,0,0,8.97,14.1,8.97,1.28,8.97,11.54,7.69,5.13,5.13,15.38,7.69,1.28,2.56,1.28,1.28,0,32.05,1.28,17.95,5.13,0,1.28,6.41,0,8.97,0,3.85,1.28,2.56,0,0,0,0,0,0,0,11.54,2.56,2.56,0,0,0,0,8.97,0,0,0,0,0,0,0,0,8.97,0,0,3.85,5.13,0,0,0,0,0,0,0,0,0,0,0,0,2.56,0,0,0,0,0,0,3.85,5.13,0,0,3.85,0,1.28,0,2.56,5.13,8.97,1.28,0,0,0,0,0,8.97,1.28,1.28,2.56,0,3.85,0,0
2597,seller,1,72,10.19,9.74,97.72,20.23,36,16.67,88.89,69.44,59.72,16.67,11.11,4.17,1.39,5.56,0,0,5.56,12.5,8.33,1.39,8.33,11.11,9.72,6.94,5.56,12.5,8.33,1.39,4.17,2.78,1.39,0,33.33,1.39,22.22,5.56,0,1.39,9.72,0,11.11,0,5.56,2.78,2.78,0,0,0,0,0,0,0,9.72,2.78,2.78,0,0,0,0,6.94,0,0,0,0,0,0,0,0,9.72,0,0,2.78,6.94,0,0,0,0,0,0,0,0,0,0,0,0,2.78,0,0,0,0,0,0,2.78,5.56,0,1.39,5.56,0,0,0,2.78,1.39,8.33,1.39,0,0,0,0,0,5.56,0,1.39,1.39,0,2.78,0,0
2597,seller,1,43,14.99,87.48,96.19,3.38,43,23.26,86.05,65.12,53.49,18.6,16.28,4.65,2.33,9.3,0,0,2.33,9.3,9.3,2.33,2.33,9.3,6.98,4.65,2.33,11.63,9.3,2.33,2.33,2.33,0,0,23.26,0,16.28,6.98,0,0,9.3,0,6.98,0,6.98,2.33,4.65,0,0,0,0,0,0,0,13.95,2.33,2.33,0,0,0,0,11.63,0,0,0,0,0,0,0,0,13.95,0,0,4.65,9.3,0,0,0,0,0,0,0,0,0,0,0,0,2.33,0,0,0,0,0,0,2.33,4.65,0,2.33,4.65,0,0,0,2.33,2.33,2.33,4.65,2.33,0,2.33,0,0,4.65,0,4.65,0,0,0,0,0
2597,seller,1,48,13.27,84.23,39.59,52.41,16,22.92,83.33,64.58,60.42,20.83,18.75,6.25,6.25,6.25,0,0,2.08,14.58,8.33,0,6.25,12.5,4.17,4.17,4.17,14.58,4.17,0,8.33,6.25,0,2.08,22.92,0,16.67,0,2.08,2.08,4.17,2.08,6.25,0,2.08,2.08,0,0,0,0,0,0,0,0,18.75,6.25,4.17,2.08,0,0,0,12.5,0,0,0,0,2.08,0,0,2.08,8.33,0,0,2.08,6.25,0,0,0,0,0,0,0,0,0,0,0,0,2.08,0,0,0,0,0,0,2.08,2.08,0,2.08,2.08,0,0,0,2.08,6.25,2.08,2.08,2.08,0,2.08,0,0,6.25,4.17,2.08,0,0,0,0,0
2597,seller,1,59,25.06,97.95,7.47,,19.67,25.42,81.36,54.24,49.15,18.64,16.95,5.08,3.39,5.08,0,3.39,1.69,15.25,6.78,0,5.08,11.86,1.69,3.39,1.69,16.95,1.69,0,8.47,3.39,0,5.08,22.03,0,11.86,3.39,1.69,1.69,0,1.69,1.69,0,0,0,0,0,0,0,0,0,0,0,22.03,6.78,5.08,5.08,0,0,0,15.25,0,0,0,0,1.69,0,0,1.69,18.64,0,0,5.08,13.56,0,0,0,0,0,0,0,0,0,0,0,0,6.78,0,0,0,0,0,0,6.78,0,0,0,0,0,0,0,1.69,8.47,3.39,1.69,1.69,0,1.69,0,0,15.25,5.08,8.47,0,0,0,1.69,0
2599,buyer,1,14,1,1,72.58,98.65,14,7.14,100,85.71,71.43,21.43,14.29,14.29,0,0,0,0,7.14,21.43,14.29,0,0,21.43,21.43,0,0,28.57,14.29,7.14,0,0,0,0,21.43,0,7.14,0,0,7.14,0,0,0,0,7.14,7.14,0,0,0,0,0,0,0,0,0,0,0,0,0,0,0,0,0,0,0,0,0,0,0,0,14.29,0,0,0,14.29,0,0,0,0,0,0,0,0,0,0,0,7.14,0,0,7.14,0,0,0,0,0,14.29,0,0,14.29,0,0,0,0,0,7.14,7.14,7.14,0,7.14,0,0,0,0,0,0,0,0,0,0
2599,buyer,1,12,10.19,1,39.59,99,12,8.33,100,91.67,58.33,25,16.67,16.67,0,0,0,0,8.33,16.67,8.33,0,8.33,16.67,8.33,0,0,33.33,25,8.33,0,0,0,0,16.67,0,8.33,0,0,8.33,0,0,0,0,8.33,8.33,0,0,0,0,0,0,0,0,0,0,0,0,0,0,0,0,0,0,0,0,0,0,0,0,8.33,0,0,0,8.33,0,0,0,0,0,0,0,0,0,0,0,8.33,0,0,8.33,0,0,0,0,8.33,16.67,0,0,8.33,0,8.33,0,0,0,0,8.33,8.33,0,8.33,0,0,0,0,0,0,0,0,0,0
2599,buyer,1,9,1.78,2.75,10.18,99,9,11.11,88.89,88.89,55.56,22.22,11.11,11.11,0,0,0,0,11.11,11.11,0,0,11.11,22.22,11.11,0,0,33.33,22.22,0,0,0,0,0,11.11,0,0,0,0,0,0,0,0,0,11.11,11.11,0,0,0,0,0,0,0,0,0,0,0,0,0,0,0,0,0,0,0,0,0,0,0,0,0,0,0,0,0,0,0,0,0,0,0,0,0,0,0,0,0,0,0,0,0,0,0,0,11.11,11.11,0,0,0,0,11.11,0,0,0,0,11.11,22.22,0,11.11,11.11,0,0,0,0,0,0,0,0,0
2599,buyer,1,7,99,,,99,7,0,85.71,57.14,14.29,0,0,0,0,0,0,0,0,0,0,0,14.29,0,0,0,0,14.29,14.29,0,0,0,0,0,0,0,0,0,0,0,0,0,0,0,28.57,28.57,0,0,0,0,0,0,0,0,0,0,0,0,0,0,0,0,0,0,0,0,0,0,0,0,14.29,0,0,14.29,0,0,0,0,0,0,0,0,0,0,0,0,0,14.29,0,0,0,0,0,0,14.29,14.29,0,0,0,0,14.29,0,0,0,0,0,14.29,0,0,14.29,0,0,0,0,0,0,0,0,0
2599,seller,1,23,82.28,40.06,44.75,1,23,21.74,100,73.91,56.52,8.7,8.7,4.35,0,4.35,0,0,0,26.09,13.04,4.35,13.04,4.35,4.35,8.7,4.35,13.04,8.7,4.35,4.35,0,4.35,0,30.43,4.35,17.39,13.04,0,0,0,4.35,0,0,4.35,0,4.35,0,0,0,0,0,0,0,8.7,4.35,0,0,0,0,4.35,4.35,0,0,0,0,0,0,0,0,13.04,0,0,4.35,8.7,0,0,0,0,0,0,0,0,0,0,0,0,0,0,0,0,0,0,0,13.04,4.35,0,0,0,0,4.35,0,0,4.35,0,8.7,0,0,0,0,0,0,0,0,0,0,0,0,0
2599,seller,1,36,33.38,72.07,89.39,20.23,36,19.44,100,77.78,63.89,13.89,11.11,5.56,2.78,2.78,0,0,2.78,25,13.89,5.56,5.56,11.11,8.33,8.33,0,19.44,5.56,5.56,5.56,2.78,2.78,0,25,0,13.89,11.11,0,0,0,2.78,0,0,5.56,2.78,2.78,2.78,2.78,0,0,0,0,0,8.33,2.78,0,0,0,0,2.78,5.56,0,0,0,0,0,0,0,0,8.33,0,0,5.56,2.78,0,0,0,0,0,0,0,0,0,0,0,0,0,0,0,0,0,0,0,13.89,5.56,0,2.78,2.78,0,2.78,0,2.78,5.56,5.56,5.56,0,0,0,0,0,0,0,0,0,0,0,0,0
2599,seller,1,42,18.12,79.51,72.58,57.46,42,19.05,92.86,54.76,45.24,11.9,9.52,2.38,2.38,0,0,4.76,2.38,16.67,7.14,2.38,2.38,11.9,4.76,7.14,2.38,21.43,0,2.38,9.52,2.38,2.38,4.76,26.19,0,11.9,9.52,0,0,0,0,2.38,0,2.38,2.38,0,2.38,2.38,0,0,0,0,0,19.05,7.14,4.76,4.76,0,0,2.38,11.9,0,0,0,0,0,0,0,0,21.43,0,0,7.14,14.29,0,0,0,0,0,0,0,0,0,0,0,0,9.52,0,0,0,0,0,0,19.05,4.76,0,2.38,2.38,0,2.38,0,2.38,11.9,7.14,2.38,0,0,0,0,0,16.67,2.38,9.52,0,0,2.38,2.38,0
2600,buyer,1,100,26.1,40.06,28.56,34.28,14.29,15,91,76,68,19,15,8,2,4,0,1,4,16,6,1,14,16,3,5,2,18,8,3,3,2,0,1,26,0,19,3,1,7,4,0,4,0,8,4,3,5,3,1,0,0,0,0,9,1,1,1,0,0,0,8,0,0,0,0,0,0,0,0,5,0,0,3,3,0,2,0,0,0,0,0,0,0,0,0,1,1,0,0,0,0,0,1,2,7,0,0,4,1,1,1,3,4,2,1,0,0,0,0,0,7,4,0,3,0,0,0,0
2600,buyer,1,84,26.1,16.63,39.59,20.23,14,14.29,91.67,75,66.67,15.48,11.9,7.14,1.19,2.38,0,1.19,3.57,17.86,7.14,2.38,11.9,16.67,3.57,5.95,2.38,19.05,8.33,3.57,2.38,1.19,0,1.19,26.19,0,19.05,3.57,1.19,5.95,4.76,0,4.76,0,5.95,2.38,2.38,3.57,1.19,1.19,0,0,0,0,7.14,1.19,1.19,1.19,0,0,0,5.95,0,0,0,0,0,0,0,0,5.95,0,0,2.38,4.76,0,2.38,0,0,0,0,0,0,0,0,0,1.19,1.19,0,0,0,0,0,1.19,2.38,7.14,0,0,3.57,1.19,1.19,1.19,3.57,3.57,2.38,1.19,0,0,0,0,0,8.33,3.57,0,3.57,0,0,1.19,0
2600,buyer,1,70,48.23,79.51,24.32,20.23,11.67,15.71,94.29,77.14,64.29,15.71,14.29,5.71,1.43,5.71,0,1.43,1.43,14.29,8.57,1.43,14.29,14.29,2.86,5.71,1.43,17.14,10,2.86,2.86,1.43,0,1.43,20,0,15.71,4.29,0,5.71,1.43,0,2.86,0,7.14,2.86,2.86,2.86,0,1.43,0,0,0,0,12.86,2.86,2.86,2.86,0,0,1.43,10,0,0,0,0,0,0,0,0,7.14,0,0,2.86,5.71,0,2.86,0,0,0,0,0,0,0,0,0,1.43,0,0,1.43,0,0,0,0,4.29,7.14,0,0,4.29,1.43,0,1.43,2.86,0,2.86,1.43,1.43,0,1.43,0,0,10,5.71,0,2.86,0,0,1.43,0
2600,buyer,1,46,66.69,97.92,29.9,53.96,11.5,19.57,89.13,56.52,41.3,10.87,10.87,2.17,0,4.35,0,4.35,0,13.04,8.7,2.17,6.52,10.87,0,4.35,0,17.39,6.52,4.35,4.35,0,0,4.35,19.57,0,10.87,8.7,0,2.17,0,0,0,0,2.17,2.17,0,0,0,0,0,0,0,0,19.57,6.52,6.52,6.52,0,0,2.17,13.04,0,0,0,0,0,0,0,0,21.74,0,0,4.35,17.39,0,0,0,0,0,0,0,0,0,0,0,0,8.7,0,4.35,0,0,0,0,10.87,6.52,0,0,6.52,0,0,0,0,4.35,4.35,0,2.17,0,2.17,0,0,21.74,6.52,8.7,2.17,0,0,4.35,0
2600,seller,1,75,47.65,91.22,79.53,7.99,10.71,6.67,94.67,74.67,60,24,20,8,1.33,10.67,0,0,4,16,5.33,0,14.67,5.33,1.33,6.67,0,9.33,10.67,1.33,5.33,2.67,0,2.67,17.33,1.33,13.33,5.33,1.33,1.33,4,0,5.33,0,9.33,4,5.33,5.33,1.33,4,0,0,0,0,21.33,9.33,4,2.67,0,0,0,12,0,0,0,0,0,0,0,0,6.67,0,0,4,2.67,0,2.67,0,0,0,0,0,0,0,0,0,0,1.33,0,0,0,0,0,0,6.67,6.67,0,0,2.67,1.33,1.33,1.33,2.67,2.67,2.67,5.33,4,0,4,0,0,10.67,9.33,1.33,0,0,0,0,0
2600,seller,1,80,47.15,85.69,78.67,20.23,10,6.25,93.75,73.75,60,23.75,18.75,7.5,1.25,10,0,0,5,16.25,7.5,0,12.5,6.25,1.25,6.25,0,10,10,3.75,5,2.5,0,2.5,18.75,1.25,15,5,1.25,3.75,3.75,0,6.25,0,7.5,3.75,3.75,3.75,1.25,2.5,0,0,0,0,18.75,7.5,3.75,2.5,0,0,0,11.25,0,0,0,0,0,0,0,0,6.25,0,0,2.5,3.75,0,2.5,0,0,0,0,0,0,0,0,0,0,1.25,0,1.25,0,0,0,0,7.5,8.75,0,0,5,1.25,1.25,1.25,2.5,2.5,2.5,2.5,2.5,0,2.5,0,0,11.25,8.75,1.25,1.25,0,0,0,0
2600,seller,1,52,31.07,73.15,57.98,94.96,7.43,3.85,92.31,71.15,57.69,23.08,17.31,7.69,1.92,7.69,0,0,5.77,15.38,5.77,0,9.62,7.69,1.92,5.77,0,9.62,9.62,5.77,3.85,1.92,0,1.92,17.31,1.92,11.54,3.85,0,3.85,3.85,0,5.77,0,5.77,5.77,0,3.85,3.85,0,0,0,0,0,15.38,5.77,1.92,1.92,0,0,0,9.62,0,0,0,0,0,0,0,0,3.85,0,0,0,3.85,0,0,0,0,0,0,0,0,0,0,0,0,0,0,1.92,0,0,0,0,11.54,7.69,0,0,3.85,0,3.85,0,1.92,0,1.92,3.85,5.77,0,5.77,0,0,15.38,11.54,1.92,1.92,0,0,0,0
2600,seller,1,25,12.09,40.06,85.71,99,6.25,0,92,64,52,20,16,8,0,8,0,0,4,8,8,0,4,8,4,12,0,8,8,8,0,0,0,0,16,0,16,4,0,8,4,0,8,0,8,8,0,4,4,0,0,0,0,0,8,0,0,0,0,0,0,8,0,0,0,0,0,0,0,0,8,0,0,4,4,0,0,0,0,0,0,0,0,0,0,0,0,4,0,4,0,0,0,0,12,12,0,0,8,0,4,0,4,0,0,0,4,0,4,0,0,12,8,0,4,0,0,0,0
2602,buyer,1,144,66.04,16.26,77.17,29.6,16,10.42,86.11,66.67,56.94,15.97,12.5,8.33,0,3.47,0,0,3.47,15.97,10.42,0.69,13.89,9.03,2.78,6.94,0.69,13.19,4.17,1.39,2.78,0.69,0,2.08,20.83,0.69,11.81,2.08,0.69,2.08,4.86,0,4.17,0,3.47,2.08,1.39,1.39,0,1.39,0,0,0,0,9.03,4.17,2.78,2.08,0,0,2.08,4.86,0.69,0,0,0.69,0,0,0,0,6.94,0,0,2.08,4.86,0,0,0,0,0,0,0,0,0,0,0,0,3.47,0,0.69,0,0,0,0.69,4.86,6.94,0,1.39,6.94,0,0,0,1.39,3.47,3.47,0,0.69,0,0.69,0,0,11.11,6.25,4.17,0,0,0,0.69,0
2602,buyer,1,111,40.23,50.79,68.14,62.77,13.88,10.81,89.19,68.47,59.46,18.92,16.22,9.01,0,6.31,0,0,2.7,18.92,8.11,0.9,12.61,9.01,4.5,7.21,0.9,12.61,3.6,0.9,4.5,1.8,0,2.7,20.72,1.8,11.71,1.8,1.8,1.8,4.5,0,2.7,0,6.31,4.5,1.8,1.8,0,1.8,0,0,0,0,15.32,7.21,6.31,3.6,0,0,2.7,8.11,0.9,0,0,0.9,0,0,0,0,7.21,0,0,2.7,4.5,0,0,0,0,0,0,0,0,0,0,0,0,1.8,0,0,0,0,0,0,3.6,6.31,0,1.8,6.31,0,0,0,0.9,2.7,3.6,0.9,0.9,0,0.9,0,0,12.61,7.21,4.5,0,0,0,0.9,0
2602,buyer,1,51,20.45,93.56,21.25,99,10.2,11.76,94.12,74.51,58.82,21.57,19.61,7.84,0,11.76,0,0,1.96,17.65,5.88,1.96,9.8,9.8,3.92,5.88,1.96,17.65,5.88,1.96,7.84,3.92,0,3.92,15.69,1.96,7.84,1.96,1.96,0,3.92,0,1.96,0,13.73,11.76,1.96,1.96,0,1.96,0,0,0,0,25.49,13.73,11.76,7.84,0,0,7.84,11.76,0,0,0,0,0,0,0,0,7.84,0,0,3.92,3.92,0,0,0,0,0,0,0,0,0,0,0,0,0,0,0,0,0,0,0,1.96,1.96,0,0,1.96,0,0,0,0,1.96,3.92,5.88,0,0,0,0,0,11.76,7.84,3.92,0,0,0,0,0
2602,buyer,1,46,11.2,76.75,9.43,99,15.33,19.57,91.3,60.87,45.65,15.22,13.04,4.35,0,4.35,0,4.35,2.17,15.22,2.17,0,4.35,13.04,2.17,4.35,4.35,26.09,2.17,0,8.7,2.17,0,6.52,23.91,2.17,10.87,4.35,2.17,0,2.17,0,2.17,0,8.7,8.7,0,0,0,0,0,0,0,0,26.09,13.04,13.04,10.87,0,0,4.35,13.04,0,0,0,0,0,0,0,0,19.57,0,0,4.35,15.22,0,0,0,0,0,0,0,0,0,0,0,0,8.7,0,0,0,0,0,0,8.7,0,0,0,0,0,0,0,0,8.7,4.35,6.52,0,0,0,0,0,23.91,6.52,13.04,0,0,2.17,2.17,0
2602,seller,1,84,26.1,27.1,64.98,37.34,12,21.43,85.71,65.48,50,19.05,16.67,8.33,0,7.14,0,1.19,2.38,13.1,5.95,3.57,8.33,9.52,2.38,4.76,3.57,15.48,4.76,7.14,0,0,0,0,26.19,0,16.67,3.57,1.19,2.38,4.76,0,7.14,0,3.57,2.38,1.19,2.38,1.19,1.19,0,0,0,0,15.48,5.95,1.19,0,0,0,1.19,9.52,0,0,0,0,3.57,0,0,3.57,8.33,1.19,0,2.38,5.95,0,0,0,0,0,0,0,0,0,0,0,0,1.19,0,0,0,0,0,1.19,3.57,2.38,1.19,0,1.19,0,0,0,2.38,2.38,5.95,1.19,0,0,0,0,0,10.71,7.14,1.19,1.19,0,1.19,0,0
2602,seller,1,75,32.18,70.96,63.35,39.67,10.71,17.33,89.33,65.33,48,21.33,18.67,9.33,0,9.33,0,0,2.67,12,4,5.33,9.33,8,2.67,2.67,1.33,14.67,2.67,10.67,0,0,0,0,21.33,0,12,4,0,1.33,4,0,4,0,4,2.67,1.33,2.67,1.33,1.33,0,0,0,0,17.33,6.67,2.67,1.33,0,0,1.33,10.67,0,0,0,0,2.67,0,0,2.67,10.67,1.33,0,4,8,0,0,0,0,0,0,0,0,0,0,0,0,1.33,0,0,0,0,0,1.33,6.67,4,1.33,0,2.67,0,0,0,1.33,1.33,4,2.67,1.33,0,1.33,0,0,13.33,8,1.33,1.33,0,1.33,1.33,0
2602,seller,1,57,31.8,85.76,87.88,46.76,14.25,12.28,92.98,66.67,54.39,21.05,19.3,8.77,1.75,8.77,0,0,1.75,15.79,3.51,3.51,10.53,7.02,3.51,5.26,0,10.53,5.26,8.77,3.51,3.51,0,0,22.81,0,8.77,1.75,0,0,5.26,0,3.51,0,5.26,3.51,1.75,1.75,0,1.75,0,0,0,0,19.3,8.77,3.51,3.51,0,0,3.51,10.53,0,0,0,0,1.75,0,0,1.75,10.53,1.75,0,3.51,7.02,0,0,0,0,0,0,0,0,0,0,0,0,1.75,0,0,0,0,0,3.51,7.02,8.77,3.51,0,5.26,0,0,0,5.26,1.75,3.51,3.51,1.75,0,1.75,0,0,12.28,5.26,1.75,1.75,0,1.75,1.75,0
2602,seller,1,38,36.67,55.75,84.38,92.27,12.67,10.53,97.37,63.16,52.63,18.42,18.42,10.53,2.63,5.26,0,0,0,15.79,2.63,2.63,10.53,5.26,2.63,7.89,0,7.89,5.26,7.89,5.26,5.26,0,0,15.79,0,5.26,0,0,0,5.26,0,2.63,0,5.26,5.26,0,0,0,0,0,0,0,0,18.42,10.53,5.26,5.26,0,0,2.63,7.89,0,0,0,0,2.63,0,0,2.63,13.16,0,0,5.26,10.53,0,0,0,0,0,0,0,0,0,0,0,0,5.26,0,0,0,0,0,2.63,7.89,7.89,2.63,0,5.26,0,0,0,5.26,0,2.63,2.63,2.63,0,2.63,0,0,7.89,5.26,0,0,0,0,2.63,0
2603,buyer,1,24,10.19,6.61,3.81,99,8,20.83,79.17,54.17,45.83,20.83,16.67,12.5,0,4.17,0,0,4.17,8.33,8.33,8.33,0,12.5,4.17,4.17,0,20.83,4.17,0,0,0,0,0,29.17,0,16.67,0,0,8.33,4.17,0,4.17,0,12.5,12.5,0,8.33,8.33,0,0,0,0,0,12.5,8.33,8.33,8.33,0,0,4.17,4.17,0,0,0,0,0,0,0,0,4.17,0,0,0,4.17,0,0,0,0,0,0,0,0,0,0,0,8.33,0,0,0,0,0,0,0,0,0,0,0,0,0,0,0,0,8.33,8.33,0,0,0,0,0,0,25,8.33,4.17,0,0,4.17,8.33,0
2603,buyer,1,15,22.17,77.41,1.91,97.84,7.5,33.33,86.67,60,46.67,13.33,13.33,6.67,0,6.67,0,0,0,13.33,6.67,13.33,0,13.33,6.67,0,0,26.67,6.67,6.67,0,0,0,0,20,0,0,0,0,0,0,0,0,0,20,13.33,6.67,6.67,0,6.67,0,6.67,0,0,26.67,20,13.33,13.33,6.67,0,20,6.67,0,0,0,0,0,0,0,0,0,0,0,0,0,0,0,0,0,0,0,0,0,0,0,0,0,0,0,0,0,0,0,0,0,0,0,0,0,0,0,0,0,0,13.33,6.67,0,0,0,0,0,26.67,0,6.67,0,6.67,0,13.33,0
2603,buyer,1,30,22.17,89.5,39.59,72.45,15,26.67,90,50,33.33,13.33,13.33,3.33,0,3.33,0,6.67,0,13.33,3.33,0,0,6.67,3.33,3.33,3.33,20,6.67,6.67,6.67,0,0,6.67,20,0,10,6.67,0,0,0,0,3.33,0,10,6.67,3.33,3.33,0,3.33,0,3.33,0,0,33.33,16.67,13.33,13.33,3.33,0,10,16.67,0,0,0,0,0,0,0,0,26.67,0,0,6.67,20,0,0,0,0,0,0,0,0,0,0,0,0,13.33,0,3.33,0,0,0,0,10,3.33,0,0,3.33,0,0,0,0,6.67,3.33,3.33,0,0,0,0,0,26.67,3.33,13.33,0,3.33,3.33,3.33,0
2603,seller,1,62,20.52,99,1,70.91,12.4,20.97,90.32,74.19,59.68,20.97,17.74,3.23,1.61,12.9,0,0,3.23,11.29,8.06,3.23,9.68,11.29,6.45,6.45,0,22.58,0,3.23,1.61,1.61,0,0,16.13,0,8.06,0,1.61,4.84,0,1.61,0,0,6.45,4.84,1.61,0,0,0,0,0,0,0,22.58,6.45,4.84,6.45,0,0,4.84,16.13,0,0,0,0,0,0,0,0,8.06,0,0,4.84,8.06,0,0,0,0,0,0,0,0,0,0,0,0,3.23,0,1.61,0,0,0,0,8.06,4.84,0,0,3.23,1.61,0,0,3.23,4.84,3.23,0,0,0,0,0,0,11.29,6.45,3.23,1.61,0,0,0,0
2603,seller,1,54,55.25,99,1,20.23,10.8,18.52,94.44,75.93,62.96,18.52,16.67,1.85,1.85,12.96,0,0,1.85,12.96,9.26,3.7,14.81,9.26,5.56,3.7,1.85,18.52,1.85,3.7,1.85,1.85,0,0,18.52,1.85,11.11,0,1.85,5.56,0,1.85,1.85,0,7.41,3.7,3.7,0,0,0,0,0,0,0,24.07,7.41,7.41,5.56,0,0,3.7,16.67,0,0,0,0,0,0,0,0,9.26,0,0,5.56,9.26,0,0,0,0,0,0,0,0,0,0,0,0,1.85,0,1.85,0,0,0,0,7.41,5.56,0,0,3.7,1.85,0,0,1.85,3.7,0,0,0,0,0,0,0,12.96,9.26,3.7,0,0,0,0,0
2603,seller,1,52,59.28,99,1,20.23,10.4,19.23,94.23,73.08,63.46,17.31,15.38,1.92,1.92,11.54,0,0,1.92,13.46,9.62,3.85,15.38,9.62,5.77,3.85,1.92,15.38,1.92,3.85,1.92,1.92,0,0,19.23,1.92,11.54,0,1.92,5.77,0,1.92,1.92,0,7.69,3.85,3.85,0,0,0,0,0,0,0,19.23,3.85,3.85,1.92,0,0,1.92,15.38,0,0,0,0,0,0,0,0,11.54,0,0,7.69,9.62,0,0,0,0,0,0,0,0,0,0,0,0,3.85,0,1.92,0,0,0,0,5.77,5.77,0,0,3.85,1.92,0,0,1.92,3.85,0,0,0,0,0,0,0,9.62,7.69,1.92,0,0,0,0,0
2606,buyer,1,41,21.81,1.87,75.67,58.42,10.25,7.32,95.12,73.17,60.98,21.95,19.51,14.63,0,4.88,0,0,2.44,17.07,12.2,0,7.32,12.2,2.44,7.32,2.44,17.07,7.32,2.44,2.44,0,0,2.44,29.27,0,19.51,4.88,0,7.32,2.44,2.44,4.88,0,12.2,7.32,4.88,9.76,7.32,2.44,0,0,0,0,12.2,7.32,4.88,2.44,0,0,0,4.88,0,0,0,0,0,0,0,0,12.2,0,0,2.44,9.76,0,0,0,0,0,0,0,0,0,0,7.32,0,2.44,0,2.44,0,0,0,0,4.88,2.44,0,0,2.44,0,0,0,2.44,2.44,4.88,7.32,0,0,0,0,0,14.63,9.76,2.44,0,0,2.44,0,0
2606,buyer,1,50,12.09,3.95,85.71,50.98,16.67,12,92,72,64,22,20,14,0,6,0,0,2,14,8,0,10,10,4,12,2,14,6,2,4,0,0,4,26,0,18,6,0,4,4,2,6,0,6,4,2,4,2,2,0,0,0,0,16,10,8,6,0,0,0,6,0,0,0,0,0,0,0,0,10,0,0,4,6,0,0,0,0,0,0,0,0,0,0,6,0,0,0,0,0,0,0,0,4,0,0,0,0,0,0,0,2,0,6,6,0,0,0,0,0,10,6,2,0,0,2,0,0
2606,buyer,1,56,30.7,30.13,35.49,75.77,18.67,23.21,85.71,55.36,48.21,16.07,14.29,8.93,0,1.79,0,3.57,1.79,14.29,5.36,0,7.14,7.14,3.57,8.93,0,12.5,3.57,1.79,7.14,0,0,7.14,23.21,0,16.07,7.14,0,3.57,1.79,1.79,3.57,0,3.57,3.57,0,1.79,1.79,0,0,0,0,0,19.64,10.71,10.71,8.93,0,0,0,8.93,0,0,0,0,0,0,0,0,19.64,0,0,5.36,14.29,0,0,0,0,0,0,0,0,0,0,1.79,0,7.14,0,0,0,0,0,0,7.14,0,0,0,0,0,0,0,0,3.57,3.57,0,0,0,0,0,0,16.07,5.36,8.93,0,0,0,1.79,0
2606,seller,1,49,73.79,1.85,37.24,51.68,12.25,12.24,87.76,65.31,57.14,8.16,8.16,6.12,0,2.04,0,0,0,14.29,10.2,0,16.33,12.24,4.08,8.16,2.04,14.29,6.12,2.04,4.08,0,0,4.08,26.53,2.04,16.33,2.04,2.04,6.12,2.04,0,8.16,0,2.04,2.04,0,0,0,0,0,0,0,0,8.16,6.12,4.08,4.08,0,0,0,2.04,0,0,0,0,0,0,0,0,10.2,0,0,2.04,8.16,0,0,0,0,0,0,0,0,0,0,2.04,0,2.04,0,0,0,0,0,0,6.12,2.04,0,0,2.04,0,0,0,4.08,0,8.16,0,0,0,0,0,0,16.33,8.16,8.16,0,0,0,0,0
2606,seller,1,48,73.36,1.71,39.59,52.41,12,16.67,87.5,66.67,58.33,8.33,8.33,6.25,0,2.08,0,0,0,16.67,14.58,0,12.5,14.58,4.17,6.25,2.08,16.67,6.25,0,4.17,0,0,4.17,22.92,0,18.75,4.17,2.08,6.25,2.08,0,8.33,0,2.08,2.08,0,0,0,0,0,0,0,0,10.42,8.33,4.17,4.17,0,0,0,2.08,0,0,0,0,0,0,0,0,8.33,0,0,2.08,6.25,0,0,0,0,0,0,0,0,0,0,2.08,0,2.08,0,0,0,0,0,0,4.17,4.17,0,0,4.17,0,0,0,0,0,6.25,2.08,0,0,0,0,0,16.67,8.33,8.33,0,0,0,0,0
2606,seller,1,34,64.21,24.36,26.78,95.42,8.5,14.71,88.24,61.76,55.88,8.82,8.82,5.88,0,2.94,0,0,0,14.71,11.76,0,11.76,14.71,5.88,5.88,0,14.71,5.88,0,2.94,0,0,2.94,17.65,0,14.71,5.88,0,5.88,2.94,0,2.94,0,5.88,5.88,0,0,0,0,0,0,0,0,11.76,8.82,2.94,2.94,0,0,0,2.94,0,0,0,0,0,0,0,0,11.76,0,0,5.88,5.88,0,0,0,0,0,0,0,0,0,0,2.94,0,5.88,0,0,0,0,0,0,2.94,5.88,0,0,5.88,0,0,0,0,0,2.94,2.94,0,0,0,0,0,17.65,8.82,8.82,0,0,0,0,0
2607,buyer,1,53,22.75,2.56,98.5,49.04,13.25,24.53,92.45,69.81,56.6,20.75,15.09,11.32,1.89,1.89,0,0,5.66,16.98,9.43,0,7.55,7.55,1.89,11.32,1.89,13.21,5.66,3.77,7.55,1.89,0,5.66,26.42,0,20.75,7.55,0,3.77,1.89,0,5.66,0,5.66,3.77,1.89,3.77,3.77,0,0,0,0,0,15.09,11.32,7.55,3.77,0,0,3.77,3.77,0,0,0,0,0,0,0,0,3.77,0,0,0,3.77,0,0,0,0,0,0,0,0,0,0,0,0,1.89,0,3.77,0,0,0,0,1.89,9.43,0,1.89,7.55,0,0,0,0,5.66,1.89,0,1.89,1.89,0,0,0,13.21,5.66,5.66,0,1.89,0,0,0
2607,buyer,1,90,19.76,7.75,98.38,54.76,12.86,30,91.11,71.11,55.56,22.22,16.67,11.11,2.22,3.33,0,0,5.56,15.56,8.89,0,6.67,8.89,1.11,10,1.11,17.78,6.67,2.22,5.56,2.22,0,3.33,31.11,0,26.67,10,0,5.56,3.33,2.22,6.67,0,4.44,3.33,1.11,2.22,2.22,0,0,0,0,0,15.56,10,5.56,3.33,0,0,1.11,5.56,0,0,0,0,1.11,1.11,0,0,3.33,0,0,1.11,2.22,0,0,0,0,0,0,0,0,0,0,1.11,0,1.11,0,2.22,0,0,0,0,1.11,6.67,0,3.33,4.44,0,0,0,0,4.44,4.44,0,0,0,0,0,0,14.44,6.67,5.56,0,1.11,1.11,0,0
2607,buyer,1,84,18.12,21.49,95.34,75.77,14,30.95,91.67,71.43,58.33,22.62,16.67,9.52,3.57,3.57,0,0,5.95,14.29,8.33,0,8.33,10.71,1.19,9.52,1.19,19.05,4.76,1.19,4.76,3.57,0,1.19,35.71,0,29.76,10.71,0,7.14,3.57,2.38,7.14,0,3.57,3.57,0,2.38,2.38,0,0,0,0,0,16.67,9.52,4.76,2.38,0,0,1.19,7.14,0,0,0,0,1.19,1.19,0,0,3.57,0,0,1.19,2.38,0,0,0,0,0,0,0,0,0,0,1.19,0,1.19,0,1.19,0,0,0,0,1.19,4.76,0,2.38,3.57,0,0,0,1.19,3.57,5.95,0,0,0,0,0,0,14.29,5.95,5.95,1.19,0,1.19,0,0
2607,buyer,1,47,24.81,52.76,91.07,83.95,9.4,31.91,91.49,70.21,53.19,21.28,17.02,8.51,4.26,4.26,0,0,4.26,12.77,8.51,0,6.38,10.64,2.13,6.38,0,21.28,6.38,0,4.26,4.26,0,0,34.04,0,29.79,10.64,0,8.51,4.26,4.26,6.38,0,4.26,4.26,0,0,0,0,0,0,0,0,17.02,8.51,2.13,2.13,0,0,0,8.51,0,0,0,0,2.13,2.13,0,0,6.38,0,0,4.26,2.13,0,0,0,0,0,0,0,0,0,0,2.13,0,2.13,0,0,0,0,0,0,2.13,4.26,0,4.26,2.13,0,0,0,2.13,2.13,8.51,0,0,0,0,0,0,14.89,6.38,4.26,2.13,0,2.13,0,0
2607,seller,1,31,60.93,88.59,17.19,70.91,10.33,16.13,87.1,67.74,51.61,19.35,16.13,6.45,3.23,6.45,0,0,3.23,12.9,9.68,0,9.68,6.45,3.23,3.23,0,16.13,6.45,0,6.45,3.23,0,3.23,16.13,3.23,9.68,0,3.23,3.23,3.23,0,3.23,0,9.68,6.45,3.23,0,0,0,0,0,0,0,19.35,9.68,3.23,6.45,0,0,3.23,9.68,0,0,0,0,0,0,0,0,3.23,0,0,0,3.23,0,0,0,0,0,0,0,0,0,0,0,0,3.23,0,0,0,0,3.23,0,3.23,9.68,6.45,3.23,0,0,0,0,3.23,6.45,6.45,6.45,0,0,0,0,0,12.9,6.45,3.23,0,3.23,0,0,0
2607,seller,1,44,71.44,53.63,34.4,20.23,14.67,18.18,88.64,68.18,54.55,18.18,15.91,9.09,2.27,4.55,0,0,2.27,15.91,13.64,0,9.09,9.09,2.27,2.27,0,15.91,6.82,0,4.55,2.27,0,2.27,20.45,2.27,13.64,4.55,2.27,4.55,2.27,0,2.27,0,9.09,4.55,4.55,2.27,2.27,0,0,0,0,0,15.91,9.09,4.55,2.27,0,0,0,6.82,0,0,0,0,0,0,0,0,6.82,0,0,2.27,4.55,0,0,0,0,0,0,0,0,0,0,0,0,2.27,0,0,0,0,2.27,0,2.27,6.82,4.55,2.27,0,0,0,0,2.27,4.55,4.55,6.82,0,0,0,0,0,11.36,6.82,4.55,0,0,0,0,0
2607,seller,1,46,47.48,40.06,60.36,3.88,15.33,21.74,89.13,54.35,41.3,13.04,13.04,6.52,0,2.17,0,4.35,0,15.22,10.87,0,2.17,10.87,0,4.35,2.17,17.39,6.52,2.17,4.35,0,0,4.35,23.91,0,17.39,8.7,0,4.35,2.17,0,4.35,0,6.52,2.17,4.35,2.17,2.17,0,0,0,0,0,21.74,10.87,6.52,4.35,0,0,0,10.87,0,0,0,0,0,0,0,0,23.91,0,0,6.52,17.39,0,0,0,0,0,0,0,0,0,0,0,0,8.7,0,2.17,0,0,0,0,6.52,4.35,0,2.17,2.17,0,0,0,0,6.52,4.35,2.17,0,0,0,0,0,23.91,6.52,13.04,0,0,2.17,2.17,0
2609,buyer,1,8,1,99,99,99,4,0,100,87.5,75,25,25,0,0,25,0,0,0,0,0,0,0,25,25,0,0,37.5,0,0,0,0,0,0,25,0,12.5,12.5,12.5,0,0,0,0,0,12.5,12.5,0,0,0,0,0,0,0,0,37.5,12.5,0,12.5,0,0,12.5,25,0,0,0,0,0,0,0,0,0,0,0,0,0,0,12.5,0,0,0,0,0,0,0,0,0,0,0,0,0,0,0,0,0,12.5,25,0,0,25,0,0,0,0,0,12.5,0,0,0,0,0,0,12.5,0,0,12.5,0,0,0,0
2609,buyer,1,10,1,99,98.38,,5,10,90,80,70,20,20,0,0,20,0,0,0,10,0,0,0,20,20,0,10,30,0,0,0,0,0,0,40,10,20,10,10,0,0,0,0,0,0,0,0,0,0,0,0,0,0,0,20,0,0,0,0,0,0,20,0,0,0,0,0,0,0,0,0,0,0,0,0,0,10,0,0,0,0,0,0,0,0,0,0,0,0,0,0,0,0,0,20,20,0,0,20,0,0,0,0,0,10,0,0,0,0,0,0,10,0,0,10,0,0,0,0
2609,buyer,1,8,1,94.84,89.39,,8,12.5,87.5,75,50,12.5,12.5,0,0,12.5,0,0,0,12.5,0,0,0,12.5,12.5,0,12.5,25,12.5,0,0,0,0,0,25,12.5,12.5,0,0,0,0,0,0,0,0,0,0,0,0,0,0,0,0,0,12.5,0,0,0,0,0,0,12.5,0,0,0,0,0,0,0,0,0,0,0,0,0,0,12.5,0,0,0,0,0,0,0,0,0,0,0,0,0,0,0,0,0,37.5,25,0,0,25,0,0,0,0,0,0,0,0,0,0,0,0,0,0,0,0,0,0,0,0
2609,buyer,1,26,31.07,40.06,2.93,99,13,23.08,96.15,65.38,50,15.38,15.38,7.69,0,7.69,0,0,0,15.38,3.85,0,11.54,7.69,3.85,7.69,3.85,11.54,15.38,3.85,7.69,3.85,3.85,0,26.92,3.85,15.38,0,0,3.85,3.85,0,3.85,0,7.69,7.69,0,0,0,0,0,0,0,0,23.08,15.38,11.54,3.85,0,0,0,7.69,0,0,0,0,3.85,0,0,3.85,3.85,0,0,3.85,0,0,0,0,0,0,0,0,0,0,0,3.85,0,0,0,0,0,0,0,0,19.23,0,0,0,0,0,0,0,0,0,3.85,3.85,0,0,0,0,0,15.38,3.85,3.85,0,3.85,3.85,0,0
2609,seller,1,29,1,90.41,67.94,99,7.25,0,100,86.21,68.97,34.48,31.03,17.24,0,13.79,0,0,3.45,3.45,0,0,10.34,20.69,10.34,6.9,0,27.59,10.34,0,10.34,6.9,3.45,0,34.48,0,17.24,6.9,6.9,6.9,6.9,0,0,0,17.24,17.24,0,3.45,3.45,0,0,0,0,0,31.03,17.24,10.34,3.45,0,0,3.45,13.79,0,0,0,0,0,0,0,0,0,0,0,0,0,0,0,0,0,0,0,0,0,0,0,0,3.45,0,0,0,0,0,0,0,6.9,0,0,0,0,0,0,0,3.45,0,20.69,6.9,0,0,0,0,0,34.48,6.9,10.34,6.9,0,10.34,0,0
2609,seller,1,35,1,92.91,80.49,99,8.75,8.57,100,85.71,68.57,31.43,28.57,14.29,2.86,11.43,0,0,2.86,8.57,2.86,0,14.29,17.14,8.57,8.57,0,25.71,8.57,0,8.57,5.71,2.86,0,31.43,0,17.14,5.71,2.86,2.86,14.29,0,2.86,0,8.57,8.57,0,2.86,2.86,0,0,0,0,0,28.57,14.29,8.57,0,0,0,2.86,14.29,0,0,0,0,2.86,0,0,2.86,2.86,0,0,2.86,0,0,0,0,0,0,0,0,0,0,0,0,2.86,0,0,0,0,0,0,0,5.71,0,0,0,0,0,0,0,2.86,0,14.29,8.57,0,0,0,0,0,25.71,5.71,5.71,5.71,0,8.57,0,0
2609,seller,1,32,19.03,87.7,96.5,1.56,8,18.75,100,78.13,62.5,31.25,25,12.5,3.13,9.38,0,0,6.25,15.63,9.38,0,12.5,12.5,3.13,3.13,0,18.75,9.38,0,9.38,6.25,3.13,0,28.13,0,18.75,9.38,0,0,9.38,0,3.13,0,3.13,0,3.13,0,0,0,0,0,0,0,25,12.5,6.25,0,0,0,3.13,12.5,0,0,0,0,3.13,0,0,3.13,6.25,0,0,6.25,0,0,0,0,0,0,0,0,0,0,0,0,0,0,0,0,0,0,0,0,0,6.25,3.13,0,3.13,0,0,0,0,6.25,6.25,3.13,0,0,0,0,0,21.88,6.25,3.13,6.25,0,6.25,0,0
2609,seller,1,26,41.98,81.78,99,1,6.5,23.08,100,76.92,61.54,26.92,23.08,11.54,3.85,7.69,0,0,3.85,15.38,11.54,0,11.54,7.69,3.85,3.85,0,19.23,3.85,0,3.85,3.85,0,0,26.92,0,23.08,11.54,0,0,11.54,0,3.85,0,3.85,0,3.85,0,0,0,0,0,0,0,19.23,7.69,3.85,0,0,0,3.85,11.54,0,0,0,0,3.85,0,0,3.85,7.69,0,0,7.69,0,0,0,0,0,0,0,0,0,0,0,0,0,0,0,0,0,0,0,0,0,15.38,3.85,3.85,7.69,0,0,0,0,7.69,0,3.85,0,0,0,0,0,15.38,7.69,0,7.69,0,0,0,0
2611,buyer,1,61,35.92,6.87,87.98,89.9,8.71,8.2,85.25,67.21,52.46,19.67,16.39,11.48,1.64,3.28,0,0,3.28,14.75,8.2,0,6.56,8.2,1.64,4.92,1.64,14.75,9.84,1.64,1.64,1.64,0,0,19.67,0,14.75,1.64,1.64,4.92,1.64,0,6.56,0,8.2,6.56,1.64,6.56,4.92,1.64,0,0,0,0,9.84,3.28,0,1.64,0,0,1.64,6.56,1.64,0,0,1.64,0,0,0,0,4.92,0,0,1.64,3.28,0,1.64,1.64,1.64,0,0,0,0,0,0,0,3.28,6.56,0,0,0,0,0,0,13.11,6.56,0,1.64,6.56,0,0,0,1.64,3.28,3.28,1.64,1.64,0,1.64,0,0,16.39,9.84,1.64,1.64,0,1.64,1.64,0
2611,buyer,1,96,15.03,28.59,54.55,52.41,10.67,7.29,82.29,68.75,55.21,22.92,19.79,12.5,1.04,5.21,1.04,0,3.13,14.58,8.33,0,4.17,12.5,1.04,5.21,1.04,18.75,8.33,2.08,1.04,1.04,0,0,18.75,0,11.46,1.04,1.04,5.21,1.04,0,4.17,0,4.17,3.13,1.04,4.17,3.13,1.04,0,0,0,0,10.42,1.04,0,0,0,0,0,9.38,2.08,0,0,3.13,0,0,0,0,3.13,0,0,1.04,2.08,0,1.04,1.04,1.04,0,0,0,0,0,0,0,2.08,5.21,0,0,0,0,0,0,11.46,5.21,0,1.04,5.21,0,0,0,1.04,4.17,5.21,2.08,1.04,0,1.04,0,0,13.54,7.29,1.04,2.08,0,1.04,2.08,0
2611,buyer,1,72,10.19,56.63,49.53,64,9,9.72,86.11,77.78,59.72,26.39,20.83,12.5,1.39,5.56,1.39,0,5.56,12.5,5.56,0,8.33,13.89,2.78,4.17,0,22.22,6.94,1.39,2.78,1.39,1.39,0,18.06,1.39,9.72,1.39,1.39,4.17,1.39,1.39,1.39,0,2.78,2.78,0,1.39,1.39,0,0,0,0,0,13.89,4.17,1.39,1.39,0,0,1.39,9.72,1.39,0,0,2.78,0,0,0,0,2.78,0,0,2.78,0,0,0,0,0,0,0,0,0,0,0,0,0,1.39,0,0,0,0,0,0,13.89,5.56,0,1.39,5.56,0,0,0,1.39,2.78,6.94,2.78,4.17,0,4.17,0,0,13.89,6.94,0,2.78,1.39,0,2.78,0
2611,buyer,1,71,7.87,40.06,16.15,40.95,11.83,15.49,83.1,64.79,50.7,22.54,18.31,9.86,0,4.23,1.41,2.82,4.23,14.08,4.23,0,5.63,12.68,1.41,4.23,4.23,21.13,2.82,1.41,4.23,0,1.41,2.82,19.72,2.82,9.86,2.82,0,2.82,0,1.41,2.82,0,1.41,1.41,0,0,0,0,0,0,0,0,18.31,5.63,4.23,4.23,0,0,1.41,12.68,1.41,0,0,2.82,0,0,0,0,12.68,0,0,4.23,8.45,0,0,0,0,0,0,0,0,0,0,0,0,7.04,0,0,0,0,0,0,11.27,1.41,0,0,1.41,0,0,0,0,5.63,5.63,1.41,2.82,0,2.82,0,0,21.13,5.63,5.63,1.41,1.41,2.82,4.23,0
2611,seller,1,123,38.75,86.33,54.2,44.6,10.25,11.38,91.87,78.86,64.23,21.95,15.45,6.5,1.63,7.32,0,0,6.5,14.63,8.13,0,14.63,8.94,5.69,4.88,1.63,17.89,2.44,1.63,2.44,1.63,0,0.81,24.39,2.44,16.26,6.5,2.44,4.88,4.07,0.81,1.63,0,3.25,2.44,0.81,0.81,0.81,0,0,0,0,0,14.63,4.88,2.44,0.81,0,0,1.63,9.76,0,0,0,0,0,0,0,0,3.25,0,0,1.63,2.44,0,0,0,0,0,0,0,0,0,0,0,1.63,0.81,0,0,0,0,0,0.81,8.13,8.13,1.63,1.63,5.69,0,0,0,1.63,5.69,2.44,2.44,2.44,0.81,0.81,0.81,0,10.57,7.32,0.81,2.44,0,0,0,0
2611,seller,1,153,31.61,84.81,46.57,61.35,10.2,9.15,91.5,79.74,65.36,20.26,15.69,6.54,1.31,7.84,0,0,4.58,15.03,7.84,0.65,14.38,11.11,4.58,6.54,2.61,18.3,2.61,3.92,1.96,1.31,0,0.65,23.53,5.23,11.11,4.58,1.31,2.61,3.27,0.65,1.31,0,3.92,3.27,0.65,0.65,0.65,0,0,0,0,0,13.07,3.27,1.96,0.65,0,0,0,9.8,0,0,0,0,0,0,0,0,3.92,0,0,1.96,2.61,0,0,0,0,0,0,0,0,0,0,0,0.65,0,0,0,0,0,0,0.65,9.15,6.54,1.31,1.31,4.58,0,0,0,1.96,3.27,1.96,3.92,1.96,0,1.31,0.65,0,10.46,7.19,0.65,2.61,0,0,0,0
2611,seller,1,143,32.96,94.99,40.42,99,10.21,6.29,91.61,76.92,63.64,21.68,20.28,8.39,0.7,11.19,0,0,1.4,12.59,6.29,0.7,16.08,11.19,2.8,6.99,2.1,16.78,3.5,4.2,2.8,0.7,1.4,0.7,17.48,4.9,4.9,2.1,0.7,1.4,1.4,0,0.7,0,9.09,9.09,0,2.1,2.1,0,0,0,0,0,20.28,8.39,2.8,3.5,0,0,0,11.89,0,0,0,0,0,0,0,0,5.59,0,0,2.8,2.8,0,0,0,0,0,0,0,0,0,0,0,0.7,0,0,0,0,0,0,0,9.79,2.8,0,1.4,1.4,0,0.7,0,4.2,0,2.1,5.59,1.4,0,1.4,0,0,11.89,6.99,2.1,2.1,0.7,0,0,0
2611,seller,1,110,15.41,97.34,50.45,99,10,6.36,92.73,75.45,62.73,22.73,21.82,9.09,0.91,11.82,0,0,0.91,11.82,4.55,0.91,13.64,12.73,3.64,7.27,1.82,18.18,3.64,3.64,3.64,0.91,1.82,0.91,18.18,4.55,4.55,2.73,0.91,0.91,0.91,0,0,0,10.91,10.91,0,2.73,2.73,0,0,0,0,0,20.91,8.18,1.82,4.55,0,0,0,12.73,0,0,0,0,0,0,0,0,7.27,0,0,4.55,2.73,0,0,0,0,0,0,0,0,0,0,0,0.91,0.91,0,0,0,0,0,0,10,2.73,0,0.91,0.91,0,0.91,0,5.45,0,2.73,6.36,0.91,0,0.91,0,0,11.82,7.27,2.73,0.91,0.91,0,0,0
2613,buyer,1,8,1,99,89.39,99,8,0,87.5,75,75,37.5,25,0,0,25,0,0,12.5,0,0,0,12.5,25,12.5,0,0,25,0,0,0,0,0,0,50,0,25,12.5,12.5,0,0,0,12.5,0,12.5,12.5,0,0,0,0,0,0,0,0,37.5,12.5,0,12.5,0,0,12.5,25,0,0,0,0,0,0,0,0,0,0,0,0,0,0,0,0,0,0,0,0,0,0,0,0,0,0,0,0,0,0,0,0,0,0,0,0,0,0,0,0,0,0,25,0,12.5,12.5,0,0,0,25,0,0,12.5,0,12.5,0,0
2613,buyer,1,11,1,99,95.15,99,5.5,9.09,81.82,81.82,72.73,36.36,27.27,9.09,0,18.18,0,0,9.09,0,0,0,18.18,27.27,9.09,0,0,27.27,9.09,0,0,0,0,0,45.45,0,18.18,9.09,9.09,0,0,0,9.09,0,9.09,9.09,0,0,0,0,0,0,0,0,18.18,0,0,0,0,0,0,18.18,0,0,0,0,0,0,0,0,0,0,0,0,0,0,0,0,0,0,0,0,0,0,0,0,0,0,0,0,0,0,0,0,0,0,0,0,0,0,0,0,0,0,27.27,0,9.09,9.09,0,0,0,36.36,0,9.09,9.09,0,18.18,0,0
2613,buyer,1,15,39.7,96.04,1.91,97.84,7.5,20,86.67,73.33,60,26.67,20,6.67,6.67,6.67,0,0,6.67,13.33,0,0,20,13.33,0,0,0,20,20,13.33,6.67,6.67,0,0,26.67,0,13.33,0,0,6.67,0,0,6.67,0,6.67,6.67,0,0,0,0,0,0,0,0,26.67,13.33,0,0,0,0,6.67,13.33,0,0,0,0,0,0,0,0,0,0,0,0,0,0,0,0,0,0,0,0,0,0,0,6.67,0,0,0,0,0,0,0,0,6.67,0,0,0,0,0,0,0,0,0,13.33,0,0,0,0,0,0,26.67,0,6.67,6.67,0,13.33,0,0
2613,buyer,1,13,74.95,81.78,30.98,99,6.5,23.08,92.31,76.92,46.15,15.38,15.38,7.69,7.69,0,0,0,0,15.38,0,0,15.38,7.69,0,0,0,23.08,30.77,15.38,7.69,7.69,0,0,15.38,0,7.69,0,0,7.69,0,0,0,0,7.69,7.69,0,0,0,0,0,0,0,0,23.08,15.38,0,0,0,0,7.69,7.69,0,0,0,0,0,0,0,0,0,0,0,0,0,0,0,0,0,0,0,0,0,0,0,7.69,0,0,0,0,0,0,0,0,15.38,7.69,0,7.69,7.69,0,0,0,0,0,7.69,0,7.69,0,7.69,0,0,38.46,23.08,7.69,0,0,7.69,0,0
2613,buyer,1,11,71.44,99,5.07,,5.5,18.18,100,81.82,45.45,18.18,18.18,0,9.09,9.09,0,0,0,18.18,0,0,9.09,0,0,0,0,27.27,27.27,18.18,9.09,9.09,0,0,9.09,0,9.09,0,0,9.09,0,0,0,0,0,0,0,0,0,0,0,0,0,0,36.36,18.18,0,0,0,0,9.09,18.18,0,0,0,0,0,0,0,0,0,0,0,0,0,0,0,0,0,0,0,0,0,0,0,9.09,0,0,0,0,0,0,0,0,18.18,9.09,0,9.09,9.09,0,0,0,0,0,0,0,9.09,0,9.09,0,0,27.27,27.27,0,0,0,0,0,0
2613,buyer,1,25,28.63,99,63.35,,12.5,24,88,48,24,12,12,0,0,4,0,8,0,8,0,0,0,8,0,4,0,24,8,4,8,0,0,8,20,0,8,8,0,0,0,0,0,0,0,0,0,0,0,0,0,0,0,0,28,8,8,8,0,0,0,20,0,0,0,0,0,0,0,0,32,0,0,8,24,0,0,0,0,0,0,0,0,0,0,0,0,16,0,4,0,0,0,0,16,8,0,4,8,0,0,0,0,8,4,0,4,0,4,0,0,36,16,16,0,0,0,4,0
2613,seller,1,5,3.8,1,63.35,99,5,20,80,60,40,20,20,20,0,0,0,0,0,0,0,0,0,20,0,0,0,20,20,0,0,0,0,0,20,0,0,0,0,0,0,0,0,0,40,40,0,0,0,0,0,0,0,0,20,20,0,20,0,0,20,0,0,0,0,0,0,0,0,0,0,0,0,0,0,0,0,0,0,0,0,0,0,0,0,0,0,0,0,0,0,0,0,0,0,0,0,0,0,0,0,0,0,0,20,0,0,0,0,0,0,0,0,0,0,0,0,0,0
2613,seller,1,6,1,1,39.59,99,6,16.67,83.33,66.67,50,16.67,16.67,16.67,0,0,0,0,0,0,0,0,0,16.67,16.67,0,0,16.67,16.67,0,0,0,0,0,16.67,0,0,0,0,0,0,0,0,0,33.33,33.33,0,16.67,16.67,0,0,0,0,0,0,0,0,0,0,0,0,0,0,0,0,0,0,0,0,0,0,0,0,0,0,0,0,0,0,0,0,0,0,0,0,0,0,0,0,0,0,0,0,0,16.67,0,0,0,0,0,0,0,0,0,16.67,0,0,0,0,0,0,0,0,0,0,0,0,0,0
2613,seller,1,17,1.05,93.56,46.57,95.42,17,5.88,94.12,82.35,52.94,29.41,23.53,11.76,0,11.76,0,0,5.88,5.88,0,0,5.88,11.76,5.88,5.88,0,23.53,5.88,5.88,0,0,0,0,23.53,0,0,0,0,0,0,0,0,0,5.88,5.88,0,5.88,5.88,0,0,0,0,0,23.53,11.76,0,0,0,0,5.88,11.76,0,0,0,0,5.88,0,0,5.88,0,0,0,0,0,0,0,0,0,0,0,0,0,0,0,0,0,0,0,0,0,0,0,0,17.65,0,0,0,0,0,0,0,5.88,0,11.76,5.88,5.88,5.88,0,0,0,5.88,0,0,0,0,0,5.88,0
2613,seller,1,17,1.05,93.56,46.57,99,17,0,100,88.24,52.94,29.41,23.53,11.76,0,11.76,0,0,5.88,5.88,0,0,5.88,11.76,5.88,5.88,0,29.41,5.88,5.88,0,0,0,0,23.53,0,0,0,0,0,0,0,0,0,11.76,11.76,0,5.88,5.88,0,0,0,0,0,29.41,17.65,5.88,5.88,0,0,11.76,11.76,0,0,0,0,5.88,0,0,5.88,0,0,0,0,0,0,0,0,0,0,0,0,0,0,0,0,0,0,0,0,0,0,0,0,17.65,0,0,0,0,0,0,0,5.88,0,11.76,5.88,5.88,5.88,0,0,0,5.88,0,0,0,0,0,5.88,0
2613,seller,1,16,1.97,94.84,54.55,96.74,16,0,100,87.5,50,31.25,25,12.5,0,12.5,0,0,6.25,6.25,0,6.25,6.25,12.5,0,6.25,0,31.25,6.25,6.25,0,0,0,0,25,0,0,0,0,0,0,0,0,0,6.25,6.25,0,0,0,0,0,0,0,0,31.25,18.75,6.25,6.25,0,0,12.5,12.5,0,0,0,0,12.5,0,0,12.5,0,0,0,0,0,0,0,0,0,0,0,0,0,0,0,0,0,0,0,0,0,0,0,0,12.5,0,0,0,0,0,0,0,6.25,0,12.5,6.25,6.25,6.25,0,0,0,6.25,0,0,0,0,0,6.25,0
2613,seller,1,4,,,,99,4,0,100,25,0,0,0,0,0,0,0,0,0,0,0,25,0,0,0,0,0,25,0,0,0,0,0,0,0,0,0,0,0,0,0,0,0,0,50,50,0,0,0,0,0,0,0,0,25,25,25,25,0,0,25,0,0,0,0,0,25,0,0,25,25,0,0,25,0,0,0,0,0,0,0,0,0,0,0,0,0,25,0,0,0,0,0,0,0,0,0,0,0,0,0,0,0,0,0,0,0,0,0,0,0,0,0,0,0,0,0,0,0
2616,buyer,1,55,11.02,2.92,37.49,20.23,27.5,12.73,94.55,78.18,61.82,23.64,10.91,10.91,0,0,0,0,12.73,12.73,7.27,0,9.09,16.36,3.64,5.45,0,21.82,10.91,1.82,0,0,0,0,25.45,0,14.55,5.45,0,5.45,0,3.64,1.82,0,14.55,7.27,7.27,5.45,3.64,1.82,0,0,0,0,9.09,7.27,1.82,1.82,0,5.45,0,1.82,1.82,0,0,1.82,0,0,0,0,3.64,0,0,0,3.64,0,1.82,1.82,1.82,0,0,0,0,0,0,0,3.64,1.82,0,1.82,0,0,0,0,3.64,1.82,0,0,1.82,0,0,0,1.82,7.27,1.82,0,0,0,0,0,0,3.64,1.82,0,0,0,1.82,0,0
2616,buyer,1,71,9.57,1,85.48,7.54,17.75,14.08,95.77,84.51,64.79,23.94,12.68,11.27,0,1.41,0,0,11.27,11.27,7.04,0,9.86,14.08,4.23,5.63,2.82,21.13,12.68,1.41,1.41,0,1.41,0,23.94,0,14.08,7.04,0,2.82,0,2.82,4.23,0,12.68,5.63,7.04,4.23,1.41,2.82,0,1.41,0,0,11.27,8.45,1.41,0,1.41,5.63,0,2.82,1.41,0,0,1.41,0,0,0,0,5.63,0,0,2.82,2.82,0,1.41,1.41,1.41,0,0,0,0,0,0,0,0,1.41,0,1.41,0,0,0,0,4.23,2.82,0,0,2.82,0,0,0,1.41,7.04,2.82,0,0,0,0,0,0,9.86,5.63,1.41,0,0,1.41,1.41,0
2616,buyer,1,73,23.64,25.32,82.59,7.77,12.17,15.07,97.26,83.56,64.38,21.92,15.07,9.59,1.37,4.11,0,0,6.85,13.7,8.22,0,12.33,12.33,5.48,4.11,2.74,19.18,12.33,2.74,2.74,1.37,1.37,0,20.55,0,13.7,6.85,1.37,2.74,0,1.37,2.74,0,9.59,4.11,5.48,5.48,1.37,4.11,0,1.37,0,0,12.33,5.48,1.37,0,1.37,2.74,0,6.85,1.37,0,0,1.37,0,0,0,0,8.22,0,0,5.48,2.74,0,1.37,1.37,1.37,0,0,0,0,0,0,0,0,2.74,0,1.37,0,0,0,0,4.11,5.48,0,0,5.48,0,0,0,1.37,5.48,2.74,0,0,0,0,0,0,10.96,5.48,1.37,1.37,0,1.37,1.37,0
2616,buyer,1,65,31.07,75.04,73.25,20.23,13,21.54,95.38,70.77,52.31,16.92,15.38,6.15,1.54,4.62,0,3.08,1.54,10.77,6.15,0,9.23,9.23,4.62,4.62,3.08,18.46,9.23,3.08,6.15,1.54,1.54,3.08,23.08,0,16.92,9.23,1.54,3.08,0,1.54,3.08,0,6.15,3.08,3.08,4.62,1.54,3.08,0,1.54,0,0,20,7.69,4.62,3.08,1.54,1.54,0,12.31,0,0,0,0,0,0,0,0,20,0,0,9.23,10.77,0,0,0,0,0,0,0,0,0,0,0,0,9.23,0,1.54,0,0,0,0,7.69,6.15,0,0,6.15,0,0,0,0,6.15,3.08,0,0,0,0,0,0,20,6.15,7.69,1.54,0,1.54,3.08,0
2616,seller,1,53,11.97,29.6,41.82,49.04,13.25,18.87,84.91,75.47,58.49,20.75,15.09,9.43,0,5.66,0,0,5.66,16.98,11.32,0,7.55,16.98,3.77,7.55,1.89,22.64,11.32,1.89,1.89,0,0,1.89,24.53,0,9.43,5.66,0,1.89,1.89,0,1.89,0,5.66,3.77,1.89,0,0,0,0,0,0,0,13.21,7.55,3.77,1.89,0,0,1.89,5.66,0,0,0,0,0,0,0,0,5.66,0,0,1.89,3.77,0,0,0,0,0,0,0,0,0,0,0,0,0,0,1.89,0,0,0,0,3.77,1.89,0,0,1.89,0,0,0,0,1.89,11.32,1.89,0,0,0,0,0,16.98,3.77,5.66,1.89,0,5.66,0,0
2616,seller,1,76,12.74,1.34,95.77,2.53,19,21.05,92.11,78.95,63.16,19.74,14.47,10.53,0,3.95,0,0,5.26,15.79,7.89,0,10.53,13.16,6.58,7.89,2.63,21.05,9.21,2.63,2.63,0,1.32,1.32,30.26,1.32,17.11,5.26,2.63,1.32,3.95,0,7.89,0,5.26,1.32,3.95,0,0,0,0,0,0,0,9.21,5.26,2.63,1.32,0,0,1.32,3.95,0,0,0,0,0,0,0,0,6.58,0,0,3.95,3.95,0,0,0,0,0,0,0,0,0,0,0,0,1.32,0,1.32,0,1.32,0,0,5.26,3.95,0,0,3.95,0,0,0,1.32,2.63,6.58,2.63,0,0,0,0,0,11.84,2.63,6.58,1.32,0,1.32,0,0
2616,seller,1,69,8.37,1,99,1.92,34.5,18.84,95.65,82.61,65.22,20.29,13.04,10.14,0,2.9,0,0,7.25,15.94,5.8,0,11.59,14.49,7.25,7.25,2.9,21.74,10.14,2.9,2.9,0,2.9,0,36.23,4.35,17.39,5.8,2.9,0,4.35,0,8.7,0,5.8,1.45,4.35,0,0,0,0,0,0,0,7.25,4.35,1.45,0,0,0,1.45,2.9,0,0,0,0,0,0,0,0,5.8,0,0,4.35,2.9,0,0,0,0,0,0,0,0,0,0,0,0,1.45,0,1.45,0,1.45,0,0,5.8,4.35,0,0,4.35,0,0,0,2.9,4.35,7.25,4.35,1.45,0,1.45,0,0,10.14,1.45,7.25,0,0,1.45,0,0
2616,seller,1,46,6.11,1,99,3.88,46,21.74,97.83,78.26,65.22,17.39,10.87,10.87,0,0,0,0,6.52,13.04,2.17,0,13.04,13.04,8.7,8.7,4.35,21.74,4.35,2.17,4.35,0,4.35,0,39.13,6.52,21.74,6.52,4.35,0,4.35,0,10.87,0,6.52,2.17,4.35,0,0,0,0,0,0,0,2.17,2.17,0,0,0,0,2.17,0,0,0,0,0,0,0,0,0,6.52,0,0,6.52,2.17,0,0,0,0,0,0,0,0,0,0,0,0,4.35,0,0,0,2.17,0,0,6.52,4.35,0,0,4.35,0,0,0,4.35,6.52,2.17,4.35,2.17,0,2.17,0,0,6.52,0,6.52,0,0,0,0,0
2621,buyer,1,25,12.09,1.98,99,1,25,4,92,84,60,24,20,12,0,8,0,0,4,12,12,0,4,12,0,8,4,20,12,0,4,0,4,0,36,0,20,8,0,0,4,0,12,0,12,4,8,8,0,8,0,0,0,0,12,4,0,0,0,0,0,8,0,0,0,0,0,0,0,0,8,0,0,8,0,0,0,0,0,0,0,0,0,0,0,0,0,0,0,0,0,0,0,0,8,0,0,0,0,0,0,0,0,0,8,8,4,0,4,0,0,8,0,4,0,0,4,0,0
2621,buyer,1,15,10.19,1.24,93.95,99,15,6.67,93.33,86.67,53.33,20,13.33,6.67,0,6.67,0,0,6.67,6.67,6.67,0,6.67,13.33,0,6.67,6.67,13.33,20,0,0,0,0,0,40,0,26.67,6.67,0,0,0,6.67,13.33,0,26.67,20,6.67,13.33,6.67,6.67,0,0,0,0,6.67,0,0,0,0,0,0,6.67,0,0,0,0,0,0,0,0,6.67,0,0,6.67,0,0,0,0,0,0,0,0,0,0,0,0,0,0,0,0,0,0,0,0,13.33,0,0,0,0,0,0,0,0,0,6.67,6.67,13.33,6.67,6.67,0,0,20,0,0,0,0,6.67,13.33,0
2621,buyer,1,24,16.96,40.06,68.87,99,24,20.83,95.83,54.17,20.83,8.33,8.33,0,0,0,0,8.33,0,8.33,0,0,0,8.33,0,4.17,8.33,25,12.5,4.17,8.33,0,0,8.33,33.33,0,20.83,8.33,0,0,0,4.17,8.33,0,12.5,12.5,0,4.17,4.17,0,0,0,0,0,25,8.33,8.33,8.33,0,0,0,16.67,0,0,0,0,0,0,0,0,33.33,0,0,8.33,25,0,0,0,0,0,0,0,0,0,0,0,0,16.67,0,4.17,0,0,0,0,16.67,4.17,0,0,4.17,0,0,0,0,16.67,4.17,0,4.17,4.17,0,0,0,41.67,4.17,16.67,0,0,8.33,12.5,0
2621,buyer,1,44,12.37,53.63,50.45,86.79,22,25,90.91,45.45,25,9.09,9.09,0,0,0,0,9.09,0,11.36,0,0,0,9.09,0,4.55,9.09,22.73,4.55,2.27,9.09,0,0,9.09,31.82,2.27,18.18,9.09,0,0,0,2.27,6.82,0,4.55,4.55,0,2.27,2.27,0,0,0,0,0,27.27,9.09,9.09,9.09,0,0,0,18.18,0,0,0,0,0,0,0,0,36.36,0,0,9.09,27.27,0,0,0,0,0,0,0,0,0,0,0,0,18.18,0,2.27,0,0,0,0,18.18,2.27,0,0,2.27,0,0,0,0,13.64,4.55,0,2.27,2.27,0,0,0,38.64,4.55,18.18,0,0,6.82,9.09,0
2621,seller,1,38,6.22,14.81,70.28,61.63,19,7.89,97.37,76.32,63.16,23.68,21.05,10.53,0,10.53,0,0,2.63,13.16,5.26,0,13.16,10.53,5.26,10.53,5.26,13.16,10.53,0,10.53,0,5.26,5.26,21.05,0,13.16,2.63,0,2.63,2.63,0,10.53,0,7.89,5.26,2.63,5.26,2.63,2.63,0,0,0,0,18.42,7.89,5.26,5.26,0,0,0,10.53,0,0,0,0,0,0,0,0,7.89,0,0,2.63,5.26,0,0,0,0,0,0,0,0,0,0,0,0,0,5.26,0,0,0,0,0,7.89,0,0,0,0,0,0,0,0,0,15.79,0,2.63,0,2.63,0,0,15.79,2.63,2.63,0,0,10.53,0,0
2621,seller,1,21,1,40.06,56.69,99,7,9.52,100,71.43,57.14,23.81,19.05,9.52,4.76,4.76,0,0,4.76,9.52,0,0,9.52,14.29,9.52,4.76,4.76,19.05,9.52,0,9.52,4.76,0,4.76,23.81,0,14.29,4.76,0,4.76,0,0,4.76,0,14.29,14.29,0,9.52,9.52,0,0,0,0,0,14.29,4.76,4.76,4.76,0,0,0,9.52,0,0,0,0,0,0,0,0,4.76,0,0,4.76,0,0,0,0,0,0,0,0,0,0,0,0,0,0,9.52,0,0,0,0,0,19.05,4.76,0,0,0,0,4.76,0,4.76,0,23.81,0,4.76,0,4.76,0,0,19.05,9.52,0,0,0,9.52,0,0
2621,seller,1,20,3.8,40.06,63.35,90.5,6.67,10,100,60,55,20,20,10,5,5,0,0,0,5,0,0,10,10,10,5,5,15,5,0,15,5,0,10,20,0,15,5,0,5,0,0,5,0,15,10,5,10,10,0,0,0,0,0,20,10,5,5,5,0,0,10,0,0,0,0,0,0,0,0,10,0,0,10,0,0,0,0,0,0,0,0,0,0,0,0,0,0,10,0,0,0,0,0,15,5,0,0,0,0,5,0,5,0,20,0,0,0,0,0,0,15,10,0,0,0,5,0,0
2621,seller,1,37,1,1,98.19,2.35,12.33,8.11,94.59,67.57,62.16,24.32,18.92,10.81,5.41,2.7,0,0,5.41,10.81,2.7,0,2.7,16.22,2.7,10.81,8.11,18.92,5.41,0,10.81,5.41,0,5.41,32.43,0,21.62,5.41,0,2.7,0,0,13.51,0,8.11,2.7,5.41,5.41,2.7,2.7,0,0,0,0,16.22,8.11,2.7,2.7,2.7,0,0,8.11,0,0,0,0,0,0,0,0,10.81,0,0,8.11,2.7,0,0,0,0,0,0,0,0,0,0,0,0,0,5.41,0,0,0,0,0,5.41,2.7,0,0,0,0,2.7,0,2.7,0,13.51,5.41,0,0,0,0,0,13.51,5.41,2.7,0,0,5.41,0,0
2621,seller,1,31,1,1,97.57,1.4,15.5,6.45,93.55,64.52,61.29,22.58,16.13,9.68,3.23,3.23,0,0,6.45,12.9,3.23,0,3.23,16.13,0,12.9,9.68,16.13,6.45,0,9.68,3.23,0,6.45,29.03,0,19.35,3.23,0,0,0,0,16.13,0,9.68,3.23,6.45,3.23,0,3.23,0,0,0,0,16.13,9.68,3.23,3.23,3.23,0,0,6.45,0,0,0,0,0,0,0,0,12.9,0,0,9.68,3.23,0,0,0,0,0,0,0,0,0,0,0,0,3.23,6.45,0,0,0,0,0,0,0,0,0,0,0,0,0,0,0,9.68,6.45,0,0,0,0,0,12.9,3.23,3.23,0,0,6.45,0,0
2623,buyer,1,38,29.44,14.81,1,20.23,38,13.16,97.37,73.68,52.63,15.79,13.16,7.89,5.26,0,0,0,2.63,13.16,5.26,2.63,10.53,7.89,5.26,5.26,5.26,21.05,10.53,2.63,10.53,5.26,0,5.26,31.58,2.63,23.68,2.63,0,13.16,5.26,0,2.63,0,5.26,2.63,2.63,2.63,0,2.63,0,0,0,0,15.79,10.53,2.63,5.26,0,0,5.26,5.26,0,0,0,0,0,0,0,0,5.26,0,0,2.63,2.63,0,0,0,0,0,0,0,0,0,0,5.26,0,0,0,2.63,0,0,0,2.63,15.79,7.89,2.63,0,5.26,2.63,0,0,0,0,2.63,5.26,5.26,2.63,2.63,0,0,7.89,0,7.89,0,0,0,0,0
2623,buyer,1,56,40.77,9.23,8.95,20.23,56,14.29,100,76.79,57.14,16.07,12.5,8.93,3.57,0,0,0,3.57,12.5,7.14,1.79,14.29,7.14,3.57,10.71,3.57,17.86,10.71,3.57,8.93,3.57,0,5.36,26.79,1.79,19.64,1.79,0,12.5,3.57,0,1.79,0,7.14,3.57,3.57,1.79,0,1.79,0,0,0,0,12.5,8.93,3.57,5.36,0,0,3.57,3.57,0,0,0,0,0,0,0,0,3.57,0,0,1.79,1.79,0,0,0,0,0,0,0,0,0,0,3.57,0,3.57,0,1.79,0,0,0,1.79,16.07,8.93,1.79,0,7.14,1.79,0,0,3.57,0,1.79,3.57,3.57,1.79,1.79,0,0,7.14,0,7.14,0,0,0,0,0
2623,buyer,1,42,49.68,1,84.92,20.23,42,14.29,100,78.57,59.52,16.67,14.29,14.29,0,0,0,0,2.38,16.67,9.52,0,14.29,4.76,2.38,14.29,2.38,11.9,14.29,4.76,7.14,0,0,7.14,19.05,2.38,14.29,2.38,0,9.52,0,0,2.38,0,9.52,4.76,4.76,2.38,0,2.38,0,0,0,0,9.52,9.52,4.76,7.14,0,0,0,0,0,0,0,0,0,0,0,0,4.76,0,0,2.38,2.38,0,0,0,0,0,0,0,0,0,0,2.38,0,4.76,0,2.38,0,0,0,0,14.29,9.52,0,0,9.52,0,0,0,4.76,0,0,0,4.76,0,4.76,0,0,7.14,0,7.14,0,0,0,0,0
2623,buyer,1,42,35.59,27.1,72.58,20.23,42,21.43,92.86,59.52,42.86,14.29,11.9,7.14,0,0,0,4.76,2.38,9.52,4.76,0,9.52,7.14,0,11.9,2.38,14.29,7.14,4.76,7.14,0,0,7.14,19.05,0,11.9,4.76,0,4.76,0,0,2.38,0,4.76,2.38,2.38,0,0,0,0,0,0,0,19.05,9.52,7.14,7.14,0,0,0,9.52,0,0,0,0,0,0,0,0,19.05,0,0,4.76,14.29,0,0,0,0,0,0,0,0,0,0,0,0,14.29,0,2.38,0,0,0,0,14.29,7.14,0,0,7.14,0,0,0,4.76,4.76,2.38,0,2.38,0,2.38,0,0,19.05,2.38,11.9,0,0,2.38,2.38,0
2623,seller,1,55,45.12,97.34,25.81,1,18.33,16.36,94.55,70.91,61.82,18.18,12.73,3.64,1.82,7.27,0,0,5.45,16.36,9.09,0,12.73,14.55,3.64,1.82,1.82,21.82,7.27,1.82,1.82,1.82,0,0,27.27,0,20,7.27,0,3.64,7.27,0,1.82,0,14.55,5.45,9.09,12.73,3.64,9.09,0,0,1.82,0,18.18,7.27,3.64,1.82,1.82,0,3.64,12.73,0,0,0,0,0,0,0,0,1.82,0,0,1.82,0,0,0,0,0,0,0,0,0,0,0,0,0,1.82,0,0,0,0,1.82,3.64,1.82,7.27,3.64,1.82,3.64,3.64,0,0,0,1.82,5.45,1.82,0,0,0,0,0,9.09,3.64,5.45,0,0,0,0,0
2623,seller,1,73,62.58,98.63,6.09,1,24.33,20.55,94.52,71.23,63.01,16.44,12.33,2.74,4.11,5.48,0,0,4.11,19.18,10.96,0,13.7,13.7,2.74,2.74,1.37,19.18,8.22,2.74,5.48,4.11,0,1.37,23.29,0,17.81,5.48,0,4.11,5.48,0,1.37,0,9.59,2.74,6.85,9.59,2.74,6.85,0,0,1.37,0,16.44,5.48,4.11,1.37,1.37,0,1.37,12.33,0,0,0,0,1.37,0,0,1.37,4.11,0,0,4.11,0,0,0,0,0,0,0,0,0,0,0,0,0,1.37,0,0,0,0,1.37,2.74,1.37,5.48,2.74,1.37,2.74,2.74,0,0,0,1.37,4.11,1.37,0,0,0,0,0,6.85,4.11,2.74,0,0,0,0,0
2623,seller,1,80,78.28,81,10.64,8.55,20,20,92.5,68.75,58.75,16.25,11.25,5,5,1.25,0,0,5,18.75,10,0,16.25,12.5,0,3.75,0,13.75,11.25,3.75,10,5,1.25,3.75,23.75,0,20,6.25,0,5,5,1.25,1.25,0,11.25,5,6.25,10,3.75,6.25,0,0,1.25,0,12.5,6.25,5,2.5,0,0,1.25,7.5,0,0,0,0,1.25,0,0,1.25,7.5,0,0,7.5,0,0,0,0,0,0,0,0,0,0,0,0,0,0,0,0,0,0,1.25,0,1.25,2.5,0,1.25,2.5,0,0,0,0,1.25,2.5,1.25,0,0,0,0,0,6.25,3.75,1.25,0,0,1.25,0,0
2623,seller,1,47,67.32,91.15,1,83.95,15.67,23.4,91.49,65.96,55.32,17.02,12.77,4.26,8.51,0,0,0,4.26,19.15,8.51,0,14.89,10.64,0,6.38,0,10.64,10.64,4.26,17.02,8.51,2.13,6.38,17.02,0,12.77,2.13,0,4.26,0,2.13,2.13,0,8.51,6.38,2.13,4.26,2.13,2.13,0,0,0,0,14.89,6.38,4.26,4.26,0,0,2.13,8.51,0,0,0,0,2.13,0,0,2.13,12.77,0,0,12.77,0,0,0,0,0,0,0,0,0,0,0,0,0,2.13,0,0,0,0,0,0,2.13,0,0,0,0,0,0,0,0,2.13,2.13,0,0,0,0,0,0,8.51,4.26,2.13,0,0,2.13,0,0
2624,buyer,1,141,44.34,4.04,79.68,64.94,17.63,18.44,90.07,71.63,61.7,19.15,11.35,9.22,0.71,0,0,0,7.8,15.6,9.93,0.71,15.6,9.22,5.67,9.22,0.71,16.31,2.13,2.13,1.42,0.71,0,0.71,35.46,0.71,23.4,2.84,7.8,4.26,2.84,2.84,4.26,0,5.67,4.26,1.42,4.96,3.55,0.71,0,0,0,0,7.8,4.26,0.71,0.71,0.71,0,3.55,3.55,0.71,0,0,0.71,0,0,0,0,4.96,0,0,0,4.96,0,1.42,1.42,0.71,0,0,0,0,0,0,0,0,5.67,0,0.71,0,0,0,0,2.13,1.42,0,0.71,0.71,0,0,0,9.22,7.8,2.84,0.71,0.71,0,0.71,0,0,13.48,4.96,3.55,0.71,0,2.13,2.13,0
2624,buyer,1,128,36.55,1,96.5,43.51,16,16.41,89.84,72.66,62.5,18.75,11.72,10.16,0,0,0,0,7.03,16.41,9.38,1.56,14.84,8.59,7.03,8.59,2.34,14.84,3.13,3.91,0.78,0,0,0.78,36.72,0.78,24.22,3.91,7.03,3.91,3.91,2.34,5.47,0,6.25,3.91,2.34,5.47,3.91,0.78,0,0,0,0,7.03,3.91,0.78,0,0.78,0.78,2.34,3.13,0.78,0,0,0.78,0,0,0,0,4.69,0,0,0,4.69,0,1.56,1.56,0.78,0,0,0,0,0,0,0,0,4.69,0,1.56,0,0,0,0,3.91,3.91,0,0.78,3.13,0,0,0,8.59,6.25,3.13,0,0.78,0,0.78,0,0,15.63,6.25,3.91,0,0,3.13,2.34,0
2624,buyer,1,91,34.05,1,99,20.23,15.17,15.38,87.91,76.92,64.84,18.68,12.09,10.99,0,0,0,0,6.59,16.48,9.89,1.1,14.29,7.69,7.69,8.79,3.3,16.48,3.3,3.3,0,0,0,0,34.07,0,20.88,3.3,7.69,2.2,4.4,0,5.49,0,4.4,2.2,2.2,3.3,2.2,1.1,0,0,0,0,5.49,4.4,0,0,1.1,1.1,3.3,1.1,0,0,0,0,0,0,0,0,3.3,0,0,0,3.3,0,0,0,0,0,0,0,0,0,0,0,0,4.4,0,1.1,0,0,0,0,3.3,6.59,0,2.2,4.4,0,0,0,8.79,7.69,3.3,0,0,0,0,0,0,15.38,6.59,4.4,0,0,2.2,2.2,0
2624,seller,1,107,30.29,90.25,22.84,33.26,13.38,17.76,86.92,72.9,59.81,26.17,18.69,7.48,2.8,8.41,0,0,7.48,16.82,7.48,0.93,10.28,14.02,0,0,0.93,24.3,1.87,2.8,4.67,3.74,0,0.93,15.89,1.87,9.35,2.8,0.93,1.87,0.93,0,3.74,0,0.93,0.93,0,0,0,0,0,0,0,0,15.89,4.67,2.8,0.93,0,0,0.93,11.21,0,0,0,0,0,0,0,0,5.61,0,0,2.8,2.8,0,0,0,0,0,0,0,0,0,0,0,0,2.8,0,0,0,0,0,0,7.48,3.74,0,0,0.93,1.87,0.93,0,0.93,1.87,3.74,1.87,0,0,0,0,0,19.63,11.21,4.67,0.93,0,0,2.8,0
2624,seller,1,117,35.76,81.78,48.76,32.04,16.71,18.8,88.03,76.07,62.39,25.64,18.8,7.69,2.56,7.69,0,0.85,6.84,17.09,7.69,0.85,11.97,11.97,1.71,0.85,0.85,22.22,3.42,1.71,4.27,3.42,0.85,0,20.51,1.71,11.11,2.56,0.85,1.71,2.56,0,5.13,0,0.85,0.85,0,0,0,0,0,0,0,0,17.95,6.84,2.56,0.85,0,0,0.85,11.11,0,0,0,0,0,0,0,0,3.42,0,0,1.71,1.71,0,0,0,0,0,0,0,0,0,0,0,0,1.71,0,0,0,0,0,0,9.4,3.42,0,0,0.85,1.71,0.85,0,3.42,2.56,5.98,2.56,0,0,0,0,0,14.53,8.55,3.42,0,0,0,2.56,0
2625,buyer,1,134,3.19,2.02,64.38,30.38,67,13.43,93.28,76.87,66.42,22.39,16.42,11.94,0,3.73,0.75,0,5.97,14.93,6.72,0,8.96,14.18,8.21,7.46,4.48,22.39,4.48,2.24,2.24,0.75,0.75,0.75,29.85,0.75,20.9,3.73,2.24,5.97,2.99,5.22,4.48,0.75,5.22,2.99,2.24,2.24,0,2.24,0,0,0,0,13.43,4.48,0.75,0.75,0.75,0,2.99,5.22,0.75,0,0,1.49,0,0,0,0,5.97,0,0,1.49,4.48,0,1.49,1.49,1.49,0,0,0,0,0,0,1.49,0.75,1.49,1.49,0,0,0,0,0,10.45,6.72,0,0,6.72,0,0,0,0,3.73,9.7,1.49,0,0,0,0,0,13.43,0,5.22,0.75,0,7.46,0,0
2625,buyer,1,190,8.42,6.45,63.35,69.9,190,11.58,95.26,75.26,64.74,23.16,17.37,12.11,1.05,3.68,0.53,0,5.79,15.79,6.32,0,10.53,12.11,6.32,5.79,4.21,20,4.21,2.11,5.26,3.16,1.05,1.05,24.21,0.53,18.42,2.63,1.05,5.26,3.68,3.68,4.74,0.53,7.37,5.26,2.11,3.68,1.58,2.11,0,0,0,0,17.37,6.84,4.74,1.58,0.53,0,1.05,7.89,1.58,0,0,2.63,0,0,0,0,4.74,0,0,1.58,3.16,0,1.58,1.05,1.05,0,0,0,0,0,0.53,1.05,0.53,0.53,1.05,0,0,0,0,0,10,5.79,0,1.05,5.26,0,0,0,0,2.63,6.84,1.05,0,0,0,0,0,14.21,0,8.42,0,0,5.79,0,0
2625,buyer,1,167,18.99,43.59,85.51,76.05,167,10.78,96.41,74.25,62.28,23.35,19.76,11.38,2.99,5.39,0,0,3.59,14.97,7.19,0,10.78,11.38,4.79,4.19,2.4,17.96,5.99,2.4,8.98,5.39,1.8,1.8,20.96,0.6,15.57,2.99,0.6,4.19,3.59,1.8,4.79,0,5.99,4.79,1.2,2.99,1.8,1.2,0,0,0,0,21.56,7.78,5.99,2.4,0,0,0.6,10.78,1.2,0,0,1.8,0,0,0,0,5.39,0,0,2.4,2.99,0,0.6,0,0,0,0,0,0,0,0.6,1.2,0,0.6,0,0,0,0,0,0,9.58,7.19,0,1.2,6.59,0,0,0,1.2,0.6,5.39,1.2,1.2,0,1.2,0,0,14.37,0,10.78,0.6,0,2.99,0,0
2625,buyer,1,109,31.45,80.33,70.59,87.17,54.5,7.34,94.5,74.31,60.55,23.85,20.18,10.09,5.5,4.59,0,0,3.67,15.6,8.26,0,11.01,10.09,4.59,1.83,1.83,15.6,6.42,1.83,11.93,8.26,1.83,1.83,14.68,0.92,10.09,1.83,0,1.83,2.75,0,4.59,0,8.26,6.42,1.83,4.59,2.75,1.83,0,0,0,0,23.85,10.09,8.26,3.67,0,0,0,13.76,1.83,0,0,2.75,0,0,0,0,3.67,0,0,1.83,1.83,0,0.92,0,0,0,0,0,0,0,0.92,0,0,0,0,0,0,0,0,0,9.17,3.67,0,1.83,2.75,0,0,0,1.83,0.92,2.75,0,2.75,0,2.75,0,0,17.43,0,14.68,0.92,0,1.83,0,0
2625,buyer,1,39,18.87,99,66.8,20.23,19.5,10.26,89.74,71.79,53.85,23.08,20.51,5.13,10.26,5.13,0,0,2.56,12.82,10.26,0,2.56,12.82,2.56,2.56,0,12.82,12.82,2.56,15.38,10.26,2.56,2.56,15.38,2.56,7.69,2.56,0,0,0,0,5.13,0,5.13,2.56,2.56,2.56,0,2.56,0,0,0,0,20.51,5.13,2.56,2.56,0,0,0,15.38,0,0,0,0,0,0,0,0,7.69,0,0,5.13,2.56,0,0,0,0,0,0,0,0,0,0,0,0,2.56,0,0,0,0,0,0,7.69,2.56,0,0,2.56,0,0,0,5.13,0,2.56,0,7.69,0,7.69,0,0,17.95,0,15.38,2.56,0,0,0,0
2625,seller,1,92,26.1,99,9.43,71.41,30.67,22.83,92.39,72.83,59.78,17.39,16.3,0,14.13,2.17,0,0,1.09,21.74,8.7,1.09,10.87,11.96,5.43,6.52,3.26,15.22,8.7,2.17,15.22,14.13,0,1.09,28.26,2.17,10.87,5.43,1.09,1.09,0,0,4.35,0,3.26,3.26,0,1.09,1.09,0,0,0,0,0,23.91,6.52,2.17,0,0,1.09,0,16.3,0,0,0,0,2.17,0,0,2.17,9.78,0,0,4.35,5.43,0,0,0,0,0,0,0,0,0,0,0,0,0,0,0,0,0,0,0,3.26,2.17,0,0,1.09,0,1.09,0,1.09,4.35,10.87,0,1.09,0,1.09,0,0,10.87,3.26,5.43,0,0,2.17,0,0
2625,seller,1,88,14.21,99,11.02,55.62,22,19.32,90.91,72.73,60.23,20.45,19.32,0,15.91,3.41,0,0,1.14,21.59,7.95,1.14,9.09,12.5,4.55,7.95,2.27,15.91,9.09,2.27,17.05,15.91,0,1.14,28.41,0,14.77,4.55,1.14,2.27,2.27,0,6.82,0,4.55,3.41,1.14,2.27,1.14,1.14,0,0,0,0,26.14,5.68,1.14,0,0,1.14,0,19.32,0,0,0,0,1.14,0,0,1.14,10.23,0,0,4.55,5.68,0,0,0,0,0,0,0,0,0,0,0,0,0,0,0,0,0,0,0,1.14,2.27,0,0,1.14,0,1.14,0,1.14,3.41,11.36,0,0,0,0,0,0,9.09,3.41,3.41,0,0,2.27,0,0
2625,seller,1,67,10.87,99,13.1,20.23,33.5,20.9,89.55,73.13,61.19,19.4,17.91,0,13.43,4.48,0,0,1.49,19.4,11.94,0,5.97,16.42,4.48,8.96,1.49,20.9,7.46,0,13.43,13.43,0,0,31.34,0,16.42,4.48,0,2.99,4.48,0,7.46,0,2.99,1.49,1.49,2.99,1.49,1.49,0,0,0,0,19.4,1.49,0,0,0,0,0,17.91,0,0,0,0,1.49,0,0,1.49,10.45,0,0,2.99,7.46,0,0,0,0,0,0,0,0,0,0,0,0,0,0,0,0,0,0,0,2.99,1.49,0,0,1.49,0,0,0,1.49,4.48,11.94,0,0,0,0,0,0,8.96,1.49,4.48,1.49,0,1.49,0,0
2625,seller,1,52,17.58,99,11.63,4.87,26,23.08,86.54,59.62,48.08,15.38,13.46,0,7.69,1.92,0,3.85,1.92,15.38,7.69,0,3.85,15.38,1.92,7.69,0,21.15,5.77,0,11.54,7.69,0,3.85,28.85,0,17.31,5.77,0,1.92,5.77,0,5.77,0,1.92,0,1.92,1.92,0,1.92,0,0,0,0,21.15,3.85,3.85,3.85,0,0,0,17.31,0,0,0,0,0,0,0,0,21.15,0,0,5.77,15.38,0,0,0,0,0,0,0,0,0,0,0,0,7.69,0,0,0,0,0,0,7.69,1.92,0,0,1.92,0,0,0,0,3.85,9.62,0,0,0,0,0,0,15.38,1.92,9.62,1.92,0,0,1.92,0
2626,buyer,1,36,41.36,72.07,39.59,1,36,13.89,88.89,66.67,44.44,19.44,16.67,8.33,0,8.33,0,0,2.78,8.33,5.56,0,8.33,8.33,0,5.56,0,11.11,13.89,5.56,5.56,0,0,5.56,25,5.56,13.89,5.56,0,5.56,2.78,0,2.78,0,5.56,0,5.56,5.56,0,5.56,0,0,0,0,16.67,8.33,8.33,8.33,0,0,0,8.33,0,0,0,0,0,0,0,0,11.11,0,0,5.56,5.56,0,0,0,0,0,0,0,0,0,0,0,2.78,2.78,0,5.56,0,0,0,0,5.56,5.56,0,0,5.56,0,0,0,0,0,5.56,2.78,5.56,0,5.56,0,0,13.89,0,11.11,2.78,0,0,0,0
2626,buyer,1,29,20.17,40.06,67.94,1,14.5,10.34,89.66,72.41,48.28,24.14,20.69,13.79,0,6.9,0,0,3.45,13.79,3.45,0,6.9,10.34,0,3.45,0,10.34,13.79,3.45,0,0,0,0,27.59,10.34,10.34,6.9,0,3.45,0,0,0,0,6.9,0,6.9,6.9,0,6.9,0,0,0,0,13.79,6.9,6.9,6.9,0,0,0,6.9,0,0,0,0,0,0,0,0,10.34,0,0,6.9,3.45,0,0,0,0,0,0,0,0,0,0,0,0,0,0,3.45,0,0,0,0,10.34,3.45,0,0,3.45,0,0,0,0,0,6.9,3.45,10.34,0,10.34,0,0,13.79,0,10.34,3.45,0,0,0,0
2626,buyer,1,46,28.85,85.5,60.36,1,23,17.39,86.96,54.35,36.96,17.39,17.39,8.7,0,4.35,0,4.35,0,10.87,2.17,0,4.35,8.7,0,4.35,0,13.04,8.7,4.35,4.35,0,0,4.35,23.91,4.35,10.87,8.7,0,2.17,0,0,0,0,4.35,0,4.35,4.35,0,4.35,0,0,0,0,21.74,8.7,8.7,8.7,0,0,0,13.04,0,0,0,0,0,0,0,0,23.91,0,0,8.7,15.22,0,0,0,0,0,0,0,0,0,0,0,0,8.7,0,4.35,0,0,0,0,10.87,4.35,0,0,4.35,0,0,0,0,4.35,4.35,2.17,4.35,0,4.35,0,0,19.57,2.17,13.04,2.17,0,0,2.17,0
2626,seller,1,76,9.05,95.8,5.31,1,10.86,14.47,92.11,77.63,68.42,25,15.79,5.26,3.95,6.58,0,0,9.21,17.11,7.89,2.63,9.21,15.79,5.26,5.26,0,22.37,3.95,2.63,10.53,3.95,0,6.58,22.37,0,10.53,1.32,0,5.26,1.32,1.32,2.63,0,3.95,0,3.95,0,0,0,0,0,0,0,15.79,5.26,1.32,1.32,0,1.32,1.32,10.53,0,0,0,0,0,0,0,0,1.32,0,0,0,1.32,0,0,0,0,0,0,0,0,0,0,0,0,0,0,0,0,0,0,0,6.58,5.26,0,1.32,1.32,1.32,1.32,0,2.63,3.95,6.58,1.32,1.32,0,1.32,0,0,10.53,5.26,1.32,3.95,0,0,0,0
2626,seller,1,71,7.87,98.1,31.69,83.63,11.83,8.45,92.96,77.46,67.61,22.54,15.49,4.23,4.23,7.04,0,0,7.04,15.49,7.04,2.82,9.86,18.31,5.63,5.63,0,26.76,1.41,2.82,8.45,4.23,0,4.23,22.54,1.41,9.86,1.41,0,4.23,1.41,1.41,2.82,0,7.04,5.63,1.41,0,0,0,0,0,0,0,18.31,7.04,0,5.63,0,0,0,11.27,0,0,0,0,0,0,0,0,1.41,0,0,0,1.41,0,0,0,0,0,0,0,0,0,0,0,0,0,0,0,0,0,0,0,8.45,8.45,2.82,1.41,1.41,1.41,1.41,0,8.45,2.82,5.63,5.63,2.82,0,2.82,0,0,11.27,4.23,2.82,2.82,1.41,0,0,0
2626,seller,1,53,2.94,97.81,41.82,99,10.6,7.55,94.34,73.58,66.04,22.64,15.09,3.77,5.66,5.66,0,0,7.55,16.98,5.66,3.77,7.55,18.87,7.55,5.66,0,24.53,1.89,3.77,7.55,5.66,0,1.89,26.42,1.89,11.32,1.89,0,3.77,1.89,1.89,3.77,0,11.32,9.43,1.89,0,0,0,0,0,0,0,20.75,9.43,0,7.55,0,0,0,11.32,0,0,0,0,0,0,0,0,3.77,0,0,1.89,1.89,0,0,0,0,0,0,0,0,0,0,0,0,1.89,0,0,0,0,0,0,7.55,5.66,3.77,0,0,0,1.89,0,11.32,1.89,5.66,7.55,3.77,0,3.77,0,0,11.32,3.77,3.77,1.89,1.89,0,0,0
2627,buyer,1,23,82.28,5.93,74.45,99,23,17.39,95.65,65.22,47.83,17.39,17.39,13.04,0,4.35,0,0,0,17.39,8.7,0,13.04,4.35,0,4.35,0,13.04,8.7,4.35,4.35,0,0,4.35,17.39,0,13.04,0,0,8.7,4.35,0,4.35,0,26.09,21.74,4.35,8.7,8.7,0,0,0,0,0,26.09,21.74,0,13.04,0,4.35,8.7,4.35,0,0,0,0,0,0,0,0,8.7,0,0,0,8.7,0,0,0,0,0,0,0,0,0,0,0,0,4.35,0,0,0,0,0,0,0,4.35,0,4.35,0,0,0,0,8.7,4.35,0,0,0,0,0,0,0,4.35,0,4.35,0,0,0,0,0
2627,buyer,1,37,73.93,3.01,73.75,99,37,18.92,86.49,67.57,48.65,18.92,18.92,13.51,0,5.41,0,0,0,16.22,8.11,0,10.81,2.7,0,5.41,0,16.22,8.11,2.7,5.41,0,2.7,5.41,21.62,0,13.51,0,0,5.41,2.7,0,8.11,0,13.51,10.81,2.7,5.41,5.41,0,0,0,0,0,16.22,10.81,2.7,2.7,0,2.7,8.11,5.41,0,0,0,0,0,0,0,0,8.11,2.7,0,0,5.41,0,0,0,0,0,0,0,0,0,0,0,0,5.41,0,0,0,0,0,0,0,2.7,0,2.7,0,0,0,0,2.7,2.7,0,0,0,0,0,0,0,10.81,0,5.41,0,0,5.41,0,0
2627,buyer,1,58,24.02,3.55,99,74.09,29,20.69,87.93,70.69,50,18.97,13.79,10.34,0,3.45,0,0,5.17,18.97,8.62,0,1.72,6.9,1.72,8.62,0,22.41,6.9,1.72,5.17,0,3.45,5.17,31.03,0,12.07,1.72,1.72,0,0,0,8.62,0,6.9,5.17,1.72,0,0,0,0,0,0,0,13.79,8.62,1.72,1.72,0,1.72,6.9,5.17,0,0,0,0,0,0,0,0,5.17,3.45,0,0,1.72,0,0,0,0,0,0,0,0,0,0,0,0,5.17,0,0,0,0,0,0,1.72,6.9,0,1.72,1.72,3.45,0,0,6.9,13.79,1.72,0,1.72,1.72,0,0,0,15.52,1.72,8.62,0,0,5.17,0,0
2627,buyer,1,80,17.76,33.01,97.28,78.09,40,18.75,90,72.5,55,22.5,16.25,10,0,6.25,0,0,6.25,17.5,8.75,0,3.75,10,1.25,7.5,0,22.5,6.25,2.5,2.5,0,2.5,2.5,31.25,0,15,5,2.5,1.25,0,1.25,6.25,0,3.75,3.75,0,0,0,0,0,0,0,0,15,6.25,1.25,1.25,0,0,5,8.75,0,0,0,0,0,0,0,0,6.25,2.5,0,1.25,2.5,0,0,0,0,0,0,0,0,0,0,1.25,0,3.75,0,1.25,0,0,0,0,5,6.25,0,0,2.5,2.5,1.25,0,6.25,8.75,2.5,1.25,1.25,1.25,0,0,0,15,1.25,8.75,1.25,0,3.75,0,0
2627,buyer,1,140,16.73,57.11,86.85,41.28,28,15.71,93.57,72.86,60.71,21.43,17.14,10,0.71,6.43,0,0,4.29,18.57,11.43,0.71,5,9.29,5.71,8.57,0.71,17.86,4.29,2.14,2.14,0.71,0.71,1.43,27.14,0,15,6.43,3.57,2.14,1.43,0.71,2.14,0,2.86,2.14,0.71,1.43,0.71,0.71,0,0,0,0,15.71,7.14,0.71,0.71,0,0,4.29,8.57,0,0,0,0,0.71,0,0,0.71,7.14,0.71,0,3.57,2.86,0,0,0,0,0,0,0,0,0,0,0.71,0,2.14,1.43,0.71,0,0,0.71,1.43,6.43,5,0,0.71,2.86,1.43,0.71,0,4.29,5.71,5,2.86,0.71,0.71,0,0,0,12.14,2.14,6.43,1.43,0,1.43,0.71,0
2627,buyer,1,152,18.7,36.29,81.34,39.38,19,16.45,92.76,71.71,61.84,21.05,18.42,11.84,0.66,5.92,0,0,2.63,16.45,10.53,0.66,7.24,10.53,7.24,6.58,0.66,17.11,3.29,2.63,1.32,0.66,0,0.66,25,0.66,15.79,7.24,2.63,3.29,1.32,0.66,1.97,0,3.95,2.63,1.32,1.32,0.66,0.66,0,0,0,0,15.79,8.55,0.66,0.66,0,1.32,3.29,7.24,0,0,0,0,0.66,0,0,0.66,7.89,0,0,4.61,3.29,0,0,0,0,0,0,0,0,0,0,0.66,0,0.66,1.32,1.32,0,0,1.32,1.32,5.26,2.63,0,0.66,1.97,0,0.66,0,2.63,2.63,5.92,3.29,0.66,0,0.66,0,0,11.84,3.95,5.26,1.32,0,0.66,0.66,0
2627,buyer,1,128,20.68,27.28,75.23,56.84,18.29,16.41,92.19,71.09,61.72,19.53,17.97,11.72,0.78,5.47,0,0,1.56,16.41,10.94,0.78,7.03,9.38,8.59,7.03,0.78,16.41,2.34,2.34,1.56,0.78,0,0.78,24.22,0.78,14.84,6.25,2.34,3.13,1.56,0,2.34,0,5.47,3.91,1.56,1.56,0.78,0.78,0,0,0,0,16.41,10.16,1.56,1.56,0,1.56,4.69,6.25,0,0,0,0,0.78,0,0,0.78,7.81,0,0,4.69,3.13,0,0,0,0,0,0,0,0,0,0,0,0,0.78,1.56,0.78,0,0,1.56,1.56,3.91,1.56,0,0.78,1.56,0,0,0,2.34,3.13,6.25,3.13,0.78,0,0.78,0,0,11.72,4.69,4.69,0.78,0,0.78,0.78,0
2627,buyer,1,53,18.67,2.56,79.41,94.44,13.25,18.87,90.57,69.81,58.49,18.87,16.98,13.21,0,3.77,0,0,1.89,13.21,7.55,0,7.55,13.21,7.55,3.77,0,20.75,1.89,3.77,0,0,0,0,26.42,1.89,15.09,5.66,0,3.77,0,0,5.66,0,9.43,7.55,1.89,0,0,0,0,0,0,0,15.09,11.32,1.89,1.89,0,3.77,3.77,3.77,0,0,0,0,0,0,0,0,9.43,0,0,5.66,3.77,0,0,0,0,0,0,0,0,0,0,0,0,1.89,0,1.89,0,0,1.89,0,0,0,0,0,0,0,0,0,1.89,5.66,5.66,1.89,1.89,0,1.89,0,0,11.32,7.55,3.77,0,0,0,0,0
2627,seller,1,29,1,40.06,43.66,74.09,5.8,10.34,96.55,79.31,72.41,24.14,10.34,6.9,3.45,0,0,0,13.79,6.9,3.45,0,10.34,17.24,17.24,10.34,0,20.69,3.45,0,10.34,6.9,0,3.45,34.48,0,24.14,10.34,10.34,6.9,3.45,0,0,0,10.34,6.9,3.45,0,0,0,0,0,0,0,17.24,13.79,3.45,6.9,0,3.45,3.45,3.45,0,0,0,0,0,0,0,0,0,0,0,0,0,0,0,0,0,0,0,0,0,0,0,3.45,0,0,0,0,0,0,0,0,3.45,6.9,0,0,6.9,0,0,0,0,0,10.34,6.9,0,0,0,0,0,17.24,3.45,0,10.34,3.45,0,0,0
2627,seller,1,39,1.3,55.35,16.81,20.23,7.8,15.38,92.31,79.49,66.67,17.95,7.69,5.13,2.56,0,0,0,10.26,10.26,5.13,0,7.69,17.95,12.82,10.26,0,23.08,7.69,2.56,7.69,5.13,0,2.56,33.33,2.56,17.95,7.69,5.13,5.13,2.56,0,0,0,5.13,2.56,2.56,0,0,0,0,0,0,0,10.26,7.69,2.56,2.56,0,2.56,0,5.13,0,0,0,0,0,0,0,0,2.56,0,0,0,2.56,0,0,0,0,0,0,0,0,0,0,2.56,0,0,2.56,0,0,0,0,0,2.56,5.13,0,0,2.56,2.56,0,0,2.56,0,7.69,5.13,0,0,0,0,0,15.38,7.69,2.56,5.13,0,0,0,0
2627,seller,1,53,1.02,87.88,68.36,5.02,8.83,7.55,90.57,79.25,64.15,18.87,13.21,5.66,1.89,5.66,0,0,5.66,11.32,5.66,0,5.66,13.21,13.21,13.21,0,18.87,9.43,3.77,3.77,3.77,0,0,30.19,1.89,16.98,7.55,3.77,3.77,3.77,0,1.89,0,5.66,1.89,3.77,1.89,0,1.89,0,0,0,0,13.21,5.66,1.89,0,0,1.89,0,9.43,0,0,0,0,0,0,0,0,5.66,0,0,1.89,3.77,0,0,0,0,0,0,0,0,0,0,1.89,0,0,1.89,1.89,0,0,0,0,3.77,5.66,0,1.89,3.77,1.89,0,0,3.77,0,5.66,5.66,0,0,0,0,0,15.09,9.43,3.77,1.89,0,0,0,0
2627,seller,1,94,2.48,65.16,97.25,20.23,13.43,10.64,94.68,79.79,68.09,23.4,15.96,6.38,1.06,6.38,0,2.13,7.45,18.09,7.45,0,6.38,8.51,13.83,8.51,2.13,12.77,11.7,3.19,5.32,2.13,0,3.19,29.79,2.13,22.34,6.38,2.13,2.13,7.45,1.06,6.38,0,2.13,1.06,1.06,1.06,0,1.06,0,0,0,0,12.77,2.13,1.06,0,0,0,0,11.7,0,0,0,0,0,0,0,0,6.38,0,0,3.19,3.19,0,0,0,0,0,0,0,0,0,0,0,0,0,1.06,1.06,0,0,0,0,6.38,8.51,0,2.13,7.45,1.06,0,0,2.13,0,4.26,1.06,0,0,0,0,0,11.7,7.45,2.13,0,0,0,2.13,0
2627,seller,1,103,3.35,63.05,97.67,10.58,14.71,11.65,96.12,81.55,70.87,25.24,17.48,6.8,2.91,5.83,0,1.94,7.77,18.45,6.8,0,9.71,9.71,10.68,8.74,2.91,13.59,10.68,2.91,6.8,2.91,0,3.88,31.07,2.91,20.39,5.83,1.94,0.97,7.77,0.97,6.8,0,2.91,0.97,1.94,0.97,0,0.97,0,0,0,0,14.56,2.91,0.97,0.97,0,0.97,0,11.65,0,0,0,0,0,0,0,0,5.83,0,0,3.88,1.94,0,0,0,0,0,0,0,0,0,0,0,0,0,0,0.97,0,0,0,0,5.83,6.8,0,1.94,6.8,0,0,0,1.94,0.97,4.85,1.94,0,0,0,0,0,9.71,6.8,0.97,0,0,0,1.94,0
2627,seller,1,83,3.24,40.06,93.58,20.23,13.83,14.46,96.39,81.93,72.29,25.3,16.87,7.23,3.61,3.61,0,2.41,8.43,18.07,6.02,0,10.84,10.84,10.84,7.23,3.61,14.46,10.84,2.41,8.43,3.61,0,4.82,32.53,3.61,21.69,4.82,1.2,1.2,8.43,1.2,7.23,0,2.41,1.2,1.2,0,0,0,0,0,0,0,13.25,2.41,1.2,1.2,0,1.2,0,10.84,0,0,0,0,0,0,0,0,4.82,0,0,3.61,1.2,0,0,0,0,0,0,0,0,0,0,0,0,0,0,0,0,0,0,0,6.02,6.02,0,1.2,6.02,0,0,0,1.2,1.2,4.82,1.2,0,0,0,0,0,8.43,6.02,0,0,0,0,2.41,0
2627,seller,1,47,12.22,40.06,71.66,20.23,15.67,23.4,89.36,61.7,48.94,14.89,12.77,4.26,4.26,0,0,4.26,2.13,12.77,2.13,0,8.51,14.89,0,6.38,6.38,21.28,6.38,4.26,10.64,4.26,0,6.38,29.79,4.26,12.77,6.38,0,0,2.13,0,6.38,0,4.26,2.13,2.13,0,0,0,0,0,0,0,21.28,8.51,6.38,6.38,0,2.13,0,12.77,0,0,0,0,0,0,0,0,19.15,0,0,6.38,12.77,0,0,0,0,0,0,0,0,0,0,0,0,8.51,0,2.13,0,0,0,0,6.38,2.13,0,0,2.13,0,0,0,2.13,6.38,6.38,2.13,0,0,0,0,0,21.28,6.38,8.51,0,0,4.26,2.13,0
2628,buyer,1,94,33.06,8.5,57.41,20.23,13.43,17.02,95.74,76.6,64.89,19.15,13.83,9.57,2.13,2.13,0,0,5.32,13.83,7.45,1.06,13.83,10.64,7.45,5.32,1.06,18.09,5.32,2.13,6.38,2.13,2.13,2.13,26.6,0,19.15,5.32,0,5.32,4.26,0,5.32,0,4.26,2.13,2.13,1.06,1.06,0,0,0,0,0,11.7,7.45,2.13,3.19,0,0,3.19,4.26,0,0,0,0,2.13,0,0,2.13,8.51,0,0,5.32,3.19,0,0,0,0,0,0,0,0,0,0,0,0,1.06,0,0,0,0,0,0,6.38,6.38,0,0,4.26,1.06,1.06,0,0,6.38,2.13,1.06,1.06,0,1.06,0,0,11.7,3.19,4.26,4.26,0,0,0,0
2628,buyer,1,73,23.64,48.19,75.48,82.37,12.17,16.44,97.26,76.71,64.38,19.18,15.07,8.22,2.74,4.11,0,0,4.11,15.07,6.85,1.37,12.33,9.59,9.59,6.85,0,17.81,5.48,2.74,8.22,4.11,1.37,2.74,26.03,0,19.18,6.85,0,4.11,5.48,0,4.11,0,6.85,5.48,1.37,2.74,2.74,0,0,0,0,0,19.18,12.33,6.85,4.11,0,0,4.11,6.85,0,0,0,0,2.74,0,0,2.74,8.22,0,0,5.48,2.74,0,0,0,0,0,0,0,0,0,0,0,0,1.37,0,0,0,0,0,0,8.22,8.22,0,0,5.48,1.37,1.37,0,1.37,4.11,2.74,1.37,1.37,0,1.37,0,0,10.96,4.11,2.74,4.11,0,0,0,0
2628,buyer,1,50,23.71,89.5,35.01,99,12.5,20,94,54,44,14,14,4,0,6,0,4,0,12,2,0,8,8,2,10,2,14,6,0,10,2,0,8,24,2,14,8,0,2,2,0,4,0,8,8,0,4,4,0,0,0,0,0,32,18,14,10,0,0,6,14,0,0,0,0,4,0,0,4,18,0,0,6,12,0,0,0,0,0,0,0,0,0,0,0,0,8,0,0,0,0,0,0,14,2,0,0,0,0,2,0,2,4,2,0,2,0,2,0,0,20,6,10,2,0,0,2,0
2628,seller,1,49,62.82,99,14.31,51.68,49,14.29,85.71,71.43,57.14,18.37,14.29,2.04,8.16,4.08,0,0,4.08,18.37,8.16,0,14.29,8.16,4.08,2.04,2.04,12.24,10.2,0,12.24,8.16,0,4.08,14.29,2.04,8.16,6.12,2.04,2.04,0,0,0,0,6.12,4.08,2.04,4.08,2.04,2.04,0,0,0,0,18.37,6.12,6.12,4.08,0,0,2.04,12.24,0,0,0,0,0,0,0,0,8.16,0,0,6.12,2.04,0,0,0,0,0,0,0,0,0,0,0,0,0,0,0,0,0,0,0,8.16,6.12,0,2.04,4.08,0,2.04,0,0,2.04,0,2.04,0,0,0,0,0,8.16,0,6.12,0,0,0,2.04,0
2628,seller,1,47,89.52,99,71.66,97.14,47,14.89,89.36,74.47,59.57,17.02,14.89,0,8.51,6.38,0,0,2.13,14.89,8.51,0,21.28,6.38,2.13,4.26,0,12.77,8.51,0,12.77,8.51,2.13,2.13,12.77,0,10.64,8.51,2.13,2.13,0,0,0,0,10.64,8.51,2.13,4.26,2.13,2.13,0,0,0,0,21.28,6.38,6.38,6.38,0,0,4.26,14.89,0,0,0,0,0,0,0,0,6.38,0,0,6.38,0,0,0,0,0,0,0,0,0,0,0,0,0,0,0,0,0,0,0,0,6.38,12.77,0,4.26,10.64,0,2.13,0,0,0,0,2.13,0,0,0,0,0,4.26,0,4.26,0,0,0,0,0
2628,seller,1,34,93.03,99,93.5,99,34,17.65,88.24,70.59,55.88,17.65,17.65,0,8.82,8.82,0,0,0,11.76,5.88,0,23.53,2.94,0,5.88,0,11.76,5.88,0,14.71,8.82,2.94,2.94,8.82,0,5.88,5.88,0,0,0,0,0,0,14.71,11.76,2.94,2.94,0,2.94,0,0,0,0,26.47,8.82,8.82,8.82,0,0,5.88,17.65,0,0,0,0,0,0,0,0,5.88,0,0,5.88,0,0,0,0,0,0,0,0,0,0,0,0,0,2.94,0,0,0,0,0,0,5.88,14.71,0,5.88,14.71,0,0,0,0,0,0,2.94,0,0,0,0,0,2.94,0,2.94,0,0,0,0,0
2629,buyer,1,36,41.36,56.63,39.59,20.23,12,11.11,91.67,80.56,66.67,22.22,19.44,11.11,0,5.56,0,2.78,2.78,13.89,11.11,0,13.89,13.89,5.56,2.78,0,22.22,2.78,0,0,0,0,0,22.22,2.78,11.11,2.78,2.78,8.33,0,0,0,0,5.56,2.78,2.78,0,0,0,0,0,0,0,11.11,2.78,0,2.78,0,0,2.78,8.33,0,0,0,0,0,0,0,0,5.56,0,0,2.78,2.78,0,0,0,0,0,0,0,0,0,0,0,0,2.78,0,0,0,0,0,0,11.11,13.89,0,2.78,8.33,2.78,0,0,0,5.56,11.11,0,2.78,0,2.78,0,0,11.11,2.78,5.56,2.78,0,0,0,0
2629,buyer,1,42,49.68,67.92,24.32,,14,11.9,92.86,83.33,71.43,19.05,16.67,7.14,0,7.14,0,2.38,2.38,14.29,14.29,0,14.29,14.29,7.14,4.76,0,21.43,2.38,2.38,0,0,0,0,26.19,2.38,16.67,2.38,2.38,9.52,2.38,0,4.76,0,0,0,0,0,0,0,0,0,0,0,11.9,2.38,0,0,0,0,0,9.52,0,0,0,0,0,0,0,0,4.76,0,0,2.38,2.38,0,0,0,0,0,0,0,0,0,0,0,0,0,0,2.38,0,0,0,0,9.52,11.9,0,0,9.52,2.38,0,0,0,0,11.9,0,2.38,0,2.38,0,0,9.52,2.38,4.76,2.38,0,0,0,0
2629,buyer,1,53,60.04,4.74,29.13,,53,11.32,92.45,79.25,67.92,15.09,11.32,7.55,0,3.77,0,0,3.77,16.98,16.98,0,15.09,13.21,5.66,7.55,3.77,16.98,5.66,5.66,0,0,0,0,20.75,0,15.09,0,1.89,7.55,1.89,0,5.66,0,0,0,0,0,0,0,0,0,0,0,7.55,3.77,0,0,0,0,1.89,3.77,0,0,0,0,0,0,0,0,7.55,0,0,1.89,5.66,0,0,0,0,0,0,0,0,0,0,1.89,0,0,0,3.77,0,0,0,0,3.77,11.32,0,0,9.43,1.89,0,0,0,1.89,7.55,0,0,0,0,0,0,9.43,1.89,3.77,0,0,3.77,0,0
2629,buyer,1,69,30.77,1,55.19,41.62,34.5,14.49,91.3,75.36,65.22,20.29,17.39,11.59,0,4.35,0,1.45,2.9,14.49,11.59,0,11.59,10.14,2.9,8.7,4.35,14.49,4.35,4.35,2.9,2.9,0,0,26.09,0,21.74,1.45,2.9,5.8,5.8,0,8.7,0,4.35,2.9,1.45,0,0,0,0,0,0,0,14.49,7.25,2.9,0,0,0,1.45,5.8,0,0,0,0,0,0,0,0,7.25,0,0,1.45,5.8,0,0,0,0,0,0,0,0,0,0,1.45,0,0,0,2.9,0,0,1.45,0,1.45,2.9,0,0,2.9,0,0,0,0,4.35,4.35,0,0,0,0,0,0,10.14,1.45,4.35,1.45,0,2.9,0,0
2629,buyer,1,71,21.96,4.14,51.38,83.63,23.67,11.27,90.14,74.65,64.79,22.54,19.72,12.68,0,5.63,0,1.41,2.82,14.08,8.45,0,12.68,11.27,1.41,8.45,4.23,15.49,4.23,2.82,4.23,4.23,0,0,22.54,0,18.31,2.82,2.82,4.23,4.23,0,5.63,0,7.04,5.63,1.41,0,0,0,0,0,0,0,16.9,8.45,5.63,1.41,0,0,2.82,7.04,0,0,0,0,0,0,0,0,7.04,0,0,2.82,4.23,0,0,0,0,0,0,0,0,0,0,1.41,0,0,0,1.41,0,0,1.41,0,2.82,1.41,0,0,1.41,0,0,0,0,4.23,2.82,1.41,0,0,0,0,0,9.86,1.41,4.23,1.41,0,2.82,0,0
2629,buyer,1,51,20.45,29.21,60.65,99,25.5,13.73,88.24,68.63,60.78,23.53,21.57,11.76,0,7.84,0,1.96,1.96,13.73,5.88,0,9.8,9.8,0,7.84,1.96,15.69,1.96,0,5.88,5.88,0,0,23.53,0,17.65,3.92,1.96,1.96,5.88,0,5.88,0,11.76,9.8,1.96,0,0,0,0,0,0,0,21.57,9.8,7.84,1.96,0,0,1.96,9.8,0,0,0,0,0,0,0,0,7.84,0,0,5.88,1.96,0,0,0,0,0,0,0,0,0,0,0,0,1.96,0,0,0,0,1.96,0,3.92,0,0,0,0,0,0,0,0,3.92,3.92,1.96,0,0,0,0,0,5.88,0,3.92,1.96,0,0,0,0
2629,seller,1,46,18.75,91.69,9.43,1,15.33,13.04,84.78,69.57,58.7,26.09,19.57,6.52,4.35,4.35,0,4.35,6.52,8.7,4.35,2.17,10.87,10.87,2.17,4.35,0,15.22,6.52,2.17,4.35,4.35,0,0,21.74,0,13.04,2.17,0,6.52,2.17,0,4.35,0,6.52,0,6.52,4.35,0,4.35,0,0,0,0,19.57,6.52,2.17,2.17,0,0,2.17,13.04,0,0,0,0,2.17,0,0,2.17,6.52,0,0,2.17,4.35,0,0,0,0,0,0,0,0,0,0,0,0,0,0,0,0,0,0,0,2.17,2.17,0,0,0,2.17,0,0,4.35,4.35,6.52,0,0,0,0,0,0,15.22,4.35,8.7,2.17,0,0,0,0
2629,seller,1,61,40.68,83.72,6.65,1,15.25,11.48,86.89,72.13,60.66,19.67,14.75,4.92,4.92,1.64,0,3.28,4.92,14.75,6.56,1.64,13.11,9.84,3.28,6.56,0,14.75,8.2,6.56,4.92,4.92,0,0,22.95,0,11.48,1.64,3.28,3.28,1.64,0,3.28,0,4.92,0,4.92,3.28,0,3.28,0,0,0,0,18.03,6.56,1.64,1.64,0,0,3.28,9.84,0,0,0,0,1.64,0,0,1.64,8.2,0,0,3.28,4.92,0,0,0,0,0,0,0,0,0,0,0,0,0,0,0,0,0,0,0,1.64,1.64,0,0,0,1.64,0,0,3.28,8.2,3.28,1.64,0,0,0,0,0,14.75,6.56,8.2,0,0,0,0,0
2629,seller,1,77,49.02,20.1,12.16,8.22,15.4,15.58,88.31,72.73,62.34,19.48,12.99,7.79,2.6,2.6,0,0,6.49,16.88,9.09,0,12.99,10.39,1.3,6.49,1.3,16.88,5.19,5.19,2.6,2.6,0,0,22.08,0,14.29,1.3,2.6,3.9,0,0,5.19,0,1.3,0,1.3,1.3,0,1.3,0,0,0,0,14.29,6.49,2.6,0,0,0,1.3,5.19,0,0,0,0,0,0,0,0,7.79,0,0,2.6,5.19,0,0,0,0,0,0,0,0,0,0,0,0,0,0,1.3,0,0,0,0,1.3,3.9,0,0,1.3,2.6,0,0,0,7.79,2.6,1.3,0,0,0,0,0,11.69,6.49,5.19,0,0,0,0,0
2629,seller,1,74,27.81,40.06,45.99,7.88,12.33,13.51,90.54,72.97,62.16,22.97,17.57,9.46,2.7,5.41,0,0,5.41,17.57,6.76,0,12.16,8.11,2.7,8.11,1.35,13.51,6.76,5.41,4.05,2.7,0,1.35,22.97,0,14.86,2.7,2.7,1.35,1.35,0,5.41,0,1.35,0,1.35,1.35,0,1.35,0,0,0,0,17.57,6.76,4.05,1.35,0,0,1.35,8.11,0,0,0,0,0,0,0,0,8.11,0,0,4.05,4.05,0,0,0,0,0,0,0,0,0,0,0,0,0,0,1.35,0,0,0,0,1.35,2.7,0,0,1.35,1.35,0,0,0,6.76,0,2.7,0,0,0,0,0,13.51,8.11,5.41,0,0,0,0,0
2629,seller,1,73,17.73,64.35,57.62,7.77,14.6,20.55,87.67,58.9,49.32,21.92,17.81,8.22,1.37,5.48,0,2.74,4.11,13.7,4.11,0,6.85,8.22,1.37,6.85,1.37,13.7,4.11,1.37,5.48,1.37,0,4.11,23.29,0,15.07,5.48,0,1.37,1.37,0,5.48,0,1.37,0,1.37,1.37,0,1.37,0,0,0,0,21.92,8.22,6.85,4.11,0,0,0,12.33,0,0,0,0,0,0,0,0,16.44,0,0,5.48,10.96,0,0,0,0,0,0,0,0,0,0,0,0,5.48,0,1.37,0,0,0,0,5.48,2.74,0,0,1.37,1.37,0,0,0,5.48,1.37,1.37,0,0,0,0,0,17.81,6.85,9.59,0,0,0,1.37,0
2630,buyer,1,96,15.03,34.13,96.5,10.03,96,5.21,95.83,79.17,59.38,27.08,22.92,14.58,0,8.33,0,0,4.17,13.54,5.21,0,11.46,6.25,6.25,5.21,2.08,18.75,6.25,2.08,3.13,0,1.04,2.08,25,0,14.58,7.29,3.13,1.04,0,0,3.13,0,3.13,1.04,2.08,2.08,0,2.08,0,0,0,0,15.63,5.21,2.08,3.13,0,0,1.04,10.42,0,0,0,1.04,1.04,0,0,1.04,8.33,0,0,5.21,3.13,0,0,0,0,0,0,0,0,0,0,0,0,0,0,2.08,0,0,0,0,14.58,5.21,1.04,0,3.13,2.08,0,0,1.04,4.17,3.13,2.08,2.08,0,2.08,0,0,12.5,1.04,9.38,0,0,2.08,0,0
2630,buyer,1,90,5.4,10.48,99,,45,4.44,96.67,81.11,63.33,30,25.56,17.78,0,7.78,0,0,4.44,15.56,3.33,1.11,11.11,6.67,5.56,7.78,2.22,21.11,3.33,2.22,2.22,0,1.11,1.11,27.78,0,13.33,5.56,3.33,1.11,0,0,3.33,0,0,0,0,0,0,0,0,0,0,0,12.22,3.33,1.11,1.11,0,0,0,8.89,0,0,0,0,1.11,0,0,1.11,10,0,0,5.56,4.44,0,0,0,0,0,0,0,0,0,0,0,0,1.11,0,1.11,0,0,0,0,17.78,3.33,1.11,0,2.22,1.11,0,0,3.33,2.22,3.33,3.33,2.22,0,2.22,0,0,13.33,1.11,8.89,1.11,0,2.22,0,0
2630,buyer,1,106,1.28,20.62,99,,35.33,5.66,98.11,80.19,66.98,32.08,27.36,16.04,3.77,6.6,0,0.94,4.72,16.04,2.83,1.89,9.43,9.43,3.77,9.43,3.77,20.75,2.83,2.83,6.6,5.66,0.94,0,33.02,0,16.04,4.72,0.94,3.77,1.89,0,6.6,0,0,0,0,0,0,0,0,0,0,0,16.04,3.77,0,0,0,0,0,12.26,0,0,0,0,0,0,0,0,10.38,0,0,6.6,3.77,0,0,0,0,0,0,0,0,0,0,0,0,0.94,0,0,0,0,0,0,13.21,2.83,0,1.89,1.89,0,0,0,4.72,1.89,5.66,3.77,0.94,0,0.94,0,0,14.15,0.94,8.49,0.94,0,3.77,0,0
2630,buyer,1,77,1,70.24,99,39.1,38.5,7.79,100,80.52,64.94,35.06,31.17,15.58,5.19,9.09,0,1.3,3.9,16.88,2.6,2.6,6.49,9.09,3.9,10.39,3.9,22.08,3.9,3.9,7.79,7.79,0,0,31.17,0,12.99,3.9,0,3.9,2.6,0,5.19,0,1.3,1.3,0,0,0,0,0,0,0,0,20.78,5.19,0,0,0,0,1.3,15.58,0,0,0,0,0,0,0,0,11.69,0,0,7.79,3.9,0,0,0,0,0,0,0,0,0,0,0,0,1.3,0,0,0,0,0,0,10.39,3.9,0,2.6,2.6,0,0,0,7.79,1.3,6.49,3.9,0,0,0,0,0,14.29,0,9.09,1.3,0,3.9,0,0
2630,buyer,1,59,1,84.73,98.71,73.26,59,10.17,100,77.97,62.71,32.2,28.81,11.86,6.78,8.47,0,1.69,3.39,13.56,3.39,1.69,6.78,10.17,3.39,8.47,5.08,22.03,3.39,3.39,10.17,10.17,0,0,32.2,0,15.25,3.39,0,5.08,3.39,0,6.78,0,3.39,3.39,0,0,0,0,0,0,0,0,23.73,6.78,0,0,0,0,1.69,16.95,0,0,0,0,0,0,0,0,10.17,0,0,8.47,1.69,0,0,0,0,0,0,0,0,0,0,0,0,1.69,0,0,0,0,0,0,8.47,5.08,0,3.39,3.39,0,0,0,6.78,1.69,8.47,3.39,0,0,0,0,0,13.56,0,8.47,0,0,5.08,0,0
2630,seller,1,92,1.75,33.89,98.67,1.34,15.33,10.87,95.65,75,67.39,27.17,22.83,13.04,0,9.78,0,0,4.35,14.13,6.52,0,7.61,10.87,5.43,10.87,4.35,16.3,3.26,0,0,0,0,0,31.52,0,15.22,4.35,1.09,0,2.17,2.17,5.43,0,5.43,1.09,4.35,1.09,1.09,0,0,0,0,0,15.22,5.43,0,0,0,3.26,1.09,11.96,0,0,0,0,1.09,0,0,1.09,7.61,0,0,4.35,4.35,0,0,0,0,0,0,0,0,0,0,0,0,1.09,0,0,0,0,0,0,5.43,3.26,0,0,3.26,0,0,0,4.35,4.35,6.52,3.26,1.09,0,1.09,0,0,8.7,5.43,1.09,1.09,0,1.09,0,0
2630,seller,1,91,1.3,77.08,98.16,20.23,11.38,12.09,95.6,74.73,64.84,28.57,25.27,12.09,0,13.19,0,0,3.3,15.38,4.4,1.1,6.59,10.99,3.3,10.99,3.3,18.68,4.4,1.1,0,0,0,0,30.77,0,14.29,5.49,1.1,1.1,2.2,1.1,4.4,0,2.2,1.1,1.1,1.1,1.1,0,0,0,0,0,16.48,3.3,0,0,0,1.1,1.1,13.19,0,0,0,0,1.1,0,0,1.1,9.89,0,0,5.49,5.49,0,0,0,0,0,0,0,0,0,0,0,1.1,1.1,0,0,0,0,0,0,8.79,3.3,0,0,3.3,0,0,0,5.49,3.3,6.59,3.3,1.1,0,1.1,0,0,10.99,5.49,2.2,2.2,0,1.1,0,0
2630,seller,1,67,1,96.16,96.82,42.34,11.17,8.96,97.01,76.12,65.67,31.34,28.36,13.43,0,14.93,0,0,2.99,14.93,2.99,1.49,4.48,11.94,4.48,11.94,1.49,20.9,4.48,1.49,0,0,0,0,31.34,0,8.96,4.48,0,1.49,1.49,0,1.49,0,4.48,2.99,1.49,1.49,1.49,0,0,0,0,0,17.91,2.99,0,0,0,1.49,1.49,14.93,0,0,0,0,0,0,0,0,11.94,0,0,5.97,7.46,0,0,0,0,0,0,0,0,0,0,0,1.49,1.49,0,0,0,0,0,0,8.96,2.99,0,0,2.99,0,0,0,7.46,2.99,7.46,5.97,0,0,0,0,0,11.94,7.46,2.99,1.49,0,0,0,0
2630,seller,1,45,3.8,99,87.45,54.76,9,15.56,93.33,57.78,42.22,20,20,4.44,0,11.11,0,4.44,0,15.56,2.22,2.22,0,8.89,2.22,6.67,4.44,20,6.67,4.44,4.44,0,0,4.44,26.67,0,15.56,8.89,0,2.22,0,0,4.44,0,2.22,2.22,0,0,0,0,0,0,0,0,26.67,6.67,4.44,4.44,0,0,2.22,20,0,0,0,0,0,0,0,0,26.67,0,0,8.89,17.78,0,0,0,0,0,0,0,0,0,0,0,2.22,8.89,0,2.22,0,0,0,0,15.56,4.44,0,0,4.44,0,0,0,4.44,6.67,4.44,2.22,0,0,0,0,0,28.89,8.89,11.11,2.22,0,4.44,2.22,0
2632,buyer,1,119,46.7,10.33,34.78,20.23,23.8,16.81,89.92,72.27,61.34,24.37,13.45,10.08,0,2.52,0.84,0,10.92,20.17,11.76,0,10.08,9.24,0.84,4.2,0.84,15.97,4.2,0.84,0,0,0,0,20.17,1.68,5.88,1.68,0.84,0.84,0.84,0,2.52,0,3.36,1.68,1.68,0,0,0,0,0,0,0,10.08,5.88,0,0.84,0,2.52,2.52,4.2,0,0,0,0.84,0,0,0,0,6.72,0,0,3.36,3.36,0,0,0,0,0,0,0,0,0,0,0,0,4.2,0,0.84,0,0,0,3.36,2.52,7.56,3.36,0.84,0.84,5.88,0,0,1.68,9.24,5.04,0.84,1.68,0.84,0.84,0,0,10.92,4.2,6.72,0,0,0,0,0
2632,buyer,1,111,23.42,17.62,62.13,47.58,22.2,13.51,93.69,78.38,63.96,25.23,13.51,9.01,0,4.5,0,0,11.71,20.72,10.81,0,9.01,9.91,2.7,6.31,1.8,18.92,4.5,0.9,0,0,0,0,20.72,0.9,9.01,2.7,0.9,0.9,1.8,0,3.6,0,3.6,2.7,0.9,0,0,0,0,0,0,0,10.81,5.41,0.9,0,0,1.8,1.8,5.41,0,0,0,0,0,0,0,0,9.01,0,0,3.6,5.41,0,0,0,0,0,0,0,0,0,0,0,0,4.5,0,0.9,0,0,0,1.8,5.41,6.31,1.8,0.9,0.9,4.5,0,0,3.6,6.31,4.5,1.8,1.8,0.9,0.9,0,0,10.81,4.5,5.41,0,0,0.9,0,0
2632,buyer,1,95,22.98,34.07,76.52,52.78,19,18.95,92.63,68.42,53.68,21.05,13.68,7.37,0,4.21,0,2.11,7.37,17.89,7.37,0,7.37,8.42,3.16,6.32,2.11,18.95,4.21,1.05,2.11,0,0,2.11,23.16,1.05,12.63,5.26,1.05,1.05,2.11,0,4.21,0,4.21,3.16,1.05,0,0,0,0,0,0,0,15.79,7.37,3.16,2.11,0,2.11,1.05,8.42,0,0,0,0,0,0,0,0,16.84,0,0,5.26,11.58,0,0,0,0,0,0,0,0,0,0,0,0,7.37,0,1.05,0,0,0,2.11,6.32,5.26,2.11,1.05,1.05,3.16,0,0,4.21,5.26,4.21,2.11,1.05,0,1.05,0,0,15.79,5.26,8.42,0,0,1.05,1.05,0
2632,seller,1,198,54.26,8.2,84.61,59.87,18,17.17,89.39,71.21,64.14,15.15,11.62,6.06,0.51,5.05,0,0,3.54,19.19,12.63,0,13.13,10.61,5.05,6.57,3.54,12.12,4.55,2.02,2.02,1.01,0,1.01,28.28,0.51,18.69,3.54,1.52,4.04,3.54,0,9.09,0,3.54,3.03,0.51,1.01,1.01,0,0,0,0,0,11.11,5.56,2.02,1.52,0,0,1.52,5.56,0,0,0,0,0,0,0,0,6.06,0,0,1.01,5.05,0,0,0,0,0,0,0,0,0,0,0,0,2.53,0,0.51,0,0,0.51,0,3.03,6.57,0,0.51,5.56,1.01,0,0,3.03,2.53,7.58,0,0,0,0,0,0,11.11,5.05,5.56,0.51,0,0,0,0
2632,seller,1,218,70.04,40.06,90.14,90.83,16.77,18.81,91.28,68.35,62.39,14.68,12.39,5.05,0.92,6.42,0,0,2.29,19.72,12.84,0,14.22,8.72,4.13,6.42,2.75,10.09,3.67,1.83,3.67,1.38,0,2.29,27.06,0.92,17.89,4.59,1.83,2.75,3.21,0,6.88,0,6.88,5.96,0.92,1.83,1.38,0.46,0,0,0,0,15.6,8.26,3.21,3.67,0,0,1.38,7.34,0,0,0,0,0,0,0,0,6.88,0.46,0,1.38,5.05,0,0,0,0,0,0,0,0,0,0,0,0,2.75,0,0.46,0,0,0.46,0,3.67,5.96,0,0.46,5.05,0.92,0,0,5.96,3.21,5.05,0,0,0,0,0,0,10.55,5.96,4.59,0,0,0,0,0
2632,seller,1,126,47.27,44.76,96.01,99,14,18.25,91.27,65.87,61.11,15.08,12.7,3.97,0.79,7.94,0,0,2.38,19.05,11.9,0,11.11,8.73,4.76,7.94,3.97,9.52,3.17,2.38,3.97,1.59,0,2.38,28.57,1.59,19.05,4.76,2.38,1.59,2.38,0,8.73,0,9.52,8.73,0.79,1.59,0.79,0.79,0,0,0,0,19.84,11.11,3.97,4.76,0,0,2.38,8.73,0,0,0,0,0,0,0,0,7.94,0.79,0,1.59,5.56,0,0,0,0,0,0,0,0,0,0,0,0,3.97,0,0.79,0,0,0,0,3.97,3.97,0,0,3.97,0,0,0,7.94,3.97,4.76,0,0,0,0,0,0,11.11,6.35,4.76,0,0,0,0,0
2633,buyer,1,97,56.41,1,84.49,52.04,13.86,18.56,90.72,73.2,62.89,19.59,13.4,12.37,0,1.03,0,0,6.19,17.53,13.4,1.03,12.37,11.34,2.06,6.19,1.03,17.53,4.12,1.03,1.03,0,0,1.03,31.96,0,20.62,4.12,3.09,4.12,1.03,3.09,5.15,0,4.12,3.09,1.03,4.12,3.09,1.03,0,0,0,0,7.22,4.12,0,1.03,0,0,1.03,3.09,0,0,0,0,1.03,0,0,1.03,3.09,0,0,1.03,2.06,0,0,0,0,0,0,0,0,0,0,0,1.03,3.09,0,0,0,0,0,0,4.12,5.15,0,0,3.09,1.03,0,1.03,3.09,8.25,3.09,2.06,0,0,0,0,0,8.25,7.22,0,0,0,1.03,0,0
2633,buyer,1,127,38.32,1.22,76.2,57.15,14.11,16.54,91.34,74.8,62.99,21.26,14.17,13.39,0,0.79,0,0,7.09,15.75,9.45,0.79,13.39,12.6,3.15,6.3,0,19.69,4.72,1.57,1.57,0.79,0,0.79,28.35,0,20.47,5.51,1.57,7.09,1.57,1.57,3.94,0,5.51,3.94,1.57,3.94,2.36,1.57,0,0,0,0,7.87,4.72,2.36,0.79,0,0,0.79,3.15,0,0,0,0,0.79,0,0,0.79,3.94,0,0,2.36,2.36,0,0,0,0,0,0,0,0,0,0,0,2.36,2.36,0,0,0,0,0,0,4.72,4.72,0,0,3.15,0.79,0,0.79,3.15,4.72,3.15,3.15,0.79,0,0.79,0,0,7.87,7.09,0,0,0,0.79,0,0
2633,buyer,1,116,37.7,15.13,31.84,60.88,14.5,18.97,88.79,65.52,56.9,18.1,10.34,8.62,0,0,0,1.72,7.76,15.52,7.76,0.86,11.21,12.07,3.45,6.03,0,17.24,3.45,1.72,3.45,0.86,0,2.59,25,0,16.38,5.17,0,6.03,0.86,1.72,2.59,0,4.31,3.45,0.86,2.59,1.72,0.86,0,0,0,0,12.07,6.03,4.31,2.59,0,0,0.86,6.03,0,0,0,0,0.86,0,0,0.86,9.48,0,0,3.45,6.9,0,0,0,0,0,0,0,0,0,0,0,1.72,5.17,0,0,0,0,0,0,6.9,4.31,0,0,2.59,0.86,0,0.86,2.59,6.03,2.59,1.72,0.86,0,0.86,0,0,11.21,6.9,3.45,0,0,0,0.86,0
2633,seller,1,91,1.3,99,18.53,35.85,13,23.08,95.6,78.02,64.84,25.27,20.88,3.3,6.59,9.89,0,1.1,4.4,14.29,3.3,0,7.69,16.48,5.49,6.59,3.3,25.27,4.4,1.1,6.59,6.59,0,0,35.16,1.1,24.18,4.4,3.3,7.69,2.2,1.1,7.69,0,5.49,3.3,2.2,1.1,0,1.1,0,0,0,0,27.47,7.69,2.2,2.2,0,0,4.4,19.78,0,0,0,0,2.2,0,0,2.2,4.4,0,0,1.1,3.3,0,0,0,0,0,0,0,0,0,0,0,0,3.3,0,1.1,0,0,0,0,8.79,5.49,0,1.1,2.2,3.3,0,0,2.2,3.3,4.4,2.2,0,0,0,0,0,15.38,6.59,6.59,1.1,0,1.1,0,0
2633,seller,1,146,7.44,99,9.7,20.23,18.25,24.66,95.89,76.71,63.01,23.97,19.18,2.05,6.85,8.9,0,1.37,4.79,17.12,8.22,0,6.85,12.33,4.11,7.53,2.74,21.92,4.11,0.68,7.53,6.85,0,0.68,28.77,0.68,21.23,4.79,3.42,5.48,2.05,1.37,6.16,0,2.74,1.37,1.37,1.37,0.68,0.68,0,0,0,0,25.34,5.48,0,0,0,0,2.74,19.86,0,0,0,0,2.05,0,0,2.05,6.16,0,0,3.42,4.11,0,0.68,0.68,0,0,0,0,0,0,0,0,0.68,2.05,1.37,0,0,0,0,0,8.22,2.74,0,0,0.68,1.37,0,0.68,2.74,4.11,3.42,1.37,0,0,0,0,0,10.27,4.11,4.11,1.37,0,0.68,0,0
2633,seller,1,130,8.56,99,9.12,30.73,16.25,25.38,96.15,74.62,60.77,22.31,17.69,1.54,7.69,6.92,0,1.54,4.62,17.69,8.46,0,6.15,12.31,3.85,8.46,2.31,21.54,4.62,0.77,8.46,7.69,0,0.77,27.69,0.77,20.77,4.62,3.08,5.38,2.31,1.54,6.15,0,3.85,2.31,1.54,1.54,0.77,0.77,0,0,0,0,23.85,4.62,0,0,0,0,1.54,19.23,0,0,0,0,2.31,0,0,2.31,7.69,0,0,4.62,4.62,0,0.77,0.77,0,0,0,0,0,0,0,0,0.77,2.31,1.54,0,0,0,0,0,9.23,3.08,0,0,0.77,1.54,0,0.77,3.08,3.08,3.85,1.54,0,0,0,0,0,10.77,4.62,4.62,0.77,0,0.77,0,0
2634,buyer,1,42,10.19,1,84.92,20.23,42,7.14,83.33,66.67,54.76,26.19,19.05,19.05,0,0,0,0,7.14,19.05,4.76,0,9.52,7.14,4.76,7.14,2.38,14.29,4.76,0,0,0,0,0,16.67,0,11.9,2.38,0,4.76,0,0,4.76,0,4.76,2.38,2.38,2.38,0,2.38,0,0,0,0,2.38,2.38,0,2.38,0,0,2.38,0,0,0,0,0,4.76,0,0,4.76,9.52,0,0,2.38,7.14,0,0,0,0,0,0,0,0,0,0,0,4.76,4.76,0,0,0,0,0,0,2.38,0,0,0,0,0,0,0,2.38,2.38,0,2.38,0,0,0,0,0,11.9,0,9.52,0,0,2.38,0,0
2634,buyer,1,53,1.55,1,68.36,20.23,26.5,3.77,86.79,73.58,62.26,28.3,18.87,15.09,0,3.77,0,0,9.43,15.09,3.77,0,7.55,13.21,5.66,7.55,1.89,20.75,3.77,0,1.89,0,1.89,0,22.64,0,16.98,3.77,0,5.66,1.89,1.89,5.66,0,3.77,1.89,1.89,1.89,0,1.89,0,0,0,0,5.66,1.89,1.89,1.89,0,0,1.89,3.77,0,0,0,0,3.77,0,0,3.77,5.66,0,0,1.89,3.77,0,0,0,0,0,0,0,0,0,0,0,3.77,1.89,0,0,0,0,0,0,1.89,0,0,0,0,0,0,0,1.89,1.89,1.89,1.89,0,0,0,0,0,15.09,3.77,7.55,1.89,0,1.89,0,0
2634,buyer,1,41,1,16.2,26.35,89.58,10.25,4.88,97.56,85.37,65.85,31.71,24.39,17.07,0,7.32,0,0,7.32,14.63,0,0,4.88,17.07,7.32,7.32,0,26.83,9.76,2.44,2.44,0,2.44,0,26.83,0,21.95,4.88,0,9.76,2.44,4.88,2.44,0,9.76,7.32,2.44,2.44,0,2.44,0,0,0,0,12.2,4.88,4.88,4.88,0,0,4.88,7.32,0,0,0,0,0,0,0,0,7.32,0,0,2.44,4.88,0,0,0,0,0,0,0,0,0,0,0,4.88,0,0,0,0,0,0,0,7.32,0,0,0,0,0,0,0,0,0,2.44,2.44,2.44,0,2.44,0,0,19.51,7.32,7.32,2.44,2.44,0,0,0
2634,buyer,1,30,1,77.41,1.91,99,6,3.33,100,83.33,66.67,30,20,10,0,10,0,0,10,13.33,0,0,3.33,20,6.67,6.67,0,30,6.67,3.33,3.33,0,3.33,0,26.67,0,23.33,3.33,0,10,3.33,6.67,3.33,0,13.33,13.33,0,0,0,0,0,0,0,0,16.67,6.67,6.67,6.67,0,0,6.67,10,0,0,0,0,0,0,0,0,6.67,0,0,3.33,3.33,0,0,0,0,0,0,0,0,0,0,0,3.33,3.33,0,0,0,0,0,0,6.67,0,0,0,0,0,0,0,0,0,3.33,0,3.33,0,3.33,0,0,23.33,10,6.67,3.33,3.33,0,0,0
2634,seller,1,89,12.92,60.12,26.18,72.98,12.71,16.85,92.13,74.16,62.92,20.22,13.48,6.74,2.25,4.49,0,0,6.74,16.85,6.74,0,10.11,11.24,6.74,8.99,1.12,19.1,4.49,1.12,2.25,2.25,0,0,28.09,0,22.47,7.87,0,5.62,4.49,2.25,3.37,0,10.11,6.74,3.37,2.25,1.12,1.12,0,0,0,0,14.61,6.74,3.37,2.25,0,0,4.49,7.87,0,0,0,0,0,0,0,0,4.49,0,0,4.49,1.12,0,0,0,0,0,0,0,0,0,0,0,2.25,0,0,0,0,0,2.25,1.12,1.12,3.37,1.12,1.12,1.12,0,0,0,0,0,7.87,2.25,0,0,0,0,0,16.85,4.49,5.62,2.25,1.12,3.37,0,0
2634,seller,1,119,6.09,89.73,19.82,59.8,17,18.49,93.28,75.63,63.87,22.69,17.65,6.72,3.36,7.56,0,0,5.04,17.65,5.88,0,9.24,10.92,7.56,8.4,2.52,19.33,4.2,1.68,4.2,3.36,0.84,0,30.25,1.68,20.17,5.88,0,5.04,4.2,3.36,4.2,0,7.56,5.04,2.52,2.52,1.68,0.84,0,0,0,0,17.65,5.04,2.52,0.84,0,0,3.36,12.61,0,0,0,0,0,0,0,0,7.56,0,0,5.04,4.2,0,0,0,0,0,0,0,0,0,0,0,2.52,2.52,0,0,0,0,1.68,0.84,5.04,2.52,0.84,0.84,0.84,0,0,0,0,0.84,5.88,4.2,0,0,0,0,0,16.81,5.04,6.72,0.84,0,4.2,0,0
2634,seller,1,82,4.45,98.3,26.35,76.91,16.4,21.95,93.9,68.29,54.88,20.73,18.29,4.88,2.44,8.54,0,2.44,2.44,13.41,3.66,0,7.32,10.98,7.32,7.32,3.66,20.73,3.66,2.44,6.1,2.44,1.22,2.44,29.27,2.44,17.07,7.32,0,2.44,3.66,2.44,3.66,0,6.1,4.88,1.22,2.44,2.44,0,0,0,0,0,23.17,6.1,4.88,3.66,0,0,2.44,17.07,0,0,0,0,0,0,0,0,17.07,0,0,6.1,12.2,0,0,0,0,0,0,0,0,0,0,0,1.22,8.54,0,1.22,0,0,1.22,0,9.76,1.22,0,0,1.22,0,0,0,0,3.66,3.66,4.88,0,0,0,0,0,21.95,6.1,10.98,0,0,3.66,1.22,0
2635,buyer,1,25,1.9,99,1,81.12,25,8,100,84,76,36,20,0,16,4,0,0,16,12,0,0,12,16,4,0,0,20,4,8,16,16,0,0,24,0,8,0,0,4,4,0,0,0,4,4,0,0,0,0,0,0,0,0,24,4,0,0,0,0,0,20,0,0,0,0,0,0,0,0,0,0,0,0,0,0,0,0,0,0,0,0,0,0,0,0,0,8,0,0,0,0,0,0,4,0,0,0,0,0,0,0,0,0,4,12,0,0,0,0,0,0,0,0,0,0,0,0,0
2635,buyer,1,32,1.1,98.18,5.64,69.4,32,9.38,100,84.38,78.13,34.38,18.75,6.25,12.5,0,0,0,15.63,6.25,0,0,12.5,18.75,3.13,3.13,0,21.88,3.13,6.25,12.5,12.5,0,0,25,0,15.63,0,0,9.38,3.13,0,3.13,0,3.13,3.13,0,0,0,0,0,0,0,0,12.5,0,0,0,0,0,0,12.5,0,0,0,0,0,0,0,0,0,0,0,0,0,0,0,0,0,0,0,0,0,0,0,0,0,9.38,0,0,0,0,0,0,3.13,6.25,0,3.13,6.25,0,0,0,0,0,0,9.38,0,0,0,0,0,6.25,0,3.13,3.13,0,0,0,0
2635,buyer,1,31,1,11.07,79.1,70.91,15.5,6.45,100,87.1,77.42,38.71,19.35,12.9,6.45,0,0,0,19.35,12.9,3.23,0,9.68,22.58,3.23,6.45,0,25.81,6.45,3.23,6.45,6.45,0,0,32.26,0,16.13,0,0,6.45,6.45,0,6.45,0,3.23,3.23,0,0,0,0,0,0,0,0,6.45,0,0,0,0,0,0,6.45,0,0,0,0,0,0,0,0,3.23,0,0,3.23,0,0,0,0,0,0,0,0,0,0,0,0,0,6.45,0,0,0,0,0,0,6.45,6.45,0,3.23,6.45,0,0,0,0,0,9.68,6.45,3.23,0,3.23,0,0,22.58,3.23,6.45,3.23,0,9.68,0,0
2635,buyer,1,25,1,1,96.32,99,8.33,4,100,80,72,36,16,16,0,0,0,0,20,12,4,0,12,24,0,8,0,24,8,0,0,0,0,0,28,0,16,0,0,8,4,0,8,0,8,8,0,0,0,0,0,0,0,0,0,0,0,0,0,0,0,0,0,0,0,0,0,0,0,0,8,0,0,8,0,0,0,0,0,0,0,0,0,0,0,0,0,8,0,0,0,0,0,0,4,8,0,4,8,0,0,0,0,0,12,0,4,0,4,0,0,28,4,8,4,0,12,0,0
2635,seller,1,34,37.99,99,46.57,95.42,17,11.76,97.06,82.35,61.76,23.53,17.65,2.94,2.94,8.82,0,2.94,5.88,17.65,8.82,0,11.76,11.76,5.88,0,0,23.53,8.82,2.94,11.76,2.94,8.82,0,41.18,0,32.35,23.53,2.94,8.82,0,0,0,0,11.76,8.82,2.94,5.88,5.88,0,0,0,0,0,14.71,0,0,0,0,0,0,14.71,0,0,0,0,0,0,0,0,8.82,0,0,8.82,0,0,0,0,0,0,0,0,0,0,0,0,0,0,0,0,0,0,0,0,8.82,5.88,0,0,0,0,0,5.88,0,0,14.71,0,0,0,0,0,0,2.94,0,0,2.94,0,0,0,0
2635,seller,1,37,42.89,99,36.48,2.35,37,13.51,94.59,83.78,64.86,21.62,18.92,5.41,2.7,8.11,0,2.7,2.7,21.62,10.81,0,13.51,8.11,8.11,5.41,0,18.92,8.11,2.7,13.51,2.7,8.11,2.7,27.03,0,21.62,16.22,2.7,5.41,0,0,0,0,8.11,2.7,5.41,0,0,0,0,0,0,0,16.22,2.7,2.7,2.7,0,0,0,13.51,0,0,0,0,0,0,0,0,8.11,0,0,8.11,0,0,0,0,0,0,0,0,0,0,0,0,0,0,0,0,0,0,0,0,8.11,5.41,0,0,0,0,0,5.41,0,0,10.81,0,0,0,0,0,0,0,0,0,0,0,0,0,0
2635,seller,1,44,16.24,78.1,34.4,3.56,44,22.73,88.64,59.09,45.45,13.64,13.64,4.55,0,4.55,0,4.55,0,13.64,4.55,0,6.82,9.09,6.82,6.82,4.55,18.18,4.55,0,6.82,0,0,6.82,27.27,2.27,20.45,13.64,2.27,4.55,0,0,2.27,0,6.82,2.27,4.55,0,0,0,0,0,0,0,20.45,6.82,6.82,6.82,0,0,0,13.64,0,0,0,0,0,0,0,0,22.73,0,0,9.09,13.64,0,0,0,0,0,0,0,0,0,0,0,0,9.09,0,0,0,0,0,0,11.36,2.27,0,0,0,0,0,2.27,0,4.55,4.55,0,0,0,0,0,0,15.91,2.27,9.09,0,0,2.27,2.27,0
2640,buyer,1,33,63.17,1,1.51,96.12,6.6,18.18,90.91,69.7,60.61,15.15,12.12,12.12,0,0,0,0,3.03,18.18,15.15,0,9.09,15.15,0,0,6.06,15.15,6.06,3.03,0,0,0,0,27.27,3.03,15.15,0,0,12.12,0,0,3.03,0,12.12,9.09,3.03,6.06,6.06,0,0,0,0,0,6.06,6.06,0,3.03,0,3.03,3.03,0,0,0,0,0,0,0,0,0,3.03,0,0,0,3.03,0,0,0,0,0,0,0,0,0,0,0,0,9.09,0,3.03,0,0,0,0,6.06,6.06,0,0,3.03,3.03,0,0,0,9.09,0,6.06,3.03,3.03,0,0,0,15.15,15.15,0,0,0,0,0,0
2640,buyer,1,39,53.56,1.53,2.93,2.7,7.8,17.95,89.74,76.92,64.1,17.95,12.82,10.26,0,2.56,0,0,5.13,20.51,15.38,0,10.26,15.38,0,2.56,5.13,15.38,7.69,0,0,0,0,0,28.21,5.13,12.82,2.56,0,7.69,0,0,2.56,0,7.69,2.56,5.13,0,0,0,0,0,0,0,5.13,2.56,0,0,0,2.56,0,2.56,0,0,0,0,0,0,0,0,5.13,0,0,2.56,2.56,0,0,0,0,0,0,0,0,0,0,0,0,7.69,0,0,0,0,0,0,10.26,2.56,0,0,0,2.56,0,0,0,7.69,2.56,5.13,5.13,2.56,2.56,0,0,12.82,10.26,0,2.56,0,0,0,0
2640,buyer,1,42,23.27,4.61,5.94,57.46,8.4,19.05,92.86,78.57,69.05,19.05,14.29,9.52,0,4.76,0,0,4.76,16.67,11.9,0,11.9,16.67,2.38,7.14,4.76,16.67,4.76,0,4.76,0,0,4.76,28.57,4.76,14.29,2.38,0,7.14,2.38,0,4.76,0,7.14,4.76,2.38,0,0,0,0,0,0,0,9.52,4.76,4.76,4.76,0,0,0,4.76,0,0,0,0,0,0,0,0,4.76,0,0,2.38,2.38,0,0,0,0,0,0,0,0,0,0,0,0,4.76,0,0,0,0,0,0,9.52,2.38,0,0,0,2.38,0,0,0,4.76,2.38,7.14,4.76,2.38,2.38,0,0,11.9,9.52,0,2.38,0,0,0,0
2640,buyer,1,29,20.17,22.04,43.66,74.09,5.8,20.69,93.1,75.86,62.07,24.14,20.69,13.79,0,6.9,0,0,3.45,13.79,6.9,0,13.79,10.34,3.45,10.34,0,10.34,6.9,0,10.34,0,0,10.34,24.14,6.9,10.34,3.45,0,3.45,3.45,0,3.45,0,10.34,6.9,3.45,0,0,0,0,0,0,0,17.24,10.34,10.34,10.34,0,0,0,6.9,0,0,0,0,0,0,0,0,6.9,0,0,3.45,3.45,0,0,0,0,0,0,0,0,0,0,0,0,3.45,0,0,0,0,0,0,10.34,0,0,0,0,0,0,0,0,0,3.45,3.45,6.9,0,6.9,0,0,17.24,13.79,0,3.45,0,0,0,0
2640,buyer,1,16,5.64,1.71,89.39,99,4,25,93.75,62.5,56.25,25,25,18.75,0,6.25,0,0,0,6.25,0,0,12.5,6.25,6.25,12.5,0,6.25,0,0,18.75,0,0,18.75,18.75,6.25,6.25,0,0,0,6.25,0,6.25,0,12.5,12.5,0,0,0,0,0,0,0,0,25,18.75,18.75,18.75,0,0,0,6.25,0,0,0,0,0,0,0,0,6.25,0,0,6.25,0,0,0,0,0,0,0,0,0,0,0,0,0,6.25,0,0,0,0,0,0,6.25,0,0,0,0,0,0,0,0,0,0,6.25,6.25,0,6.25,0,0,18.75,18.75,0,0,0,0,0,0
2640,seller,1,78,71.74,93.13,1.74,20.23,15.6,16.67,85.9,67.95,56.41,16.67,11.54,2.56,3.85,5.13,0,0,5.13,16.67,14.1,0,11.54,10.26,1.28,5.13,1.28,16.67,3.85,0,7.69,3.85,1.28,2.56,19.23,0,12.82,6.41,1.28,5.13,3.85,0,2.56,0,2.56,1.28,1.28,0,0,0,0,0,0,0,16.67,7.69,0,1.28,0,0,1.28,8.97,0,0,0,0,1.28,0,0,1.28,6.41,0,0,2.56,3.85,0,0,0,0,0,0,0,0,0,0,0,1.28,0,0,0,0,0,0,0,1.28,0,0,0,0,0,0,0,0,3.85,7.69,0,1.28,0,1.28,0,0,11.54,5.13,5.13,1.28,0,0,0,0
2640,seller,1,75,59.67,98.38,1.91,7.99,15,18.67,84,66.67,57.33,18.67,14.67,2.67,4,8,0,0,4,17.33,13.33,0,10.67,9.33,1.33,6.67,1.33,13.33,4,0,9.33,4,1.33,4,17.33,0,10.67,4,0,4,4,0,4,0,1.33,0,1.33,0,0,0,0,0,0,0,21.33,9.33,1.33,1.33,0,0,0,12,0,0,0,0,1.33,0,0,1.33,5.33,0,0,2.67,2.67,0,0,0,0,0,0,0,0,0,0,0,0,0,0,0,0,0,0,0,1.33,0,0,0,0,0,0,0,0,4,6.67,0,1.33,0,1.33,0,0,10.67,6.67,4,0,0,0,0,0
2640,seller,1,56,51.48,99,8.95,5.5,11.2,19.64,87.5,67.86,58.93,19.64,16.07,3.57,3.57,8.93,0,0,3.57,14.29,10.71,0,12.5,10.71,1.79,7.14,0,14.29,3.57,0,8.93,3.57,1.79,3.57,21.43,0,12.5,5.36,0,3.57,5.36,0,3.57,0,1.79,0,1.79,0,0,0,0,0,0,0,23.21,10.71,1.79,1.79,0,0,0,12.5,0,0,0,0,1.79,0,0,1.79,5.36,0,0,3.57,1.79,0,0,0,0,0,0,0,0,0,0,0,0,0,0,0,0,0,0,0,3.57,3.57,0,0,1.79,0,1.79,0,0,3.57,8.93,0,1.79,0,1.79,0,0,12.5,8.93,1.79,0,0,1.79,0,0
2640,seller,1,34,46.7,99,12.44,,11.33,29.41,82.35,44.12,38.24,14.71,14.71,0,2.94,5.88,0,5.88,0,11.76,2.94,0,8.82,8.82,0,5.88,0,14.71,0,0,11.76,2.94,0,8.82,20.59,0,8.82,5.88,0,0,2.94,0,2.94,0,0,0,0,0,0,0,0,0,0,0,32.35,11.76,8.82,8.82,0,0,0,20.59,0,0,0,0,0,0,0,0,23.53,0,0,5.88,17.65,0,0,0,0,0,0,0,0,0,0,0,0,11.76,0,0,0,0,0,0,11.76,5.88,0,0,2.94,0,2.94,0,0,5.88,5.88,0,0,0,0,0,0,26.47,8.82,11.76,0,0,2.94,2.94,0
2641,buyer,1,40,47.15,1,89.39,20.23,40,20,87.5,67.5,60,22.5,17.5,15,0,2.5,0,0,5,22.5,15,2.5,10,10,7.5,0,2.5,17.5,2.5,2.5,2.5,0,0,2.5,20,0,12.5,5,5,2.5,0,0,2.5,0,5,2.5,2.5,2.5,0,2.5,0,0,0,0,7.5,5,2.5,5,0,0,2.5,2.5,0,0,0,0,0,0,0,0,7.5,0,0,2.5,5,0,0,0,0,0,0,0,0,0,0,0,0,5,0,0,0,0,0,5,10,7.5,5,0,2.5,5,0,0,2.5,5,5,0,0,0,0,0,0,7.5,0,7.5,0,0,0,0,0
2641,buyer,1,69,43.12,1,88.15,1.92,69,18.84,88.41,71.01,60.87,18.84,15.94,14.49,0,1.45,0,0,2.9,24.64,17.39,4.35,7.25,11.59,5.8,2.9,4.35,17.39,7.25,4.35,2.9,0,0,2.9,20.29,0,13.04,4.35,2.9,2.9,0,0,4.35,0,2.9,0,2.9,2.9,0,2.9,0,0,0,0,5.8,4.35,4.35,2.9,0,0,0,1.45,0,0,0,0,0,0,0,0,7.25,0,0,2.9,4.35,0,0,0,0,0,0,0,0,0,0,0,0,5.8,0,0,0,0,0,2.9,10.14,4.35,2.9,0,1.45,2.9,0,0,2.9,2.9,4.35,1.45,0,0,0,0,0,8.7,0,7.25,0,0,0,1.45,0
2641,buyer,1,66,67.41,1.92,61.28,1.71,66,16.67,84.85,72.73,60.61,13.64,13.64,10.61,0,3.03,0,0,0,24.24,19.7,4.55,7.58,9.09,7.58,4.55,3.03,13.64,9.09,6.06,3.03,0,0,3.03,18.18,0,13.64,4.55,3.03,3.03,1.52,0,4.55,0,3.03,0,3.03,3.03,0,3.03,0,0,0,0,7.58,4.55,4.55,3.03,0,0,0,3.03,0,0,0,0,0,0,0,0,7.58,0,0,3.03,4.55,0,0,0,0,0,0,0,0,0,0,0,0,6.06,0,0,0,0,0,0,7.58,0,0,0,0,0,0,0,3.03,0,3.03,1.52,0,0,0,0,0,9.09,0,7.58,0,0,0,1.52,0
2641,buyer,1,50,39.7,1,85.71,4.56,50,14,86,70,60,14,12,10,0,2,0,0,2,26,18,4,4,12,4,8,4,14,10,8,2,0,0,2,24,2,14,4,2,2,2,0,6,0,2,0,2,2,0,2,0,0,0,0,6,4,4,2,0,0,0,2,0,0,0,0,0,0,0,0,8,0,0,4,4,0,0,0,0,0,0,0,0,0,0,0,0,4,0,0,0,0,0,0,10,0,0,0,0,0,0,0,6,2,2,4,0,0,0,0,0,10,0,8,0,0,0,2,0
2641,buyer,1,41,21.81,40.06,87.24,,41,17.07,85.37,53.66,41.46,12.2,9.76,2.44,0,2.44,0,4.88,2.44,17.07,7.32,0,2.44,9.76,2.44,7.32,4.88,17.07,4.88,7.32,4.88,0,0,4.88,29.27,2.44,17.07,7.32,2.44,0,2.44,0,7.32,0,0,0,0,0,0,0,0,0,0,0,17.07,4.88,4.88,4.88,0,0,0,12.2,0,0,0,0,0,0,0,0,24.39,0,0,7.32,17.07,0,0,0,0,0,0,0,0,0,0,0,0,9.76,0,2.44,0,0,0,0,12.2,2.44,0,0,2.44,0,0,0,4.88,9.76,2.44,2.44,0,0,0,0,0,24.39,2.44,14.63,0,0,4.88,2.44,0
2641,seller,1,56,80.2,86.29,1.04,20.23,56,12.5,83.93,64.29,53.57,14.29,8.93,1.79,1.79,5.36,0,0,5.36,23.21,16.07,1.79,8.93,8.93,3.57,3.57,0,10.71,7.14,1.79,1.79,1.79,0,0,25,5.36,14.29,3.57,1.79,5.36,0,0,3.57,0,7.14,3.57,3.57,5.36,1.79,3.57,0,0,0,0,14.29,7.14,3.57,3.57,0,0,3.57,7.14,0,0,0,0,0,0,0,0,8.93,0,0,5.36,3.57,0,0,0,0,0,0,0,0,0,0,0,0,1.79,0,0,0,0,0,0,3.57,0,0,0,0,0,0,0,1.79,1.79,7.14,0,1.79,1.79,0,0,0,12.5,0,7.14,0,0,0,5.36,0
2641,seller,1,80,72.3,81,10.64,8.55,80,13.75,88.75,67.5,57.5,15,10,2.5,1.25,6.25,0,0,5,22.5,17.5,1.25,7.5,10,3.75,5,0,11.25,6.25,1.25,1.25,1.25,0,0,27.5,3.75,17.5,3.75,1.25,5,1.25,1.25,5,0,6.25,2.5,3.75,6.25,2.5,3.75,0,0,1.25,0,12.5,5,2.5,1.25,0,0,1.25,7.5,0,0,0,0,0,0,0,0,8.75,0,0,5,3.75,0,0,0,0,0,0,0,0,0,0,0,0,1.25,0,0,0,0,0,0,2.5,2.5,0,1.25,2.5,0,0,0,1.25,1.25,8.75,0,2.5,2.5,0,0,0,12.5,0,6.25,0,0,0,6.25,0
2641,seller,1,53,60.04,40.06,41.82,20.23,53,16.98,90.57,69.81,58.49,15.09,9.43,3.77,0,5.66,0,0,5.66,22.64,16.98,1.89,5.66,11.32,3.77,5.66,0,11.32,5.66,1.89,0,0,0,0,28.3,1.89,18.87,3.77,0,3.77,1.89,1.89,7.55,0,7.55,3.77,3.77,7.55,3.77,3.77,0,0,1.89,0,7.55,1.89,0,0,0,0,0,5.66,0,0,0,0,0,0,0,0,9.43,0,0,5.66,3.77,0,0,0,0,0,0,0,0,0,0,0,0,0,0,0,0,0,0,0,1.89,3.77,0,1.89,3.77,0,0,0,0,0,11.32,0,5.66,3.77,1.89,0,0,13.21,0,3.77,0,0,0,9.43,0
2641,seller,1,29,37.7,60.57,67.94,74.09,29,13.79,100,72.41,62.07,17.24,10.34,3.45,0,6.9,0,0,6.9,20.69,17.24,0,3.45,13.79,3.45,6.9,0,13.79,3.45,0,0,0,0,0,31.03,0,20.69,3.45,0,3.45,3.45,3.45,6.9,0,10.34,6.9,3.45,10.34,6.9,3.45,0,0,3.45,0,10.34,3.45,0,0,0,0,0,6.9,0,0,0,0,0,0,0,0,6.9,0,0,3.45,3.45,0,0,0,0,0,0,0,0,0,0,0,0,0,0,0,0,0,0,0,6.9,6.9,0,3.45,6.9,0,0,0,0,0,13.79,0,6.9,3.45,3.45,0,0,10.34,0,3.45,0,0,0,6.9,0
2641,seller,1,6,10.19,,,99,6,0,100,50,33.33,16.67,0,0,0,0,0,0,16.67,16.67,0,0,0,16.67,0,0,0,16.67,0,0,0,0,0,0,16.67,0,0,0,0,0,0,0,0,0,33.33,33.33,0,16.67,16.67,0,0,0,0,0,0,0,0,0,0,0,0,0,0,0,0,0,0,0,0,0,16.67,0,0,16.67,0,0,0,0,0,0,0,0,0,0,0,0,0,16.67,0,0,0,0,0,0,33.33,0,0,0,0,0,0,0,0,0,16.67,0,16.67,0,16.67,0,0,0,0,0,0,0,0,0,0
2644,buyer,1,47,48.6,11.27,91.07,53.17,15.67,14.89,93.62,72.34,63.83,17.02,10.64,8.51,0,0,0,2.13,6.38,21.28,14.89,0,10.64,10.64,8.51,6.38,0,14.89,4.26,0,2.13,0,0,2.13,19.15,0,6.38,2.13,4.26,0,0,0,0,0,2.13,2.13,0,0,0,0,0,0,0,0,6.38,4.26,0,4.26,0,0,2.13,2.13,0,0,0,0,0,0,0,0,12.77,0,0,6.38,6.38,0,0,0,0,0,0,0,0,0,0,0,0,2.13,0,0,0,0,0,0,10.64,8.51,0,4.26,6.38,0,0,0,4.26,6.38,10.64,0,0,0,0,0,0,12.77,6.38,2.13,0,0,4.26,0,0
2644,buyer,1,81,44.1,6.03,92.16,8.65,16.2,13.58,95.06,72.84,64.2,18.52,11.11,8.64,0,0,0,2.47,7.41,20.99,14.81,0,11.11,11.11,7.41,6.17,1.23,16.05,3.7,0,1.23,0,0,1.23,19.75,1.23,7.41,2.47,2.47,1.23,1.23,0,1.23,0,1.23,0,1.23,1.23,0,1.23,0,0,0,0,4.94,2.47,0,1.23,0,0,1.23,2.47,0,0,0,0,0,0,0,0,12.35,0,0,6.17,6.17,0,0,0,0,0,0,0,0,0,0,2.47,1.23,2.47,0,0,0,0,0,0,7.41,9.88,0,4.94,7.41,0,0,0,2.47,4.94,7.41,3.7,0,0,0,0,0,12.35,6.17,3.7,0,0,2.47,0,0
2644,buyer,1,98,24.86,2.65,66.12,10.19,19.6,11.22,96.94,75.51,66.33,15.31,10.2,8.16,0,0,0,2.04,5.1,20.41,14.29,1.02,9.18,14.29,10.2,5.1,4.08,20.41,3.06,1.02,1.02,0,0,1.02,29.59,3.06,13.27,1.02,4.08,4.08,3.06,0,2.04,0,1.02,0,1.02,1.02,0,1.02,0,0,0,0,6.12,2.04,0,1.02,0,0,1.02,3.06,0,0,0,0,0,0,0,0,10.2,0,0,5.1,5.1,0,0,0,0,0,0,0,0,0,0,2.04,3.06,2.04,0,0,0,0,0,0,8.16,7.14,0,3.06,6.12,0,0,0,4.08,4.08,7.14,4.08,0,0,0,0,0,14.29,5.1,6.12,0,0,3.06,0,0
2644,buyer,1,93,11.71,8.31,51.16,35.47,15.5,11.83,97.85,78.49,69.89,19.35,12.9,8.6,0,3.23,0,1.08,6.45,18.28,9.68,1.08,10.75,13.98,10.75,4.3,4.3,20.43,4.3,2.15,0,0,0,0,29.03,3.23,16.13,2.15,2.15,5.38,4.3,0,3.23,0,3.23,2.15,1.08,1.08,0,1.08,0,0,0,0,8.6,2.15,1.08,1.08,0,0,2.15,5.38,0,0,0,0,0,0,0,0,7.53,0,0,4.3,3.23,0,0,0,0,0,0,0,0,0,0,2.15,3.23,2.15,0,0,0,0,0,0,5.38,8.6,1.08,2.15,5.38,0,1.08,0,2.15,2.15,4.3,4.3,0,0,0,0,0,12.9,5.38,5.38,1.08,0,1.08,0,0
2644,buyer,1,79,7.63,47.57,22.32,59.98,15.8,16.46,94.94,70.89,60.76,16.46,12.66,6.33,0,3.8,0,2.53,3.8,15.19,5.06,1.27,7.59,13.92,10.13,3.8,3.8,21.52,5.06,3.8,2.53,0,0,2.53,31.65,2.53,17.72,3.8,2.53,5.06,3.8,0,2.53,0,2.53,2.53,0,0,0,0,0,0,0,0,15.19,3.8,3.8,3.8,0,0,1.27,10.13,0,0,0,0,0,0,0,0,13.92,0,0,5.06,8.86,0,0,0,0,0,0,0,0,0,0,0,2.53,6.33,0,1.27,0,0,0,0,8.86,6.33,1.27,0,3.8,0,1.27,0,2.53,3.8,5.06,1.27,0,0,0,0,0,17.72,5.06,8.86,1.27,0,1.27,1.27,0
2644,seller,1,42,89.52,67.92,12.96,57.46,42,21.43,88.1,66.67,57.14,7.14,4.76,0,2.38,2.38,0,0,2.38,21.43,19.05,0,11.9,14.29,2.38,2.38,4.76,16.67,4.76,2.38,4.76,4.76,0,0,23.81,0,19.05,2.38,2.38,4.76,2.38,2.38,4.76,0,2.38,2.38,0,0,0,0,0,0,0,0,14.29,7.14,2.38,2.38,0,0,4.76,9.52,0,0,0,0,0,0,0,0,9.52,0,0,7.14,2.38,0,0,0,0,0,0,0,0,0,0,0,0,0,0,0,0,0,0,0,7.14,7.14,0,0,7.14,0,0,0,2.38,2.38,7.14,0,0,0,0,0,0,2.38,0,2.38,0,0,0,0,0
2644,seller,1,68,55.58,95.91,12.44,7.16,34,20.59,89.71,72.06,60.29,13.24,10.29,0,2.94,7.35,0,0,2.94,19.12,16.18,0,8.82,14.71,2.94,4.41,4.41,19.12,5.88,1.47,4.41,4.41,0,0,30.88,0,26.47,4.41,4.41,7.35,2.94,1.47,5.88,0,1.47,0,1.47,0,0,0,0,0,0,0,16.18,4.41,1.47,0,0,0,2.94,13.24,0,0,0,0,0,0,0,0,5.88,0,0,4.41,1.47,0,0,0,0,0,0,0,0,0,0,0,0,0,0,0,0,0,0,1.47,7.35,5.88,0,1.47,4.41,0,0,0,2.94,4.41,5.88,0,0,0,0,0,0,5.88,1.47,2.94,1.47,0,0,0,0
2644,seller,1,69,30.77,99,44.75,20.23,23,26.09,92.75,72.46,59.42,21.74,17.39,0,5.8,11.59,0,0,4.35,18.84,11.59,0,8.7,11.59,2.9,4.35,2.9,14.49,8.7,2.9,7.25,5.8,1.45,0,30.43,0,27.54,10.14,4.35,7.25,2.9,0,4.35,0,2.9,1.45,1.45,1.45,1.45,0,0,0,0,0,23.19,4.35,1.45,0,0,0,1.45,18.84,0,0,0,0,0,0,0,0,2.9,0,0,1.45,1.45,0,0,0,0,0,0,0,0,0,0,0,0,0,0,0,0,0,0,1.45,7.25,5.8,0,1.45,4.35,0,0,0,4.35,2.9,4.35,0,0,0,0,0,0,5.8,1.45,2.9,1.45,0,0,0,0
2644,seller,1,68,29.85,99,46.57,41.97,22.67,27.94,91.18,69.12,57.35,23.53,19.12,0,5.88,13.24,0,0,4.41,16.18,10.29,0,7.35,8.82,4.41,2.94,1.47,13.24,7.35,1.47,7.35,5.88,1.47,0,29.41,0,23.53,11.76,2.94,4.41,1.47,0,2.94,0,7.35,4.41,2.94,2.94,2.94,0,0,0,0,0,25,5.88,2.94,1.47,0,0,2.94,19.12,0,0,0,0,0,0,0,0,4.41,0,0,2.94,1.47,0,0,0,0,0,0,0,0,0,0,0,0,0,0,0,0,0,0,1.47,2.94,2.94,0,1.47,1.47,0,0,0,4.41,2.94,1.47,1.47,0,0,0,0,0,8.82,1.47,5.88,1.47,0,0,0,0
2644,seller,1,43,57.83,99,69.5,98.39,43,32.56,90.7,60.47,51.16,23.26,18.6,0,6.98,11.63,0,0,4.65,16.28,9.3,0,9.3,4.65,4.65,0,0,6.98,6.98,2.33,9.3,6.98,2.33,0,20.93,0,13.95,13.95,0,0,0,0,0,0,11.63,9.3,2.33,4.65,4.65,0,0,0,0,0,25.58,6.98,4.65,2.33,0,0,2.33,18.6,0,0,0,0,0,0,0,0,9.3,0,0,6.98,2.33,0,0,0,0,0,0,0,0,0,0,0,0,2.33,0,0,0,0,0,0,0,2.33,0,0,2.33,0,0,0,4.65,0,0,2.33,0,0,0,0,0,6.98,0,6.98,0,0,0,0,0
2646,buyer,1,38,1.7,1,70.28,2.53,9.5,18.42,73.68,65.79,44.74,18.42,10.53,10.53,0,0,0,0,7.89,7.89,2.63,0,0,13.16,5.26,5.26,5.26,23.68,7.89,0,5.26,0,5.26,0,31.58,5.26,10.53,2.63,2.63,0,2.63,0,2.63,0,2.63,0,2.63,0,0,0,0,0,0,0,0,0,0,0,0,0,0,0,0,0,0,0,0,0,0,0,5.26,0,0,2.63,2.63,0,0,0,0,0,0,0,0,0,0,0,0,0,0,0,0,0,0,0,10.53,5.26,0,2.63,0,0,0,2.63,2.63,10.53,7.89,2.63,2.63,0,2.63,0,0,21.05,7.89,7.89,2.63,0,2.63,0,0
2646,buyer,1,60,6.39,1.24,74.02,90.5,10,18.33,83.33,68.33,51.67,18.33,13.33,10,0,3.33,0,0,5,10,3.33,1.67,5,13.33,5,3.33,5,23.33,6.67,1.67,6.67,0,5,1.67,33.33,3.33,13.33,3.33,3.33,0,1.67,0,5,0,5,5,0,3.33,3.33,0,0,0,0,0,8.33,5,1.67,1.67,0,0,3.33,3.33,0,0,0,0,0,0,0,0,6.67,0,0,5,1.67,0,0,0,0,0,0,0,0,0,0,0,0,1.67,0,0,0,0,0,0,10,3.33,0,0,1.67,0,0,1.67,1.67,8.33,6.67,3.33,1.67,0,1.67,0,0,20,6.67,8.33,1.67,0,1.67,1.67,0
2646,buyer,1,70,7.34,24.76,72.58,84.26,14,20,94.29,67.14,48.57,17.14,12.86,7.14,0,2.86,0,2.86,4.29,10,2.86,1.43,4.29,14.29,4.29,4.29,2.86,25.71,7.14,2.86,8.57,0,4.29,4.29,34.29,1.43,14.29,5.71,2.86,0,1.43,0,4.29,0,4.29,4.29,0,2.86,2.86,0,0,0,0,0,15.71,7.14,4.29,4.29,0,0,2.86,8.57,0,0,0,0,0,0,0,0,17.14,0,0,7.14,10,0,0,0,0,0,0,0,0,0,0,0,0,7.14,0,1.43,0,0,0,0,11.43,4.29,0,0,2.86,0,0,1.43,1.43,10,7.14,2.86,1.43,0,1.43,0,0,24.29,5.71,12.86,1.43,0,1.43,2.86,0
2646,seller,1,34,22.63,99,26.78,,11.33,20.59,91.18,73.53,55.88,20.59,17.65,0,5.88,11.76,0,0,2.94,17.65,8.82,2.94,5.88,14.71,5.88,0,0,23.53,8.82,2.94,8.82,5.88,2.94,0,23.53,0,8.82,0,2.94,0,0,0,2.94,0,0,0,0,0,0,0,0,0,0,0,20.59,2.94,2.94,0,0,0,0,17.65,0,0,0,0,0,0,0,0,5.88,0,0,2.94,2.94,0,0,0,0,0,0,0,0,0,0,0,0,2.94,0,0,0,0,0,0,5.88,5.88,0,2.94,5.88,0,0,0,2.94,5.88,2.94,5.88,0,0,0,0,0,14.71,2.94,5.88,5.88,0,0,0,0
2646,seller,1,42,18.12,99,24.32,88.66,10.5,16.67,92.86,73.81,57.14,21.43,21.43,0,7.14,14.29,0,0,0,16.67,9.52,2.38,7.14,11.9,7.14,4.76,0,23.81,4.76,2.38,9.52,7.14,2.38,0,21.43,0,7.14,2.38,2.38,0,0,0,2.38,0,4.76,4.76,0,2.38,2.38,0,0,0,0,0,30.95,7.14,4.76,2.38,0,0,2.38,23.81,0,0,0,0,0,0,0,0,7.14,0,0,4.76,4.76,0,0,0,0,0,0,0,0,0,0,0,0,2.38,0,0,0,0,0,0,9.52,4.76,0,2.38,4.76,0,0,0,2.38,4.76,2.38,7.14,0,0,0,0,0,14.29,7.14,4.76,2.38,0,0,0,0
2646,seller,1,37,15.89,99,20.17,99,9.25,13.51,97.3,70.27,56.76,21.62,21.62,0,8.11,13.51,0,0,0,18.92,10.81,2.7,5.41,10.81,8.11,5.41,0,21.62,2.7,2.7,8.11,8.11,0,0,18.92,0,5.41,2.7,2.7,0,0,0,0,0,8.11,8.11,0,2.7,2.7,0,0,0,0,0,32.43,8.11,5.41,2.7,0,0,2.7,24.32,0,0,0,0,0,0,0,0,10.81,0,0,8.11,5.41,0,0,0,0,0,0,0,0,0,0,0,0,5.41,0,0,0,0,0,0,8.11,5.41,0,2.7,5.41,0,0,0,2.7,2.7,2.7,8.11,0,0,0,0,0,13.51,8.11,5.41,0,0,0,0,0
2650,buyer,1,8,98.55,,,,4,12.5,25,25,12.5,0,0,0,0,0,0,0,0,12.5,12.5,0,0,0,0,0,0,0,0,0,0,0,0,0,0,0,0,0,0,0,0,0,0,0,0,0,0,0,0,0,0,0,0,0,0,0,0,0,0,0,0,0,0,0,0,0,0,0,0,0,0,0,0,0,0,0,0,0,0,0,0,0,0,0,0,0,0,0,0,0,0,0,0,0,12.5,0,0,0,0,0,0,0,0,0,0,0,12.5,0,12.5,0,0,12.5,0,0,12.5,0,0,0,0
2650,buyer,1,9,89.52,2.75,10.18,,4.5,11.11,44.44,44.44,22.22,11.11,11.11,11.11,0,0,0,0,0,11.11,11.11,0,0,0,0,0,0,0,0,0,0,0,0,0,0,0,0,0,0,0,0,0,0,0,0,0,0,0,0,0,0,0,0,0,11.11,11.11,0,0,0,0,0,0,0,0,0,0,0,0,0,0,0,0,0,0,0,0,0,0,0,0,0,0,0,0,0,0,0,0,0,0,0,0,0,0,11.11,0,0,0,0,0,0,0,0,0,0,0,22.22,0,22.22,0,0,11.11,0,0,11.11,0,0,0,0
2650,buyer,1,12,10.19,1,39.59,,12,8.33,91.67,83.33,58.33,25,8.33,8.33,0,0,0,0,16.67,16.67,8.33,0,8.33,16.67,0,8.33,0,16.67,8.33,0,0,0,0,0,25,0,16.67,0,0,8.33,8.33,0,8.33,0,0,0,0,0,0,0,0,0,0,0,8.33,8.33,0,0,0,0,0,0,0,0,0,0,0,0,0,0,0,0,0,0,0,0,0,0,0,0,0,0,0,0,0,0,0,0,0,0,0,0,0,0,25,8.33,0,0,8.33,0,0,0,0,0,16.67,0,25,0,25,0,0,16.67,0,8.33,0,0,8.33,0,0
2650,buyer,1,13,14.06,1,30.98,99,13,7.69,92.31,69.23,53.85,23.08,7.69,7.69,0,0,0,0,15.38,15.38,7.69,0,7.69,15.38,0,7.69,0,15.38,7.69,0,0,0,0,0,23.08,0,15.38,0,0,7.69,7.69,0,7.69,0,7.69,7.69,0,0,0,0,0,0,0,0,7.69,7.69,0,0,0,0,0,0,0,0,0,0,0,0,0,0,7.69,0,0,7.69,0,0,0,0,0,0,0,0,0,0,0,0,0,7.69,0,0,0,0,0,0,15.38,7.69,0,0,7.69,0,0,0,0,0,15.38,0,15.38,0,15.38,0,0,15.38,0,7.69,0,0,7.69,0,0
2650,seller,1,40,62.1,54.96,7.03,20.23,13.33,15,55,40,32.5,7.5,5,2.5,2.5,0,0,0,2.5,12.5,5,0,5,2.5,7.5,2.5,2.5,5,5,5,7.5,5,0,2.5,12.5,2.5,7.5,5,2.5,2.5,0,0,0,0,5,2.5,2.5,2.5,0,2.5,0,0,0,0,12.5,7.5,2.5,5,0,0,2.5,5,0,2.5,0,0,0,0,0,0,5,0,0,2.5,2.5,0,0,0,0,0,0,0,0,0,0,2.5,0,0,0,2.5,0,0,0,0,5,5,0,0,5,0,0,0,0,0,2.5,0,0,0,0,0,0,20,5,12.5,2.5,0,0,0,0
2650,seller,1,48,62.1,75.49,1,4.22,16,14.58,64.58,50,37.5,8.33,6.25,2.08,4.17,0,0,0,2.08,14.58,4.17,4.17,6.25,2.08,8.33,2.08,2.08,10.42,6.25,8.33,8.33,6.25,0,2.08,14.58,2.08,10.42,4.17,2.08,6.25,0,0,0,0,2.08,0,2.08,2.08,0,2.08,0,0,0,0,12.5,6.25,2.08,2.08,0,0,2.08,6.25,0,2.08,0,0,0,0,0,0,4.17,0,0,2.08,2.08,0,0,0,0,0,0,0,0,0,0,6.25,0,0,0,2.08,0,0,0,0,8.33,4.17,0,0,4.17,0,0,0,0,0,2.08,0,0,0,0,0,0,16.67,4.17,10.42,2.08,0,0,0,0
2650,seller,1,52,26.1,62.84,19.9,4.87,17.33,19.23,92.31,61.54,44.23,11.54,9.62,1.92,3.85,0,0,3.85,1.92,17.31,3.85,3.85,5.77,5.77,7.69,3.85,5.77,17.31,7.69,9.62,9.62,3.85,0,5.77,23.08,1.92,17.31,7.69,1.92,5.77,0,0,3.85,0,1.92,0,1.92,1.92,0,1.92,0,0,0,0,21.15,9.62,5.77,5.77,0,0,1.92,11.54,0,0,0,0,0,0,0,0,19.23,0,0,5.77,13.46,0,0,0,0,0,0,0,0,0,0,5.77,0,7.69,0,3.85,0,0,0,0,13.46,5.77,0,0,5.77,0,0,0,0,3.85,3.85,0,0,0,0,0,0,26.92,3.85,15.38,1.92,0,3.85,1.92,0
2651,buyer,1,14,1,1,72.58,99,14,14.29,92.86,64.29,57.14,28.57,21.43,14.29,0,7.14,0,0,7.14,7.14,7.14,0,0,14.29,0,14.29,7.14,21.43,0,0,0,0,0,0,28.57,0,7.14,0,0,0,0,0,7.14,0,14.29,14.29,0,7.14,7.14,0,0,0,0,0,14.29,7.14,0,7.14,0,0,7.14,7.14,0,0,0,0,0,0,0,0,14.29,0,0,7.14,7.14,0,0,0,0,0,0,0,0,0,0,0,0,7.14,0,0,0,0,0,0,7.14,0,0,0,0,0,0,0,0,21.43,7.14,0,0,0,0,0,0,7.14,0,0,0,0,7.14,0,0
2651,buyer,1,21,2.35,1,56.69,88.66,21,14.29,90.48,71.43,52.38,23.81,19.05,14.29,0,4.76,0,0,4.76,9.52,9.52,0,0,9.52,0,14.29,4.76,19.05,9.52,0,0,0,0,0,23.81,0,4.76,0,0,0,0,0,4.76,0,4.76,4.76,0,4.76,4.76,0,0,0,0,0,4.76,0,0,0,0,0,0,4.76,0,0,0,0,0,0,0,0,9.52,0,0,4.76,4.76,0,0,0,0,0,0,0,0,0,0,0,0,9.52,0,0,0,0,0,0,4.76,9.52,0,0,0,9.52,0,0,0,19.05,4.76,0,0,0,0,0,0,4.76,0,0,0,0,4.76,0,0
2651,buyer,1,26,2.59,1,57.98,1,26,15.38,92.31,76.92,53.85,19.23,11.54,11.54,0,0,0,0,7.69,11.54,7.69,0,0,11.54,3.85,11.54,3.85,26.92,7.69,0,0,0,0,0,38.46,0,23.08,3.85,3.85,7.69,0,0,7.69,0,3.85,0,3.85,0,0,0,0,0,0,0,0,0,0,0,0,0,0,0,0,0,0,0,0,0,0,0,7.69,0,0,3.85,3.85,0,0,0,0,0,0,0,0,0,0,0,0,7.69,0,0,0,0,0,0,3.85,7.69,0,0,0,7.69,0,0,3.85,19.23,3.85,0,0,0,0,0,0,0,0,0,0,0,0,0,0
2651,buyer,1,19,2.68,1,93.14,1,19,15.79,94.74,84.21,52.63,21.05,15.79,15.79,0,0,0,0,5.26,10.53,5.26,0,0,10.53,5.26,10.53,0,31.58,10.53,0,0,0,0,0,42.11,0,31.58,10.53,5.26,10.53,0,0,5.26,0,5.26,0,5.26,0,0,0,0,0,0,0,0,0,0,0,0,0,0,0,0,0,0,0,0,0,0,0,0,0,0,0,0,0,0,0,0,0,0,0,0,0,0,0,0,5.26,0,0,0,0,0,0,5.26,10.53,0,0,0,10.53,0,0,5.26,10.53,5.26,0,0,0,0,0,0,0,0,0,0,0,0,0,0
2651,buyer,1,13,1,1,98.89,20.23,13,15.38,100,76.92,53.85,23.08,15.38,15.38,0,0,0,0,7.69,7.69,0,0,0,15.38,7.69,7.69,0,38.46,0,0,0,0,0,0,53.85,0,46.15,15.38,7.69,15.38,0,0,7.69,0,15.38,7.69,7.69,0,0,0,0,0,0,0,0,0,0,0,0,0,0,0,0,0,0,0,0,0,0,0,7.69,0,0,7.69,0,0,0,0,0,0,0,0,0,0,0,0,0,7.69,0,0,0,0,0,0,7.69,0,0,0,0,0,0,0,7.69,7.69,7.69,0,0,0,0,0,0,0,0,0,0,0,0,0,0
2651,seller,1,32,1,98.18,15.38,99,5.33,9.38,100,81.25,71.88,34.38,25,9.38,0,15.63,0,0,9.38,6.25,0,0,3.13,15.63,15.63,6.25,3.13,18.75,3.13,0,3.13,3.13,0,0,31.25,3.13,15.63,6.25,6.25,6.25,0,0,3.13,0,9.38,9.38,0,3.13,3.13,0,0,0,0,0,31.25,15.63,9.38,6.25,0,0,6.25,15.63,0,0,0,0,0,0,0,0,0,0,0,0,0,0,0,0,0,0,0,0,0,0,0,0,0,3.13,0,0,0,0,0,0,6.25,0,0,0,0,0,0,0,0,6.25,12.5,0,3.13,0,0,3.13,0,21.88,3.13,3.13,9.38,6.25,0,0,0
2651,seller,1,46,1,99,4.38,84.9,6.57,8.7,95.65,80.43,63.04,32.61,23.91,6.52,2.17,15.22,0,0,8.7,10.87,4.35,0,4.35,8.7,10.87,6.52,2.17,15.22,8.7,0,4.35,4.35,0,0,23.91,2.17,13.04,2.17,2.17,6.52,2.17,0,4.35,0,4.35,4.35,0,2.17,2.17,0,0,0,0,0,28.26,10.87,8.7,2.17,0,0,2.17,17.39,0,0,0,0,0,0,0,0,0,0,0,0,0,0,0,0,0,0,0,0,0,0,0,0,0,2.17,0,0,0,0,0,0,6.52,6.52,0,0,2.17,4.35,0,0,0,6.52,8.7,0,2.17,0,0,2.17,0,17.39,2.17,2.17,4.35,8.7,0,0,0
2651,seller,1,68,1,66.03,36.2,,9.71,8.82,94.12,82.35,64.71,29.41,20.59,10.29,1.47,8.82,0,0,8.82,13.24,5.88,0,2.94,10.29,11.76,8.82,2.94,19.12,7.35,0,4.41,1.47,0,2.94,25,1.47,7.35,0,0,2.94,1.47,0,4.41,0,0,0,0,0,0,0,0,0,0,0,19.12,7.35,5.88,1.47,0,0,1.47,11.76,0,0,0,0,0,0,0,0,1.47,0,0,1.47,0,0,0,0,0,0,0,0,0,0,0,0,0,1.47,0,0,0,0,0,0,2.94,7.35,2.94,0,1.47,2.94,0,0,2.94,5.88,8.82,4.41,1.47,0,0,1.47,0,13.24,2.94,2.94,1.47,5.88,0,0,0
2651,seller,1,68,2.44,57.59,46.57,,13.6,13.24,89.71,67.65,51.47,20.59,16.18,7.35,1.47,4.41,0,2.94,4.41,14.71,5.88,0,1.47,10.29,7.35,7.35,4.41,20.59,5.88,0,7.35,1.47,0,5.88,25,1.47,8.82,2.94,0,1.47,1.47,0,4.41,0,0,0,0,0,0,0,0,0,0,0,19.12,5.88,5.88,2.94,0,0,0,13.24,0,0,0,0,0,0,0,0,13.24,0,0,4.41,8.82,0,0,0,0,0,0,0,0,0,0,0,0,5.88,0,0,0,0,0,0,7.35,7.35,2.94,0,1.47,2.94,0,0,2.94,5.88,7.35,4.41,0,0,0,0,0,19.12,2.94,8.82,0,4.41,1.47,1.47,0
2652,buyer,1,84,63.81,16.63,18.08,57.46,16.8,16.67,88.1,71.43,58.33,15.48,11.9,7.14,0,3.57,1.19,0,3.57,17.86,13.1,4.76,9.52,10.71,0,5.95,2.38,15.48,7.14,3.57,4.76,2.38,1.19,1.19,22.62,0,13.1,1.19,0,4.76,1.19,0,5.95,0,2.38,2.38,0,0,0,0,0,0,0,0,9.52,2.38,1.19,0,0,0,1.19,7.14,1.19,0,0,1.19,0,0,0,0,8.33,0,0,2.38,5.95,0,0,0,0,0,0,0,0,0,0,1.19,0,1.19,0,0,0,0,0,0,3.57,1.19,0,1.19,1.19,0,0,0,2.38,4.76,5.95,0,0,0,0,0,0,13.1,5.95,3.57,0,0,0,3.57,0
2652,buyer,1,133,54.59,27.73,24.32,55.32,16.63,15.04,91.73,73.68,59.4,15.04,11.28,5.26,0,5.26,0.75,0,3.76,15.04,12.03,4.51,10.53,10.53,3.76,5.26,3.01,15.79,6.02,3.01,3.76,1.5,1.5,0.75,25.56,0,15.79,0.75,0.75,3.76,3.76,2.26,6.77,0,3.76,3.01,0.75,0,0,0,0,0,0,0,10.53,3.01,0.75,0,0,0,1.5,7.52,0.75,0,0,0.75,0,0,0,0,9.02,0,0,3.01,6.02,0,0,0,0,0,0,0,0,0,0,0,0,2.26,0,0,0,0,0.75,0,3.01,3.01,0,0.75,3.01,0,0,0,2.26,3.76,6.02,0.75,0,0,0,0,0,15.04,5.26,3.76,0.75,0,0.75,4.51,0
2652,buyer,1,203,43.49,48.84,27.22,50.47,16.92,13.3,92.61,74.88,59.61,16.26,11.82,4.93,0,6.9,0,0,4.43,12.81,10.34,5.42,10.34,10.34,4.43,6.4,1.97,16.75,5.91,3.45,0.99,0,0.49,0.49,24.63,0,16.75,1.48,1.48,3.94,3.94,2.46,5.91,0,3.94,2.96,0.99,0,0,0,0,0,0,0,10.84,3.45,0.49,0,0,0,2.46,7.39,0,0,0,0,0,0,0,0,11.33,0,0,4.43,7.88,0,0,0,0,0,0,0,0,0,0,0.49,0,1.48,0,0.49,0,0.49,0.49,0,3.94,4.43,0,0.99,3.94,0,0,0,1.48,2.96,5.42,0.99,0,0,0,0,0,15.27,4.93,2.96,0.99,0,0.49,5.91,0
2652,buyer,1,235,29.06,57.81,36.16,31.98,14.69,14.89,92.77,73.62,60.43,15.32,11.06,3.4,0.85,6.81,0,0,4.26,11.49,8.51,4.26,10.21,11.49,5.96,6.38,3.4,18.72,4.26,2.55,2.55,0.85,1.28,0.43,29.36,0.43,20,5.11,3.4,3.83,3.83,2.13,5.96,0,4.26,2.55,1.7,0.43,0,0.43,0,0.43,0,0,13.19,5.11,0.43,0,0.43,0.43,2.98,8.09,0,0,0,0,0,0,0,0,9.79,0,0,3.83,6.81,0,0,0,0,0,0,0,0,0,0,0.43,0,2.13,0,0.43,0,0.43,0.43,0,5.11,4.26,0,0.43,3.83,0,0,0,1.28,2.55,6.38,0.85,0,0,0,0,0,14.04,5.53,2.13,1.28,0,0.43,4.68,0
2652,buyer,1,234,29.91,78.18,36.64,38.83,13.76,14.1,91.88,71.79,59.83,17.52,12.39,3.85,1.28,7.26,0,0,5.13,10.26,6.84,4.7,12.39,11.54,4.7,6.41,2.56,19.23,3.42,1.71,2.56,1.28,0.85,0.43,27.78,0.43,17.52,5.13,3.42,3.42,2.99,1.28,4.27,0,3.85,2.56,1.28,0.43,0,0.43,0,0.43,0,0,14.53,5.56,0.43,0,0.43,0.43,3.42,8.97,0,0,0,0,0,0,0,0,9.4,0,0,3.42,7.26,0,0,0,0,0,0,0,0,0,0,0.43,0,1.28,0,0.43,0,0.43,0,0,5.56,4.27,0,0.85,3.85,0,0,0,1.71,2.99,6.84,0.85,0,0,0,0,0,14.96,5.56,2.14,1.71,0,0.43,5.13,0
2652,buyer,1,185,21.37,83.39,29.39,35.56,12.33,12.43,93.51,71.35,60.54,18.92,13.51,3.78,1.62,7.57,0,0,5.41,10.81,5.95,4.32,12.43,11.35,5.41,6.49,3.24,20.54,1.08,1.08,4.32,1.62,2.16,0.54,29.19,0.54,17.84,5.41,3.78,4.32,3.24,0.54,4.32,0,5.41,3.24,2.16,0.54,0,0.54,0,0.54,0,0,16.22,5.95,0.54,0,0.54,0.54,3.24,10.27,0,0,0,0,0,0,0,0,7.03,0,0,2.16,5.95,0,0,0,0,0,0,0,0,0,0,0,0,2.16,0,0,0,0,0,0,7.57,3.24,0,0.54,3.24,0,0,0,2.16,3.24,7.03,0.54,0,0,0,0,0,15.14,4.86,2.16,3.24,0,0.54,4.32,0
2652,buyer,1,126,37.85,75.96,34.16,31.1,12.6,7.14,93.65,73.02,60.32,21.43,15.87,6.35,0.79,7.94,0,0,5.56,11.11,6.35,4.76,16.67,7.14,5.56,7.94,1.59,15.87,2.38,0.79,2.38,0.79,1.59,0,23.81,0,15.08,2.38,2.38,3.97,3.97,0.79,4.76,0,5.56,3.17,2.38,0.79,0,0.79,0,0,0,0,15.08,4.76,0,0,0,0,3.17,10.32,0,0,0,0,0,0,0,0,8.73,0,0,3.97,6.35,0,0,0,0,0,0,0,0,0,0,0,0,1.59,0,0,0,0,0,0,7.94,3.17,0,0.79,3.17,0,0,0,2.38,3.17,3.97,0.79,1.59,0,1.59,0,0,16.67,3.17,3.17,4.76,0,0.79,4.76,0
2652,buyer,1,80,32.63,33.01,45.52,8.55,13.33,7.5,95,76.25,63.75,21.25,17.5,8.75,0,7.5,0,0,3.75,13.75,7.5,2.5,16.25,5,7.5,10,2.5,12.5,2.5,1.25,3.75,0,2.5,1.25,22.5,0,17.5,3.75,2.5,5,3.75,0,7.5,0,8.75,3.75,5,2.5,0,2.5,0,1.25,0,0,15,5,1.25,1.25,0,0,2.5,10,0,0,0,0,0,0,0,0,7.5,0,0,5,3.75,0,0,0,0,0,0,0,0,0,0,0,0,2.5,0,0,0,0,0,0,8.75,1.25,0,0,1.25,0,0,0,1.25,2.5,1.25,0,2.5,0,2.5,0,0,12.5,2.5,2.5,5,0,0,2.5,0
2652,buyer,1,30,59.67,3.95,99,20.23,7.5,10,93.33,73.33,63.33,23.33,23.33,16.67,0,6.67,0,0,0,10,3.33,0,26.67,0,10,10,0,0,6.67,0,3.33,0,0,3.33,16.67,0,16.67,10,3.33,0,3.33,0,6.67,0,13.33,6.67,6.67,6.67,0,6.67,0,3.33,0,0,13.33,6.67,3.33,3.33,0,0,0,6.67,0,0,0,0,0,0,0,0,10,0,0,10,0,0,0,0,0,0,0,0,0,0,0,0,0,3.33,0,0,0,0,0,0,3.33,0,0,0,0,0,0,0,0,0,0,0,6.67,0,6.67,0,0,10,6.67,0,3.33,0,0,0,0
2652,seller,1,50,45.65,1,85.71,4.56,16.67,14,90,76,64,18,10,8,0,2,0,0,8,26,16,0,10,14,2,6,4,14,12,0,2,0,0,2,28,2,12,0,0,0,2,0,10,0,2,0,2,2,0,2,0,0,0,0,10,8,4,0,0,0,4,2,0,0,0,0,4,0,0,4,2,0,0,0,2,0,0,0,0,0,0,0,0,0,0,0,0,0,0,0,0,0,0,0,6,6,0,0,6,0,0,0,0,6,10,0,2,0,2,0,0,14,2,4,2,0,6,0,0
2652,seller,1,72,62.1,13.82,39.59,7.66,24,16.67,90.28,75,61.11,12.5,8.33,4.17,1.39,2.78,0,0,4.17,23.61,16.67,0,9.72,12.5,2.78,6.94,4.17,16.67,9.72,0,1.39,1.39,0,0,36.11,4.17,19.44,2.78,8.33,1.39,1.39,1.39,5.56,0,4.17,1.39,2.78,1.39,0,1.39,0,0,0,0,9.72,5.56,1.39,0,0,1.39,2.78,4.17,0,0,0,0,2.78,0,0,2.78,4.17,0,0,1.39,2.78,0,0,0,0,0,0,0,0,0,0,0,1.39,0,0,0,0,0,0,0,6.94,5.56,0,0,5.56,0,0,0,0,5.56,8.33,1.39,1.39,0,1.39,0,0,12.5,4.17,4.17,0,0,4.17,0,0
2652,seller,1,108,26.1,40.06,59.49,10.93,18,15.74,91.67,74.07,62.04,16.67,12.04,5.56,0.93,5.56,0,0,4.63,20.37,12.96,0,7.41,13.89,3.7,7.41,3.7,20.37,6.48,0,1.85,0.93,0.93,0,37.04,3.7,18.52,5.56,6.48,0.93,1.85,0.93,3.7,0,6.48,2.78,3.7,2.78,0.93,1.85,0,0,0,0,13.89,7.41,1.85,0,0,0.93,2.78,6.48,0,0,0,0,0.93,0,0,0.93,8.33,0,0,4.63,3.7,0,0,0,0,0,0,0,0,0,0,0,0.93,0,0,0,0,0,0,0,7.41,4.63,0,0,4.63,0,0,0,0.93,3.7,7.41,3.7,0,0,0,0,0,13.89,5.56,5.56,0,0,2.78,0,0
2652,seller,1,96,19.03,70.31,39.59,20.23,16,15.63,93.75,71.88,60.42,18.75,13.54,5.21,1.04,7.29,0,0,5.21,17.71,12.5,0,5.21,13.54,3.13,7.29,3.13,20.83,5.21,0,4.17,1.04,1.04,2.08,38.54,5.21,19.79,6.25,7.29,2.08,1.04,1.04,3.13,0,6.25,3.13,3.13,2.08,1.04,1.04,0,0,0,0,16.67,8.33,2.08,1.04,0,1.04,2.08,8.33,0,0,0,0,1.04,1.04,0,0,10.42,0,0,6.25,5.21,0,0,0,0,0,0,0,0,0,0,0,1.04,0,0,0,0,0,0,0,6.25,3.13,0,0,3.13,0,0,0,1.04,3.13,7.29,4.17,0,0,0,0,0,14.58,6.25,6.25,0,0,2.08,0,0
2652,seller,1,79,2.82,26.34,85.92,20.23,15.8,15.19,93.67,72.15,63.29,25.32,17.72,10.13,0,7.59,0,0,7.59,18.99,10.13,0,3.8,16.46,2.53,7.59,3.8,21.52,5.06,0,5.06,0,1.27,3.8,36.71,3.8,15.19,5.06,2.53,1.27,1.27,0,5.06,0,5.06,2.53,2.53,2.53,1.27,1.27,0,0,0,0,17.72,8.86,2.53,1.27,0,0,2.53,8.86,0,0,0,0,1.27,1.27,0,0,10.13,0,0,7.59,5.06,0,0,0,0,0,0,0,0,0,0,0,0,0,0,0,0,0,0,0,5.06,2.53,0,0,2.53,0,0,0,2.53,2.53,10.13,3.8,0,0,0,0,0,20.25,6.33,8.86,0,0,5.06,0,0
2652,seller,1,65,2.25,11.94,52.48,43.1,13,16.92,95.38,75.38,69.23,26.15,16.92,10.77,0,6.15,0,0,9.23,21.54,12.31,0,6.15,16.92,7.69,6.15,4.62,21.54,3.08,0,6.15,0,0,6.15,41.54,7.69,18.46,1.54,4.62,4.62,3.08,0,6.15,0,1.54,1.54,0,0,0,0,0,0,0,0,15.38,6.15,3.08,3.08,0,0,0,9.23,0,0,0,0,1.54,1.54,0,0,9.23,0,0,6.15,7.69,0,0,0,0,0,0,0,0,0,0,0,0,1.54,0,0,0,0,0,0,3.08,1.54,0,0,1.54,0,0,0,3.08,0,15.38,0,0,0,0,0,0,21.54,6.15,6.15,0,0,7.69,1.54,0
2652,seller,1,56,1.23,5.54,72.58,75.77,14,14.29,94.64,78.57,69.64,26.79,16.07,10.71,0,5.36,0,0,10.71,23.21,10.71,0,7.14,16.07,8.93,7.14,5.36,21.43,5.36,0,3.57,0,0,3.57,41.07,5.36,19.64,1.79,5.36,3.57,3.57,0,7.14,0,3.57,3.57,0,0,0,0,0,0,0,0,12.5,3.57,1.79,1.79,0,0,0,8.93,0,0,0,0,0,0,0,0,8.93,0,0,5.36,7.14,0,0,0,0,0,0,0,0,0,0,0,0,1.79,0,0,0,0,0,0,3.57,3.57,0,0,1.79,0,1.79,0,3.57,0,14.29,0,0,0,0,0,0,21.43,5.36,5.36,0,0,8.93,1.79,0
2652,seller,1,62,11.71,40.06,25.64,70.91,20.67,19.35,91.94,64.52,54.84,17.74,11.29,4.84,0,3.23,0,3.23,6.45,19.35,8.06,0,6.45,11.29,8.06,4.84,4.84,19.35,3.23,0,4.84,0,0,4.84,35.48,6.45,17.74,4.84,3.23,3.23,3.23,0,4.84,0,3.23,3.23,0,0,0,0,0,0,0,0,17.74,6.45,4.84,4.84,0,0,0,11.29,0,0,0,0,0,0,0,0,19.35,0,0,6.45,14.52,0,0,0,0,0,0,0,0,0,0,0,0,8.06,0,0,0,0,0,0,9.68,3.23,0,0,1.61,0,1.61,0,1.61,3.23,8.06,0,0,0,0,0,0,19.35,4.84,8.06,0,0,3.23,3.23,0
2653,buyer,1,47,36.02,1,16.56,20.23,23.5,10.64,87.23,65.96,53.19,19.15,14.89,14.89,0,0,0,0,4.26,17.02,12.77,0,6.38,10.64,6.38,2.13,2.13,19.15,4.26,0,0,0,0,0,23.4,0,12.77,0,2.13,6.38,0,2.13,2.13,0,4.26,2.13,2.13,0,0,0,0,0,0,0,10.64,8.51,2.13,4.26,0,0,6.38,2.13,2.13,0,0,2.13,2.13,0,0,2.13,8.51,0,0,0,8.51,0,0,0,0,0,0,0,0,0,0,2.13,2.13,4.26,0,0,0,0,0,0,8.51,2.13,0,0,2.13,0,0,0,0,6.38,4.26,4.26,0,0,0,0,0,10.64,4.26,4.26,0,0,2.13,0,0
2653,buyer,1,70,8.96,1,16.97,20.23,17.5,12.86,90,75.71,61.43,25.71,15.71,14.29,0,1.43,0,0,10,15.71,10,0,7.14,14.29,4.29,2.86,4.29,24.29,4.29,0,0,0,0,0,27.14,0,17.14,1.43,1.43,8.57,0,2.86,4.29,0,2.86,1.43,1.43,0,0,0,0,0,0,0,8.57,5.71,1.43,1.43,0,0,4.29,2.86,1.43,0,0,1.43,1.43,0,0,1.43,8.57,0,0,0,8.57,0,0,0,0,0,0,0,0,0,0,1.43,1.43,5.71,0,0,0,0,0,0,11.43,1.43,0,0,1.43,0,0,0,0,7.14,4.29,2.86,0,0,0,0,0,11.43,5.71,2.86,0,0,2.86,0,0
2653,buyer,1,65,4.85,1,21.89,68.66,16.25,15.38,89.23,75.38,63.08,26.15,15.38,13.85,0,1.54,0,0,10.77,15.38,9.23,0,6.15,15.38,4.62,3.08,4.62,23.08,4.62,0,0,0,0,0,30.77,0,20,1.54,1.54,7.69,0,6.15,4.62,0,3.08,3.08,0,0,0,0,0,0,0,0,6.15,3.08,0,0,0,0,3.08,3.08,1.54,0,0,1.54,1.54,0,0,1.54,9.23,0,0,0,9.23,0,0,0,0,0,0,0,0,0,0,1.54,0,6.15,0,0,0,0,0,0,15.38,0,0,0,0,0,0,0,1.54,9.23,4.62,1.54,1.54,0,1.54,0,0,9.23,6.15,0,0,1.54,1.54,0,0
2653,buyer,1,37,2.18,3.01,36.48,93.12,9.25,18.92,91.89,83.78,70.27,29.73,16.22,10.81,0,5.41,0,0,13.51,16.22,8.11,0,8.11,18.92,2.7,2.7,5.41,27.03,5.41,0,0,0,0,0,32.43,0,21.62,2.7,0,8.11,0,8.11,5.41,0,5.41,5.41,0,0,0,0,0,0,0,0,8.11,2.7,0,0,0,0,2.7,5.41,0,0,0,0,0,0,0,0,8.11,0,0,0,8.11,0,0,0,0,0,0,0,0,0,0,0,0,8.11,0,0,0,0,0,0,18.92,2.7,0,0,2.7,0,0,0,2.7,8.11,5.41,0,2.7,0,2.7,0,0,13.51,8.11,0,0,2.7,2.7,0,0
2653,buyer,1,15,59.67,77.41,63.35,20.23,5,20,86.67,60,53.33,13.33,13.33,6.67,0,6.67,0,0,0,20,13.33,0,6.67,13.33,6.67,0,0,13.33,6.67,0,6.67,0,0,6.67,26.67,0,13.33,0,0,0,0,13.33,0,0,13.33,6.67,6.67,0,0,0,0,0,0,0,13.33,6.67,0,0,6.67,0,0,6.67,0,0,0,0,0,0,0,0,13.33,0,0,6.67,6.67,0,0,0,0,0,0,0,0,0,0,0,0,6.67,0,0,0,0,0,0,20,6.67,0,0,6.67,0,0,0,6.67,6.67,6.67,0,6.67,0,6.67,0,0,13.33,6.67,0,0,6.67,0,0,0
2653,buyer,1,13,74.95,40.06,2.93,1,6.5,0,84.62,61.54,53.85,15.38,15.38,7.69,0,7.69,0,0,0,30.77,15.38,0,7.69,7.69,0,0,7.69,15.38,0,0,7.69,0,0,7.69,23.08,7.69,7.69,0,0,7.69,0,0,0,0,7.69,0,7.69,0,0,0,0,0,0,0,15.38,7.69,0,0,7.69,0,0,7.69,0,0,0,0,0,0,0,0,15.38,0,0,7.69,7.69,0,0,0,0,0,0,0,0,0,0,0,7.69,0,0,0,0,0,0,0,7.69,7.69,0,0,7.69,0,0,0,0,0,7.69,0,0,0,0,0,0,15.38,7.69,7.69,0,0,0,0,0
2653,buyer,1,8,26.1,1,1,1,8,0,100,62.5,50,12.5,12.5,12.5,0,0,0,0,0,37.5,12.5,0,0,0,0,0,25,12.5,0,0,12.5,0,0,12.5,37.5,25,12.5,0,0,12.5,0,0,0,0,12.5,0,12.5,0,0,0,0,0,0,0,12.5,12.5,0,0,12.5,0,0,0,0,0,0,0,0,0,0,0,25,0,0,12.5,12.5,0,0,0,0,0,0,0,0,0,0,0,12.5,0,0,0,0,0,0,0,25,0,0,0,0,0,0,0,0,0,0,0,0,0,0,0,0,12.5,0,12.5,0,0,0,0,0
2653,buyer,1,8,26.1,1,1,1,8,0,100,62.5,50,12.5,12.5,12.5,0,0,0,0,0,37.5,12.5,0,0,0,0,0,25,12.5,0,0,12.5,0,0,12.5,37.5,25,12.5,0,0,12.5,0,0,0,0,12.5,0,12.5,0,0,0,0,0,0,0,12.5,12.5,0,0,12.5,0,0,0,0,0,0,0,0,0,0,0,25,0,0,12.5,12.5,0,0,0,0,0,0,0,0,0,0,0,12.5,0,0,0,0,0,0,0,25,0,0,0,0,0,0,0,0,0,0,0,0,0,0,0,0,12.5,0,12.5,0,0,0,0,0
2653,buyer,1,7,56.86,1,1,1,7,0,100,57.14,42.86,14.29,14.29,14.29,0,0,0,0,0,28.57,14.29,0,0,0,0,0,14.29,14.29,0,0,14.29,0,0,14.29,28.57,14.29,14.29,0,0,14.29,0,0,0,0,14.29,0,14.29,0,0,0,0,0,0,0,14.29,14.29,0,0,14.29,0,0,0,0,0,0,0,0,0,0,0,28.57,0,0,14.29,14.29,0,0,0,0,0,0,0,0,0,0,0,14.29,0,0,0,0,0,0,0,14.29,0,0,0,0,0,0,0,0,0,0,0,0,0,0,0,0,0,0,0,0,0,0,0,0
2653,buyer,1,8,62.1,1,15.38,1,8,0,100,50,37.5,25,25,25,0,0,0,0,0,12.5,12.5,0,0,0,0,0,0,12.5,0,0,12.5,0,0,12.5,12.5,0,12.5,0,0,12.5,0,0,0,0,12.5,0,12.5,0,0,0,0,0,0,0,25,25,0,0,12.5,0,12.5,0,0,0,0,0,0,0,0,0,25,0,0,12.5,12.5,0,0,0,0,0,0,0,0,0,0,0,12.5,0,0,0,0,0,0,0,0,0,0,0,0,0,0,0,0,0,0,0,0,0,0,0,0,0,0,0,0,0,0,0,0
2653,buyer,1,13,31.07,1,2.93,1,13,15.38,100,76.92,53.85,23.08,15.38,15.38,0,0,0,0,7.69,15.38,7.69,0,7.69,7.69,7.69,0,0,15.38,15.38,0,0,0,0,0,23.08,0,15.38,0,0,7.69,0,7.69,0,0,7.69,0,7.69,0,0,0,0,0,0,0,23.08,23.08,0,0,0,15.38,7.69,0,0,0,0,0,0,0,0,0,15.38,0,0,0,15.38,0,0,0,0,0,0,0,0,0,0,0,7.69,7.69,0,0,0,0,0,0,7.69,0,0,0,0,0,0,0,0,0,7.69,0,0,0,0,0,0,0,0,0,0,0,0,0,0
2653,buyer,1,12,2.87,6.61,3.81,1,12,16.67,100,83.33,58.33,25,8.33,8.33,0,0,0,0,16.67,16.67,0,0,8.33,16.67,8.33,0,0,16.67,25,0,0,0,0,0,33.33,0,16.67,0,0,0,0,8.33,0,0,8.33,0,8.33,0,0,0,0,0,0,0,25,25,0,0,0,16.67,8.33,0,0,0,0,0,0,0,0,0,8.33,0,0,0,8.33,0,0,0,0,0,0,0,0,0,0,0,0,8.33,0,0,0,0,0,0,8.33,0,0,0,0,0,0,0,0,0,16.67,0,0,0,0,0,0,0,0,0,0,0,0,0,0
2653,buyer,1,22,89.52,17.46,1,1,22,13.64,95.45,77.27,54.55,13.64,4.55,4.55,0,0,0,0,9.09,22.73,13.64,0,13.64,9.09,4.55,0,0,13.64,18.18,0,0,0,0,0,27.27,0,18.18,0,0,4.55,0,4.55,4.55,0,4.55,0,4.55,0,0,0,0,0,0,0,13.64,9.09,0,0,0,9.09,0,4.55,0,0,0,0,0,0,0,0,18.18,0,0,0,18.18,0,0,0,0,0,0,0,0,0,0,4.55,0,9.09,0,0,0,0,0,0,13.64,0,0,0,0,0,0,0,0,0,9.09,0,0,0,0,0,0,0,0,0,0,0,0,0,0
2653,buyer,1,36,58.02,25.13,22.12,,36,16.67,91.67,55.56,36.11,11.11,8.33,2.78,0,0,0,5.56,2.78,16.67,8.33,0,5.56,8.33,0,2.78,5.56,22.22,5.56,0,5.56,0,0,5.56,30.56,0,19.44,5.56,0,2.78,0,0,8.33,0,0,0,0,0,0,0,0,0,0,0,19.44,5.56,5.56,5.56,0,0,0,13.89,0,0,0,0,0,0,0,0,30.56,0,0,5.56,25,0,0,0,0,0,0,0,0,0,0,2.78,0,13.89,0,0,0,0,0,0,13.89,0,0,0,0,0,0,0,0,11.11,5.56,0,0,0,0,0,0,22.22,2.78,11.11,0,0,5.56,2.78,0
2653,buyer,1,36,73.36,13.82,77.17,,18,16.67,91.67,55.56,36.11,11.11,11.11,5.56,0,0,0,5.56,0,13.89,8.33,0,8.33,5.56,0,2.78,5.56,22.22,2.78,0,5.56,0,0,5.56,25,0,16.67,5.56,0,2.78,0,0,8.33,0,0,0,0,0,0,0,0,0,0,0,19.44,5.56,5.56,5.56,0,0,0,13.89,0,0,0,0,0,0,0,0,30.56,0,0,5.56,25,0,0,0,0,0,0,0,0,0,0,2.78,0,13.89,0,0,0,0,0,0,13.89,5.56,0,2.78,2.78,0,0,0,0,11.11,2.78,0,0,0,0,0,0,25,5.56,11.11,0,0,5.56,2.78,0
2653,seller,1,53,4.02,1,87.76,94.44,10.6,15.09,92.45,71.7,60.38,20.75,16.98,13.21,0,3.77,0,0,3.77,20.75,7.55,0,3.77,11.32,3.77,7.55,7.55,18.87,5.66,1.89,3.77,0,0,3.77,35.85,1.89,20.75,1.89,1.89,3.77,3.77,1.89,11.32,0,9.43,7.55,1.89,5.66,3.77,1.89,1.89,0,0,0,16.98,11.32,5.66,3.77,0,0,3.77,5.66,1.89,0,0,1.89,3.77,0,0,3.77,5.66,0,0,0,5.66,0,0,0,0,0,0,0,0,0,0,0,1.89,0,0,0,0,0,0,0,3.77,0,0,0,0,0,0,0,1.89,3.77,11.32,1.89,0,0,0,0,0,18.87,9.43,5.66,0,0,3.77,0,0
2653,seller,1,117,12.67,1.53,85.43,45.99,14.63,17.09,92.31,75.21,61.54,22.22,15.38,11.11,0,4.27,0,0,6.84,20.51,8.55,0,7.69,10.26,5.98,4.27,5.13,17.95,6.84,1.71,1.71,0,0,1.71,29.91,3.42,14.53,1.71,0.85,2.56,2.56,1.71,7.69,0,3.42,2.56,0.85,2.56,1.71,0.85,0.85,0,0,0,14.53,7.69,2.56,0.85,0,0,2.56,6.84,0.85,0,0,0.85,2.56,0,0,2.56,4.27,0,0,0.85,3.42,0,0,0,0,0,0,0,0,0,0,0,0.85,0.85,0,0,0,0,0,0,5.98,5.13,0,0.85,3.42,0.85,0,0,1.71,3.42,11.11,1.71,0,0,0,0,0,15.38,6.84,5.13,0,0,3.42,0,0
2653,seller,1,101,7.41,2.08,94.09,50.64,12.63,16.83,95.05,80.2,63.37,21.78,12.87,8.91,0,3.96,0,0,8.91,18.81,6.93,0,7.92,10.89,7.92,4.95,4.95,21.78,6.93,1.98,0,0,0,0,31.68,3.96,15.84,1.98,0.99,1.98,3.96,0.99,8.91,0,1.98,1.98,0,0.99,0.99,0,0,0,0,0,11.88,4.95,0,0,0,0,2.97,6.93,0.99,0,0,0.99,1.98,0,0,1.98,3.96,0,0,0.99,2.97,0,0,0,0,0,0,0,0,0,0,0,0.99,0.99,0,0,0,0,0,0,6.93,8.91,0,1.98,4.95,1.98,0,0,1.98,4.95,10.89,2.97,0,0,0,0,0,14.85,7.92,4.95,0,0,1.98,0,0
2653,seller,1,98,9.74,5.12,93.64,,16.33,19.39,93.88,73.47,56.12,20.41,12.24,7.14,0,3.06,0,2.04,8.16,17.35,6.12,0,7.14,10.2,7.14,3.06,6.12,22.45,5.1,1.02,2.04,0,0,2.04,30.61,4.08,15.31,4.08,0,1.02,3.06,1.02,8.16,0,0,0,0,0,0,0,0,0,0,0,15.31,6.12,2.04,2.04,0,0,2.04,9.18,0,0,0,0,1.02,0,0,1.02,10.2,0,0,3.06,7.14,0,0,0,0,0,0,0,0,0,0,0,0,5.1,0,0,0,0,0,0,10.2,9.18,0,2.04,5.1,2.04,0,0,1.02,7.14,10.2,2.04,0,0,0,0,0,19.39,6.12,8.16,0,0,4.08,1.02,0
2653,seller,1,65,2.25,1,98.89,43.1,10.83,18.46,95.38,75.38,58.46,21.54,15.38,7.69,3.08,1.54,0,3.08,6.15,18.46,1.54,0,6.15,10.77,3.08,6.15,9.23,27.69,1.54,0,6.15,3.08,0,3.08,36.92,1.54,26.15,7.69,0,3.08,4.62,0,13.85,0,1.54,1.54,0,0,0,0,0,0,0,0,15.38,4.62,3.08,3.08,0,0,0,10.77,0,0,0,0,1.54,0,0,1.54,15.38,0,0,4.62,10.77,0,0,0,0,0,0,0,0,0,0,0,0,6.15,0,0,0,0,0,0,10.77,6.15,0,3.08,1.54,1.54,0,0,0,9.23,9.23,1.54,0,0,0,0,0,24.62,9.23,9.23,0,0,4.62,1.54,0
2653,seller,1,74,6.56,7.05,81.07,39.97,14.8,17.57,94.59,63.51,47.3,17.57,14.86,5.41,2.7,1.35,0,5.41,2.7,18.92,1.35,0,5.41,9.46,0,5.41,10.81,25.68,1.35,0,8.11,2.7,0,5.41,35.14,2.7,21.62,8.11,0,2.7,1.35,0,10.81,0,1.35,1.35,0,0,0,0,0,0,0,0,21.62,6.76,5.41,5.41,0,0,0,14.86,0,0,0,0,1.35,0,0,1.35,24.32,0,0,6.76,17.57,0,0,0,0,0,0,0,0,0,0,0,0,10.81,0,0,0,0,0,0,13.51,1.35,0,1.35,0,0,0,0,0,12.16,6.76,0,0,0,0,0,0,28.38,6.76,12.16,0,0,6.76,2.7,0
2653,seller,1,60,6.39,3.95,89.39,45.29,12,15,95,71.67,56.67,21.67,18.33,8.33,3.33,3.33,0,3.33,3.33,20,3.33,0,6.67,10,0,5,10,25,1.67,0,6.67,3.33,0,3.33,33.33,1.67,21.67,6.67,0,3.33,1.67,0,11.67,0,1.67,1.67,0,0,0,0,0,0,0,0,18.33,5,3.33,3.33,0,0,0,13.33,0,0,0,0,1.67,0,0,1.67,18.33,0,0,5,13.33,0,0,0,0,0,0,0,0,0,0,0,0,6.67,0,0,0,0,0,0,10,1.67,0,1.67,0,0,0,0,0,8.33,8.33,0,0,0,0,0,0,21.67,6.67,8.33,0,0,5,1.67,0
2653,seller,1,37,5.35,7.05,73.75,,18.5,10.81,97.3,62.16,45.95,16.22,16.22,5.41,0,5.41,0,5.41,0,13.51,5.41,0,2.7,8.11,2.7,5.41,13.51,24.32,0,0,5.41,0,0,5.41,29.73,2.7,16.22,5.41,0,0,0,0,10.81,0,0,0,0,0,0,0,0,0,0,0,24.32,8.11,5.41,5.41,0,0,2.7,16.22,0,0,0,0,0,0,0,0,27.03,0,0,5.41,21.62,0,0,0,0,0,0,0,0,0,0,0,0,10.81,0,0,0,0,0,0,10.81,0,0,0,0,0,0,0,0,10.81,5.41,0,0,0,0,0,0,21.62,2.7,10.81,0,0,5.41,2.7,0
2653,seller,1,44,9.2,2.53,79.84,,22,18.18,93.18,79.55,65.91,25,18.18,11.36,0,4.55,0,2.27,6.82,15.91,6.82,0,9.09,11.36,4.55,2.27,6.82,22.73,2.27,0,0,0,0,0,27.27,2.27,13.64,2.27,0,0,2.27,2.27,6.82,0,0,0,0,0,0,0,0,0,0,0,11.36,2.27,0,0,0,0,2.27,9.09,0,0,0,0,2.27,0,0,2.27,6.82,0,0,2.27,6.82,0,0,0,0,0,0,0,0,0,0,0,0,2.27,0,0,0,0,0,0,2.27,2.27,2.27,0,0,0,0,0,2.27,2.27,6.82,0,0,0,0,0,0,4.55,4.55,0,0,0,0,0,0
2653,seller,1,76,10.79,3.34,84.38,,15.2,14.47,96.05,82.89,68.42,25,14.47,9.21,0,3.95,0,1.32,10.53,15.79,7.89,0,11.84,11.84,5.26,5.26,5.26,23.68,3.95,2.63,0,0,0,0,30.26,1.32,17.11,2.63,2.63,2.63,2.63,2.63,6.58,0,0,0,0,0,0,0,0,0,0,0,11.84,5.26,0,0,0,0,3.95,6.58,0,0,0,0,2.63,0,0,2.63,3.95,0,0,1.32,3.95,0,0,0,0,0,0,0,0,0,0,0,0,1.32,0,0,0,0,0,0,5.26,6.58,1.32,1.32,3.95,0,0,0,2.63,1.32,10.53,1.32,1.32,0,1.32,0,0,15.79,6.58,3.95,0,0,5.26,0,0
2653,seller,1,100,8.11,5.42,75.94,10.35,14.29,17,96,81,66,25,17,10,0,6,0,1,8,17,8,0,10,12,5,6,5,24,4,2,0,0,0,0,34,1,21,3,4,5,2,3,8,0,2,0,1,2,0,1,0,1,0,0,13,5,0,0,0,0,2,8,0,0,0,0,3,0,0,3,5,0,0,1,5,0,0,0,0,0,0,0,0,0,0,0,1,1,0,0,0,0,0,0,6,5,1,1,3,0,0,0,2,1,13,1,1,0,1,0,0,17,7,5,0,0,5,0,0
2653,seller,1,74,7.95,7.05,73.75,2.35,12.33,12.16,98.65,79.73,64.86,24.32,17.57,9.46,0,8.11,0,0,6.76,16.22,9.46,0,9.46,10.81,5.41,8.11,5.41,22.97,4.05,2.7,1.35,0,0,1.35,33.78,0,22.97,2.7,5.41,6.76,1.35,2.7,9.46,0,4.05,0,2.7,2.7,0,1.35,0,1.35,0,0,16.22,8.11,0,0,1.35,0,2.7,8.11,0,0,0,0,2.7,0,0,2.7,6.76,0,0,1.35,5.41,0,0,0,0,0,0,0,0,0,0,0,1.35,0,0,0,0,0,0,0,6.76,5.41,0,1.35,4.05,0,0,0,1.35,0,14.86,1.35,1.35,0,1.35,0,0,20.27,6.76,6.76,0,0,6.76,0,0
2653,seller,1,93,4.68,4.4,91.84,3.96,15.5,12.9,96.77,81.72,68.82,23.66,22.58,13.98,0,8.6,0,0,1.08,13.98,6.45,0,10.75,13.98,6.45,7.53,4.3,22.58,6.45,1.08,2.15,0,0,2.15,29.03,1.08,19.35,2.15,2.15,6.45,1.08,1.08,9.68,0,5.38,1.08,3.23,2.15,0,1.08,0,1.08,0,0,16.13,6.45,1.08,0,1.08,1.08,0,9.68,0,0,0,0,1.08,0,0,1.08,6.45,0,0,2.15,5.38,0,0,0,0,0,0,0,0,0,0,0,1.08,1.08,0,0,0,0,0,0,6.45,5.38,0,1.08,5.38,0,0,0,0,1.08,11.83,0,0,0,0,0,0,12.9,6.45,5.38,0,0,1.08,0,0
2654,buyer,1,71,53.24,1,31.69,40.95,10.14,21.13,91.55,69.01,60.56,15.49,11.27,11.27,0,0,0,0,4.23,18.31,14.08,0,11.27,12.68,2.82,7.04,2.82,18.31,2.82,1.41,1.41,0,0,1.41,30.99,2.82,14.08,1.41,0,5.63,0,0,5.63,0,7.04,4.23,2.82,4.23,2.82,1.41,1.41,0,0,0,8.45,8.45,0,2.82,0,1.41,5.63,0,0,0,0,0,2.82,0,0,2.82,5.63,0,0,1.41,4.23,0,0,0,0,0,0,0,0,0,0,1.41,0,5.63,0,0,0,0,0,0,2.82,2.82,0,0,2.82,0,0,0,0,9.86,4.23,1.41,0,0,0,0,0,14.08,7.04,4.23,0,2.82,0,0,0
2654,buyer,1,65,35.28,1,73.25,1,10.83,21.54,89.23,70.77,60,18.46,13.85,12.31,0,1.54,0,0,4.62,20,13.85,0,9.23,12.31,4.62,7.69,1.54,18.46,4.62,1.54,0,0,0,0,30.77,3.08,12.31,3.08,0,3.08,0,0,4.62,0,4.62,0,4.62,1.54,0,1.54,1.54,0,0,0,7.69,6.15,0,0,0,1.54,4.62,1.54,0,0,0,0,3.08,0,0,3.08,6.15,0,0,3.08,3.08,0,0,0,0,0,0,0,0,0,0,1.54,0,3.08,0,0,0,0,0,0,3.08,3.08,0,0,3.08,0,0,0,1.54,7.69,4.62,3.08,0,0,0,0,0,15.38,7.69,4.62,0,1.54,1.54,0,0
2654,buyer,1,64,15.97,4.83,75.23,6.65,8,20.31,89.06,70.31,59.38,20.31,15.63,12.5,0,3.13,0,0,4.69,18.75,9.38,0,7.81,10.94,7.81,6.25,1.56,17.19,4.69,1.56,1.56,1.56,0,0,28.13,3.13,15.63,6.25,0,3.13,1.56,1.56,1.56,0,7.81,3.13,4.69,3.13,1.56,1.56,1.56,0,0,0,10.94,7.81,4.69,1.56,0,0,3.13,3.13,0,0,0,0,1.56,0,0,1.56,7.81,0,0,4.69,3.13,0,0,0,0,0,0,0,0,0,0,1.56,0,1.56,0,0,0,0,0,0,4.69,3.13,0,0,3.13,0,0,0,1.56,3.13,4.69,1.56,1.56,0,1.56,0,0,17.19,10.94,3.13,0,1.56,1.56,0,0
2654,buyer,1,33,2.54,86.82,98.58,96.12,6.6,18.18,90.91,69.7,54.55,27.27,27.27,15.15,0,12.12,0,0,0,15.15,3.03,0,6.06,6.06,9.09,9.09,0,9.09,9.09,3.03,3.03,3.03,0,0,24.24,0,15.15,9.09,0,0,3.03,3.03,0,0,18.18,12.12,6.06,6.06,6.06,0,0,0,0,0,24.24,12.12,12.12,6.06,0,0,3.03,12.12,0,0,0,0,0,0,0,0,9.09,0,0,6.06,3.03,0,0,0,0,0,0,0,0,0,0,0,0,0,0,0,0,0,0,0,9.09,0,0,0,0,0,0,0,6.06,0,0,3.03,3.03,0,3.03,0,0,18.18,15.15,0,0,0,3.03,0,0
2654,buyer,1,24,10.19,98.75,68.87,99,4.8,16.67,95.83,66.67,50,20.83,20.83,8.33,0,12.5,0,0,0,12.5,0,0,8.33,4.17,8.33,8.33,0,8.33,8.33,4.17,4.17,4.17,0,0,20.83,0,16.67,8.33,0,0,4.17,4.17,0,0,25,20.83,4.17,8.33,8.33,0,0,0,0,0,29.17,16.67,16.67,8.33,0,0,4.17,12.5,0,0,0,0,0,0,0,0,8.33,0,0,8.33,0,0,0,0,0,0,0,0,0,0,0,0,0,4.17,0,0,0,0,0,0,12.5,0,0,0,0,0,0,0,4.17,0,0,0,4.17,0,4.17,0,0,16.67,16.67,0,0,0,0,0,0
2654,seller,1,134,11.95,57.85,59.19,1,13.4,20.9,88.06,76.12,61.19,22.39,13.43,5.97,0.75,6.72,0,0,8.96,19.4,8.21,0,7.46,13.43,5.97,3.73,2.24,19.4,8.21,1.49,2.24,0.75,0,1.49,26.87,0,14.93,4.48,1.49,0.75,1.49,2.24,3.73,0,4.48,0,4.48,1.49,0,1.49,0,1.49,0,0,9.7,2.24,0.75,0,0,0.75,0.75,7.46,0,0,0,0,0,0,0,0,5.97,0,0,3.73,2.99,0,0,0,0,0,0,0,0,0,0,0.75,0,2.24,0,0,0,0,0,0,2.24,7.46,0,0,4.48,2.24,0.75,0,1.49,5.22,6.72,1.49,0,0,0,0,0,12.69,5.97,3.73,1.49,0,1.49,0,0
2654,seller,1,163,27.27,21,65.03,1.65,14.82,23.31,89.57,74.85,61.96,19.63,11.66,6.75,0.61,4.29,0,0,7.98,21.47,11.04,0,9.2,12.27,5.52,5.52,1.84,17.18,7.36,1.84,2.45,0.61,0,1.84,26.99,0,16.56,4.91,1.84,0.61,1.84,2.45,4.91,0,4.29,0.61,3.68,1.23,0,1.23,0,1.23,0,0,8.59,3.68,1.84,0.61,0,0.61,0.61,4.91,0,0,0,0,1.23,0.61,0,0.61,5.52,0,0,3.68,2.45,0,0,0,0,0,0,0,0,0,0,1.23,0,0.61,0,0.61,0,0,0,0,3.07,4.91,0,0,3.07,1.84,0,0,1.23,3.07,6.13,2.45,0,0,0,0,0,12.27,5.52,4.91,1.23,0,0.61,0,0
2654,seller,1,159,30.54,5.75,72.31,2.82,15.9,25.79,89.94,72.96,62.26,16.35,9.43,6.92,0,2.52,0,0,6.92,21.38,12.58,0,8.81,13.21,6.29,6.92,1.89,16.35,6.92,1.89,1.26,0,0,1.26,27.04,0,16.35,5.03,1.26,0.63,1.89,2.52,5.03,0,5.03,1.26,3.77,1.89,0.63,1.26,0,1.26,0,0,8.18,5.66,3.77,0.63,0,0.63,1.26,2.52,0,0,0,0,1.89,1.26,0,0.63,5.66,0,0,3.77,2.52,0,0,0,0,0,0,0,0,0,0,1.26,0,0,0,0.63,0,0,0,0,2.52,3.77,0,0.63,3.14,0.63,0,0,1.26,3.14,5.66,3.14,0,0,0,0,0,11.95,5.66,5.03,0.63,0,0.63,0,0
2654,seller,1,82,52.14,8.81,68.21,58.42,16.4,26.83,91.46,60.98,53.66,12.2,8.54,6.1,0,0,0,2.44,3.66,19.51,12.2,0,9.76,12.2,3.66,8.54,1.22,15.85,3.66,2.44,3.66,0,0,3.66,24.39,0,13.41,6.1,1.22,0,1.22,1.22,4.88,0,2.44,2.44,0,1.22,1.22,0,0,0,0,0,15.85,10.98,9.76,3.66,0,0,1.22,4.88,0,0,0,0,3.66,2.44,0,1.22,12.2,0,0,3.66,8.54,0,0,0,0,0,0,0,0,0,0,1.22,0,4.88,0,2.44,0,0,0,0,6.1,2.44,0,1.22,2.44,0,0,0,0,4.88,4.88,3.66,0,0,0,0,0,17.07,4.88,8.54,1.22,0,1.22,1.22,0
2655,buyer,1,28,76.24,1,72.58,75.77,14,14.29,85.71,67.86,50,14.29,14.29,14.29,0,0,0,0,0,21.43,14.29,0,7.14,7.14,0,7.14,0,21.43,3.57,0,0,0,0,0,35.71,0,21.43,0,14.29,7.14,0,0,0,0,3.57,3.57,0,0,0,0,0,0,0,0,10.71,10.71,0,3.57,0,0,3.57,0,0,0,0,0,0,0,0,0,14.29,0,0,0,14.29,0,0,0,0,0,0,0,0,0,0,7.14,0,0,0,0,0,0,0,0,10.71,14.29,0,0,14.29,0,0,0,0,14.29,0,0,0,0,0,0,0,7.14,7.14,0,0,0,0,0,0
2655,buyer,1,58,13.62,1,95.69,,14.5,10.34,89.66,74.14,60.34,17.24,15.52,13.79,0,0,0,1.72,1.72,18.97,8.62,0,6.9,12.07,3.45,10.34,3.45,24.14,5.17,0,0,0,0,0,36.21,1.72,18.97,3.45,6.9,3.45,0,0,5.17,0,0,0,0,0,0,0,0,0,0,0,8.62,5.17,0,0,0,0,1.72,3.45,0,0,0,0,0,0,0,0,10.34,0,0,1.72,8.62,0,0,0,0,0,0,0,0,0,0,3.45,0,3.45,0,0,0,0,0,0,12.07,8.62,0,0,6.9,1.72,0,0,1.72,6.9,3.45,3.45,0,0,0,0,0,6.9,6.9,0,0,0,0,0,0
2655,buyer,1,82,3.66,1,99,76.91,20.5,9.76,93.9,76.83,59.76,18.29,15.85,14.63,0,0,0,1.22,2.44,17.07,4.88,0,4.88,12.2,2.44,12.2,4.88,25.61,8.54,2.44,1.22,0,1.22,0,36.59,1.22,21.95,9.76,3.66,1.22,1.22,0,7.32,0,6.1,4.88,1.22,1.22,0,1.22,0,0,0,0,9.76,6.1,0,0,0,1.22,3.66,3.66,0,0,0,0,0,0,0,0,9.76,0,0,4.88,4.88,0,0,0,0,0,0,0,0,0,0,1.22,0,3.66,2.44,0,0,0,0,0,12.2,3.66,0,0,2.44,1.22,0,0,3.66,4.88,4.88,6.1,1.22,0,1.22,0,0,8.54,4.88,2.44,0,0,1.22,0,0
2655,seller,1,104,19.54,3.28,64.67,20.23,17.33,20.19,90.38,75,64.42,21.15,15.38,9.62,0,5.77,0,0,5.77,23.08,8.65,0,9.62,10.58,5.77,2.88,5.77,16.35,5.77,1.92,0.96,0,0,0.96,30.77,0.96,20.19,2.88,1.92,2.88,3.85,1.92,6.73,0,1.92,0.96,0.96,0.96,0,0.96,0,0,0,0,13.46,7.69,0.96,1.92,0,0,4.81,5.77,0,0,0,0,0.96,0,0,0.96,5.77,0,0,3.85,3.85,0,0,0,0,0,0,0,0,0,0,0.96,0.96,0,0,0.96,0,0,0,0,1.92,3.85,0,0,3.85,0,0,0,0,8.65,2.88,0,0,0,0,0,0,10.58,3.85,3.85,0.96,0.96,0.96,0,0
2655,seller,1,148,22.9,1.52,73.75,,18.5,20.95,87.84,73.65,66.22,18.24,11.49,7.43,0,4.05,0,0,6.76,25,9.46,0,8.78,12.16,4.05,4.05,6.08,16.22,5.41,2.7,2.03,0.68,0.68,0.68,33.78,1.35,20.95,2.03,2.03,1.35,5.41,2.03,8.78,0,0,0,0,0,0,0,0,0,0,0,10.14,4.73,0.68,0.68,0,0,2.7,5.41,0,0,0,0,0.68,0,0,0.68,4.73,0,0,2.7,3.38,0,0,0,0,0,0,0,0,0,0,0.68,0,0,0,1.35,0,0,0,0,1.35,4.05,0,0,4.05,0,0,0,0.68,7.43,4.05,0,0,0,0,0,0,10.14,4.73,4.05,0.68,0,0.68,0,0
2655,seller,1,121,26.63,1.76,88.7,,17.29,19.83,88.43,73.55,66.94,18.18,13.22,8.26,0,4.96,0,0,4.96,23.14,9.09,0,9.92,11.57,4.13,4.13,5.79,15.7,4.96,3.31,2.48,0.83,0.83,0.83,32.23,1.65,20.66,1.65,1.65,1.65,5.79,1.65,9.92,0,0,0,0,0,0,0,0,0,0,0,11.57,4.96,0.83,0.83,0,0,2.48,6.61,0,0,0,0,0,0,0,0,4.96,0,0,3.31,3.31,0,0,0,0,0,0,0,0,0,0,0,0,0,0,1.65,0,0,0,0,1.65,5.79,0,0.83,4.96,0,0,0,0.83,6.61,3.31,0,0,0,0,0,0,9.92,4.96,4.13,0.83,0,0,0,0
2656,buyer,1,81,23.88,20.91,61.67,38.04,16.2,18.52,90.12,71.6,64.2,25.93,16.05,11.11,0,4.94,0,0,9.88,20.99,7.41,0,14.81,8.64,6.17,6.17,1.23,12.35,4.94,1.23,3.7,0,1.23,2.47,25.93,1.23,12.35,4.94,0,2.47,1.23,0,1.23,0,3.7,2.47,1.23,1.23,0,1.23,0,0,0,0,14.81,9.88,0,3.7,0,1.23,6.17,4.94,0,0,0,0,1.23,0,0,1.23,8.64,0,0,6.17,2.47,0,0,0,0,0,0,0,0,0,0,1.23,0,1.23,0,0,0,0,0,0,3.7,2.47,0,0,2.47,0,0,0,2.47,6.17,6.17,0,0,0,0,0,0,16.05,6.17,4.94,0,0,4.94,0,0
2656,buyer,1,69,30.77,13.03,55.19,65.92,13.8,17.39,89.86,73.91,66.67,21.74,11.59,8.7,0,2.9,0,0,10.14,18.84,7.25,0,17.39,8.7,10.14,5.8,1.45,13.04,4.35,1.45,2.9,0,1.45,1.45,27.54,1.45,13.04,4.35,0,2.9,1.45,0,1.45,0,2.9,2.9,0,0,0,0,0,0,0,0,11.59,8.7,0,1.45,0,1.45,5.8,2.9,0,0,0,0,1.45,0,0,1.45,7.25,0,0,5.8,1.45,0,0,0,0,0,0,0,0,0,0,1.45,0,0,0,0,0,0,0,0,5.8,5.8,0,0,4.35,0,1.45,0,2.9,7.25,5.8,0,0,0,0,0,0,13.04,5.8,2.9,0,0,4.35,0,0
2656,buyer,1,65,27.08,17.19,81.58,68.66,16.25,12.31,90.77,78.46,67.69,20,13.85,9.23,0,4.62,0,0,6.15,15.38,3.08,0,20,10.77,10.77,3.08,3.08,15.38,6.15,1.54,3.08,0,1.54,1.54,26.15,4.62,15.38,7.69,0,3.08,3.08,0,1.54,0,3.08,3.08,0,0,0,0,0,0,0,0,12.31,7.69,3.08,0,0,1.54,3.08,4.62,0,0,0,0,0,0,0,0,6.15,0,0,6.15,0,0,0,0,0,0,0,0,0,0,0,0,0,0,0,0,0,0,0,0,9.23,9.23,0,0,6.15,0,3.08,0,1.54,3.08,6.15,0,1.54,0,1.54,0,0,15.38,4.62,4.62,1.54,0,4.62,0,0
2656,buyer,1,43,14.99,40.06,69.5,56.53,14.33,6.98,95.35,83.72,69.77,23.26,16.28,9.3,0,6.98,0,0,6.98,13.95,2.33,0,18.6,13.95,9.3,2.33,2.33,16.28,9.3,2.33,2.33,0,0,2.33,20.93,6.98,11.63,6.98,0,2.33,2.33,0,2.33,0,2.33,2.33,0,0,0,0,0,0,0,0,11.63,4.65,4.65,0,0,0,0,6.98,0,0,0,0,0,0,0,0,4.65,0,0,4.65,0,0,0,0,0,0,0,0,0,0,0,0,0,0,0,0,0,0,0,0,11.63,9.3,0,0,4.65,0,4.65,0,0,2.33,4.65,0,4.65,0,4.65,0,0,16.28,4.65,4.65,2.33,0,4.65,0,0
2656,buyer,1,59,11.79,30.62,65.66,,14.75,15.25,91.53,67.8,54.24,18.64,15.25,6.78,0,5.08,0,3.39,3.39,15.25,1.69,0,11.86,13.56,3.39,3.39,6.78,18.64,6.78,1.69,5.08,0,0,5.08,25.42,6.78,15.25,8.47,0,1.69,1.69,0,5.08,0,0,0,0,0,0,0,0,0,0,0,18.64,6.78,6.78,3.39,0,0,0,11.86,0,0,0,0,0,0,0,0,16.95,0,0,6.78,10.17,0,0,0,0,0,0,0,0,0,0,0,0,6.78,0,0,0,0,0,0,13.56,3.39,0,0,1.69,0,1.69,0,0,5.08,5.08,0,3.39,0,3.39,0,0,25.42,5.08,10.17,1.69,0,6.78,1.69,0
2656,seller,1,131,15.82,53.74,62.31,20.23,13.1,15.27,93.89,75.57,61.07,19.08,12.21,4.58,0.76,6.11,0,0.76,6.87,17.56,6.87,0,9.92,12.98,5.34,5.34,3.82,19.85,8.4,1.53,4.58,0.76,3.05,0.76,36.64,1.53,17.56,6.11,3.05,0.76,1.53,0.76,4.58,0,4.58,2.29,2.29,0.76,0,0.76,0,0,0,0,16.79,8.4,1.53,0,0,2.29,3.82,8.4,0,0,0,0,1.53,0,0,1.53,9.92,0,0,5.34,4.58,0,0,0,0,0,0,0,0,0,0,0,0,0,0,0,0,0,0,0,5.34,1.53,0,0,0.76,0,0,0,4.58,6.87,7.63,2.29,0,0,0,0,0,10.69,5.34,2.29,2.29,0,0.76,0,0
2656,seller,1,104,12.51,85.36,51.08,33.68,11.56,16.35,92.31,75,60.58,18.27,12.5,2.88,0.96,7.69,0,0.96,5.77,17.31,5.77,0,9.62,12.5,6.73,5.77,3.85,19.23,8.65,1.92,5.77,0.96,3.85,0.96,36.54,1.92,19.23,6.73,3.85,0.96,2.88,0.96,3.85,0,4.81,2.88,1.92,0.96,0,0.96,0,0,0,0,17.31,6.73,1.92,0,0,1.92,2.88,10.58,0,0,0,0,0.96,0,0,0.96,10.58,0,0,5.77,4.81,0,0,0,0,0,0,0,0,0,0,0,0,0,0,0,0,0,0,0,5.77,0.96,0,0,0.96,0,0,0,4.81,5.77,7.69,2.88,0,0,0,0,0,9.62,4.81,1.92,2.88,0,0,0,0
2656,seller,1,74,11.45,99,13.97,39.97,12.33,21.62,89.19,72.97,59.46,16.22,12.16,0,2.7,9.46,0,0,4.05,17.57,6.76,0,6.76,14.86,6.76,6.76,1.35,20.27,9.46,0,8.11,2.7,4.05,1.35,35.14,0,21.62,8.11,4.05,2.7,5.41,0,1.35,1.35,4.05,2.7,1.35,0,0,0,0,0,0,0,18.92,6.76,2.7,0,0,2.7,1.35,12.16,0,0,0,0,0,0,0,0,9.46,0,0,5.41,4.05,0,0,0,0,0,0,0,0,0,0,0,0,0,0,0,0,0,0,0,6.76,1.35,0,0,1.35,0,0,0,4.05,4.05,6.76,4.05,0,0,0,0,0,10.81,4.05,1.35,4.05,0,1.35,0,0
2656,seller,1,19,22.98,99,1,,6.33,21.05,84.21,68.42,52.63,15.79,15.79,0,5.26,10.53,0,0,0,10.53,5.26,0,5.26,10.53,5.26,5.26,0,21.05,5.26,0,5.26,5.26,0,0,31.58,0,31.58,10.53,0,10.53,10.53,0,0,5.26,0,0,0,0,0,0,0,0,0,0,21.05,5.26,5.26,0,0,0,0,15.79,0,0,0,0,0,0,0,0,15.79,0,0,10.53,5.26,0,0,0,0,0,0,0,0,0,0,0,0,0,0,0,0,0,0,0,5.26,0,0,0,0,0,0,0,0,0,10.53,0,0,0,0,0,0,21.05,10.53,0,5.26,0,5.26,0,0
2656,seller,1,16,13.27,99,1,96.74,4,18.75,87.5,56.25,50,12.5,12.5,0,6.25,6.25,0,0,0,12.5,6.25,0,0,12.5,6.25,6.25,0,18.75,0,0,6.25,6.25,0,0,31.25,0,31.25,6.25,0,12.5,6.25,0,0,6.25,6.25,6.25,0,0,0,0,0,0,0,0,12.5,0,0,0,0,0,0,12.5,0,0,0,0,0,0,0,0,25,0,0,18.75,6.25,0,0,0,0,0,0,0,0,0,0,0,0,6.25,0,0,0,0,0,0,0,0,0,0,0,0,0,0,0,0,6.25,0,0,0,0,0,0,25,12.5,0,6.25,0,6.25,0,0
2657,buyer,1,73,38.1,4.52,9.7,40.28,36.5,19.18,84.93,64.38,57.53,15.07,10.96,9.59,0,1.37,0,0,4.11,15.07,9.59,0,9.59,10.96,4.11,6.85,2.74,13.7,4.11,1.37,4.11,0,0,4.11,20.55,2.74,12.33,1.37,0,5.48,2.74,0,2.74,0,6.85,4.11,2.74,2.74,2.74,0,0,0,0,0,9.59,6.85,0,2.74,1.37,2.74,2.74,4.11,0,0,0,0,0,0,0,0,4.11,0,0,2.74,2.74,0,0,0,0,0,0,0,0,0,0,0,0,2.74,0,1.37,0,0,0,0,9.59,5.48,0,0,1.37,2.74,0,1.37,1.37,1.37,4.11,1.37,2.74,1.37,1.37,0,0,5.48,1.37,2.74,0,0,1.37,0,0
2657,buyer,1,83,6.89,54.44,18.86,20.23,27.67,18.07,87.95,72.29,62.65,19.28,14.46,7.23,0,7.23,0,0,4.82,10.84,6.02,0,8.43,13.25,7.23,7.23,3.61,18.07,4.82,0,6.02,1.2,1.2,3.61,21.69,2.41,13.25,1.2,0,3.61,4.82,1.2,4.82,0,4.82,2.41,2.41,1.2,1.2,0,0,0,0,0,15.66,6.02,0,1.2,1.2,2.41,2.41,10.84,0,1.2,0,0,0,0,0,0,2.41,0,0,2.41,1.2,0,0,0,0,0,0,0,0,0,0,0,0,1.2,0,0,0,0,0,0,10.84,7.23,1.2,0,1.2,3.61,0,1.2,2.41,1.2,4.82,2.41,2.41,1.2,1.2,0,0,9.64,3.61,3.61,0,0,2.41,0,0
2657,buyer,1,93,19.39,91.42,22.62,70.91,23.25,18.28,92.47,75.27,59.14,19.35,16.13,6.45,0,9.68,0,0,3.23,15.05,5.38,1.08,10.75,9.68,5.38,7.53,2.15,18.28,7.53,2.15,4.3,1.08,1.08,2.15,16.13,1.08,8.6,2.15,0,1.08,3.23,1.08,3.23,0,5.38,4.3,1.08,1.08,1.08,0,0,0,0,0,19.35,6.45,0,0,0,0,3.23,12.9,0,1.08,0,0,0,0,0,0,7.53,0,0,5.38,4.3,0,0,0,0,0,0,0,0,0,0,0,0,3.23,0,0,0,0,0,1.08,11.83,6.45,1.08,0,2.15,3.23,0,0,1.08,2.15,1.08,3.23,2.15,1.08,1.08,0,0,7.53,3.23,3.23,0,0,1.08,0,0
2657,buyer,1,99,5.74,89.78,71.27,67.94,24.75,17.17,95.96,80.81,64.65,22.22,18.18,7.07,0,11.11,0,0,4.04,13.13,5.05,1.01,10.1,13.13,7.07,7.07,3.03,24.24,6.06,2.02,3.03,1.01,1.01,1.01,24.24,0,17.17,8.08,2.02,3.03,4.04,1.01,5.05,0,5.05,4.04,1.01,1.01,1.01,0,0,0,0,0,20.2,6.06,0,0,0,0,2.02,14.14,0,1.01,0,0,0,0,0,0,9.09,0,0,7.07,5.05,0,0,0,0,0,0,0,0,0,0,0,0,3.03,0,0,0,0,0,1.01,11.11,6.06,1.01,0,3.03,2.02,0,0,1.01,3.03,2.02,3.03,0,0,0,0,0,7.07,3.03,2.02,0,0,2.02,0,0
2657,buyer,1,84,18.12,67.92,72.58,37.34,28,17.86,96.43,79.76,60.71,20.24,16.67,8.33,1.19,7.14,0,0,3.57,16.67,7.14,1.19,10.71,11.9,4.76,7.14,2.38,22.62,7.14,2.38,2.38,1.19,0,1.19,26.19,1.19,17.86,10.71,2.38,3.57,2.38,0,3.57,0,5.95,3.57,2.38,0,0,0,0,0,0,0,17.86,7.14,0,0,0,0,1.19,10.71,0,0,0,0,0,0,0,0,11.9,0,0,9.52,5.95,0,0,0,0,0,0,0,0,0,0,0,0,3.57,0,0,0,0,0,1.19,11.9,3.57,0,0,2.38,1.19,0,0,0,2.38,3.57,2.38,2.38,0,2.38,0,0,7.14,2.38,2.38,0,0,2.38,0,0
2657,buyer,1,48,2.87,64.67,80.79,52.41,16,16.67,93.75,83.33,64.58,25,18.75,8.33,2.08,8.33,0,0,6.25,12.5,6.25,0,8.33,14.58,6.25,6.25,4.17,25,4.17,0,4.17,2.08,0,2.08,33.33,2.08,25,14.58,4.17,6.25,2.08,0,4.17,0,6.25,4.17,2.08,0,0,0,0,0,0,0,18.75,8.33,4.17,4.17,0,0,2.08,10.42,0,0,0,0,0,0,0,0,8.33,0,0,8.33,2.08,0,0,0,0,0,0,0,0,0,0,0,0,2.08,0,0,0,0,0,0,8.33,4.17,0,0,2.08,2.08,0,0,0,2.08,6.25,2.08,4.17,0,4.17,0,0,10.42,4.17,2.08,0,0,4.17,0,0
2657,buyer,1,37,11.45,91.56,9.25,62.77,18.5,24.32,89.19,56.76,37.84,16.22,13.51,2.7,2.7,2.7,0,5.41,2.7,13.51,2.7,0,2.7,10.81,0,5.41,5.41,18.92,5.41,0,10.81,2.7,0,8.11,27.03,5.41,13.51,8.11,0,2.7,0,0,2.7,0,8.11,5.41,2.7,0,0,0,0,0,0,0,29.73,13.51,10.81,10.81,0,0,2.7,16.22,0,0,0,0,0,0,0,0,24.32,0,0,8.11,16.22,0,0,0,0,0,0,0,0,0,0,0,0,10.81,0,0,0,0,0,0,13.51,0,0,0,0,0,0,0,0,5.41,8.11,0,5.41,0,5.41,0,0,27.03,5.41,13.51,0,0,5.41,2.7,0
2657,seller,1,118,66.29,18.69,59.84,60.16,16.86,25.42,89.83,64.41,53.39,13.56,10.17,5.93,1.69,2.54,0,0,3.39,18.64,8.47,0,11.02,9.32,1.69,2.54,3.39,15.25,5.93,3.39,5.08,1.69,0.85,2.54,30.51,0.85,17.8,1.69,1.69,2.54,5.93,2.54,5.08,0,2.54,2.54,0,0.85,0.85,0,0,0,0,0,12.71,6.78,1.69,0.85,0,1.69,1.69,5.93,0,0,0,0,0.85,0,0,0.85,5.08,0,0,3.39,3.39,0,0,0,0,0,0,0,0,0,0,0.85,0.85,2.54,0,0,0,0.85,0,0,4.24,7.63,0,0.85,6.78,0,0.85,0,1.69,5.08,6.78,3.39,0,0,0,0,0,10.17,5.93,2.54,0,0,0,1.69,0
2657,seller,1,155,41.62,55.45,54.27,60.79,15.5,25.81,90.32,67.1,56.77,16.13,12.26,5.16,1.29,5.81,0,0,3.87,18.71,7.74,0.65,10.97,10.97,2.58,3.87,4.52,17.42,6.45,4.52,3.87,1.29,0.65,1.94,29.03,1.94,16.13,3.23,1.29,1.94,5.16,1.94,3.87,0,3.87,3.23,0.65,0.65,0.65,0,0,0,0,0,13.55,4.52,1.29,0,0,1.29,1.94,9.03,0,0,0,0,0.65,0,0,0.65,5.16,0,0,3.23,3.23,0,0,0,0,0,0,0,0,0,0,0.65,1.29,1.94,0,0,0,0.65,0,0,5.81,7.74,0.65,0.65,6.45,0,0.65,0,1.29,4.52,7.1,3.23,0,0,0,0,0,12.9,6.45,1.94,0,0,2.58,1.94,0
2657,seller,1,141,24.81,65.16,67.15,20.23,17.63,24.11,90.07,68.79,58.87,20.57,17.02,7.8,1.42,7.8,0,0,3.55,18.44,5.67,0.71,12.06,11.35,2.13,5.67,3.55,17.73,6.38,4.26,4.26,1.42,0.71,2.13,26.95,1.42,17.02,4.26,0.71,3.55,4.96,1.42,4.26,0,4.26,2.13,2.13,0,0,0,0,0,0,0,12.77,2.13,0.71,0,0,0,0.71,10.64,0,0,0,0,0.71,0,0,0.71,6.38,0,0,3.55,4.26,0,0,0,0,0,0,0,0,0,0,0.71,1.42,1.42,0,0,0,0.71,0,0,4.96,7.09,0.71,0.71,5.67,0,0.71,0,1.42,3.55,6.38,3.55,0,0,0,0,0,12.06,5.67,2.13,0,0,2.84,1.42,0
2657,seller,1,148,27.81,52.15,60.56,4.45,18.5,22.97,88.51,70.27,62.16,20.27,15.54,6.76,1.35,7.43,0,0,4.73,20.27,7.43,0.68,13.51,12.84,1.35,7.43,3.38,16.22,5.41,2.7,2.03,1.35,0,0.68,25,1.35,18.24,4.73,1.35,4.73,4.05,0,6.76,0,4.73,1.35,3.38,0,0,0,0,0,0,0,14.86,4.73,0,0,0.68,0,1.35,10.14,0,0,0,0,0,0,0,0,6.76,0,0,4.05,4.05,0,0,0,0,0,0,0,0,0,0,0,0.68,0.68,0,0.68,0,0,0,0,4.05,6.08,0.68,1.35,4.05,0,0,0,0.68,2.7,4.73,0.68,1.35,0,1.35,0,0,12.16,5.41,2.03,0,0,3.38,1.35,0
2657,seller,1,97,40.94,40.06,60.51,1.61,16.17,21.65,87.63,69.07,60.82,21.65,16.49,8.25,2.06,6.19,0,0,5.15,20.62,7.22,0,14.43,11.34,0,7.22,1.03,14.43,4.12,0,2.06,2.06,0,0,23.71,0,19.59,4.12,1.03,6.19,4.12,0,8.25,0,5.15,1.03,4.12,0,0,0,0,0,0,0,17.53,8.25,1.03,1.03,1.03,0,3.09,9.28,0,0,0,0,0,0,0,0,7.22,0,0,5.15,4.12,0,0,0,0,0,0,0,0,0,0,0,0,0,0,1.03,0,0,0,0,2.06,4.12,0,2.06,2.06,0,0,0,1.03,2.06,3.09,0,2.06,0,2.06,0,0,11.34,6.19,3.09,0,0,1.03,1.03,0
2657,seller,1,76,52.34,87.2,52.19,39.38,10.86,22.37,89.47,69.74,60.53,21.05,15.79,5.26,2.63,7.89,0,0,5.26,21.05,7.89,0,14.47,10.53,0,6.58,0,15.79,2.63,0,3.95,2.63,0,1.32,23.68,0,19.74,5.26,1.32,5.26,3.95,0,6.58,0,6.58,3.95,2.63,1.32,1.32,0,0,0,0,0,23.68,13.16,5.26,3.95,1.32,0,5.26,10.53,0,0,0,0,0,0,0,0,2.63,0,0,2.63,1.32,0,0,0,0,0,0,0,0,0,0,0,0,0,0,1.32,0,0,0,0,2.63,5.26,0,2.63,2.63,0,0,0,1.32,1.32,2.63,0,2.63,0,2.63,0,0,13.16,9.21,1.32,0,0,1.32,1.32,0
2657,seller,1,20,69.05,99,28.56,99,4,25,95,60,50,25,25,5,0,20,0,0,0,20,10,0,10,0,0,5,0,10,0,0,5,0,0,5,10,0,10,10,0,0,0,0,0,0,20,20,0,5,5,0,0,0,0,0,45,25,20,15,0,0,15,20,0,0,0,0,0,0,0,0,10,0,0,10,5,0,0,0,0,0,0,0,0,0,0,0,0,5,0,0,0,0,0,0,0,0,0,0,0,0,0,0,0,0,0,0,0,0,0,0,0,20,20,0,0,0,0,0,0
2658,buyer,1,49,4.63,1.85,7.55,96.32,16.33,6.12,93.88,83.67,61.22,28.57,20.41,16.33,0,4.08,0,0,8.16,14.29,8.16,0,4.08,12.24,4.08,6.12,0,24.49,8.16,6.12,4.08,0,2.04,2.04,30.61,0,24.49,2.04,0,12.24,4.08,2.04,4.08,0,10.2,8.16,2.04,4.08,4.08,0,0,0,0,0,8.16,4.08,0,2.04,0,2.04,2.04,4.08,0,0,0,0,0,0,0,0,4.08,0,0,2.04,2.04,0,0,0,0,0,0,0,0,0,0,4.08,0,4.08,0,0,0,0,0,0,10.2,0,0,0,0,0,0,0,0,2.04,4.08,2.04,0,0,0,0,0,14.29,2.04,6.12,4.08,0,2.04,0,0
2658,buyer,1,62,3.61,49.66,25.64,89.28,10.33,12.9,93.55,82.26,58.06,30.65,20.97,12.9,0,4.84,0,3.23,9.68,16.13,4.84,0,4.84,9.68,3.23,6.45,0,27.42,4.84,4.84,6.45,3.23,1.61,1.61,24.19,0,19.35,4.84,0,6.45,3.23,1.61,3.23,0,4.84,4.84,0,1.61,1.61,0,0,0,0,0,17.74,3.23,3.23,1.61,0,0,1.61,12.9,1.61,1.61,0,0,0,0,0,0,4.84,0,0,4.84,1.61,0,0,0,0,0,0,0,0,0,0,3.23,0,3.23,0,0,0,0,0,0,12.9,3.23,3.23,0,0,0,0,0,0,0,3.23,6.45,0,0,0,0,0,14.52,6.45,3.23,3.23,0,1.61,0,0
2658,buyer,1,64,10.91,91.85,9.63,88.05,10.67,21.88,90.63,65.63,45.31,23.44,17.19,7.81,0,3.13,0,6.25,6.25,14.06,1.56,0,4.69,7.81,3.13,4.69,0,25,4.69,1.56,7.81,3.13,1.56,3.13,25,0,17.19,6.25,0,6.25,1.56,1.56,1.56,0,4.69,4.69,0,1.56,1.56,0,0,0,0,0,25,6.25,6.25,4.69,0,0,1.56,17.19,1.56,1.56,0,0,0,0,0,0,17.19,0,0,7.81,10.94,0,0,0,0,0,0,0,0,0,0,3.13,0,7.81,0,1.56,0,0,0,0,14.06,4.69,3.13,0,1.56,0,0,0,0,3.13,3.13,4.69,0,0,0,0,0,18.75,6.25,7.81,3.13,0,0,1.56,0
2658,seller,1,57,31.8,70.59,4.51,46.76,14.25,14.04,84.21,75.44,59.65,19.3,8.77,3.51,0,5.26,0,0,10.53,15.79,10.53,0,10.53,12.28,5.26,7.02,0,21.05,5.26,1.75,1.75,0,1.75,0,19.3,1.75,3.51,0,0,1.75,1.75,0,1.75,0,1.75,1.75,0,0,0,0,0,0,0,0,8.77,3.51,1.75,1.75,0,0,1.75,5.26,0,0,0,0,0,0,0,0,3.51,0,0,1.75,1.75,0,0,0,0,0,0,0,0,0,0,0,0,1.75,0,0,0,0,0,0,5.26,3.51,0,1.75,1.75,1.75,0,0,1.75,10.53,5.26,1.75,1.75,0,1.75,0,0,12.28,5.26,3.51,1.75,0,1.75,0,0
2658,seller,1,45,22.17,77.41,10.18,54.76,9,11.11,88.89,82.22,64.44,22.22,11.11,4.44,0,6.67,0,0,11.11,17.78,11.11,0,11.11,13.33,6.67,6.67,0,22.22,6.67,2.22,2.22,0,2.22,0,20,2.22,4.44,0,0,2.22,2.22,0,2.22,0,2.22,2.22,0,0,0,0,0,0,0,0,11.11,4.44,4.44,2.22,0,0,2.22,6.67,0,0,0,0,0,0,0,0,4.44,0,0,2.22,2.22,0,0,0,0,0,0,0,0,0,0,0,0,0,0,0,0,0,0,0,4.44,2.22,0,2.22,2.22,0,0,0,2.22,6.67,4.44,2.22,2.22,0,2.22,0,0,13.33,6.67,2.22,2.22,0,2.22,0,0
2658,seller,1,16,1.97,94.84,1.63,99,8,6.25,93.75,81.25,62.5,25,6.25,0,0,6.25,0,0,18.75,12.5,6.25,0,6.25,12.5,12.5,6.25,0,31.25,0,0,0,0,0,0,25,6.25,0,0,0,0,0,0,0,0,12.5,12.5,0,0,0,0,0,0,0,0,12.5,6.25,6.25,6.25,0,0,6.25,6.25,0,0,0,0,0,0,0,0,6.25,0,0,6.25,0,0,0,0,0,0,0,0,0,0,0,0,0,6.25,0,0,0,0,0,0,0,0,0,0,0,0,0,0,6.25,18.75,0,0,0,0,0,0,0,6.25,6.25,0,0,0,0,0,0
2659,buyer,1,78,7.14,1,81.58,60.52,19.5,17.95,92.31,71.79,60.26,19.23,17.95,14.1,0,3.85,0,0,1.28,14.1,10.26,1.28,3.85,12.82,3.85,11.54,2.56,19.23,5.13,1.28,2.56,0,0,2.56,34.62,0,20.51,3.85,2.56,7.69,1.28,0,6.41,0,7.69,5.13,2.56,6.41,3.85,2.56,0,0,0,0,12.82,8.97,2.56,3.85,1.28,0,5.13,3.85,0,0,0,0,0,0,0,0,8.97,0,0,3.85,5.13,0,0,0,0,0,0,0,0,0,0,0,0,2.56,0,0,0,0,0,0,3.85,1.28,0,0,1.28,0,0,0,5.13,11.54,1.28,3.85,2.56,0,2.56,0,0,8.97,3.85,3.85,0,0,1.28,0,0
2659,buyer,1,62,2.75,2.59,69.74,89.28,20.67,14.52,90.32,70.97,58.06,19.35,17.74,12.9,0,4.84,0,0,1.61,12.9,8.06,1.61,1.61,12.9,4.84,12.9,1.61,19.35,6.45,1.61,3.23,0,0,3.23,35.48,0,20.97,3.23,3.23,8.06,1.61,0,6.45,0,11.29,8.06,3.23,8.06,4.84,3.23,0,0,0,0,14.52,9.68,4.84,4.84,1.61,0,4.84,4.84,0,0,0,0,0,0,0,0,6.45,0,0,3.23,3.23,0,0,0,0,0,0,0,0,0,0,0,0,1.61,0,0,0,0,0,0,6.45,1.61,0,0,0,0,1.61,0,6.45,11.29,1.61,4.84,3.23,0,3.23,0,0,9.68,4.84,3.23,0,0,1.61,0,0
2659,buyer,1,42,23.27,67.92,39.59,99,21,19.05,90.48,54.76,38.1,14.29,14.29,7.14,0,2.38,0,4.76,0,11.9,4.76,2.38,2.38,7.14,2.38,9.52,0,14.29,9.52,4.76,7.14,0,0,7.14,23.81,0,14.29,7.14,0,4.76,0,0,2.38,0,9.52,9.52,0,4.76,4.76,0,0,0,0,0,23.81,11.9,9.52,9.52,0,0,2.38,11.9,0,0,0,0,0,0,0,0,23.81,0,0,7.14,16.67,0,0,0,0,0,0,0,0,0,0,0,0,9.52,0,2.38,0,0,0,0,11.9,4.76,0,0,2.38,0,2.38,0,2.38,4.76,2.38,0,4.76,0,4.76,0,0,21.43,4.76,14.29,0,0,0,2.38,0
2659,seller,1,51,20.45,82.38,46.57,20.23,17,15.69,92.16,70.59,56.86,19.61,15.69,5.88,0,9.8,0,0,3.92,17.65,11.76,0,5.88,9.8,3.92,9.8,1.96,13.73,3.92,0,3.92,0,0,3.92,29.41,1.96,15.69,9.8,1.96,1.96,1.96,0,3.92,0,3.92,1.96,1.96,1.96,0,1.96,0,0,0,0,23.53,13.73,5.88,5.88,0,0,3.92,9.8,0,0,0,0,0,0,0,0,9.8,0,0,5.88,3.92,0,0,0,0,0,0,0,0,0,0,0,0,3.92,0,0,0,0,0,0,7.84,0,0,0,0,0,0,0,0,3.92,5.88,3.92,5.88,0,5.88,0,0,5.88,1.96,0,1.96,0,1.96,0,0
2659,seller,1,47,24.81,95.25,42.1,20.23,23.5,12.77,91.49,72.34,57.45,21.28,17.02,6.38,4.26,6.38,0,0,4.26,19.15,10.64,0,8.51,10.64,2.13,10.64,0,12.77,4.26,2.13,8.51,4.26,0,4.26,23.4,2.13,8.51,6.38,0,0,2.13,0,2.13,0,4.26,2.13,2.13,2.13,0,2.13,0,0,0,0,19.15,8.51,4.26,4.26,0,0,0,10.64,0,0,0,0,0,0,0,0,12.77,0,0,8.51,4.26,0,0,0,0,0,0,0,0,0,0,0,0,2.13,0,0,0,0,0,0,10.64,2.13,0,0,2.13,0,0,0,0,0,8.51,4.26,8.51,0,8.51,0,0,6.38,2.13,0,0,0,4.26,0,0
2659,seller,1,29,20.17,96.58,21.61,74.09,14.5,13.79,89.66,65.52,55.17,20.69,17.24,6.9,6.9,3.45,0,0,3.45,17.24,6.9,0,10.34,10.34,3.45,10.34,0,10.34,0,3.45,10.34,6.9,0,3.45,17.24,3.45,3.45,3.45,0,0,0,0,0,0,3.45,3.45,0,0,0,0,0,0,0,0,17.24,6.9,3.45,3.45,0,0,0,10.34,0,0,0,0,0,0,0,0,17.24,0,0,13.79,3.45,0,0,0,0,0,0,0,0,0,0,0,0,6.9,0,0,0,0,0,0,10.34,3.45,0,0,3.45,0,0,0,0,0,6.9,3.45,10.34,0,10.34,0,0,6.9,3.45,0,0,0,3.45,0,0
2660,buyer,1,52,59.28,1.17,19.9,99,13,21.15,90.38,67.31,61.54,17.31,13.46,11.54,0,1.92,0,0,3.85,15.38,13.46,0,11.54,13.46,1.92,1.92,3.85,17.31,1.92,0,0,0,0,0,23.08,0,13.46,0,0,9.62,0,0,3.85,0,13.46,11.54,1.92,11.54,9.62,1.92,0,0,1.92,0,5.77,1.92,0,0,0,0,1.92,3.85,0,0,0,0,0,0,0,0,7.69,0,0,3.85,5.77,0,0,0,0,0,0,0,0,0,0,0,0,1.92,0,3.85,0,0,0,0,3.85,3.85,0,1.92,3.85,0,0,0,1.92,5.77,5.77,0,0,0,0,0,0,13.46,5.77,3.85,1.92,0,1.92,0,0
2660,buyer,1,59,43.72,6.34,12.81,98.08,14.75,18.64,89.83,71.19,64.41,16.95,13.56,10.17,0,1.69,0,1.69,3.39,15.25,11.86,1.69,11.86,13.56,5.08,3.39,3.39,18.64,1.69,1.69,0,0,0,0,22.03,0,11.86,0,1.69,8.47,0,0,1.69,0,6.78,6.78,0,5.08,5.08,0,0,0,0,0,6.78,1.69,0,0,0,0,1.69,5.08,0,0,0,0,0,0,0,0,5.08,0,0,1.69,5.08,0,0,0,0,0,0,0,0,0,0,5.08,0,0,0,3.39,0,0,0,0,6.78,5.08,0,0,5.08,0,0,0,3.39,8.47,6.78,0,0,0,0,0,0,13.56,5.08,5.08,1.69,0,1.69,0,0
2660,buyer,1,72,19.76,13.82,22.12,98.34,12,12.5,93.06,76.39,69.44,19.44,16.67,11.11,0,4.17,0,1.39,2.78,15.28,9.72,2.78,12.5,18.06,5.56,4.17,2.78,20.83,4.17,2.78,0,0,0,0,20.83,0,13.89,1.39,1.39,8.33,0,0,2.78,0,6.94,6.94,0,5.56,5.56,0,0,0,0,0,8.33,1.39,1.39,1.39,0,0,0,6.94,0,0,0,0,0,0,0,0,6.94,0,0,2.78,5.56,0,0,0,0,0,0,0,0,0,0,4.17,0,0,0,2.78,0,0,0,0,4.17,4.17,0,0,4.17,0,0,0,2.78,4.17,5.56,1.39,0,0,0,0,0,13.89,5.56,4.17,2.78,0,1.39,0,0
2660,buyer,1,69,10.19,18.24,65.33,41.62,13.8,14.49,92.75,68.12,56.52,17.39,15.94,8.7,0,2.9,0,4.35,1.45,13.04,5.8,2.9,8.7,15.94,5.8,4.35,4.35,21.74,5.8,4.35,2.9,0,0,2.9,21.74,0,14.49,4.35,1.45,4.35,0,0,4.35,0,1.45,1.45,0,1.45,1.45,0,0,0,0,0,14.49,4.35,4.35,4.35,0,0,0,10.14,0,0,0,0,0,0,0,0,15.94,0,0,4.35,11.59,0,0,0,0,0,0,0,0,0,0,4.35,0,5.8,0,1.45,0,0,0,0,8.7,4.35,0,0,4.35,0,0,0,2.9,7.25,4.35,1.45,0,0,0,0,0,21.74,5.8,8.7,1.45,0,4.35,1.45,0
2660,seller,1,62,32.41,68.33,17.19,6.37,20.67,17.74,82.26,67.74,59.68,19.35,16.13,8.06,0,8.06,0,0,3.23,12.9,11.29,0,8.06,11.29,4.84,6.45,0,17.74,3.23,1.61,1.61,0,0,1.61,19.35,0,9.68,0,0,3.23,3.23,1.61,3.23,0,1.61,0,1.61,1.61,0,1.61,0,0,0,0,14.52,6.45,1.61,0,0,0,1.61,8.06,0,0,0,0,0,0,0,0,0,0,0,0,0,0,0,0,0,0,0,0,0,0,0,0,0,0,0,1.61,0,0,0,3.23,3.23,9.68,4.84,0,4.84,3.23,0,0,0,8.06,6.45,0,0,0,0,0,0,8.06,3.23,1.61,0,0,3.23,0,0
2660,seller,1,86,30.58,78.8,22.48,20.23,17.2,17.44,84.88,68.6,55.81,19.77,17.44,8.14,0,9.3,0,0,2.33,12.79,10.47,0,8.14,12.79,3.49,4.65,1.16,18.6,8.14,1.16,2.33,0,0,2.33,22.09,0,11.63,1.16,0,4.65,2.33,1.16,3.49,0,2.33,1.16,1.16,1.16,0,1.16,0,0,0,0,18.6,8.14,3.49,1.16,0,0,2.33,10.47,0,0,0,0,0,0,0,0,1.16,0,0,1.16,0,0,0,0,0,0,0,0,0,0,0,0,0,1.16,0,1.16,0,0,0,2.33,4.65,6.98,2.33,0,4.65,2.33,0,0,1.16,4.65,8.14,1.16,0,0,0,0,0,13.95,4.65,2.33,1.16,0,5.81,0,0
2660,seller,1,82,48.44,84.96,51.25,58.42,13.67,14.63,84.15,68.29,54.88,20.73,19.51,9.76,0,9.76,0,0,1.22,14.63,10.98,1.22,9.76,9.76,3.66,2.44,1.22,17.07,7.32,2.44,1.22,0,0,1.22,15.85,0,8.54,1.22,0,4.88,0,1.22,1.22,0,2.44,2.44,0,0,0,0,0,0,0,0,18.29,7.32,3.66,2.44,0,0,2.44,10.98,0,0,0,0,0,0,0,0,1.22,0,0,1.22,0,0,0,0,0,0,0,0,0,0,0,0,0,2.44,0,1.22,0,0,0,2.44,3.66,8.54,2.44,2.44,6.1,2.44,0,0,2.44,0,7.32,2.44,0,0,0,0,0,10.98,3.66,1.22,1.22,1.22,3.66,0,0
2660,seller,1,57,41.78,70.59,70.28,92.27,9.5,15.79,85.96,66.67,52.63,21.05,19.3,10.53,0,8.77,0,0,1.75,15.79,10.53,1.75,8.77,10.53,3.51,1.75,1.75,15.79,8.77,1.75,1.75,0,0,1.75,19.3,0,10.53,1.75,0,5.26,0,1.75,1.75,0,5.26,5.26,0,0,0,0,0,0,0,0,17.54,7.02,5.26,3.51,0,0,3.51,10.53,0,0,0,0,0,0,0,0,3.51,0,0,3.51,0,0,0,0,0,0,0,0,0,0,0,0,0,5.26,0,0,0,0,0,0,3.51,5.26,0,3.51,5.26,0,0,0,3.51,0,7.02,3.51,0,0,0,0,0,15.79,5.26,1.75,1.75,1.75,5.26,0,0
2661,buyer,1,53,11.97,92.68,68.36,49.04,17.67,9.43,100,83.02,64.15,18.87,16.98,7.55,5.66,3.77,0,0,1.89,11.32,7.55,0,13.21,11.32,9.43,13.21,0,18.87,9.43,3.77,7.55,5.66,0,1.89,16.98,0,9.43,3.77,0,5.66,0,0,0,0,5.66,3.77,1.89,1.89,0,1.89,0,0,0,0,18.87,9.43,1.89,1.89,0,0,3.77,9.43,0,0,0,0,0,0,0,0,7.55,0,0,3.77,3.77,0,0,0,0,0,0,0,0,0,0,0,0,3.77,0,0,0,0,0,0,16.98,9.43,0,0,9.43,0,0,0,5.66,0,11.32,1.89,1.89,1.89,0,0,0,9.43,3.77,3.77,0,0,1.89,0,0
2661,buyer,1,49,2.35,90.06,14.31,82.06,16.33,10.2,97.96,71.43,65.31,22.45,18.37,8.16,6.12,4.08,0,0,4.08,18.37,10.2,0,2.04,16.33,6.12,10.2,0,18.37,4.08,4.08,8.16,6.12,0,2.04,24.49,2.04,14.29,4.08,0,8.16,4.08,0,2.04,0,4.08,4.08,0,0,0,0,0,0,0,0,20.41,10.2,2.04,2.04,0,0,2.04,10.2,0,0,0,0,0,0,0,0,10.2,0,0,4.08,6.12,0,0,0,0,0,0,0,0,0,0,0,0,2.04,0,0,0,0,0,0,8.16,2.04,0,0,2.04,0,0,0,4.08,0,12.24,4.08,0,0,0,0,0,8.16,4.08,2.04,0,0,2.04,0,0
2661,buyer,1,55,5.06,86.82,37.49,76.62,27.5,18.18,90.91,56.36,50.91,18.18,16.36,7.27,1.82,3.64,0,3.64,1.82,14.55,5.45,0,1.82,14.55,3.64,9.09,0,20,0,1.82,5.45,1.82,0,3.64,25.45,1.82,10.91,5.45,0,3.64,3.64,0,1.82,0,3.64,3.64,0,0,0,0,0,0,0,0,18.18,5.45,3.64,3.64,0,0,0,12.73,0,0,0,0,0,0,0,0,23.64,0,0,7.27,16.36,0,0,0,0,0,0,0,0,0,0,0,0,9.09,0,0,0,0,0,0,10.91,1.82,0,0,1.82,0,0,0,3.64,3.64,9.09,3.64,0,0,0,0,0,16.36,3.64,9.09,0,0,1.82,1.82,0
2661,seller,1,35,8.96,1,24.32,,7,5.71,91.43,80,62.86,20,14.29,11.43,0,2.86,0,0,5.71,17.14,8.57,0,5.71,22.86,0,2.86,2.86,22.86,20,5.71,2.86,0,0,2.86,25.71,0,14.29,0,2.86,5.71,0,0,5.71,0,0,0,0,0,0,0,0,0,0,0,11.43,5.71,2.86,0,0,0,0,2.86,0,0,0,0,0,0,0,0,8.57,0,0,2.86,5.71,0,0,0,0,0,0,0,0,0,0,0,0,0,0,2.86,0,0,0,0,11.43,2.86,0,0,2.86,0,0,0,0,0,17.14,0,5.71,0,5.71,0,0,22.86,11.43,5.71,2.86,0,2.86,0,0
2661,seller,1,39,24.55,40.06,16.81,60.52,7.8,5.13,92.31,76.92,61.54,17.95,15.38,7.69,2.56,5.13,0,0,2.56,15.38,10.26,0,7.69,20.51,0,2.56,2.56,23.08,15.38,5.13,5.13,2.56,0,2.56,20.51,0,10.26,0,2.56,2.56,0,0,5.13,0,2.56,2.56,0,0,0,0,0,0,0,0,17.95,7.69,5.13,2.56,0,0,2.56,7.69,0,0,0,0,0,0,0,0,10.26,0,0,5.13,5.13,0,0,0,0,0,0,0,0,0,0,0,0,0,0,2.56,0,0,0,0,12.82,5.13,0,0,2.56,0,2.56,0,0,0,12.82,0,5.13,0,5.13,0,0,20.51,10.26,5.13,2.56,0,2.56,0,0
2661,seller,1,39,24.55,40.06,16.81,91.4,7.8,5.13,92.31,71.79,61.54,17.95,15.38,7.69,2.56,5.13,0,0,2.56,15.38,10.26,0,7.69,20.51,0,2.56,2.56,23.08,10.26,5.13,5.13,2.56,0,2.56,20.51,0,10.26,0,2.56,2.56,0,0,5.13,0,5.13,5.13,0,0,0,0,0,0,0,0,17.95,7.69,5.13,2.56,0,0,2.56,7.69,0,0,0,0,0,0,0,0,12.82,0,0,7.69,5.13,0,0,0,0,0,0,0,0,0,0,0,0,2.56,0,2.56,0,0,0,0,7.69,5.13,0,0,2.56,0,2.56,0,0,0,12.82,0,2.56,0,2.56,0,0,15.38,7.69,2.56,2.56,0,2.56,0,0
2662,buyer,1,42,49.68,54.27,12.96,57.46,14,4.76,90.48,69.05,61.9,21.43,16.67,9.52,2.38,4.76,0,0,4.76,19.05,11.9,0,9.52,11.9,0,4.76,0,14.29,7.14,4.76,4.76,2.38,2.38,0,16.67,0,16.67,4.76,0,9.52,0,0,2.38,0,11.9,7.14,4.76,9.52,4.76,4.76,0,0,0,0,9.52,2.38,0,2.38,0,0,2.38,7.14,0,0,0,0,0,0,0,0,11.9,0,0,7.14,4.76,0,0,0,0,0,0,0,0,0,0,4.76,0,2.38,0,0,0,0,0,0,7.14,2.38,0,2.38,2.38,0,0,0,0,0,4.76,4.76,0,0,0,0,0,11.9,4.76,2.38,2.38,0,0,2.38,0
2662,buyer,1,72,41.36,13.82,39.59,2.17,18,2.78,91.67,75,61.11,22.22,19.44,13.89,0,5.56,0,0,2.78,15.28,9.72,0,11.11,9.72,1.39,6.94,0,16.67,8.33,2.78,4.17,0,1.39,2.78,19.44,0,15.28,5.56,0,6.94,0,0,2.78,0,8.33,2.78,5.56,5.56,2.78,2.78,0,0,0,0,5.56,0,0,0,0,0,0,5.56,0,0,0,0,0,0,0,0,12.5,0,0,6.94,5.56,0,0,0,0,0,0,0,0,0,0,5.56,0,1.39,0,0,0,0,0,0,11.11,2.78,1.39,0,1.39,1.39,0,0,0,0,2.78,5.56,0,0,0,0,0,8.33,5.56,1.39,0,0,0,1.39,0
2662,buyer,1,115,32.34,40.06,63.35,5.73,19.17,6.09,93.04,76.52,62.61,21.74,17.39,10.43,0.87,6.09,0,0,4.35,13.91,10.43,0,10.43,8.7,2.61,9.57,0.87,16.52,6.09,0.87,5.22,0.87,1.74,2.61,18.26,0.87,12.17,6.09,0,2.61,0.87,0,3.48,0,6.96,2.61,4.35,4.35,0,4.35,0,0,0,0,9.57,1.74,0.87,0.87,0,0,0.87,7.83,0,0,0,0,0,0,0,0,11.3,0,0,7.83,4.35,0,0,0,0,0,0,0,0,0,0,3.48,0,0.87,0,0,0,0,0,0,9.57,2.61,0.87,0,1.74,0.87,0,0,0.87,0.87,1.74,5.22,0,0,0,0,0,5.22,5.22,0,0,0,0,0,0
2662,buyer,1,93,32.41,40.06,66.26,20.23,15.5,7.53,92.47,74.19,59.14,20.43,16.13,9.68,1.08,5.38,0,0,4.3,12.9,10.75,0,8.6,7.53,3.23,9.68,1.08,16.13,6.45,0,5.38,1.08,1.08,3.23,19.35,1.08,11.83,6.45,0,2.15,1.08,0,3.23,0,8.6,4.3,4.3,4.3,0,4.3,0,0,0,0,9.68,2.15,1.08,1.08,0,0,1.08,7.53,0,0,0,0,0,0,0,0,11.83,0,0,8.6,4.3,0,0,0,0,0,0,0,0,0,0,2.15,0,1.08,0,0,0,0,0,0,8.6,3.23,1.08,0,2.15,1.08,0,0,1.08,1.08,1.08,4.3,0,0,0,0,0,5.38,5.38,0,0,0,0,0,0
2662,seller,1,89,49.11,82.46,26.18,1,12.71,20.22,93.26,70.79,59.55,20.22,16.85,5.62,0,11.24,0,0,3.37,17.98,6.74,0,14.61,8.99,2.25,3.37,3.37,14.61,7.87,2.25,3.37,0,0,3.37,26.97,0,20.22,5.62,2.25,5.62,2.25,0,7.87,0,5.62,0,5.62,0,0,0,0,0,0,0,17.98,4.49,0,0,1.12,1.12,1.12,13.48,0,0,0,0,0,0,0,0,10.11,0,0,10.11,4.49,0,0,0,0,0,0,0,0,0,0,2.25,0,0,0,1.12,0,0,0,2.25,2.25,4.49,2.25,0,1.12,3.37,0,0,0,2.25,5.62,1.12,1.12,0,1.12,0,0,11.24,6.74,3.37,1.12,0,0,0,0
2662,seller,1,154,37.45,32.75,64.25,1.37,15.4,16.88,93.51,74.03,61.69,20.13,16.23,7.79,0,8.44,0,0,3.9,20.13,10.39,0,10.39,9.74,2.6,5.19,3.9,16.23,6.49,1.3,3.9,0,0.65,3.25,27.27,0,18.83,6.49,1.3,3.9,1.95,0,7.79,0,4.55,0.65,3.9,0,0,0,0,0,0,0,15.58,5.84,0.65,0.65,0.65,0.65,3.25,9.74,0,0,0,0,0,0,0,0,9.74,0,0,8.44,4.55,0,0,0,0,0,0,0,0,0,0,1.95,0,0,0,0.65,0,0,0,0.65,3.25,2.6,0,0,1.3,1.3,0,0,0.65,3.25,2.6,2.6,0.65,0,0.65,0,0,10.39,6.49,3.9,0,0,0,0,0
2662,seller,1,142,36.45,44.22,70.75,2.07,17.75,19.01,92.96,68.31,55.63,17.61,14.08,6.34,0,6.34,0,1.41,3.52,18.31,9.86,0,7.75,9.86,2.82,5.63,2.82,16.9,7.04,1.41,4.93,0,0.7,4.23,26.76,0,16.9,7.75,0.7,2.11,1.41,0,6.34,0,4.23,0.7,3.52,0,0,0,0,0,0,0,16.2,6.34,2.11,2.11,0,0.7,3.52,9.86,0,0,0,0,0,0,0,0,14.79,0,0,9.15,8.45,0,0,0,0,0,0,0,0,0,0,1.41,0,2.82,0,1.41,0,0,0,0.7,4.23,3.52,0,0,2.11,1.41,0,0,0.7,4.23,2.11,2.82,0,0,0,0,0,12.68,5.63,6.34,0,0,0,0.7,0
2663,buyer,1,67,10.87,40.06,59.19,67.25,13.4,13.43,85.07,71.64,61.19,28.36,16.42,10.45,0,5.97,0,0,11.94,16.42,7.46,0,10.45,13.43,7.46,1.49,0,17.91,5.97,0,0,0,0,0,26.87,0,11.94,4.48,2.99,1.49,0,2.99,1.49,0,2.99,2.99,0,0,0,0,0,0,0,0,10.45,4.48,0,1.49,0,0,4.48,5.97,0,0,0,0,4.48,0,0,4.48,4.48,0,0,0,4.48,0,0,0,0,0,0,0,0,0,0,0,0,4.48,0,0,0,0,0,0,4.48,4.48,1.49,0,2.99,0,0,0,1.49,8.96,7.46,1.49,0,0,0,0,0,17.91,7.46,5.97,0,0,4.48,0,0
2663,buyer,1,81,23.88,47.38,69.87,20.23,13.5,13.58,87.65,74.07,60.49,24.69,13.58,7.41,0,6.17,0,0,11.11,16.05,7.41,0,12.35,12.35,6.17,2.47,0,17.28,7.41,2.47,2.47,0,0,2.47,27.16,0,14.81,4.94,3.7,1.23,0,2.47,3.7,0,2.47,1.23,1.23,0,0,0,0,0,0,0,8.64,2.47,0,0,0,0,2.47,6.17,0,0,0,0,3.7,0,0,3.7,4.94,0,0,1.23,3.7,0,0,0,0,0,0,0,0,0,0,0,0,3.7,0,1.23,0,0,0,0,3.7,8.64,2.47,1.23,3.7,1.23,0,0,1.23,7.41,4.94,2.47,1.23,1.23,0,0,0,16.05,7.41,6.17,0,0,2.47,0,0
2663,buyer,1,58,13.62,60.57,78.21,46.24,8.29,17.24,91.38,77.59,56.9,24.14,17.24,8.62,0,8.62,0,0,6.9,17.24,6.9,0,10.34,13.79,5.17,5.17,0,22.41,10.34,5.17,3.45,0,0,3.45,25.86,0,13.79,1.72,1.72,1.72,1.72,1.72,5.17,0,5.17,3.45,1.72,0,0,0,0,0,0,0,12.07,3.45,0,0,0,0,3.45,8.62,0,0,0,0,3.45,0,0,3.45,5.17,0,0,1.72,3.45,0,0,0,0,0,0,0,0,0,0,0,0,1.72,0,1.72,0,0,0,0,8.62,10.34,1.72,1.72,5.17,1.72,0,0,1.72,3.45,5.17,5.17,1.72,1.72,0,0,0,20.69,12.07,3.45,0,0,5.17,0,0
2663,buyer,1,58,28.28,70.12,67.94,5.8,8.29,13.79,86.21,74.14,58.62,20.69,17.24,6.9,1.72,8.62,0,0,3.45,13.79,5.17,0,15.52,12.07,3.45,6.9,1.72,20.69,5.17,5.17,5.17,1.72,0,3.45,27.59,0,18.97,3.45,1.72,3.45,1.72,0,6.9,0,5.17,1.72,3.45,1.72,0,1.72,1.72,0,0,0,13.79,3.45,0,0,0,0,3.45,10.34,0,0,0,0,0,0,0,0,5.17,0,0,3.45,1.72,0,0,0,0,0,0,0,0,0,0,0,0,1.72,0,1.72,0,0,0,0,6.9,8.62,1.72,1.72,3.45,1.72,0,0,1.72,1.72,6.9,3.45,1.72,1.72,0,0,0,18.97,12.07,3.45,0,0,3.45,0,0
2663,buyer,1,54,1.26,95.53,27.44,5.19,6.75,14.81,87.04,75.93,66.67,24.07,18.52,5.56,1.85,11.11,0,0,5.56,12.96,5.56,0,9.26,18.52,7.41,9.26,1.85,25.93,1.85,1.85,1.85,1.85,0,0,33.33,0,18.52,1.85,1.85,3.7,3.7,0,5.56,0,5.56,1.85,3.7,3.7,0,3.7,1.85,1.85,0,0,18.52,5.56,0,0,1.85,0,3.7,12.96,0,0,0,0,0,0,0,0,3.7,0,0,3.7,1.85,0,0,0,0,0,0,0,0,0,0,0,0,1.85,0,0,0,0,0,0,7.41,3.7,0,0,3.7,0,0,0,1.85,3.7,12.96,1.85,0,0,0,0,0,20.37,11.11,0,3.7,0,5.56,0,0
2663,seller,1,80,26.1,8.37,84.66,59.44,20,17.5,88.75,73.75,60,18.75,12.5,7.5,0,5,0,0,6.25,15,7.5,0,11.25,11.25,2.5,6.25,5,20,5,2.5,1.25,0,1.25,0,36.25,3.75,11.25,3.75,1.25,0,0,1.25,5,0,2.5,2.5,0,1.25,1.25,0,0,0,0,0,10,5,0,1.25,0,0,5,5,0,0,0,0,3.75,0,0,3.75,3.75,0,0,0,3.75,0,0,0,0,0,0,0,0,0,0,0,0,5,0,0,0,0,0,0,3.75,6.25,3.75,0,2.5,0,0,0,5,12.5,3.75,1.25,0,0,0,0,0,12.5,5,6.25,0,0,0,1.25,0
2663,seller,1,72,12.18,1.71,97.72,2.17,14.4,13.89,90.28,75,61.11,22.22,15.28,11.11,0,4.17,0,0,6.94,15.28,5.56,1.39,9.72,11.11,2.78,4.17,6.94,20.83,4.17,2.78,2.78,0,1.39,1.39,31.94,2.78,15.28,5.56,1.39,0,1.39,1.39,5.56,0,5.56,1.39,4.17,2.78,1.39,1.39,0,0,0,0,11.11,6.94,0,0,1.39,2.78,2.78,6.94,0,0,0,0,2.78,0,0,2.78,1.39,0,0,1.39,0,0,1.39,0,0,0,0,0,0,0,1.39,0,0,2.78,1.39,0,0,0,0,0,5.56,8.33,4.17,0,4.17,0,0,0,2.78,6.94,2.78,2.78,0,0,0,0,0,13.89,6.94,5.56,0,0,1.39,0,0
2663,seller,1,60,3.8,30.77,89.39,1.23,12,18.33,90,75,60,23.33,16.67,6.67,0,8.33,0,1.67,6.67,11.67,6.67,1.67,6.67,10,5,6.67,8.33,23.33,1.67,1.67,1.67,0,0,1.67,31.67,1.67,18.33,5,1.67,1.67,3.33,1.67,8.33,0,6.67,1.67,5,1.67,0,1.67,0,0,0,0,20,10,0,0,1.67,3.33,5,13.33,0,0,0,0,3.33,0,0,3.33,3.33,0,0,3.33,0,0,1.67,0,0,0,0,0,0,0,1.67,0,0,1.67,1.67,0,0,0,0,0,5,3.33,0,0,3.33,0,0,0,3.33,5,5,3.33,0,0,0,0,0,15,6.67,5,0,0,3.33,0,0
2663,seller,1,61,2.45,68.76,61.1,1,12.2,18.03,90.16,68.85,60.66,19.67,13.11,3.28,1.64,6.56,0,1.64,6.56,9.84,4.92,1.64,8.2,9.84,8.2,9.84,8.2,14.75,1.64,1.64,6.56,1.64,0,4.92,24.59,1.64,16.39,3.28,0,1.64,4.92,1.64,8.2,0,13.11,3.28,9.84,4.92,0,4.92,0,3.28,0,0,26.23,16.39,0,0,4.92,6.56,3.28,16.39,0,0,0,0,1.64,0,0,1.64,3.28,0,0,3.28,0,0,1.64,0,0,0,0,0,0,0,1.64,0,0,0,1.64,0,0,0,0,0,4.92,6.56,0,0,6.56,0,0,0,0,3.28,4.92,3.28,3.28,1.64,1.64,0,0,13.11,6.56,1.64,0,0,4.92,0,0
2663,seller,1,47,3.55,52.76,83.13,4.04,15.67,19.15,91.49,74.47,63.83,21.28,12.77,2.13,2.13,6.38,0,2.13,8.51,6.38,4.26,0,12.77,8.51,8.51,10.64,8.51,17.02,0,0,6.38,2.13,0,4.26,25.53,2.13,17.02,2.13,0,2.13,4.26,2.13,10.64,0,10.64,4.26,6.38,4.26,0,4.26,0,4.26,0,0,25.53,14.89,0,0,4.26,4.26,4.26,14.89,0,0,0,0,2.13,0,0,2.13,2.13,0,0,2.13,0,0,0,0,0,0,0,0,0,0,0,0,0,0,0,0,0,0,0,0,4.26,10.64,0,2.13,8.51,0,0,0,0,4.26,6.38,2.13,4.26,2.13,2.13,0,0,10.64,6.38,0,0,0,4.26,0,0
2664,buyer,1,13,89.52,1,2.93,99,13,7.69,100,69.23,46.15,15.38,15.38,15.38,0,0,0,0,0,15.38,15.38,0,7.69,0,7.69,0,0,15.38,0,0,0,0,0,0,23.08,7.69,7.69,0,0,7.69,0,0,0,0,7.69,7.69,0,0,0,0,0,0,0,0,15.38,15.38,0,7.69,0,0,7.69,0,0,0,0,0,0,0,0,0,15.38,0,0,0,15.38,0,0,0,0,0,0,0,0,0,0,0,7.69,7.69,0,0,0,0,0,0,15.38,0,0,0,0,0,0,0,0,0,7.69,0,7.69,0,7.69,0,0,0,0,0,0,0,0,0,0
2664,buyer,1,20,54.7,69.2,28.56,1,20,10,95,75,55,25,25,15,0,10,0,0,0,15,10,0,10,5,5,0,0,15,5,0,0,0,0,0,25,5,10,5,0,5,0,0,0,0,5,0,5,5,0,5,0,0,0,0,15,5,0,0,0,0,0,10,0,0,0,0,0,0,0,0,15,0,0,5,10,0,0,0,0,0,0,0,0,0,0,0,5,5,0,0,0,0,0,0,10,0,0,0,0,0,0,0,0,0,5,5,5,0,5,0,0,0,0,0,0,0,0,0,0
2664,buyer,1,22,20.83,86.82,79.84,1,22,13.64,86.36,68.18,50,18.18,18.18,9.09,0,9.09,0,0,0,9.09,4.55,0,9.09,4.55,13.64,4.55,0,9.09,9.09,0,0,0,0,0,27.27,4.55,13.64,13.64,4.55,0,0,0,0,0,9.09,0,9.09,9.09,0,9.09,0,0,0,0,13.64,4.55,0,0,0,0,0,9.09,0,0,0,0,0,0,0,0,18.18,0,0,9.09,9.09,0,0,0,0,0,0,0,0,0,0,0,0,0,0,0,0,0,0,0,9.09,0,0,0,0,0,0,0,0,0,4.55,4.55,4.55,0,4.55,0,0,0,0,0,0,0,0,0,0
2664,buyer,1,22,20.83,86.82,79.84,1,22,13.64,86.36,63.64,50,22.73,18.18,9.09,0,9.09,0,0,4.55,9.09,0,0,13.64,4.55,9.09,4.55,0,4.55,9.09,0,0,0,0,0,22.73,4.55,13.64,13.64,4.55,0,0,0,0,0,13.64,4.55,9.09,13.64,4.55,9.09,0,0,0,0,9.09,0,0,0,0,0,0,9.09,0,0,0,0,0,0,0,0,13.64,0,0,9.09,4.55,0,0,0,0,0,0,0,0,0,0,0,0,0,0,0,0,0,0,0,9.09,4.55,0,0,0,0,4.55,0,0,0,0,4.55,4.55,0,4.55,0,0,0,0,0,0,0,0,0,0
2664,buyer,1,35,24.37,57.11,42.95,20.23,35,25.71,82.86,42.86,31.43,11.43,8.57,2.86,0,0,0,5.71,2.86,8.57,0,0,5.71,5.71,5.71,5.71,2.86,11.43,2.86,0,5.71,0,0,5.71,22.86,2.86,14.29,11.43,2.86,0,0,0,2.86,0,5.71,2.86,2.86,5.71,2.86,2.86,0,0,0,0,17.14,5.71,5.71,5.71,0,0,0,11.43,0,0,0,0,0,0,0,0,28.57,0,0,8.57,20,0,0,0,0,0,0,0,0,0,0,0,0,11.43,0,0,0,0,0,0,14.29,2.86,0,0,0,0,2.86,0,0,5.71,2.86,0,2.86,0,2.86,0,0,20,2.86,11.43,0,0,2.86,2.86,0
2664,seller,1,10,39.7,99,1,20.23,5,20,90,60,40,10,10,0,0,10,0,0,0,10,10,0,0,10,0,10,0,10,20,0,10,0,0,10,20,0,20,10,0,10,0,0,0,0,20,10,10,10,0,10,0,0,0,0,30,20,10,20,0,0,10,10,0,0,0,0,0,0,0,0,10,0,0,10,0,0,0,0,0,0,0,0,0,0,0,0,0,0,0,0,0,0,0,0,10,0,0,0,0,0,0,0,0,0,0,0,10,0,10,0,0,10,0,0,10,0,0,0,0
2664,seller,1,21,29.12,88.15,24.32,1,10.5,14.29,90.48,71.43,47.62,14.29,14.29,4.76,0,9.52,0,0,0,14.29,9.52,4.76,0,9.52,0,9.52,0,19.05,14.29,4.76,4.76,0,0,4.76,28.57,0,23.81,9.52,0,9.52,4.76,0,4.76,0,9.52,0,9.52,9.52,0,9.52,0,0,0,0,19.05,9.52,4.76,4.76,0,0,0,9.52,0,0,0,0,0,0,0,0,14.29,0,0,9.52,4.76,0,0,0,0,0,0,0,0,0,0,0,0,0,0,0,0,0,0,0,9.52,4.76,0,4.76,0,0,0,0,0,0,9.52,0,4.76,0,4.76,0,0,9.52,0,4.76,4.76,0,0,0,0
2664,seller,1,23,4.38,40.06,92.58,1,23,8.7,95.65,78.26,52.17,21.74,17.39,8.7,4.35,4.35,0,0,4.35,17.39,4.35,4.35,0,8.7,0,13.04,0,17.39,8.7,4.35,4.35,4.35,0,0,26.09,0,17.39,4.35,0,4.35,8.7,0,8.7,0,4.35,0,4.35,4.35,0,4.35,0,0,0,0,17.39,8.7,0,0,0,0,0,8.7,0,0,0,0,0,0,0,0,17.39,0,0,13.04,4.35,0,0,0,0,0,0,0,0,0,0,0,0,0,0,0,0,0,0,0,13.04,4.35,0,4.35,0,0,0,0,4.35,0,13.04,0,13.04,0,13.04,0,0,4.35,0,4.35,0,0,0,0,0
2664,seller,1,25,7.03,40.06,85.71,1,25,8,92,72,48,20,16,8,4,4,0,0,4,16,4,4,0,8,0,12,0,16,8,4,4,4,0,0,24,0,16,4,0,4,8,0,8,0,4,0,4,4,0,4,0,0,0,0,16,8,0,0,0,0,0,8,0,0,0,0,0,0,0,0,20,0,0,16,4,0,0,0,0,0,0,0,0,0,0,0,0,0,0,0,0,0,0,0,12,4,0,4,0,0,0,0,4,0,12,0,12,0,12,0,0,4,0,4,0,0,0,0,0
2664,seller,1,15,3.8,40.06,63.35,97.84,15,6.67,93.33,60,40,20,13.33,6.67,6.67,0,0,0,6.67,13.33,0,0,0,6.67,0,13.33,0,6.67,6.67,0,6.67,6.67,0,0,13.33,0,6.67,0,0,0,6.67,0,6.67,0,6.67,6.67,0,0,0,0,0,0,0,0,13.33,6.67,0,0,0,0,0,6.67,0,0,0,0,0,0,0,0,26.67,0,0,26.67,0,0,0,0,0,0,0,0,0,0,0,0,0,6.67,0,0,0,0,0,0,13.33,0,0,0,0,0,0,0,6.67,0,6.67,0,20,0,20,0,0,0,0,0,0,0,0,0,0
2665,buyer,1,61,4.22,6.87,87.98,6.23,12.2,13.11,90.16,72.13,60.66,26.23,21.31,14.75,0,6.56,0,0,4.92,13.11,4.92,0,6.56,13.11,1.64,8.2,1.64,13.11,9.84,1.64,1.64,0,1.64,0,24.59,1.64,14.75,6.56,0,3.28,3.28,0,4.92,0,8.2,3.28,4.92,4.92,0,4.92,0,0,0,0,6.56,0,0,0,0,0,0,6.56,0,0,0,0,0,0,0,0,9.84,0,0,6.56,3.28,0,0,0,0,0,0,0,0,0,0,0,0,4.92,0,1.64,0,0,0,0,1.64,1.64,0,0,1.64,0,0,0,0,3.28,4.92,1.64,1.64,0,1.64,0,0,8.2,4.92,0,3.28,0,0,0,0
2665,buyer,1,61,6.96,16.05,18.18,89.9,7.63,16.39,93.44,73.77,62.3,21.31,14.75,8.2,3.28,3.28,0,0,6.56,14.75,4.92,1.64,8.2,13.11,3.28,8.2,3.28,16.39,6.56,1.64,8.2,3.28,1.64,3.28,24.59,1.64,14.75,3.28,0,4.92,3.28,0,6.56,0,8.2,6.56,1.64,3.28,1.64,1.64,0,0,0,0,13.11,6.56,4.92,4.92,0,0,3.28,6.56,0,0,0,0,1.64,0,0,1.64,4.92,0,0,3.28,1.64,0,0,0,0,0,0,0,0,0,0,0,0,3.28,0,0,0,0,0,1.64,4.92,1.64,0,0,0,0,1.64,0,0,3.28,4.92,0,3.28,0,3.28,0,0,14.75,8.2,1.64,4.92,0,0,0,0
2665,buyer,1,44,4.73,66.75,34.4,99,6.29,15.91,95.45,77.27,61.36,25,20.45,9.09,4.55,6.82,0,0,4.55,18.18,2.27,2.27,9.09,6.82,6.82,9.09,2.27,13.64,6.82,2.27,11.36,6.82,0,4.55,22.73,2.27,15.91,4.55,0,4.55,4.55,0,6.82,0,15.91,13.64,2.27,4.55,2.27,2.27,0,0,0,0,25,13.64,11.36,9.09,0,0,6.82,11.36,0,0,0,0,2.27,0,0,2.27,4.55,0,0,4.55,0,0,0,0,0,0,0,0,0,0,0,0,0,0,0,0,0,0,0,2.27,6.82,2.27,0,0,0,0,2.27,0,0,0,4.55,0,4.55,0,4.55,0,0,18.18,11.36,2.27,4.55,0,0,0,0
2665,buyer,1,29,20.17,96.58,2.1,99,4.83,17.24,100,72.41,58.62,20.69,17.24,3.45,6.9,6.9,0,0,3.45,17.24,3.45,3.45,10.34,3.45,6.9,6.9,3.45,13.79,3.45,3.45,17.24,10.34,0,6.9,13.79,0,10.34,0,0,3.45,3.45,0,6.9,0,17.24,17.24,0,3.45,3.45,0,0,0,0,0,34.48,20.69,17.24,13.79,0,0,10.34,13.79,0,0,0,0,3.45,0,0,3.45,3.45,0,0,3.45,0,0,0,0,0,0,0,0,0,0,0,0,0,3.45,0,0,0,0,0,3.45,6.9,3.45,0,0,0,0,3.45,0,0,0,0,0,3.45,0,3.45,0,0,20.69,13.79,3.45,3.45,0,0,0,0
2665,seller,1,91,14.06,99,4.55,35.85,18.2,10.99,91.21,75.82,65.93,25.27,16.48,2.2,8.79,5.49,0,0,8.79,19.78,9.89,2.2,8.79,13.19,3.3,5.49,2.2,14.29,7.69,4.4,8.79,8.79,0,0,26.37,2.2,15.38,1.1,3.3,4.4,2.2,2.2,2.2,0,3.3,2.2,1.1,2.2,2.2,0,0,0,0,0,17.58,3.3,1.1,0,0,1.1,0,14.29,0,0,0,0,0,0,0,0,4.4,0,0,0,4.4,0,0,0,0,0,0,0,0,0,0,0,0,2.2,0,0,0,0,0,0,2.2,3.3,2.2,1.1,1.1,0,0,0,5.49,4.4,5.49,2.2,1.1,1.1,0,0,0,10.99,3.3,3.3,1.1,0,0,3.3,0
2665,seller,1,74,31.35,99,1.97,62.77,12.33,9.46,93.24,75.68,66.22,25.68,14.86,2.7,6.76,5.41,0,0,10.81,20.27,9.46,2.7,10.81,12.16,2.7,1.35,1.35,14.86,5.41,5.41,9.46,6.76,1.35,1.35,28.38,4.05,13.51,1.35,2.7,6.76,0,2.7,0,0,2.7,2.7,0,2.7,2.7,0,0,0,0,0,14.86,2.7,1.35,1.35,0,0,0,12.16,0,0,0,0,0,0,0,0,5.41,0,0,1.35,4.05,0,0,0,0,0,0,0,0,0,0,1.35,0,2.7,0,0,0,0,0,0,6.76,2.7,0,1.35,2.7,0,0,0,5.41,4.05,6.76,1.35,1.35,1.35,0,0,0,13.51,5.41,2.7,1.35,0,0,4.05,0
2665,seller,1,58,16.68,98.12,7.91,46.24,19.33,17.24,93.1,63.79,53.45,22.41,15.52,1.72,6.9,3.45,0,3.45,6.9,15.52,3.45,1.72,10.34,10.34,1.72,1.72,6.9,17.24,1.72,0,13.79,6.9,1.72,5.17,27.59,3.45,15.52,5.17,0,3.45,0,3.45,3.45,0,1.72,1.72,0,1.72,1.72,0,0,0,0,0,24.14,6.9,5.17,5.17,0,0,0,17.24,0,0,0,0,0,0,0,0,18.97,0,0,5.17,13.79,0,0,0,0,0,0,0,0,0,0,1.72,0,8.62,0,0,0,0,0,0,12.07,1.72,0,0,1.72,0,0,0,1.72,6.9,3.45,1.72,1.72,1.72,0,0,0,25.86,5.17,10.34,0,0,3.45,6.9,0
2667,buyer,1,38,92.7,1,18.39,99,7.6,15.79,78.95,57.89,44.74,13.16,13.16,13.16,0,0,0,0,0,18.42,15.79,2.63,7.89,5.26,0,0,2.63,7.89,10.53,2.63,0,0,0,0,23.68,0,10.53,0,0,5.26,0,0,5.26,0,15.79,13.16,2.63,5.26,5.26,0,0,0,0,0,7.89,7.89,2.63,5.26,0,2.63,5.26,0,0,0,0,0,0,0,0,0,5.26,0,0,0,5.26,0,0,0,0,0,0,0,0,0,0,0,5.26,10.53,0,0,0,0,0,0,5.26,0,0,0,0,0,0,0,0,13.16,0,0,2.63,0,2.63,0,0,23.68,13.16,7.89,0,0,2.63,0,0
2667,buyer,1,42,81.45,16.63,39.59,57.46,10.5,14.29,83.33,69.05,57.14,16.67,11.9,7.14,0,4.76,0,0,4.76,23.81,14.29,4.76,9.52,7.14,0,2.38,2.38,9.52,11.9,7.14,0,0,0,0,21.43,0,11.9,2.38,2.38,2.38,0,0,4.76,0,7.14,4.76,2.38,2.38,0,2.38,0,0,0,0,9.52,4.76,4.76,4.76,0,0,2.38,4.76,0,0,0,0,0,0,0,0,4.76,0,0,4.76,0,0,0,0,0,0,0,0,0,0,0,0,0,2.38,0,0,0,0,0,0,4.76,2.38,0,0,2.38,0,0,0,2.38,9.52,2.38,0,2.38,0,2.38,0,0,16.67,9.52,7.14,0,0,0,0,0
2667,buyer,1,47,67.32,95.25,16.56,53.17,11.75,19.15,89.36,72.34,55.32,19.15,14.89,6.38,0,8.51,0,0,4.26,19.15,10.64,2.13,10.64,8.51,0,4.26,0,17.02,10.64,4.26,2.13,0,0,2.13,14.89,0,10.64,4.26,2.13,4.26,0,0,0,0,12.77,6.38,4.26,4.26,0,2.13,0,0,0,0,19.15,8.51,6.38,6.38,0,2.13,2.13,10.64,2.13,0,0,2.13,0,0,0,0,4.26,0,0,4.26,0,0,0,0,0,0,0,0,0,0,0,0,0,2.13,0,0,0,0,0,0,6.38,4.26,2.13,0,2.13,0,0,0,4.26,2.13,4.26,0,2.13,0,2.13,0,0,12.77,6.38,4.26,2.13,0,0,0,0
2667,buyer,1,65,48.9,94.52,30.98,6.78,21.67,21.54,89.23,61.54,47.69,16.92,13.85,4.62,0,6.15,0,3.08,3.08,16.92,7.69,1.54,7.69,9.23,0,4.62,1.54,18.46,6.15,4.62,4.62,0,0,4.62,20,0,12.31,6.15,1.54,3.08,0,0,1.54,0,6.15,1.54,3.08,3.08,0,1.54,0,0,0,0,21.54,7.69,6.15,6.15,0,1.54,0,13.85,1.54,0,0,1.54,0,0,0,0,15.38,0,0,6.15,9.23,0,0,0,0,0,0,0,0,0,0,0,0,7.69,0,1.54,0,0,0,0,6.15,4.62,1.54,0,3.08,0,0,0,3.08,6.15,4.62,0,0,0,0,0,0,15.38,3.08,7.69,1.54,0,1.54,1.54,0
2667,seller,1,19,80.4,14.81,99,99,6.33,0,89.47,63.16,52.63,10.53,5.26,5.26,0,0,0,0,5.26,21.05,21.05,0,5.26,15.79,5.26,0,0,21.05,5.26,0,0,0,0,0,15.79,0,0,0,0,0,0,0,0,0,26.32,26.32,0,0,0,0,0,0,0,0,26.32,26.32,0,26.32,0,0,5.26,0,0,0,0,0,0,0,0,0,5.26,0,0,0,5.26,0,0,0,0,0,0,0,0,0,0,0,0,0,0,0,0,0,0,0,10.53,0,0,0,0,0,0,0,26.32,0,10.53,5.26,5.26,0,5.26,0,0,26.32,10.53,10.53,5.26,0,0,0,0
2667,seller,1,14,18.12,1,99,99,4.67,0,100,71.43,50,14.29,14.29,14.29,0,0,0,0,0,14.29,14.29,0,0,21.43,7.14,0,0,28.57,7.14,0,0,0,0,0,28.57,7.14,0,0,0,0,0,0,0,0,28.57,28.57,0,0,0,0,0,0,0,0,28.57,28.57,0,28.57,0,0,0,0,0,0,0,0,0,0,0,0,7.14,0,0,0,7.14,0,0,0,0,0,0,0,0,0,0,0,0,0,0,0,0,0,0,0,21.43,0,0,0,0,0,0,0,35.71,0,7.14,14.29,14.29,0,14.29,0,0,21.43,14.29,7.14,0,0,0,0,0
2667,seller,1,15,59.67,1.24,99,99,7.5,6.67,93.33,73.33,46.67,13.33,13.33,13.33,0,0,0,0,0,13.33,13.33,0,6.67,20,0,0,0,26.67,13.33,0,0,0,0,0,20,6.67,0,0,0,0,0,0,0,0,33.33,26.67,6.67,0,0,0,0,0,0,0,40,40,6.67,26.67,0,6.67,0,0,0,0,0,0,0,0,0,0,0,0,0,0,0,0,0,0,0,0,0,0,0,0,0,0,0,0,0,0,0,0,0,0,6.67,0,0,0,0,0,0,0,26.67,0,6.67,6.67,6.67,0,6.67,0,0,13.33,13.33,0,0,0,0,0,0
2667,seller,1,13,53.56,1,30.98,20.23,6.5,7.69,92.31,76.92,46.15,15.38,15.38,15.38,0,0,0,0,0,7.69,7.69,0,7.69,15.38,0,0,0,23.08,15.38,0,0,0,0,0,23.08,7.69,0,0,0,0,0,0,0,0,15.38,7.69,7.69,0,0,0,0,0,0,0,15.38,15.38,7.69,0,0,7.69,0,0,0,0,0,0,0,0,0,0,7.69,0,0,7.69,0,0,0,0,0,0,0,0,0,0,0,0,0,7.69,0,0,0,0,0,0,7.69,0,0,0,0,0,0,0,0,0,7.69,7.69,7.69,0,7.69,0,0,7.69,7.69,0,0,0,0,0,0
2669,buyer,1,74,13.55,40.06,99,1,14.8,20.27,91.89,71.62,55.41,25.68,24.32,14.86,1.35,8.11,0,0,1.35,17.57,8.11,0,8.11,6.76,4.05,10.81,0,17.57,6.76,1.35,4.05,1.35,0,2.7,25.68,0,12.16,5.41,2.7,0,4.05,0,4.05,0,6.76,1.35,5.41,2.7,0,2.7,0,1.35,0,0,18.92,9.46,1.35,1.35,2.7,0,4.05,9.46,0,0,0,0,0,0,0,0,6.76,0,0,4.05,2.7,0,0,0,0,0,0,0,0,0,0,0,0,2.7,0,1.35,0,0,0,0,1.35,5.41,0,1.35,5.41,0,0,0,2.7,8.11,2.7,2.7,0,0,0,0,0,12.16,6.76,1.35,0,0,4.05,0,0
2669,buyer,1,61,10.94,83.72,99,20.23,12.2,21.31,91.8,68.85,55.74,24.59,22.95,11.48,1.64,9.84,0,0,1.64,18.03,8.2,0,8.2,8.2,4.92,11.48,0,19.67,3.28,0,6.56,3.28,0,3.28,26.23,0,11.48,4.92,3.28,0,3.28,0,3.28,0,9.84,4.92,4.92,3.28,0,3.28,0,1.64,0,0,24.59,13.11,3.28,4.92,3.28,0,6.56,11.48,0,0,0,0,0,0,0,0,3.28,0,0,3.28,0,0,0,0,0,0,0,0,0,0,0,0,0,1.64,0,0,0,0,0,0,1.64,4.92,0,1.64,4.92,0,0,0,4.92,9.84,1.64,3.28,0,0,0,0,0,16.39,8.2,3.28,0,0,4.92,0,0
2669,buyer,1,43,4.09,99,36.92,87.73,14.33,27.91,86.05,48.84,39.53,18.6,16.28,2.33,2.33,6.98,0,4.65,2.33,13.95,2.33,0,2.33,11.63,2.33,9.3,2.33,20.93,0,0,11.63,4.65,0,6.98,25.58,0,11.63,6.98,0,0,2.33,0,4.65,0,9.3,6.98,2.33,0,0,0,0,0,0,0,34.88,16.28,9.3,11.63,2.33,0,4.65,18.6,0,0,0,0,0,0,0,0,18.6,0,0,4.65,13.95,0,0,0,0,0,0,0,0,0,0,0,0,11.63,0,0,0,0,0,0,9.3,0,0,0,0,0,0,0,2.33,9.3,4.65,2.33,0,0,0,0,0,27.91,6.98,11.63,0,0,6.98,2.33,0
2669,seller,1,53,18.67,2.56,41.82,1,10.6,20.75,86.79,75.47,62.26,16.98,11.32,7.55,1.89,1.89,0,0,5.66,18.87,11.32,0,5.66,15.09,1.89,7.55,3.77,16.98,9.43,1.89,1.89,1.89,0,0,26.42,0,16.98,1.89,1.89,3.77,0,0,7.55,0,7.55,1.89,5.66,0,0,0,0,0,0,0,11.32,7.55,3.77,1.89,1.89,0,1.89,3.77,0,0,0,0,0,0,0,0,3.77,0,0,1.89,1.89,0,0,0,0,0,0,0,0,0,0,0,0,0,0,0,0,0,0,0,1.89,1.89,0,0,1.89,0,0,0,1.89,5.66,7.55,0,1.89,0,1.89,0,0,9.43,7.55,1.89,0,0,0,0,0
2669,seller,1,41,12.54,54.61,26.35,20.23,10.25,19.51,90.24,78.05,65.85,19.51,12.2,4.88,4.88,2.44,0,0,7.32,19.51,12.2,0,4.88,17.07,2.44,7.32,2.44,19.51,7.32,2.44,4.88,4.88,0,0,26.83,0,19.51,2.44,2.44,4.88,0,2.44,4.88,0,9.76,4.88,4.88,0,0,0,0,0,0,0,12.2,4.88,2.44,2.44,0,0,2.44,7.32,0,0,0,0,0,0,0,0,4.88,0,0,2.44,2.44,0,0,0,0,0,0,0,0,0,0,0,0,0,0,0,0,0,0,0,7.32,2.44,0,0,2.44,0,0,0,4.88,2.44,9.76,0,2.44,0,2.44,0,0,12.2,7.32,4.88,0,0,0,0,0
2669,seller,1,15,1.16,99,1.91,99,7.5,13.33,93.33,80,60,26.67,20,6.67,6.67,6.67,0,0,6.67,13.33,6.67,0,0,20,0,6.67,0,26.67,6.67,0,6.67,6.67,0,0,13.33,0,13.33,0,0,6.67,0,6.67,0,0,20,20,0,0,0,0,0,0,0,0,20,6.67,6.67,6.67,0,0,6.67,13.33,0,0,0,0,0,0,0,0,6.67,0,0,6.67,0,0,0,0,0,0,0,0,0,0,0,0,0,6.67,0,0,0,0,0,0,20,0,0,0,0,0,0,0,6.67,0,6.67,0,6.67,0,6.67,0,0,20,6.67,13.33,0,0,0,0,0
2671,buyer,1,38,36.67,1,33.61,,38,18.42,78.95,65.79,55.26,18.42,13.16,13.16,0,0,0,0,5.26,21.05,15.79,0,2.63,13.16,2.63,5.26,0,21.05,2.63,0,0,0,0,0,23.68,0,15.79,2.63,0,7.89,0,0,5.26,0,0,0,0,0,0,0,0,0,0,0,5.26,2.63,0,0,0,0,2.63,2.63,0,0,0,0,0,0,0,0,2.63,0,0,0,2.63,0,0,0,0,0,0,0,0,0,0,0,0,5.26,0,0,0,0,0,0,5.26,0,0,0,0,0,0,0,2.63,5.26,0,0,0,0,0,0,0,2.63,0,0,0,0,2.63,0,0
2671,buyer,1,33,36.2,12.22,13.81,67.94,33,18.18,78.79,66.67,54.55,18.18,12.12,9.09,0,3.03,0,0,6.06,21.21,15.15,0,3.03,12.12,3.03,6.06,0,21.21,3.03,0,0,0,0,0,21.21,0,12.12,0,0,6.06,0,0,6.06,0,3.03,3.03,0,0,0,0,0,0,0,0,12.12,6.06,3.03,3.03,0,0,6.06,6.06,0,0,0,0,0,0,0,0,0,0,0,0,0,0,0,0,0,0,0,0,0,0,0,0,0,6.06,0,0,0,0,0,0,6.06,0,0,0,0,0,0,0,3.03,6.06,0,0,0,0,0,0,0,6.06,0,0,0,3.03,3.03,0,0
2671,buyer,1,21,10.19,16.63,24.32,99,10.5,19.05,85.71,66.67,57.14,28.57,19.05,14.29,0,4.76,0,0,9.52,19.05,9.52,0,4.76,9.52,4.76,4.76,0,19.05,0,0,0,0,0,0,14.29,0,4.76,0,0,4.76,0,0,0,0,9.52,9.52,0,4.76,4.76,0,0,0,0,0,14.29,9.52,4.76,4.76,0,0,9.52,4.76,0,0,0,0,0,0,0,0,0,0,0,0,0,0,0,0,0,0,0,0,0,0,0,0,0,4.76,0,0,0,0,0,0,4.76,4.76,0,0,0,0,4.76,0,4.76,4.76,0,0,0,0,0,0,0,4.76,0,0,0,4.76,0,0,0
2671,buyer,1,8,5.64,94.84,15.38,99,4,12.5,100,75,62.5,37.5,25,12.5,0,12.5,0,0,12.5,12.5,0,0,12.5,0,12.5,0,0,12.5,12.5,0,0,0,0,0,0,0,0,0,0,0,0,0,0,0,25,25,0,12.5,12.5,0,0,0,0,0,25,12.5,12.5,12.5,0,0,12.5,12.5,0,0,0,0,0,0,0,0,0,0,0,0,0,0,0,0,0,0,0,0,0,0,0,0,0,0,0,0,0,0,0,0,12.5,12.5,0,0,0,0,12.5,0,0,0,0,0,12.5,0,12.5,0,0,12.5,0,0,0,12.5,0,0,0
2671,buyer,1,20,39.7,89.5,1,99,20,15,95,75,70,25,20,10,0,10,0,0,5,15,5,0,25,5,10,10,0,10,5,0,10,0,0,10,5,0,5,0,0,5,0,0,0,0,10,10,0,5,5,0,0,0,0,0,25,15,15,15,0,0,5,10,0,0,0,0,0,0,0,0,0,0,0,0,0,0,0,0,0,0,0,0,0,0,0,0,0,0,0,0,0,0,0,0,10,5,0,0,0,0,5,0,0,0,0,0,5,0,5,0,0,0,0,0,0,0,0,0,0
2671,buyer,1,36,33.38,99,3.81,64,36,25,88.89,55.56,44.44,13.89,13.89,2.78,0,5.56,0,5.56,0,11.11,2.78,0,11.11,8.33,5.56,8.33,0,16.67,5.56,2.78,11.11,0,0,11.11,16.67,0,8.33,5.56,0,2.78,0,0,0,0,2.78,2.78,0,0,0,0,0,0,0,0,30.56,13.89,13.89,13.89,0,0,2.78,16.67,0,0,0,0,0,0,0,0,22.22,0,0,5.56,16.67,0,0,0,0,0,0,0,0,0,0,0,0,11.11,0,2.78,0,0,0,0,11.11,2.78,0,0,2.78,0,0,0,0,5.56,2.78,0,2.78,0,2.78,0,0,16.67,2.78,11.11,0,0,0,2.78,0
2671,seller,1,36,6.92,1,22.12,64,9,11.11,86.11,75,55.56,19.44,11.11,8.33,0,2.78,0,0,8.33,13.89,8.33,0,5.56,13.89,5.56,5.56,5.56,19.44,8.33,0,2.78,0,2.78,0,27.78,5.56,16.67,0,2.78,5.56,2.78,0,8.33,0,2.78,2.78,0,0,0,0,0,0,0,0,13.89,8.33,0,0,0,2.78,5.56,5.56,0,0,0,0,0,0,0,0,5.56,0,0,0,5.56,0,0,0,0,0,0,0,0,0,0,2.78,0,0,0,0,0,0,0,0,13.89,2.78,0,0,2.78,0,0,0,0,0,5.56,0,11.11,2.78,5.56,2.78,0,27.78,11.11,13.89,0,0,2.78,0,0
2671,seller,1,32,8.85,1,89.39,69.4,10.67,12.5,87.5,75,56.25,15.63,9.38,9.38,0,0,0,0,6.25,12.5,6.25,0,9.38,9.38,9.38,9.38,6.25,12.5,12.5,3.13,3.13,0,3.13,0,25,6.25,15.63,3.13,3.13,3.13,3.13,0,9.38,0,3.13,3.13,0,0,0,0,0,0,0,0,9.38,6.25,0,0,0,3.13,3.13,3.13,0,0,0,0,0,0,0,0,6.25,0,0,0,6.25,0,0,0,0,0,0,0,0,0,0,0,0,0,0,3.13,0,0,0,0,9.38,6.25,0,0,6.25,0,0,0,0,0,3.13,0,9.38,0,6.25,3.13,0,25,6.25,15.63,0,0,3.13,0,0
2671,seller,1,29,8.72,3.55,99,20.23,14.5,10.34,93.1,75.86,58.62,20.69,13.79,10.34,0,3.45,0,0,6.9,17.24,6.9,0,10.34,10.34,6.9,13.79,0,10.34,10.34,3.45,3.45,0,3.45,0,31.03,3.45,20.69,10.34,3.45,3.45,3.45,0,6.9,0,6.9,3.45,3.45,0,0,0,0,0,0,0,10.34,6.9,0,0,0,3.45,3.45,3.45,0,0,0,0,0,0,0,0,10.34,0,0,6.9,3.45,0,0,0,0,0,0,0,0,0,0,0,0,0,0,3.45,0,0,0,0,6.9,6.9,0,0,6.9,0,0,0,0,0,3.45,3.45,10.34,0,6.9,3.45,0,20.69,6.9,10.34,0,0,3.45,0,0
2671,seller,1,31,24.16,59.25,35.88,20.23,15.5,16.13,90.32,70.97,61.29,16.13,16.13,9.68,0,6.45,0,0,0,12.9,6.45,0,12.9,9.68,9.68,9.68,0,9.68,9.68,3.23,3.23,0,0,3.23,29.03,0,22.58,9.68,3.23,6.45,0,3.23,0,0,12.9,6.45,6.45,6.45,6.45,0,0,0,0,0,12.9,6.45,6.45,3.23,0,0,0,6.45,0,0,0,0,0,0,0,0,9.68,0,0,6.45,3.23,0,0,0,0,0,0,0,0,0,0,0,0,0,0,3.23,0,0,3.23,0,0,3.23,0,0,3.23,0,0,0,0,0,3.23,3.23,0,0,0,0,0,9.68,6.45,3.23,0,0,0,0,0
2671,seller,1,46,6.11,53.04,44.75,84.9,15.33,17.39,91.3,76.09,58.7,21.74,19.57,10.87,0,8.7,0,0,2.17,13.04,4.35,2.17,6.52,8.7,6.52,10.87,0,19.57,8.7,4.35,2.17,0,0,2.17,30.43,2.17,21.74,6.52,0,6.52,2.17,2.17,4.35,0,13.04,8.7,4.35,6.52,6.52,0,0,0,0,0,15.22,6.52,6.52,4.35,0,0,2.17,8.7,0,0,0,0,0,0,0,0,4.35,0,0,4.35,0,0,0,0,0,0,0,0,0,0,0,2.17,0,0,0,0,0,0,2.17,0,6.52,2.17,0,0,0,0,2.17,0,2.17,2.17,2.17,4.35,2.17,0,2.17,0,0,8.7,4.35,4.35,0,0,0,0,0
2671,seller,1,38,12.74,55.75,8.42,99,19,15.79,94.74,76.32,57.89,18.42,15.79,7.89,0,7.89,0,0,2.63,10.53,5.26,2.63,7.89,7.89,7.89,10.53,0,21.05,7.89,5.26,2.63,0,0,2.63,28.95,2.63,21.05,2.63,0,7.89,2.63,2.63,5.26,0,15.79,13.16,2.63,7.89,7.89,0,0,0,0,0,15.79,7.89,7.89,5.26,0,0,2.63,7.89,0,0,0,0,0,0,0,0,2.63,0,0,2.63,0,0,0,0,0,0,0,0,0,0,0,2.63,0,2.63,0,0,0,0,2.63,0,7.89,2.63,0,0,0,0,2.63,0,2.63,2.63,2.63,2.63,2.63,0,2.63,0,0,7.89,2.63,5.26,0,0,0,0,0
2675,buyer,1,148,15.89,32.46,31.99,99,14.8,6.76,95.95,77.7,66.22,18.92,14.19,7.43,2.03,2.7,2.03,0,4.73,14.19,7.43,0.68,13.51,14.86,6.76,8.11,2.03,20.27,6.76,5.41,3.38,2.7,0,0.68,30.41,0,20.27,4.73,2.03,6.08,3.38,2.03,4.05,0,10.14,8.78,0.68,5.41,4.05,0.68,0,0,0,0,15.54,7.43,4.05,2.03,0,0,2.03,7.43,0.68,0,0,2.7,0,0,0,0,6.76,0,0,3.38,4.05,0,0.68,0,0,0,0,0,0,0,0,0,0,0.68,1.35,1.35,0,0,0,0,8.78,4.05,0,0.68,3.38,0,0,0.68,3.38,2.7,5.41,2.7,0.68,0.68,0,0,0,10.14,4.05,1.35,0.68,1.35,1.35,1.35,0
2675,buyer,1,118,8.41,77.93,25,98.08,14.75,7.63,97.46,78.81,66.95,21.19,16.1,6.78,5.08,1.69,2.54,0,5.08,16.1,5.93,0.85,11.02,14.41,7.63,6.78,1.69,19.49,7.63,8.47,7.63,5.93,0,1.69,27.97,0,15.25,4.24,1.69,3.39,2.54,2.54,1.69,0,7.63,6.78,0,3.39,2.54,0,0,0,0,0,17.8,6.78,5.08,2.54,0,0,0.85,10.17,0.85,0,0,3.39,0,0,0,0,7.63,0,0,3.39,5.08,0,0.85,0,0,0,0,0,0,0,0,0,0,1.69,1.69,2.54,0,0,0,0,9.32,5.08,0,0,4.24,0,0,0.85,3.39,3.39,5.93,3.39,0.85,0.85,0,0,0,13.56,4.24,3.39,0,2.54,1.69,1.69,0
2675,buyer,1,64,15.97,91.85,54.55,96.74,10.67,17.19,92.19,64.06,53.13,18.75,17.19,7.81,4.69,1.56,0,3.13,1.56,17.19,6.25,0,6.25,10.94,4.69,7.81,0,15.63,4.69,6.25,10.94,4.69,0,6.25,20.31,0,7.81,7.81,0,0,0,0,0,0,6.25,6.25,0,1.56,1.56,0,0,0,0,0,21.88,9.38,9.38,7.81,0,0,1.56,12.5,0,0,0,0,0,0,0,0,18.75,0,0,7.81,10.94,0,0,0,0,0,0,0,0,0,0,0,0,7.81,0,3.13,0,0,0,0,4.69,3.13,0,0,3.13,0,0,0,0,4.69,4.69,3.13,1.56,1.56,0,0,0,23.44,4.69,9.38,0,4.69,0,4.69,0
2675,seller,1,82,27.64,40.06,42.46,37.8,13.67,12.2,92.68,75.61,60.98,17.07,14.63,6.1,1.22,7.32,0,0,2.44,18.29,13.41,0,7.32,15.85,0,9.76,2.44,20.73,8.54,0,3.66,1.22,0,2.44,26.83,0,19.51,3.66,0,4.88,4.88,0,9.76,0,3.66,2.44,1.22,0,0,0,0,0,0,0,21.95,12.2,3.66,2.44,0,0,4.88,9.76,0,0,0,0,1.22,0,0,1.22,7.32,0,0,4.88,2.44,0,0,0,0,0,0,0,0,0,0,0,0,0,0,0,0,0,0,0,6.1,1.22,0,1.22,1.22,0,0,0,0,2.44,9.76,3.66,1.22,0,1.22,0,0,13.41,6.1,1.22,1.22,0,4.88,0,0
2675,seller,1,61,50.51,49.82,18.18,71.67,7.63,13.11,95.08,77.05,57.38,14.75,13.11,6.56,1.64,4.92,0,0,1.64,16.39,13.11,0,8.2,13.11,0,9.84,0,19.67,9.84,0,8.2,1.64,1.64,4.92,26.23,1.64,16.39,4.92,0,3.28,4.92,0,4.92,0,6.56,4.92,1.64,0,0,0,0,0,0,0,19.67,13.11,6.56,4.92,0,0,3.28,6.56,0,0,0,0,0,0,0,0,11.48,0,0,8.2,3.28,0,0,0,0,0,0,0,0,0,0,0,0,0,0,0,0,0,0,0,8.2,0,0,0,0,0,0,0,0,0,9.84,6.56,3.28,0,3.28,0,0,16.39,9.84,1.64,1.64,1.64,1.64,0,0
2675,seller,1,27,83.52,40.06,10.18,99,3.86,7.41,96.3,74.07,48.15,14.81,11.11,7.41,0,3.7,0,0,3.7,14.81,11.11,0,11.11,7.41,0,3.7,0,18.52,7.41,0,7.41,0,3.7,3.7,18.52,3.7,3.7,3.7,0,0,0,0,0,0,14.81,14.81,0,0,0,0,0,0,0,0,18.52,14.81,7.41,7.41,0,0,3.7,3.7,0,0,0,0,0,0,0,0,18.52,0,0,14.81,3.7,0,0,0,0,0,0,0,0,0,0,0,0,3.7,0,0,0,0,0,0,14.81,0,0,0,0,0,0,0,0,0,7.41,3.7,7.41,0,7.41,0,0,25.93,14.81,3.7,3.7,3.7,0,0,0
2676,buyer,1,36,26.1,1,39.59,93.93,9,5.56,88.89,77.78,58.33,25,16.67,13.89,0,2.78,0,0,8.33,13.89,8.33,0,11.11,8.33,2.78,2.78,5.56,22.22,8.33,2.78,0,0,0,0,19.44,0,11.11,0,0,2.78,2.78,0,5.56,0,5.56,5.56,0,0,0,0,0,0,0,0,13.89,8.33,2.78,2.78,0,2.78,5.56,5.56,0,0,0,0,0,0,0,0,5.56,0,0,0,5.56,0,0,0,0,0,0,0,0,0,0,0,0,2.78,0,0,0,0,0,0,8.33,5.56,0,0,0,0,5.56,0,0,13.89,0,0,0,0,0,0,0,19.44,5.56,0,0,5.56,8.33,0,0
2676,buyer,1,43,11.27,40.06,53.52,56.53,7.17,4.65,90.7,79.07,60.47,23.26,18.6,11.63,0,6.98,0,0,4.65,13.95,6.98,0,9.3,6.98,9.3,6.98,2.33,18.6,9.3,2.33,0,0,0,0,20.93,0,13.95,2.33,2.33,2.33,4.65,0,2.33,0,6.98,4.65,2.33,2.33,0,2.33,0,0,0,0,11.63,2.33,2.33,2.33,0,0,2.33,9.3,0,0,0,0,0,0,0,0,11.63,4.65,0,2.33,4.65,0,4.65,0,0,0,0,0,0,4.65,0,0,0,6.98,0,0,0,0,0,0,6.98,4.65,0,0,0,0,4.65,0,4.65,9.3,2.33,0,0,0,0,0,0,18.6,6.98,0,2.33,4.65,4.65,0,0
2676,buyer,1,33,1,94.21,50.45,96.12,6.6,6.06,96.97,81.82,66.67,30.3,24.24,12.12,0,12.12,0,0,6.06,15.15,3.03,0,3.03,9.09,15.15,15.15,0,18.18,9.09,3.03,0,0,0,0,21.21,0,12.12,3.03,3.03,3.03,3.03,0,0,0,12.12,9.09,3.03,6.06,3.03,3.03,0,0,0,0,15.15,3.03,3.03,3.03,0,0,3.03,12.12,0,0,0,0,0,0,0,0,12.12,6.06,0,3.03,3.03,0,6.06,0,0,0,0,0,0,6.06,0,0,0,9.09,0,0,0,0,0,0,9.09,3.03,0,0,0,0,3.03,0,6.06,3.03,6.06,3.03,0,0,0,0,0,18.18,3.03,0,3.03,9.09,3.03,0,0
2676,buyer,1,37,1,71.32,73.75,2.35,7.4,8.11,97.3,83.78,70.27,29.73,27.03,16.22,0,10.81,0,0,2.7,10.81,2.7,0,5.41,16.22,13.51,10.81,0,24.32,5.41,0,0,0,0,0,32.43,0,21.62,2.7,5.41,2.7,8.11,0,0,0,8.11,2.7,5.41,5.41,2.7,2.7,0,0,0,0,13.51,2.7,2.7,0,0,0,0,10.81,0,0,0,0,0,0,0,0,10.81,5.41,0,2.7,2.7,0,5.41,0,0,0,0,0,0,5.41,0,0,0,8.11,0,0,0,0,2.7,0,8.11,0,0,0,0,0,0,0,5.41,5.41,8.11,5.41,0,0,0,0,0,16.22,2.7,0,2.7,5.41,5.41,0,0
2676,buyer,1,21,1,67.92,24.32,88.66,7,9.52,95.24,76.19,66.67,28.57,23.81,14.29,0,9.52,0,0,4.76,9.52,0,0,4.76,23.81,9.52,9.52,0,28.57,4.76,0,0,0,0,0,33.33,0,19.05,0,4.76,0,9.52,0,0,0,14.29,9.52,4.76,4.76,4.76,0,0,0,0,0,14.29,4.76,4.76,0,0,0,0,9.52,0,0,0,0,0,0,0,0,4.76,0,0,4.76,0,0,0,0,0,0,0,0,0,0,0,0,0,4.76,0,0,0,0,4.76,0,9.52,0,0,0,0,0,0,0,0,4.76,9.52,9.52,0,0,0,0,0,19.05,0,0,0,9.52,9.52,0,0
2676,seller,1,59,25.06,99,12.81,1.14,9.83,13.56,96.61,79.66,66.1,25.42,16.95,1.69,6.78,8.47,0,0,8.47,15.25,6.78,1.69,16.95,18.64,3.39,1.69,0,22.03,10.17,3.39,8.47,6.78,1.69,0,23.73,0,10.17,3.39,3.39,3.39,0,1.69,0,0,3.39,0,3.39,1.69,0,1.69,0,0,0,0,20.34,5.08,1.69,0,0,1.69,0,15.25,0,0,0,0,0,0,0,0,8.47,0,0,6.78,1.69,0,0,0,0,0,0,0,0,0,0,0,0,0,0,1.69,0,0,0,0,5.08,10.17,0,1.69,5.08,0,3.39,0,3.39,1.69,10.17,1.69,1.69,0,1.69,0,0,16.95,5.08,1.69,5.08,0,5.08,0,0
2676,seller,1,97,43.98,99,45.7,10.11,10.78,15.46,93.81,77.32,62.89,19.59,15.46,3.09,5.15,7.22,0,0,4.12,12.37,7.22,1.03,18.56,14.43,7.22,3.09,0,21.65,7.22,2.06,9.28,5.15,3.09,1.03,22.68,0,9.28,4.12,2.06,3.09,0,1.03,0,0,3.09,1.03,2.06,3.09,1.03,2.06,0,0,0,0,17.53,5.15,3.09,1.03,0,0,1.03,12.37,0,0,0,0,0,0,0,0,8.25,0,0,5.15,3.09,0,0,0,0,0,0,0,0,0,0,0,0,2.06,0,1.03,0,0,0,0,6.19,11.34,0,2.06,7.22,1.03,2.06,0,4.12,1.03,9.28,1.03,2.06,0,2.06,0,0,13.4,7.22,1.03,2.06,0,3.09,0,0
2676,seller,1,67,67.84,98.61,59.19,67.25,9.57,17.91,94.03,77.61,59.7,13.43,13.43,2.99,2.99,7.46,0,0,0,13.43,8.96,0,17.91,10.45,8.96,4.48,0,20.9,7.46,4.48,7.46,2.99,2.99,1.49,22.39,0,11.94,4.48,0,2.99,0,1.49,1.49,0,5.97,4.48,1.49,4.48,2.99,1.49,0,0,0,0,16.42,5.97,4.48,2.99,0,0,2.99,10.45,0,0,0,0,0,0,0,0,8.96,0,0,5.97,2.99,0,0,0,0,0,0,0,0,0,0,0,0,2.99,0,0,0,0,0,0,7.46,8.96,0,2.99,5.97,1.49,0,0,4.48,1.49,4.48,0,1.49,0,1.49,0,0,10.45,7.46,0,1.49,1.49,0,0,0
2676,seller,1,77,52.96,93.41,68.52,61.07,11,20.78,90.91,66.23,49.35,11.69,11.69,2.6,1.3,5.19,0,2.6,0,11.69,6.49,0,12.99,9.09,7.79,5.19,1.3,19.48,6.49,5.19,7.79,1.3,2.6,3.9,23.38,0,11.69,5.19,0,1.3,0,1.3,2.6,0,5.19,3.9,1.3,3.9,2.6,1.3,0,0,0,0,19.48,7.79,6.49,5.19,0,0,2.6,11.69,0,0,0,0,0,0,0,0,15.58,0,0,5.19,10.39,0,0,0,0,0,0,0,0,0,0,0,0,7.79,0,1.3,0,0,0,0,10.39,7.79,0,1.3,6.49,1.3,0,0,3.9,3.9,5.19,0,1.3,0,1.3,0,0,16.88,7.79,5.19,0,1.3,1.3,1.3,0
2677,buyer,1,27,23.88,40.06,2.63,99,27,11.11,92.59,59.26,55.56,22.22,18.52,11.11,0,7.41,0,0,3.7,14.81,3.7,0,11.11,11.11,0,3.7,3.7,11.11,3.7,0,7.41,3.7,0,3.7,22.22,3.7,14.81,3.7,0,11.11,0,0,0,0,14.81,14.81,0,7.41,7.41,0,0,0,0,0,22.22,14.81,11.11,11.11,0,0,3.7,7.41,0,0,0,0,0,0,0,0,7.41,0,0,3.7,3.7,0,0,0,0,0,0,0,0,0,0,0,0,3.7,0,0,0,0,0,0,11.11,0,0,0,0,0,0,0,3.7,0,3.7,0,0,0,0,0,0,22.22,3.7,7.41,3.7,0,0,7.41,0
2677,buyer,1,38,22.98,82.58,18.39,99,19,10.53,92.11,65.79,60.53,23.68,21.05,10.53,0,10.53,0,0,2.63,13.16,5.26,0,13.16,10.53,2.63,5.26,2.63,10.53,5.26,0,5.26,2.63,0,2.63,21.05,2.63,13.16,5.26,0,7.89,0,0,0,0,13.16,10.53,2.63,7.89,5.26,2.63,0,0,0,0,18.42,7.89,7.89,5.26,0,0,0,10.53,0,0,0,0,0,0,0,0,7.89,0,0,5.26,2.63,0,0,0,0,0,0,0,0,0,0,0,0,2.63,0,0,0,0,0,0,7.89,2.63,0,0,2.63,0,0,0,2.63,0,2.63,2.63,0,0,0,0,0,18.42,2.63,5.26,5.26,0,0,5.26,0
2677,buyer,1,45,17.49,96.04,77.17,20.23,15,20,88.89,55.56,44.44,17.78,17.78,6.67,0,6.67,0,4.44,0,11.11,2.22,0,6.67,8.89,2.22,6.67,2.22,13.33,6.67,2.22,6.67,0,0,6.67,22.22,2.22,8.89,8.89,0,0,0,0,0,0,4.44,2.22,2.22,2.22,0,2.22,0,0,0,0,22.22,6.67,6.67,6.67,0,0,0,15.56,0,0,0,0,0,0,0,0,22.22,0,0,8.89,13.33,0,0,0,0,0,0,0,0,0,0,0,0,8.89,0,2.22,0,0,0,0,13.33,4.44,0,0,4.44,0,0,0,2.22,4.44,2.22,2.22,0,0,0,0,0,20,4.44,11.11,2.22,0,0,2.22,0
2677,seller,1,100,17.28,78.9,56.35,50.98,14.29,13,92,72,61,19,15,6,1,8,0,0,4,15,7,2,11,11,8,8,1,16,7,2,4,1,1,2,27,0,18,7,1,4,4,0,5,0,8,5,3,3,2,1,0,0,1,0,17,7,3,4,1,1,1,10,0,0,0,0,0,0,0,0,6,0,0,5,3,0,2,2,0,0,0,0,0,0,0,0,2,2,0,0,0,0,0,0,11,3,1,0,2,1,0,0,3,2,5,1,2,0,2,0,0,9,6,0,1,0,2,0,0
2677,seller,1,77,5.5,55.55,76.37,97.41,12.83,12.99,96.1,75.32,63.64,20.78,14.29,7.79,0,6.49,0,0,6.49,15.58,3.9,1.3,12.99,12.99,9.09,11.69,0,18.18,6.49,2.6,3.9,0,1.3,2.6,25.97,1.3,12.99,5.19,0,3.9,2.6,0,2.6,0,9.09,7.79,1.3,2.6,2.6,0,0,0,0,0,12.99,6.49,3.9,3.9,0,1.3,1.3,6.49,0,0,0,0,0,0,0,0,9.09,0,0,6.49,3.9,0,0,0,0,0,0,0,0,0,0,0,2.6,2.6,0,0,0,0,0,0,12.99,2.6,0,1.3,2.6,0,0,0,6.49,1.3,2.6,5.19,3.9,0,3.9,0,0,11.69,5.19,1.3,1.3,1.3,2.6,0,0
2677,seller,1,48,2.87,52.49,89.39,99,9.6,12.5,95.83,77.08,60.42,16.67,10.42,6.25,0,4.17,0,0,6.25,12.5,2.08,0,12.5,12.5,12.5,14.58,0,20.83,6.25,2.08,4.17,0,2.08,2.08,20.83,2.08,6.25,4.17,0,0,4.17,0,0,0,10.42,10.42,0,0,0,0,0,0,0,0,8.33,4.17,4.17,4.17,0,0,2.08,4.17,0,0,0,0,0,0,0,0,8.33,0,0,6.25,2.08,0,0,0,0,0,0,0,0,0,0,0,0,6.25,0,0,0,0,0,0,18.75,4.17,0,2.08,4.17,0,0,0,8.33,0,0,8.33,4.17,0,4.17,0,0,12.5,4.17,2.08,2.08,2.08,2.08,0,0
2678,buyer,1,48,13.27,11.66,68.87,20.23,48,6.25,87.5,79.17,58.33,16.67,8.33,6.25,0,2.08,0,0,8.33,12.5,8.33,0,6.25,12.5,4.17,10.42,2.08,25,6.25,0,2.08,0,2.08,0,18.75,2.08,6.25,0,0,4.17,0,0,2.08,0,8.33,4.17,4.17,0,0,0,0,0,0,0,6.25,2.08,2.08,0,0,0,0,2.08,0,0,0,0,0,0,0,0,2.08,0,0,2.08,0,0,0,0,0,0,0,0,0,0,0,0,0,2.08,0,0,0,0,0,0,6.25,12.5,0,6.25,8.33,0,0,0,2.08,2.08,10.42,0,2.08,0,2.08,0,0,12.5,0,8.33,2.08,0,0,2.08,0
2678,buyer,1,45,22.17,17.85,77.17,54.76,22.5,4.44,93.33,82.22,64.44,13.33,6.67,4.44,0,2.22,0,0,6.67,13.33,8.89,0,13.33,15.56,6.67,11.11,2.22,26.67,4.44,0,0,0,0,0,31.11,2.22,15.56,2.22,2.22,4.44,0,4.44,2.22,0,6.67,4.44,2.22,0,0,0,0,0,0,0,6.67,2.22,2.22,0,0,0,0,2.22,0,0,0,0,0,0,0,0,0,0,0,0,0,0,0,0,0,0,0,0,0,0,0,0,0,0,0,0,0,0,0,0,8.89,11.11,0,4.44,6.67,0,0,0,6.67,4.44,8.89,2.22,2.22,0,2.22,0,0,13.33,0,11.11,2.22,0,0,0,0
2678,buyer,1,44,45.12,66.75,66.42,99,22,2.27,97.73,79.55,63.64,18.18,15.91,9.09,0,6.82,0,0,2.27,20.45,6.82,2.27,15.91,13.64,4.55,4.55,0,22.73,6.82,4.55,2.27,2.27,0,0,27.27,2.27,18.18,4.55,4.55,4.55,0,4.55,0,0,11.36,11.36,0,4.55,4.55,0,0,0,0,0,13.64,6.82,6.82,2.27,0,0,2.27,6.82,0,0,0,0,0,0,0,0,2.27,0,0,2.27,0,0,0,0,0,0,0,0,0,0,0,0,0,0,0,0,0,0,0,0,11.36,4.55,0,0,4.55,0,0,0,6.82,2.27,2.27,4.55,2.27,0,2.27,0,0,11.36,0,9.09,2.27,0,0,0,0
2678,buyer,1,30,49.68,59.9,93.95,99,30,3.33,100,73.33,63.33,16.67,16.67,10,0,6.67,0,0,0,20,3.33,3.33,20,10,6.67,6.67,0,16.67,6.67,6.67,3.33,3.33,0,0,30,0,20,6.67,6.67,0,0,6.67,0,0,16.67,16.67,0,6.67,6.67,0,0,0,0,0,13.33,6.67,6.67,3.33,0,0,3.33,6.67,0,0,0,0,0,0,0,0,6.67,0,0,6.67,0,0,0,0,0,0,0,0,0,0,0,0,0,3.33,0,0,0,0,0,0,10,0,0,0,0,0,0,0,10,3.33,3.33,6.67,0,0,0,0,0,6.67,0,6.67,0,0,0,0,0
2678,seller,1,95,7.26,84.54,15.95,9.95,9.5,11.58,92.63,77.89,63.16,21.05,14.74,5.26,1.05,8.42,0,0,6.32,12.63,6.32,0,9.47,14.74,6.32,6.32,3.16,21.05,6.32,0,7.37,2.11,3.16,2.11,26.32,1.05,14.74,3.16,2.11,5.26,1.05,2.11,2.11,0,3.16,1.05,2.11,0,0,0,0,0,0,0,16.84,6.32,3.16,1.05,0,0,2.11,9.47,0,0,0,0,0,0,0,0,5.26,0,0,5.26,0,0,0,0,0,0,0,0,0,0,0,0,0,0,0,0,0,0,0,0,5.26,7.37,1.05,1.05,4.21,1.05,0,0,2.11,2.11,8.42,1.05,2.11,0,1.05,1.05,0,15.79,6.32,3.16,4.21,0,2.11,0,0
2678,seller,1,99,25.48,89.78,36.1,20.23,9.9,13.13,91.92,75.76,60.61,22.22,16.16,7.07,1.01,8.08,0,0,6.06,14.14,7.07,0,12.12,12.12,4.04,5.05,1.01,18.18,7.07,0,6.06,2.02,2.02,2.02,20.2,1.01,12.12,4.04,1.01,4.04,1.01,2.02,1.01,0,4.04,2.02,2.02,1.01,1.01,0,0,0,0,0,16.16,5.05,3.03,1.01,0,0,1.01,10.1,0,0,0,0,0,0,0,0,6.06,0,0,6.06,1.01,0,0,0,0,0,0,0,0,0,0,0,0,1.01,0,0,0,0,0,0,7.07,8.08,1.01,0,6.06,1.01,0,0,2.02,1.01,5.05,1.01,2.02,0,1.01,1.01,0,15.15,7.07,3.03,3.03,0,2.02,0,0
2678,seller,1,83,31.57,91.63,49.65,20.23,11.86,16.87,91.57,65.06,50.6,19.28,15.66,6.02,1.2,6.02,0,2.41,3.61,14.46,4.82,0,10.84,10.84,1.2,4.82,2.41,19.28,4.82,0,6.02,1.2,0,4.82,21.69,2.41,13.25,6.02,0,2.41,0,2.41,1.2,0,2.41,1.2,1.2,1.2,1.2,0,0,0,0,0,20.48,7.23,4.82,3.61,0,0,1.2,13.25,0,0,0,0,0,0,0,0,14.46,0,0,7.23,8.43,0,0,0,0,0,0,0,0,0,0,0,0,6.02,0,0,0,0,0,0,9.64,8.43,1.2,0,7.23,0,0,0,0,4.82,2.41,1.2,1.2,0,1.2,0,0,18.07,7.23,6.02,1.2,0,2.41,1.2,0
2679,buyer,1,167,9.15,24.11,69.68,8.9,15.18,19.16,85.63,71.86,61.68,23.95,16.17,11.38,0,4.19,0.6,0,7.78,14.97,6.59,0,11.38,10.78,8.98,7.78,0.6,15.57,5.99,1.8,0,0,0,0,27.54,0,16.17,6.59,0.6,2.99,0.6,3.59,2.4,0,5.99,2.4,3.59,1.8,1.2,0.6,0,0,0.6,0,13.77,6.59,2.4,0.6,0,0.6,2.4,7.19,1.2,0,0,1.8,0,0,0,0,5.39,0,0,2.4,2.99,0,0,0,0,0,0,0,0,0,0,0,0,0.6,0,0.6,0,0,0,0,3.59,1.8,0,0.6,1.2,0,0,0,2.4,7.19,2.99,2.99,0,0,0,0,0,11.98,6.59,3.59,0,0,1.8,0,0
2679,buyer,1,102,11.57,45.85,53.68,20.23,14.57,17.65,87.25,74.51,59.8,22.55,16.67,10.78,0,4.9,0.98,0,5.88,13.73,5.88,0,11.76,10.78,8.82,7.84,0,17.65,8.82,1.96,0,0,0,0,27.45,0,17.65,6.86,0,2.94,0.98,4.9,0.98,0,7.84,3.92,3.92,0.98,0.98,0,0,0,0,0,16.67,8.82,3.92,0.98,0,0.98,2.94,7.84,0.98,0,0,1.96,0,0,0,0,4.9,0,0,2.94,1.96,0,0,0,0,0,0,0,0,0,0,0,0,0,0,0.98,0,0,0,0,4.9,1.96,0,0,1.96,0,0,0,1.96,5.88,2.94,3.92,0,0,0,0,0,13.73,5.88,4.9,0,0.98,1.96,0,0
2679,buyer,1,54,19.76,80.61,52.89,48.44,18,25.93,85.19,55.56,42.59,14.81,14.81,5.56,0,5.56,0,3.7,0,11.11,3.7,0,9.26,9.26,1.85,11.11,3.7,14.81,7.41,1.85,3.7,0,0,3.7,22.22,0,18.52,9.26,0,1.85,0,3.7,3.7,0,9.26,5.56,3.7,1.85,1.85,0,0,0,0,0,22.22,7.41,7.41,5.56,0,0,1.85,14.81,0,0,0,0,0,0,0,0,22.22,0,0,7.41,14.81,0,0,0,0,0,0,0,0,0,0,0,0,7.41,0,0,0,0,0,0,9.26,1.85,0,0,1.85,0,0,0,0,3.7,1.85,1.85,0,0,0,0,0,22.22,3.7,11.11,0,1.85,3.7,1.85,0
2679,seller,1,68,2.44,31.82,67.28,7.16,9.71,16.18,86.76,70.59,58.82,25,20.59,11.76,0,8.82,0,0,4.41,14.71,4.41,0,5.88,13.24,2.94,8.82,2.94,17.65,5.88,1.47,1.47,0,1.47,0,22.06,1.47,13.24,1.47,0,5.88,2.94,0,5.88,0,4.41,1.47,2.94,2.94,0,2.94,0,0,1.47,0,19.12,8.82,2.94,1.47,0,0,4.41,10.29,0,0,0,0,0,0,0,0,7.35,0,0,1.47,5.88,0,0,0,0,0,0,0,0,0,0,0,0,1.47,0,0,0,0,0,0,2.94,2.94,0,1.47,2.94,0,0,0,2.94,1.47,10.29,0,1.47,0,1.47,0,0,13.24,8.82,0,0,0,4.41,0,0
2679,seller,1,24,10.19,94.84,39.59,83,8,12.5,87.5,66.67,54.17,25,20.83,8.33,0,12.5,0,0,4.17,16.67,8.33,0,4.17,12.5,0,8.33,0,16.67,4.17,0,4.17,4.17,0,0,20.83,0,16.67,4.17,0,8.33,4.17,0,4.17,0,12.5,8.33,4.17,4.17,0,4.17,0,0,0,0,29.17,16.67,4.17,8.33,0,0,4.17,12.5,0,0,0,0,0,0,0,0,8.33,0,0,4.17,4.17,0,0,0,0,0,0,0,0,0,0,0,0,0,0,0,0,0,0,0,0,4.17,0,4.17,4.17,0,0,0,0,0,12.5,0,4.17,0,4.17,0,0,16.67,12.5,0,0,0,4.17,0,0
2679,seller,1,10,3.8,89.5,1,99,3.33,10,100,70,50,30,20,10,0,10,0,0,10,10,0,0,10,20,0,0,0,30,0,0,10,10,0,0,20,0,10,0,0,10,0,0,0,0,30,30,0,0,0,0,0,0,0,0,40,30,10,20,0,0,10,10,0,0,0,0,0,0,0,0,10,0,0,10,0,0,0,0,0,0,0,0,0,0,0,0,0,10,0,0,0,0,0,0,0,0,0,0,0,0,0,0,0,0,20,0,10,0,10,0,0,30,20,0,0,0,10,0,0
2680,buyer,1,157,33.19,4.57,80.86,49.45,13.08,14.65,80.25,66.24,60.51,21.02,15.92,10.83,0.64,4.46,0,0,5.1,19.75,12.1,0,7.64,8.92,3.18,5.73,3.18,12.74,1.91,2.55,1.27,0.64,0,0.64,28.03,0.64,12.1,1.27,0.64,2.55,1.27,1.27,5.73,0,3.18,2.55,0.64,1.91,1.91,0,0,0,0,0,10.19,5.1,0.64,1.27,0,0.64,1.91,5.1,0,0,0,0,0,0,0,0,5.1,0,0,0.64,4.46,0,0,0,0,0,0,0,0,0,0,0.64,0,3.82,0,0.64,0,0,0,0,3.82,3.18,0,0.64,2.55,0,0.64,0,4.46,8.28,3.18,1.27,0.64,0,0.64,0,0,11.46,7.64,3.18,0,0,0.64,0,0
2680,buyer,1,164,21.81,58.22,51.25,48.05,13.67,15.85,84.76,70.12,62.8,23.78,17.68,8.54,1.22,7.32,0,0.61,6.1,19.51,10.98,0,7.93,9.15,4.27,6.1,2.44,14.02,1.83,1.83,2.44,1.22,0.61,0.61,26.83,0,13.41,1.83,1.83,3.05,3.05,1.22,4.88,0,4.27,3.05,1.22,2.44,2.44,0,0,0,0,0,15.85,5.49,0.61,0.61,0.61,0.61,1.22,10.37,0,0,0,0,0,0,0,0,6.1,0,0,2.44,4.88,0,0,0,0,0,0,0,0,0,0,0.61,0,3.05,0,0.61,0,0,0,0,5.49,2.44,0,0.61,1.83,0.61,0,0,3.66,5.49,4.27,2.44,0.61,0,0.61,0,0,9.15,6.71,1.83,0.61,0,0,0,0
2680,buyer,1,162,6.03,62.05,61.67,38.04,11.57,16.05,88.89,71.6,63.58,27.78,21.6,10.49,1.23,7.41,1.23,0.62,6.17,17.28,8.02,0.62,7.41,11.11,4.94,6.17,2.47,16.05,2.47,3.09,3.7,1.23,1.23,1.23,27.16,0,14.2,2.47,1.23,2.47,4.32,1.23,4.94,0,4.94,3.09,1.85,2.47,1.85,0.62,0,0,0.62,0,18.52,5.56,1.85,1.23,0.62,0.62,0,12.96,0.62,0,0,1.85,0,0,0,0,6.17,0,0,2.47,4.94,0,0,0,0,0,0,0,0,0,0,0.62,0,3.7,0,1.23,0,0,0,0,5.56,3.7,0,0.62,3.09,0.62,0,0,1.85,4.32,4.94,3.7,0.62,0,0.62,0,0,11.73,8.02,1.85,0.62,0,1.23,0,0
2680,buyer,1,103,3.91,82.08,45.35,49.98,12.88,17.48,95.15,68.93,56.31,24.27,18.45,6.8,0.97,4.85,1.94,2.91,5.83,16.5,4.85,0.97,6.8,12.62,5.83,5.83,2.91,21.36,3.88,3.88,5.83,0.97,1.94,2.91,30.1,0,16.5,3.88,1.94,1.94,5.83,0.97,4.85,0,5.83,3.88,1.94,2.91,1.94,0.97,0,0,0.97,0,22.33,5.83,3.88,2.91,0.97,0,0,16.5,0.97,0,0,2.91,0,0,0,0,12.62,0,0,4.85,9.71,0,0,0,0,0,0,0,0,0,0,0,0,6.8,0,1.94,0,0,0,0,7.77,4.85,0,0,3.88,0.97,0,0,1.94,5.83,6.8,3.88,0,0,0,0,0,18.45,6.8,5.83,0.97,0,3.88,0.97,0
2680,seller,1,52,21.6,4.48,98.89,4.87,17.33,11.54,88.46,75,67.31,19.23,15.38,9.62,1.92,3.85,0,0,3.85,17.31,9.62,0,11.54,11.54,7.69,3.85,5.77,15.38,3.85,1.92,1.92,1.92,0,0,34.62,1.92,23.08,9.62,5.77,3.85,1.92,0,5.77,0,1.92,0,1.92,0,0,0,0,0,0,0,11.54,5.77,0,0,0,1.92,3.85,5.77,0,0,0,0,0,0,0,0,5.77,0,0,1.92,3.85,0,0,0,0,0,0,0,0,0,0,0,0,0,0,0,0,0,0,0,5.77,7.69,0,1.92,5.77,0,0,1.92,1.92,7.69,5.77,1.92,0,0,0,0,0,5.77,5.77,0,0,0,0,0,0
2680,seller,1,52,21.6,40.06,97.38,4.87,17.33,7.69,92.31,69.23,61.54,17.31,17.31,9.62,0,7.69,0,0,0,15.38,7.69,0,11.54,13.46,5.77,5.77,3.85,19.23,1.92,1.92,0,0,0,0,30.77,1.92,15.38,5.77,3.85,1.92,1.92,0,3.85,0,1.92,0,1.92,0,0,0,0,0,0,0,15.38,5.77,0,0,0,1.92,1.92,9.62,0,0,0,0,0,0,0,0,9.62,0,0,3.85,7.69,0,0,0,0,0,0,0,0,0,0,3.85,0,1.92,0,0,0,0,0,0,13.46,7.69,0,1.92,5.77,0,0,1.92,3.85,3.85,5.77,11.54,0,0,0,0,0,5.77,5.77,0,0,0,0,0,0
2680,seller,1,61,19.57,59.57,98.05,97.57,12.2,6.56,91.8,67.21,55.74,16.39,16.39,8.2,0,8.2,0,0,0,14.75,9.84,0,6.56,16.39,1.64,6.56,3.28,24.59,1.64,0,0,0,0,0,26.23,1.64,11.48,3.28,1.64,1.64,1.64,0,3.28,0,9.84,8.2,1.64,0,0,0,0,0,0,0,22.95,13.11,1.64,8.2,0,1.64,3.28,9.84,0,0,0,0,0,0,0,0,8.2,0,0,3.28,6.56,0,0,0,0,0,0,0,0,0,0,3.28,0,1.64,0,0,0,0,0,0,13.11,6.56,0,1.64,4.92,0,0,1.64,9.84,3.28,4.92,11.48,1.64,0,1.64,0,0,8.2,8.2,0,0,0,0,0,0
2680,seller,1,36,26.1,99,77.17,99,9,2.78,97.22,61.11,47.22,13.89,13.89,2.78,0,11.11,0,0,0,13.89,8.33,0,5.56,16.67,2.78,5.56,0,27.78,0,0,0,0,0,0,16.67,0,2.78,0,0,0,2.78,0,0,0,16.67,16.67,0,0,0,0,0,0,0,0,30.56,16.67,2.78,13.89,0,0,2.78,13.89,0,0,0,0,0,0,0,0,11.11,0,0,5.56,8.33,0,0,0,0,0,0,0,0,0,0,5.56,0,5.56,0,0,0,0,0,0,19.44,5.56,0,0,5.56,0,0,0,13.89,0,2.78,16.67,2.78,0,2.78,0,0,8.33,8.33,0,0,0,0,0,0
2684,buyer,1,52,53.56,2.37,70.92,4.87,17.33,17.31,90.38,65.38,57.69,19.23,11.54,9.62,0,1.92,0,0,7.69,19.23,11.54,0,11.54,11.54,0,5.77,1.92,19.23,0,0,1.92,0,0,1.92,23.08,0,13.46,3.85,0,3.85,3.85,0,3.85,0,1.92,0,1.92,0,0,0,0,0,0,0,5.77,3.85,0,0,1.92,0,1.92,1.92,0,0,0,0,1.92,0,0,1.92,3.85,0,0,0,3.85,0,0,0,0,0,0,0,0,0,0,5.77,0,0,0,0,0,0,1.92,0,9.62,3.85,0,0,3.85,0,0,0,3.85,0,3.85,3.85,0,0,0,0,0,11.54,5.77,1.92,0,0,1.92,1.92,0
2684,buyer,1,85,10.73,3.27,96.65,1,14.17,17.65,90.59,67.06,62.35,21.18,12.94,8.24,0,3.53,0,1.18,8.24,18.82,7.06,0,9.41,11.76,1.18,10.59,4.71,15.29,1.18,0,3.53,0,0,3.53,29.41,1.18,18.82,5.88,0,2.35,3.53,1.18,7.06,0,3.53,0,3.53,0,0,0,0,0,0,0,9.41,3.53,1.18,1.18,1.18,0,1.18,5.88,0,0,0,0,1.18,0,0,1.18,5.88,0,0,2.35,3.53,0,0,0,0,0,0,0,0,0,0,2.35,0,1.18,0,0,0,0,1.18,0,5.88,4.71,0,1.18,4.71,0,0,0,3.53,1.18,4.71,2.35,0,0,0,0,0,9.41,7.06,0,0,0,1.18,1.18,0
2684,buyer,1,87,6.28,22.04,93.42,1.05,14.5,19.54,89.66,59.77,52.87,19.54,13.79,6.9,0,3.45,0,3.45,5.75,16.09,4.6,0,4.6,11.49,1.15,9.2,4.6,16.09,2.3,1.15,4.6,0,0,4.6,29.89,1.15,17.24,6.9,0,2.3,1.15,1.15,5.75,0,3.45,0,3.45,0,0,0,0,0,0,0,16.09,5.75,3.45,3.45,1.15,0,1.15,10.34,0,0,0,0,1.15,0,0,1.15,14.94,0,0,4.6,10.34,0,0,0,0,0,0,0,0,0,0,1.15,0,5.75,0,1.15,0,0,1.15,0,9.2,4.6,0,1.15,4.6,0,0,0,3.45,3.45,4.6,1.15,0,0,0,0,0,14.94,6.9,4.6,0,0,1.15,2.3,0
2684,seller,1,76,7.54,82.58,42.69,39.38,9.5,13.16,94.74,73.68,61.84,23.68,14.47,5.26,0,7.89,0,0,9.21,19.74,5.26,0,10.53,14.47,5.26,3.95,3.95,19.74,6.58,2.63,1.32,1.32,0,0,34.21,2.63,9.21,1.32,0,1.32,1.32,2.63,1.32,0,1.32,1.32,0,0,0,0,0,0,0,0,15.79,6.58,2.63,0,0,0,2.63,10.53,0,0,0,0,1.32,0,0,1.32,7.89,0,0,2.63,6.58,0,0,0,0,0,0,0,0,0,0,0,1.32,2.63,0,0,0,0,0,0,2.63,6.58,0,0,3.95,1.32,0,1.32,6.58,5.26,11.84,2.63,0,0,0,0,0,15.79,10.53,0,0,0,5.26,0,0
2684,seller,1,87,11.82,60.57,43.66,20.23,10.88,16.09,91.95,71.26,60.92,22.99,14.94,6.9,0,6.9,0,0,8.05,19.54,6.9,0,10.34,13.79,4.6,4.6,3.45,18.39,5.75,1.15,1.15,1.15,0,0,31.03,1.15,11.49,2.3,0,2.3,2.3,2.3,2.3,0,2.3,1.15,1.15,0,0,0,0,0,0,0,13.79,5.75,2.3,0,0,0,2.3,9.2,0,0,0,0,1.15,0,0,1.15,9.2,0,0,4.6,6.9,0,0,0,0,0,0,0,0,0,0,0,1.15,2.3,0,0,0,0,0,0,2.3,5.75,0,0,3.45,1.15,0,1.15,4.6,4.6,11.49,2.3,0,0,0,0,0,12.64,8.05,0,0,0,4.6,0,0
2684,seller,1,62,14.28,49.66,47.26,20.23,12.4,17.74,90.32,67.74,58.06,22.58,17.74,8.06,0,8.06,0,0,4.84,17.74,6.45,0,9.68,12.9,3.23,3.23,4.84,17.74,4.84,0,0,0,0,0,29.03,0,12.9,1.61,0,3.23,3.23,1.61,3.23,0,3.23,1.61,1.61,0,0,0,0,0,0,0,11.29,1.61,0,0,0,0,0,9.68,0,0,0,0,0,0,0,0,12.9,0,0,8.06,8.06,0,0,0,0,0,0,0,0,0,0,0,1.61,4.84,0,0,0,0,0,0,1.61,4.84,0,0,3.23,1.61,0,0,4.84,3.23,9.68,3.23,0,0,0,0,0,11.29,6.45,0,0,0,4.84,0,0
2685,buyer,1,44,9.2,1,11.02,99,22,18.18,90.91,75,63.64,15.91,9.09,9.09,0,0,0,0,6.82,13.64,11.36,0,6.82,18.18,2.27,9.09,6.82,22.73,4.55,4.55,0,0,0,0,31.82,0,25,2.27,2.27,11.36,4.55,0,9.09,0,11.36,11.36,0,9.09,9.09,0,0,0,0,0,4.55,4.55,0,2.27,0,0,4.55,0,0,0,0,0,0,0,0,0,6.82,0,0,2.27,4.55,0,0,0,0,0,0,0,0,0,0,0,0,2.27,0,2.27,0,0,0,0,6.82,4.55,0,0,2.27,0,0,2.27,0,9.09,2.27,0,0,0,0,0,0,9.09,4.55,0,0,0,4.55,0,0
2685,buyer,1,81,2.19,1.79,35.34,58.91,13.5,20.99,90.12,75.31,64.2,23.46,13.58,9.88,0,3.7,0,0,9.88,13.58,8.64,0,4.94,16.05,3.7,8.64,4.94,20.99,4.94,2.47,1.23,1.23,0,0,28.4,0,16.05,2.47,2.47,4.94,2.47,0,4.94,1.23,4.94,3.7,1.23,2.47,2.47,0,0,0,0,0,11.11,7.41,2.47,0,0,1.23,3.7,3.7,0,0,0,0,0,0,0,0,6.17,0,0,3.7,2.47,0,0,0,0,0,0,0,0,0,0,0,0,1.23,0,1.23,0,0,0,0,4.94,3.7,1.23,0,1.23,0,0,1.23,2.47,12.35,6.17,0,0,0,0,0,0,11.11,7.41,0,0,0,3.7,0,0
2685,buyer,1,84,2.35,16.63,24.32,20.23,12,22.62,89.29,67.86,55.95,21.43,13.1,7.14,0,3.57,0,2.38,8.33,13.1,5.95,0,3.57,15.48,3.57,5.95,5.95,22.62,3.57,1.19,3.57,1.19,0,2.38,28.57,1.19,13.1,3.57,2.38,2.38,1.19,0,3.57,1.19,2.38,1.19,1.19,0,0,0,0,0,0,0,16.67,8.33,4.76,2.38,0,1.19,2.38,8.33,0,0,0,0,0,0,0,0,13.1,0,0,4.76,8.33,0,0,0,0,0,0,0,0,0,0,0,0,5.95,0,0,0,0,0,0,8.33,1.19,1.19,0,0,0,0,0,2.38,14.29,5.95,0,0,0,0,0,0,19.05,8.33,4.76,0,0,4.76,1.19,0
2685,buyer,1,88,9.2,46.79,20.79,20.23,14.67,23.86,88.64,67.05,54.55,20.45,13.64,6.82,0,4.55,0,2.27,6.82,14.77,6.82,1.14,4.55,11.36,3.41,6.82,3.41,19.32,4.55,1.14,3.41,1.14,0,2.27,26.14,1.14,13.64,4.55,2.27,2.27,1.14,1.14,2.27,1.14,2.27,1.14,1.14,0,0,0,0,0,0,0,17.05,7.95,4.55,2.27,0,1.14,2.27,9.09,0,0,0,0,0,0,0,0,13.64,0,0,5.68,7.95,0,0,0,0,0,0,0,0,0,0,0,0,4.55,0,0,0,0,0,0,6.82,1.14,1.14,0,0,0,0,0,2.27,10.23,5.68,0,0,0,0,0,0,14.77,5.68,4.55,1.14,0,2.27,1.14,0
2685,buyer,1,64,22.41,58.66,15.38,,21.33,26.56,87.5,53.13,40.63,10.94,9.38,1.56,0,1.56,0,6.25,1.56,15.63,4.69,1.56,3.13,9.38,1.56,6.25,6.25,18.75,3.13,1.56,6.25,0,0,6.25,26.56,3.13,15.63,7.81,0,1.56,1.56,1.56,4.69,0,0,0,0,0,0,0,0,0,0,0,20.31,6.25,6.25,6.25,0,0,0,14.06,0,0,0,0,0,0,0,0,28.13,0,0,7.81,20.31,0,0,0,0,0,0,0,0,0,0,0,0,12.5,0,0,0,0,0,0,12.5,0,0,0,0,0,0,0,0,7.81,3.13,0,0,0,0,0,0,23.44,3.13,12.5,1.56,0,3.13,3.13,0
2685,seller,1,129,22.89,27.38,85.84,79.65,14.33,24.03,90.7,68.22,55.81,18.6,14.73,9.3,0,5.43,0,0,3.88,13.95,7.75,0.78,11.63,10.85,5.43,8.53,2.33,17.83,6.2,1.55,3.1,0,1.55,1.55,27.13,0,15.5,6.98,0.78,2.33,2.33,0.78,4.65,0,8.53,6.2,2.33,1.55,0.78,0.78,0,0,0,0,16.28,9.3,3.1,3.1,0,1.55,3.88,8.53,0,0,0,0,0,0,0,0,7.75,0,0,4.65,4.65,0,0,0,0,0,0,0,0,0,0,0,1.55,1.55,0,1.55,0,0,0.78,0,2.33,4.65,0.78,0.78,2.33,0.78,0,0,2.33,5.43,4.65,2.33,0,0,0,0,0,16.28,5.43,3.88,0.78,0.78,3.88,1.55,0
2685,seller,1,169,19.7,16.74,71.82,20.23,18.78,22.49,88.76,67.46,57.4,17.16,12.43,7.69,0,4.73,0,0,4.73,15.38,7.1,0.59,10.06,11.24,6.51,7.1,2.96,16.57,6.51,1.78,2.96,0,1.78,1.18,28.99,0,17.75,5.92,1.78,2.96,1.78,0.59,5.92,0,5.92,2.96,2.96,2.37,1.78,0.59,0,0,0,0,14.79,8.88,2.96,2.37,0,1.18,3.55,7.1,0,0,0,0,0,0,0,0,7.1,0,0,4.14,3.55,0,0,0,0,0,0,0,0,0,0,0,0.59,1.18,0,0,0,0,0.59,0,3.55,3.55,0.59,0.59,1.78,0.59,0,0,2.37,4.73,4.73,2.96,0,0,0,0,0,13.61,4.73,5.33,0.59,0,1.78,1.18,0
2685,seller,1,110,17.1,17.46,63.35,5.35,18.33,19.09,90.91,66.36,57.27,17.27,11.82,7.27,0,4.55,0,0,5.45,16.36,6.36,0.91,9.09,10,7.27,6.36,3.64,14.55,7.27,2.73,3.64,0,1.82,1.82,29.09,0,17.27,4.55,1.82,2.73,0.91,0.91,6.36,0,7.27,2.73,4.55,1.82,1.82,0,0,0,0,0,16.36,10,2.73,1.82,0.91,1.82,3.64,8.18,0,0,0,0,0,0,0,0,8.18,0,0,5.45,3.64,0,0,0,0,0,0,0,0,0,0,0,0.91,0.91,0,0,0,0,0.91,0,4.55,2.73,0.91,0,0.91,0.91,0,0,3.64,3.64,4.55,3.64,0,0,0,0,0,10.91,4.55,5.45,0,0,0.91,0,0
2685,seller,1,95,25.46,28.48,40.84,4.13,23.75,16.84,87.37,65.26,56.84,17.89,13.68,7.37,0,6.32,0,0,4.21,16.84,6.32,0,9.47,8.42,5.26,6.32,3.16,10.53,8.42,1.05,4.21,0,2.11,2.11,24.21,0,17.89,2.11,3.16,3.16,1.05,0,7.37,0,8.42,3.16,5.26,2.11,2.11,0,0,0,0,0,20,12.63,3.16,2.11,1.05,3.16,3.16,9.47,0,0,0,0,0,0,0,0,7.37,0,0,4.21,3.16,0,0,0,0,0,0,0,0,0,0,0,0,1.05,0,0,0,0,0,0,4.21,1.05,0,0,1.05,0,0,0,2.11,2.11,4.21,2.11,0,0,0,0,0,9.47,3.16,5.26,1.05,0,0,0,0
2685,seller,1,46,23.51,40.06,44.75,1,15.33,13.04,84.78,67.39,58.7,23.91,19.57,10.87,0,8.7,0,0,4.35,15.22,10.87,0,6.52,6.52,2.17,8.7,2.17,8.7,6.52,0,4.35,0,0,4.35,21.74,0,19.57,2.17,4.35,4.35,2.17,2.17,8.7,0,6.52,0,6.52,0,0,0,0,0,0,0,23.91,15.22,2.17,2.17,2.17,6.52,2.17,13.04,0,0,0,0,0,0,0,0,6.52,0,0,6.52,0,0,0,0,0,0,0,0,0,0,0,0,0,2.17,0,0,0,0,0,0,2.17,0,0,0,0,0,0,0,0,0,4.35,2.17,0,0,0,0,0,10.87,4.35,2.17,2.17,0,2.17,0,0
2685,seller,1,46,23.51,40.06,44.75,3.88,11.5,13.04,84.78,67.39,58.7,23.91,19.57,10.87,0,8.7,0,0,4.35,15.22,10.87,0,6.52,6.52,2.17,8.7,2.17,8.7,6.52,0,2.17,0,0,2.17,21.74,0,19.57,2.17,4.35,4.35,2.17,2.17,8.7,0,6.52,2.17,4.35,0,0,0,0,0,0,0,21.74,13.04,2.17,2.17,0,6.52,2.17,13.04,0,0,0,0,0,0,0,0,6.52,0,0,6.52,0,0,0,0,0,0,0,0,0,0,0,0,0,4.35,0,0,0,0,0,0,2.17,0,0,0,0,0,0,0,0,0,4.35,2.17,0,0,0,0,0,10.87,4.35,2.17,2.17,0,2.17,0,0
2686,buyer,1,17,16.49,1,1,20.23,4.25,0,94.12,70.59,58.82,17.65,5.88,5.88,0,0,0,0,11.76,23.53,11.76,0,0,17.65,0,0,5.88,17.65,11.76,5.88,0,0,0,0,35.29,5.88,17.65,0,0,11.76,0,0,5.88,0,35.29,17.65,17.65,23.53,23.53,0,0,0,0,0,11.76,11.76,0,5.88,0,5.88,5.88,0,0,0,0,0,0,0,0,0,5.88,0,0,0,5.88,0,0,0,0,0,0,0,0,0,0,0,0,0,0,5.88,0,0,0,0,5.88,0,0,0,0,0,0,0,0,0,11.76,0,5.88,0,5.88,0,0,23.53,23.53,0,0,0,0,0,0
2686,buyer,1,44,12.37,10.07,50.45,1,7.33,9.09,93.18,72.73,61.36,20.45,15.91,9.09,0,6.82,0,0,4.55,15.91,9.09,0,4.55,11.36,4.55,6.82,2.27,11.36,11.36,2.27,4.55,0,0,4.55,31.82,2.27,20.45,4.55,2.27,4.55,4.55,0,9.09,0,18.18,4.55,13.64,13.64,9.09,4.55,0,0,0,0,18.18,11.36,4.55,4.55,0,4.55,2.27,6.82,0,0,0,0,0,0,0,0,6.82,0,0,4.55,2.27,0,0,0,0,0,0,0,0,0,0,0,0,0,0,2.27,0,0,0,0,4.55,0,0,0,0,0,0,0,0,0,4.55,4.55,4.55,0,4.55,0,0,11.36,11.36,0,0,0,0,0,0
2686,buyer,1,35,5.94,40.06,91.58,1,8.75,11.43,94.29,74.29,62.86,22.86,20,8.57,0,11.43,0,0,2.86,14.29,5.71,0,5.71,8.57,5.71,8.57,2.86,11.43,11.43,2.86,5.71,0,0,5.71,28.57,0,20,5.71,2.86,0,5.71,0,11.43,0,17.14,2.86,14.29,11.43,5.71,5.71,0,0,0,0,25.71,14.29,8.57,8.57,0,2.86,5.71,11.43,0,0,0,0,0,0,0,0,5.71,0,0,5.71,0,0,0,0,0,0,0,0,0,0,0,0,0,0,0,2.86,0,0,0,0,2.86,0,0,0,0,0,0,0,0,0,2.86,5.71,2.86,0,2.86,0,0,8.57,8.57,0,0,0,0,0,0
2686,buyer,1,32,13.27,75.49,89.39,1.56,10.67,12.5,93.75,68.75,56.25,21.88,21.88,9.38,0,12.5,0,0,0,9.38,6.25,0,6.25,6.25,6.25,9.38,0,9.38,9.38,0,6.25,0,0,6.25,25,0,18.75,6.25,3.13,0,6.25,0,9.38,0,15.63,6.25,9.38,6.25,0,6.25,0,0,0,0,28.13,15.63,9.38,9.38,0,3.13,6.25,12.5,0,0,0,0,0,0,0,0,9.38,0,0,9.38,0,0,0,0,0,0,0,0,0,0,0,0,0,3.13,0,0,0,0,0,0,3.13,0,0,0,0,0,0,0,0,0,0,6.25,3.13,0,3.13,0,0,6.25,6.25,0,0,0,0,0,0
2686,seller,1,38,67.62,98.27,8.42,2.53,9.5,10.53,92.11,65.79,47.37,10.53,10.53,0,5.26,5.26,0,0,0,18.42,13.16,2.63,2.63,7.89,0,7.89,0,10.53,13.16,7.89,10.53,7.89,0,2.63,18.42,0,15.79,5.26,2.63,2.63,5.26,0,5.26,0,13.16,5.26,7.89,7.89,0,7.89,0,0,0,0,23.68,13.16,2.63,5.26,0,0,2.63,10.53,0,0,0,0,0,0,0,0,13.16,2.63,0,5.26,5.26,0,0,0,0,0,0,0,0,0,0,0,0,0,0,2.63,0,0,0,0,5.26,2.63,0,0,2.63,0,0,0,0,2.63,2.63,5.26,2.63,0,2.63,0,0,13.16,7.89,0,2.63,0,0,2.63,0
2686,seller,1,48,31.5,98.75,3.81,20.23,12,6.25,93.75,72.92,54.17,16.67,10.42,0,8.33,2.08,0,0,6.25,20.83,10.42,2.08,2.08,10.42,0,8.33,0,12.5,12.5,10.42,12.5,10.42,0,2.08,20.83,2.08,14.58,4.17,2.08,4.17,4.17,0,4.17,0,8.33,4.17,4.17,4.17,0,4.17,0,0,0,0,20.83,10.42,2.08,2.08,0,0,0,10.42,0,0,0,0,0,0,0,0,12.5,2.08,0,4.17,6.25,0,0,0,0,0,0,0,0,0,0,0,0,0,0,4.17,0,0,0,0,4.17,4.17,0,0,4.17,0,0,0,0,0,6.25,6.25,4.17,0,4.17,0,0,10.42,8.33,0,0,0,0,2.08,0
2686,seller,1,56,26.1,99,8.95,20.23,14,12.5,91.07,64.29,44.64,16.07,10.71,0,5.36,1.79,0,3.57,5.36,16.07,7.14,0,1.79,10.71,0,7.14,0,16.07,10.71,7.14,10.71,5.36,0,5.36,21.43,1.79,10.71,5.36,1.79,1.79,1.79,0,1.79,0,3.57,1.79,1.79,1.79,0,1.79,0,0,0,0,23.21,8.93,5.36,5.36,0,0,0,14.29,0,0,0,0,0,0,0,0,19.64,0,0,5.36,14.29,0,0,0,0,0,0,0,0,0,0,0,0,7.14,0,5.36,0,0,0,0,8.93,5.36,0,0,5.36,0,0,0,0,3.57,5.36,5.36,3.57,0,3.57,0,0,16.07,7.14,7.14,0,0,0,1.79,0
2687,buyer,1,71,82.52,6.39,51.38,40.95,14.2,19.72,90.14,64.79,57.75,18.31,15.49,11.27,0,4.23,0,0,2.82,15.49,9.86,0,21.13,8.45,1.41,4.23,2.82,12.68,2.82,1.41,5.63,0,2.82,2.82,26.76,0,15.49,4.23,0,7.04,0,0,4.23,0,7.04,4.23,2.82,4.23,2.82,1.41,0,0,0,0,9.86,4.23,1.41,1.41,0,0,1.41,5.63,0,0,0,0,0,0,0,0,9.86,0,0,4.23,7.04,0,0,0,0,0,0,0,0,0,0,1.41,4.23,2.82,0,0,0,1.41,1.41,0,4.23,2.82,0,0,2.82,0,0,0,2.82,1.41,2.82,2.82,0,0,0,0,0,16.9,7.04,4.23,0,0,5.63,0,0
2687,buyer,1,73,85.27,6.83,82.59,40.28,14.6,16.44,90.41,68.49,58.9,17.81,15.07,10.96,0,4.11,0,0,2.74,15.07,9.59,0,21.92,8.22,1.37,4.11,2.74,12.33,4.11,4.11,4.11,0,2.74,1.37,26.03,0,15.07,4.11,0,6.85,0,0,4.11,0,6.85,4.11,2.74,4.11,2.74,1.37,0,0,0,0,8.22,2.74,1.37,1.37,0,0,0,5.48,0,0,0,0,0,0,0,0,9.59,0,0,4.11,6.85,0,0,0,0,0,0,0,0,0,0,1.37,1.37,2.74,0,1.37,0,1.37,1.37,0,4.11,6.85,0,1.37,6.85,0,0,0,2.74,1.37,2.74,2.74,0,0,0,0,0,15.07,6.85,4.11,0,0,4.11,0,0
2687,buyer,1,72,62.1,25.13,84.06,40.61,18,19.44,88.89,59.72,50,16.67,15.28,8.33,0,4.17,0,2.78,1.39,12.5,5.56,0,16.67,8.33,1.39,4.17,4.17,13.89,2.78,2.78,5.56,0,2.78,2.78,25,0,16.67,6.94,0,5.56,0,0,4.17,0,6.94,4.17,2.78,4.17,2.78,1.39,0,0,0,0,15.28,5.56,4.17,4.17,0,0,0,9.72,0,0,0,0,0,0,0,0,16.67,0,0,6.94,11.11,0,0,0,0,0,0,0,0,0,0,0,1.39,5.56,0,1.39,0,1.39,1.39,0,6.94,5.56,0,1.39,5.56,0,0,0,2.78,2.78,2.78,1.39,0,0,0,0,0,22.22,5.56,9.72,0,0,5.56,1.39,0
2687,seller,1,106,4.7,84.79,74.21,64.84,10.6,12.26,88.68,71.7,59.43,24.53,16.98,4.72,3.77,8.49,0,0,7.55,11.32,3.77,0,7.55,11.32,3.77,8.49,1.89,18.87,3.77,4.72,3.77,3.77,0,0,34.91,0,27.36,7.55,3.77,6.6,5.66,0.94,9.43,0,4.72,3.77,0.94,1.89,1.89,0,0,0,0,0,17.92,5.66,1.89,0.94,0,0,1.89,12.26,0,0,0,0,0,0,0,0,8.49,0,0,2.83,5.66,0,0,0,0,0,0,0,0,0,0,0,1.89,0,0.94,0,0,0,0,0,4.72,2.83,0,1.89,2.83,0,0,0,1.89,1.89,5.66,0.94,0.94,0,0.94,0,0,15.09,8.49,4.72,0.94,0,0.94,0,0
2687,seller,1,110,11.02,96.39,79.84,63.17,10,13.64,87.27,72.73,59.09,24.55,18.18,4.55,2.73,10.91,0,0,6.36,12.73,4.55,0,9.09,9.09,3.64,8.18,0.91,17.27,4.55,4.55,2.73,2.73,0,0,30,0,24.55,7.27,2.73,5.45,6.36,0.91,8.18,0,4.55,3.64,0.91,0,0,0,0,0,0,0,20,6.36,3.64,2.73,0,0,2.73,13.64,0,0,0,0,0,0,0,0,6.36,0,0,2.73,3.64,0,0,0,0,0,0,0,0,0,0,0,0,0,0.91,0,0,0,0,0,4.55,3.64,0,2.73,3.64,0,0,0,1.82,1.82,4.55,0.91,0.91,0,0.91,0,0,13.64,10,3.64,0,0,0,0,0
2687,seller,1,55,17.1,98.58,84.17,93.39,6.88,14.55,90.91,70.91,58.18,25.45,20,5.45,3.64,10.91,0,0,5.45,14.55,5.45,0,7.27,9.09,3.64,3.64,0,20,3.64,3.64,3.64,3.64,0,0,30.91,0,29.09,10.91,3.64,7.27,5.45,1.82,7.27,0,5.45,5.45,0,0,0,0,0,0,0,0,20,5.45,5.45,5.45,0,0,1.82,14.55,0,0,0,0,0,0,0,0,5.45,0,0,5.45,0,0,0,0,0,0,0,0,0,0,0,0,0,1.82,0,0,0,0,0,0,7.27,3.64,0,3.64,3.64,0,0,0,0,1.82,3.64,1.82,1.82,0,1.82,0,0,12.73,12.73,0,0,0,0,0,0
2688,buyer,1,71,28.77,1,31.69,98.49,14.2,22.54,88.73,64.79,54.93,21.13,14.08,12.68,0,0,1.41,0,7.04,15.49,9.86,0,5.63,5.63,4.23,5.63,2.82,9.86,7.04,0,1.41,0,1.41,1.41,26.76,0,16.9,0,0,7.04,2.82,0,8.45,0,9.86,8.45,1.41,5.63,5.63,0,0,0,0,0,7.04,4.23,1.41,2.82,0,1.41,1.41,2.82,0,0,0,1.41,0,0,0,0,4.23,1.41,0,0,2.82,0,0,0,0,0,0,0,0,0,0,0,1.41,5.63,0,0,0,0,0,0,1.41,1.41,0,0,1.41,0,0,0,1.41,7.04,1.41,0,0,0,0,0,0,12.68,4.23,5.63,0,1.41,1.41,0,0
2688,buyer,1,65,44.27,1,63.35,68.66,21.67,20,87.69,69.23,55.38,20,12.31,10.77,0,0,1.54,0,7.69,15.38,10.77,0,7.69,3.08,4.62,7.69,1.54,9.23,9.23,0,3.08,1.54,1.54,1.54,26.15,0,18.46,0,0,4.62,3.08,0,12.31,0,6.15,4.62,1.54,3.08,3.08,0,0,0,0,0,7.69,4.62,3.08,1.54,0,1.54,0,4.62,0,0,0,1.54,0,0,0,0,3.08,1.54,0,0,1.54,0,0,0,0,0,0,0,0,0,0,0,1.54,4.62,0,0,0,0,0,0,1.54,1.54,0,0,1.54,0,0,0,1.54,4.62,1.54,0,0,0,0,0,0,9.23,3.08,4.62,0,0,1.54,0,0
2688,buyer,1,35,48.23,6.16,63.35,94.7,35,22.86,82.86,65.71,51.43,17.14,11.43,5.71,0,2.86,2.86,0,5.71,11.43,8.57,0,8.57,0,8.57,5.71,2.86,5.71,8.57,0,5.71,2.86,2.86,2.86,25.71,2.86,17.14,0,0,0,2.86,0,14.29,0,5.71,5.71,0,0,0,0,0,0,0,0,17.14,8.57,8.57,5.71,0,0,2.86,11.43,0,0,0,2.86,0,0,0,0,2.86,2.86,0,0,0,0,0,0,0,0,0,0,0,0,0,0,0,2.86,0,0,0,0,0,0,2.86,0,0,0,0,0,0,0,2.86,2.86,0,0,2.86,0,2.86,0,0,11.43,0,5.71,0,2.86,2.86,0,0
2688,buyer,1,56,14.77,3.12,89.39,1,28,3.57,98.21,85.71,66.07,23.21,14.29,8.93,0,5.36,0,0,8.93,12.5,7.14,0,12.5,10.71,3.57,8.93,3.57,21.43,7.14,0,3.57,1.79,0,1.79,35.71,1.79,25,3.57,1.79,5.36,1.79,0,10.71,0,10.71,3.57,7.14,1.79,0,1.79,0,0,0,0,17.86,12.5,5.36,7.14,0,0,3.57,7.14,0,0,0,0,0,0,0,0,1.79,0,0,1.79,0,0,0,0,0,0,0,0,0,0,0,0,0,3.57,0,0,0,0,0,0,8.93,5.36,0,0,5.36,0,0,0,1.79,5.36,1.79,0,1.79,0,1.79,0,0,7.14,0,5.36,0,1.79,0,0,0
2688,buyer,1,89,8.31,33.69,88.44,36.25,29.67,7.87,97.75,80.9,67.42,25.84,17.98,10.11,0,7.87,0,0,7.87,14.61,5.62,0,13.48,10.11,5.62,10.11,2.25,17.98,4.49,0,3.37,0,0,3.37,29.21,1.12,20.22,4.49,3.37,5.62,1.12,0,4.49,0,14.61,7.87,6.74,5.62,3.37,2.25,0,0,0,0,21.35,13.48,6.74,7.87,0,0,4.49,7.87,0,0,0,0,0,0,0,0,2.25,0,0,2.25,0,0,1.12,0,0,0,0,0,0,0,0,0,0,1.12,0,0,0,0,0,0,6.74,7.87,0,1.12,6.74,0,0,1.12,3.37,5.62,1.12,0,1.12,0,1.12,0,0,7.87,1.12,5.62,0,1.12,0,0,0
2688,buyer,1,106,9.37,40.06,79.41,20.23,53,12.26,95.28,72.64,61.32,22.64,16.04,8.49,0,5.66,0,1.89,6.6,15.09,4.72,0,11.32,10.38,4.72,9.43,2.83,17.92,3.77,0,4.72,0,0,4.72,29.25,0.94,18.87,5.66,2.83,4.72,0.94,0,3.77,0,11.32,5.66,5.66,4.72,2.83,1.89,0,0,0,0,20.75,11.32,5.66,6.6,0,0,2.83,9.43,0,0,0,0,0,0,0,0,9.43,0,0,3.77,5.66,0,0.94,0,0,0,0,0,0,0,0,0,0,4.72,0,0,0,0,0,0,8.49,6.6,0,0.94,5.66,0,0,0.94,2.83,6.6,1.89,0,0,0,0,0,0,10.38,1.89,7.55,0,0,0,0.94,0
2688,seller,1,18,10.19,99,,,18,16.67,88.89,61.11,55.56,38.89,22.22,0,0,22.22,0,0,16.67,5.56,5.56,0,5.56,5.56,0,0,0,11.11,0,0,0,0,0,0,22.22,0,0,0,0,0,0,0,0,0,0,0,0,0,0,0,0,0,0,0,33.33,11.11,11.11,11.11,0,0,0,22.22,0,0,0,0,0,0,0,0,0,0,0,0,0,0,0,0,0,0,0,0,0,0,0,0,0,11.11,0,0,0,0,0,0,5.56,0,0,0,0,0,0,0,0,22.22,0,0,5.56,5.56,0,0,0,0,0,0,0,0,0,0,0
2688,seller,1,25,74.19,99,3.34,,12.5,12,84,64,56,20,12,0,0,12,0,0,8,12,12,0,12,8,4,0,0,12,8,0,0,0,0,0,16,0,8,0,4,4,0,0,0,0,0,0,0,0,0,0,0,0,0,0,24,12,12,8,0,0,0,12,0,0,0,0,0,0,0,0,0,0,0,0,0,0,0,0,0,0,0,0,0,0,0,0,0,4,0,0,0,0,0,0,8,4,0,4,4,0,0,0,4,8,4,0,8,4,4,0,0,4,4,0,0,0,0,0,0
2688,seller,1,22,45.12,99,5.07,86.79,11,13.64,86.36,68.18,59.09,18.18,13.64,0,0,13.64,0,0,4.55,13.64,9.09,0,9.09,13.64,4.55,0,0,18.18,13.64,4.55,4.55,4.55,0,0,18.18,0,9.09,0,4.55,4.55,0,0,0,0,4.55,4.55,0,0,0,0,0,0,0,0,27.27,13.64,9.09,9.09,0,0,0,13.64,0,0,0,0,0,0,0,0,0,0,0,0,0,0,0,0,0,0,0,0,0,0,0,0,0,4.55,0,0,0,0,0,0,9.09,4.55,0,4.55,4.55,0,0,0,4.55,4.55,9.09,0,9.09,4.55,4.55,0,0,4.55,4.55,0,0,0,0,0,0
2688,seller,1,20,39.7,97.73,28.56,90.5,10,20,90,70,65,15,15,5,0,10,0,0,0,15,10,0,10,15,10,0,0,15,20,5,5,5,0,0,20,0,10,0,5,5,0,0,0,0,5,5,0,0,0,0,0,0,0,0,25,15,10,10,0,0,0,10,0,0,0,0,0,0,0,0,0,0,0,0,0,0,0,0,0,0,0,0,0,0,0,0,0,0,0,0,0,0,0,0,5,5,0,5,5,0,0,0,5,0,10,5,10,0,10,0,0,5,5,0,0,0,0,0,0
2688,seller,1,15,1,10.48,93.95,20.23,15,33.33,100,80,73.33,26.67,26.67,20,0,6.67,0,0,0,13.33,0,0,6.67,13.33,20,6.67,0,13.33,26.67,6.67,13.33,6.67,0,6.67,20,0,6.67,6.67,0,0,0,0,0,0,13.33,6.67,6.67,0,0,0,0,0,0,0,20,13.33,6.67,13.33,0,0,0,6.67,0,0,0,0,0,0,0,0,6.67,0,0,6.67,0,0,0,0,0,0,0,0,0,0,0,0,0,0,0,0,0,0,0,0,0,0,0,0,0,0,0,0,0,0,6.67,6.67,13.33,0,13.33,0,0,0,0,0,0,0,0,0,0
2688,seller,1,13,1,1,98.89,20.23,13,30.77,100,69.23,61.54,23.08,23.08,23.08,0,0,0,0,0,7.69,0,0,7.69,7.69,23.08,7.69,0,7.69,23.08,0,7.69,0,0,7.69,15.38,0,7.69,7.69,0,0,0,0,0,0,15.38,7.69,7.69,0,0,0,0,0,0,0,7.69,7.69,7.69,7.69,0,0,0,0,0,0,0,0,0,0,0,0,15.38,0,0,15.38,0,0,0,0,0,0,0,0,0,0,0,0,0,7.69,0,0,0,0,0,0,0,0,0,0,0,0,0,0,0,0,0,7.69,15.38,0,15.38,0,0,0,0,0,0,0,0,0,0
2689,buyer,1,5,1,1,99,99,5,0,100,60,40,20,0,0,0,0,0,0,20,0,0,0,0,20,20,0,0,20,20,0,0,0,0,0,40,0,20,0,0,0,0,0,20,0,40,40,0,20,20,0,0,0,0,0,20,20,0,20,0,0,20,0,0,0,0,0,0,0,0,0,0,0,0,0,0,0,0,0,0,0,0,0,0,0,0,0,0,0,0,0,0,0,0,0,40,20,0,0,20,0,0,0,0,0,20,0,0,0,0,0,0,0,0,0,0,0,0,0,0
2689,buyer,1,7,2.35,1,97.09,99,7,0,85.71,71.43,57.14,28.57,0,0,0,0,0,0,28.57,14.29,14.29,0,0,14.29,14.29,0,0,14.29,14.29,0,0,0,0,0,28.57,0,14.29,0,0,0,0,0,14.29,0,14.29,14.29,0,14.29,14.29,0,0,0,0,0,0,0,0,0,0,0,0,0,0,0,0,0,0,0,0,0,0,0,0,0,0,0,0,0,0,0,0,0,0,0,0,0,0,0,0,0,0,0,0,0,28.57,14.29,0,0,14.29,0,0,0,0,0,14.29,0,0,0,0,0,0,0,0,0,0,0,0,0,0
2689,buyer,1,10,3.8,89.5,98.38,,10,10,80,80,70,20,10,0,0,10,0,0,10,20,10,0,0,10,20,0,0,10,20,10,0,0,0,0,30,0,20,10,10,0,0,0,10,0,0,0,0,0,0,0,0,0,0,0,10,0,0,0,0,0,0,10,0,0,0,0,0,0,0,0,0,0,0,0,0,0,0,0,0,0,0,0,0,0,0,0,0,0,0,0,0,0,0,0,10,10,0,0,10,0,0,0,0,0,10,0,0,0,0,0,0,0,0,0,0,0,0,0,0
2689,buyer,1,9,1.78,99,10.18,,9,22.22,77.78,77.78,77.78,22.22,11.11,0,0,11.11,0,0,11.11,22.22,11.11,0,0,11.11,22.22,0,0,11.11,22.22,11.11,0,0,0,0,22.22,0,11.11,11.11,11.11,0,0,0,0,0,0,0,0,0,0,0,0,0,0,0,11.11,0,0,0,0,0,0,11.11,0,0,0,0,0,0,0,0,0,0,0,0,0,0,0,0,0,0,0,0,0,0,0,0,0,0,0,0,0,0,0,0,0,0,0,0,0,0,0,0,0,0,11.11,0,11.11,0,11.11,0,0,0,0,0,0,0,0,0,0
2689,buyer,1,8,1,99,15.38,99,8,25,87.5,62.5,62.5,12.5,12.5,0,0,12.5,0,0,0,12.5,0,0,0,12.5,25,0,0,12.5,25,12.5,0,0,0,0,25,0,12.5,12.5,12.5,0,0,0,0,0,12.5,12.5,0,0,0,0,0,0,0,0,12.5,0,0,0,0,0,0,12.5,0,0,0,0,0,0,0,0,12.5,0,0,12.5,0,0,0,0,0,0,0,0,0,0,0,0,0,12.5,0,0,0,0,0,0,0,0,0,0,0,0,0,0,0,0,12.5,0,12.5,0,12.5,0,0,0,0,0,0,0,0,0,0
2689,seller,1,9,1,99,77.17,99,4.5,11.11,100,77.78,66.67,33.33,33.33,11.11,0,22.22,0,0,0,0,0,0,11.11,11.11,33.33,0,0,22.22,11.11,0,0,0,0,0,22.22,0,11.11,11.11,11.11,0,0,0,0,0,33.33,33.33,0,11.11,11.11,0,0,0,0,0,44.44,22.22,11.11,22.22,0,0,22.22,22.22,0,0,0,0,0,0,0,0,0,0,0,0,0,0,0,0,0,0,0,0,0,0,0,0,0,0,0,0,0,0,0,0,11.11,0,0,0,0,0,0,0,0,0,11.11,0,11.11,0,11.11,0,0,44.44,0,22.22,11.11,0,11.11,0,0
2689,seller,1,9,1,99,77.17,99,4.5,22.22,100,77.78,66.67,33.33,33.33,11.11,0,22.22,0,0,0,0,0,0,11.11,11.11,33.33,0,0,22.22,11.11,0,11.11,0,0,11.11,22.22,0,11.11,11.11,11.11,0,0,0,0,0,22.22,22.22,0,11.11,11.11,0,0,0,0,0,44.44,22.22,11.11,11.11,0,0,22.22,22.22,0,0,0,0,0,0,0,0,11.11,0,0,11.11,0,0,0,0,0,0,0,0,0,0,0,0,0,0,0,0,0,0,0,0,11.11,0,0,0,0,0,0,0,0,0,11.11,0,11.11,0,11.11,0,0,44.44,0,22.22,11.11,0,11.11,0,0
2689,seller,1,4,26.1,,,99,4,50,100,50,25,0,0,0,0,0,0,0,0,0,0,25,0,0,25,0,0,0,50,0,25,0,0,25,0,0,0,0,0,0,0,0,0,0,25,25,0,0,0,0,0,0,0,0,25,25,0,0,0,0,25,0,0,0,0,0,0,0,0,0,25,0,0,25,0,0,0,0,0,0,0,0,0,0,0,0,0,0,0,0,0,0,0,0,0,25,0,0,0,0,0,25,0,0,0,0,25,0,25,0,0,75,0,25,25,0,0,25,0
2689,seller,1,24,37.3,98.75,3.81,83,12,33.33,83.33,33.33,20.83,8.33,8.33,0,0,0,0,8.33,0,8.33,0,4.17,0,8.33,0,4.17,0,16.67,4.17,0,12.5,0,0,12.5,20.83,0,8.33,8.33,0,0,0,0,0,0,4.17,4.17,0,0,0,0,0,0,0,0,29.17,12.5,8.33,8.33,0,0,4.17,16.67,0,0,0,0,0,0,0,0,37.5,0,0,12.5,25,0,0,0,0,0,0,0,0,0,0,0,0,16.67,0,0,0,0,0,0,12.5,4.17,0,0,0,0,0,4.17,0,8.33,4.17,0,0,0,0,0,0,37.5,4.17,20.83,4.17,0,0,8.33,0
2691,buyer,1,171,1.29,8.13,45.82,82.19,14.25,12.87,87.72,74.27,64.33,25.15,19.3,12.28,0,4.68,2.34,0,5.85,14.04,6.43,0,5.26,15.79,5.85,8.19,2.92,21.05,4.68,0.58,2.34,1.17,0.58,0.58,33.33,1.75,16.37,2.92,1.17,4.68,1.75,1.75,4.68,0,7.6,5.85,1.75,2.34,2.34,0,0,0,0,0,14.04,6.43,4.68,2.34,0,0.58,1.75,7.6,0.58,0,0,2.92,0,0,0,0,5.26,0,0,1.75,3.51,0,0.58,0,0,0,0,0,0,0,0.58,0.58,0.58,1.17,0,0.58,0,0,0,0,3.51,1.75,0,0,1.75,0,0,0,2.92,5.85,8.77,2.34,0.58,0,0.58,0,0,12.28,4.68,4.68,0.58,1.75,0.58,0,0
2691,buyer,1,210,2.14,13.3,53.28,41.28,17.5,14.76,90.48,76.67,66.67,24.76,20,12.86,0,5.24,1.9,0,4.76,12.86,6.19,0,7.62,16.19,6.67,7.62,1.9,22.38,3.81,0,3.81,1.9,0.95,0.95,30.95,1.43,15.71,3.33,0.95,4.29,1.9,1.9,4.29,0,5.24,3.33,1.9,0.95,0.95,0,0,0,0,0,13.81,5.71,3.33,0.95,0,0.48,0.95,8.1,0.95,0,0.48,2.38,0.48,0,0,0.48,5.24,0,0,1.9,3.33,0,0.48,0,0,0,0,0,0,0,0.48,1.43,0.48,2.38,0,0,0,0,0.48,0,5.24,2.38,0,0,1.43,0.95,0,0,2.86,5.24,8.1,2.86,1.43,0.48,0.95,0,0,10.48,4.76,4.29,0.48,0.48,0.48,0,0
2691,buyer,1,173,2.64,21.95,36.26,36.78,19.22,16.76,90.17,73.99,63.01,21.97,19.08,10.98,0,4.62,2.31,1.16,2.89,12.14,5.78,0,6.36,16.76,6.94,5.2,3.47,24.86,2.89,0,5.2,1.73,1.16,2.31,31.79,2.31,15.61,4.05,0.58,4.62,1.73,1.73,4.05,0,3.47,2.31,1.16,0.58,0.58,0,0,0,0,0,15.61,5.2,2.89,1.16,0,0,0.58,10.4,1.16,0,0.58,2.89,0.58,0,0,0.58,7.51,0,0,1.73,5.78,0,0.58,0,0,0,0,0,0,0,0.58,1.73,0.58,4.05,0,0,0,0,0.58,0,8.67,2.89,0,0,1.73,1.16,0,0,2.31,5.2,8.67,2.89,1.73,0.58,1.16,0,0,13.29,4.62,6.36,0.58,0,1.16,0.58,0
2691,seller,1,338,43.74,81.78,17.72,57.22,12.07,14.2,89.35,75.44,62.13,19.23,12.72,3.85,2.66,5.92,0.3,0,6.51,18.64,8.58,1.48,14.5,10.36,5.33,4.44,2.37,16.86,6.8,2.96,5.33,3.85,1.18,0.3,22.19,1.48,10.95,1.18,0.89,2.37,2.37,1.48,4.73,0.3,5.33,3.85,1.48,1.48,1.18,0.3,0,0,0,0,14.79,4.73,1.18,0.89,0,0.59,1.18,10.06,0.59,0.3,0,0.89,0.59,0,0,0.59,4.73,0,0,2.66,2.37,0,0.3,0.3,0,0,0,0,0,0,0,0,0,1.48,0.59,0,0,0,0.3,0,6.21,5.33,0.3,0.59,2.66,1.78,0.3,0.3,2.66,1.78,7.1,1.78,0.89,0.3,0.3,0.3,0,18.05,7.99,3.25,0.3,1.18,3.55,1.78,0
2691,seller,1,412,50.9,87.24,41.88,49.98,12.48,13.83,90.05,75.49,62.14,20.87,15.29,5.83,2.67,6.55,0.24,0,5.58,19.66,8.74,1.7,15.53,9.71,3.88,4.61,1.46,16.26,6.55,2.67,5.34,3.88,1.46,0,21.6,0.97,11.89,2.43,0.73,2.43,2.67,1.21,4.13,0.24,5.34,3.64,1.7,1.46,1.21,0.24,0,0,0,0,16.5,5.1,1.46,0.73,0,0.49,1.94,11.41,0.97,0.49,0,1.46,0.73,0,0,0.73,4.85,0,0,3.16,2.18,0,0.24,0.24,0,0,0,0,0,0,0,0,0.24,1.7,0.49,0,0,0,0.49,0,8.25,6.31,0,0.73,4.37,0.73,0.24,0.73,2.18,1.7,6.55,2.18,1.21,0.49,0.49,0.24,0,17.23,8.01,3.16,0.24,0.73,3.88,1.21,0
2691,seller,1,284,45.77,91.8,53.93,70.07,11.83,10.92,91.2,76.76,63.03,22.18,17.25,6.69,2.11,8.1,0.35,0,4.93,17.61,7.39,2.11,16.2,9.15,4.23,4.93,1.06,16.9,6.34,2.82,5.28,3.17,2.11,0,21.13,0.35,13.03,2.82,0.35,2.46,3.52,1.76,4.23,0,5.28,4.23,1.06,1.06,0.7,0.35,0,0,0,0,17.61,4.93,1.76,0.7,0,0,2.11,12.68,1.41,0.35,0,2.11,0.35,0,0,0.35,4.58,0,0,2.82,2.11,0,0,0,0,0,0,0,0,0,0,0,0.35,2.46,0.7,0,0,0,0.35,0,9.51,6.69,0,1.06,4.93,0,0.35,1.06,1.76,0.7,6.34,2.11,1.06,0.35,0.35,0.35,0,16.9,8.1,2.46,0.35,0.35,3.87,1.76,0
2693,buyer,1,136,12.68,8.72,89.39,12.53,15.11,16.91,89.71,74.26,63.97,22.79,16.91,10.29,0,6.62,0,0,5.88,13.97,8.09,0,9.56,10.29,3.68,9.56,2.94,15.44,5.15,0.74,2.94,0,0.74,2.21,27.94,0,14.71,2.94,2.21,1.47,0.74,0,8.09,0,8.09,3.68,4.41,3.68,2.21,1.47,0,0,0,0,13.24,5.88,2.21,2.21,0.74,0.74,2.21,7.35,0.74,0,0,0.74,0.74,0,0,0.74,5.88,0,0,2.21,3.68,0,0.74,0,0,0,0,0,0,0,0.74,0,0,1.47,0,0,0,0,0,0,1.47,2.21,0,1.47,0,0,0.74,0,3.68,10.29,0.74,2.94,0,0,0,0,0,11.03,6.62,4.41,0,0,0,0,0
2693,buyer,1,175,8.28,4.34,97.69,14.03,12.5,15.43,89.71,71.43,62.29,21.71,16,10.86,0,5.14,0,0,5.71,13.71,5.14,0,10.29,10.86,4,10.29,3.43,15.43,5.14,0,4,0.57,1.14,2.29,28,0.57,12,4,1.71,0,0.57,0,6.29,0,5.14,2.29,2.86,1.71,0.57,1.14,0,0,0,0,12.57,6.86,2.29,1.71,1.14,0,2.86,5.71,0.57,0,0,0.57,0.57,0,0,0.57,5.71,0,0,3.43,2.86,0,0.57,0,0,0,0,0,0,0,0.57,0,0,1.14,0,0,0,0.57,0,0,2.29,4,0,0.57,2.86,0,0.57,0,4.57,8,1.71,5.14,0,0,0,0,0,12.57,8,4.57,0,0,0,0,0
2693,buyer,1,114,9.05,1.83,99,5.65,11.4,14.91,91.23,69.3,61.4,20.18,17.54,12.28,0,5.26,0,0,2.63,13.16,4.39,0,10.53,11.4,2.63,11.4,3.51,15.79,4.39,0,5.26,0.88,0.88,3.51,28.95,0.88,13.16,4.39,1.75,0,0.88,0,7.02,0,3.51,0.88,2.63,1.75,0,1.75,0,0,0,0,14.04,8.77,3.51,2.63,1.75,0,2.63,5.26,0,0,0,0,0.88,0,0,0.88,7.02,0,0,4.39,3.51,0,0,0,0,0,0,0,0,0,0,0,0,0.88,0,0,0,0.88,0,0,2.63,6.14,0,0.88,5.26,0,0,0,5.26,5.26,2.63,7.02,0,0,0,0,0,14.04,8.77,5.26,0,0,0,0,0
2693,seller,1,145,37.7,64.51,53.63,40.45,14.5,17.24,90.34,69.66,58.62,16.55,12.41,4.14,4.14,4.14,0,0,4.14,17.24,9.66,0,11.03,8.97,6.21,6.21,3.45,19.31,2.76,2.07,6.9,4.14,0.69,2.07,26.21,1.38,16.55,4.83,0.69,3.45,3.45,0,5.52,0,2.76,2.07,0.69,2.07,1.38,0.69,0,0.69,0,0,15.17,6.21,2.07,2.07,0.69,0,2.76,8.97,0,0,0,0,2.07,0,0,2.07,6.9,0,0,4.83,3.45,0,1.38,0,0,0,0,0,0,0,0,0,0,2.07,0,0.69,0,0,0,0,6.21,8.28,1.38,0.69,4.83,2.07,0,0,2.07,5.52,4.83,3.45,0,0,0,0,0,18.62,6.9,6.21,0,0,2.76,2.76,0
2693,seller,1,125,26.61,76.19,40.54,31.2,13.89,19.2,88.8,71.2,60,17.6,12.8,3.2,5.6,4,0,0,4.8,17.6,10.4,0,8.8,9.6,7.2,5.6,4,19.2,3.2,1.6,8.8,5.6,0.8,2.4,24,1.6,16,4,0.8,4,2.4,0,6.4,0,2.4,1.6,0.8,0.8,0,0.8,0,0.8,0,0,16.8,6.4,2.4,2.4,0.8,0,2.4,10.4,0,0,0,0,2.4,0,0,2.4,5.6,0,0,3.2,3.2,0,1.6,0,0,0,0,0,0,0,0,0,0,1.6,0,0,0,0,0,0,7.2,8,1.6,0.8,4,2.4,0,0,2.4,3.2,6.4,2.4,0,0,0,0,0,21.6,7.2,8.8,0,0,2.4,3.2,0
2694,buyer,1,34,46.7,12.77,83.69,66.58,11.33,11.76,91.18,73.53,58.82,23.53,17.65,11.76,0,5.88,0,0,5.88,20.59,14.71,2.94,5.88,8.82,0,2.94,2.94,17.65,5.88,5.88,0,0,0,0,29.41,5.88,14.71,2.94,2.94,5.88,0,0,2.94,0,8.82,5.88,2.94,5.88,5.88,0,0,0,0,0,11.76,5.88,0,0,0,2.94,0,5.88,0,0,0,0,5.88,0,0,5.88,5.88,0,0,2.94,2.94,0,0,0,0,0,0,0,0,0,0,0,0,2.94,0,2.94,0,0,0,0,5.88,5.88,0,0,5.88,0,0,0,5.88,11.76,0,0,0,0,0,0,0,11.76,8.82,0,0,0,2.94,0,0
2694,buyer,1,43,30.58,4.93,96.19,3.38,8.6,9.3,90.7,74.42,55.81,23.26,18.6,13.95,0,4.65,0,0,4.65,18.6,11.63,2.33,4.65,6.98,2.33,4.65,2.33,16.28,4.65,2.33,0,0,0,0,25.58,4.65,9.3,4.65,2.33,0,0,0,2.33,0,6.98,2.33,4.65,2.33,0,2.33,0,0,0,0,13.95,9.3,2.33,2.33,0,2.33,0,4.65,0,0,0,0,4.65,0,0,4.65,6.98,0,0,4.65,2.33,0,0,0,0,0,0,0,0,0,0,0,0,2.33,0,0,0,0,0,0,9.3,2.33,0,0,2.33,0,0,0,4.65,9.3,2.33,2.33,4.65,0,2.33,2.33,0,13.95,11.63,0,0,0,2.33,0,0
2694,buyer,1,49,3.32,3.71,98.78,51.68,9.8,8.16,93.88,79.59,57.14,24.49,20.41,14.29,0,6.12,0,0,4.08,12.24,4.08,0,6.12,8.16,6.12,8.16,4.08,20.41,6.12,0,0,0,0,0,32.65,4.08,14.29,6.12,2.04,2.04,2.04,0,4.08,0,10.2,6.12,4.08,6.12,2.04,4.08,0,0,0,0,12.24,6.12,2.04,2.04,0,0,0,6.12,0,0,0,0,2.04,0,0,2.04,8.16,0,0,6.12,2.04,0,0,0,0,0,0,0,0,0,0,0,2.04,4.08,0,0,0,0,0,0,12.24,2.04,0,0,2.04,0,0,0,6.12,8.16,2.04,8.16,6.12,0,4.08,2.04,0,10.2,10.2,0,0,0,0,0,0
2694,buyer,1,55,2.8,2.92,74.91,47.86,13.75,9.09,94.55,67.27,43.64,16.36,14.55,9.09,0,1.82,0,3.64,1.82,12.73,1.82,0,1.82,9.09,5.45,7.27,7.27,23.64,5.45,0,3.64,0,0,3.64,34.55,5.45,14.55,7.27,0,1.82,1.82,0,5.45,0,9.09,5.45,3.64,5.45,1.82,3.64,0,0,0,0,16.36,7.27,5.45,5.45,0,0,0,9.09,0,0,0,0,0,0,0,0,20,0,0,7.27,12.73,0,0,0,0,0,0,0,0,0,0,0,1.82,10.91,0,0,0,0,0,0,16.36,0,0,0,0,0,0,0,1.82,9.09,3.64,7.27,5.45,0,3.64,1.82,0,20,7.27,7.27,0,0,3.64,1.82,0
2694,buyer,1,41,1.93,8.81,59.99,58.42,13.67,12.2,95.12,65.85,41.46,14.63,12.2,4.88,0,2.44,0,4.88,2.44,12.2,0,0,2.44,9.76,4.88,7.32,9.76,26.83,4.88,0,4.88,0,0,4.88,39.02,7.32,17.07,7.32,0,2.44,2.44,0,7.32,0,7.32,4.88,2.44,4.88,2.44,2.44,0,0,0,0,17.07,4.88,4.88,4.88,0,0,0,12.2,0,0,0,0,0,0,0,0,21.95,0,0,7.32,14.63,0,0,0,0,0,0,0,0,0,0,0,2.44,14.63,0,0,0,0,0,0,19.51,0,0,0,0,0,0,0,2.44,12.2,2.44,7.32,4.88,0,4.88,0,0,21.95,4.88,9.76,0,0,4.88,2.44,0
2694,buyer,1,43,8.25,27.38,53.52,,21.5,20.93,93.02,46.51,25.58,9.3,9.3,0,0,0,0,9.3,0,11.63,0,0,0,9.3,0,4.65,11.63,27.91,0,0,9.3,0,0,9.3,34.88,2.33,18.6,9.3,0,0,0,0,9.3,0,0,0,0,0,0,0,0,0,0,0,27.91,9.3,9.3,9.3,0,0,0,18.6,0,0,0,0,0,0,0,0,37.21,0,0,9.3,27.91,0,0,0,0,0,0,0,0,0,0,0,0,18.6,0,0,0,0,0,0,18.6,0,0,0,0,0,0,0,0,18.6,4.65,0,2.33,0,2.33,0,0,37.21,4.65,18.6,0,0,9.3,4.65,0
2694,buyer,1,24,16.96,40.06,39.59,83,12,20.83,91.67,41.67,20.83,8.33,8.33,0,0,0,0,8.33,0,8.33,0,0,0,8.33,0,4.17,8.33,25,0,0,8.33,0,0,8.33,29.17,0,16.67,8.33,0,0,0,0,8.33,0,4.17,4.17,0,0,0,0,0,0,0,0,25,8.33,8.33,8.33,0,0,0,16.67,0,0,0,0,0,0,0,0,37.5,0,0,12.5,25,0,0,0,0,0,0,0,0,0,0,0,0,20.83,0,0,0,0,0,0,16.67,0,0,0,0,0,0,0,0,16.67,4.17,0,4.17,0,4.17,0,0,33.33,4.17,16.67,0,0,8.33,4.17,0
2694,seller,1,37,3.48,14.33,55.76,,12.33,13.51,100,78.38,70.27,32.43,16.22,8.11,0,8.11,0,0,16.22,21.62,13.51,0,2.7,13.51,2.7,2.7,5.41,18.92,2.7,0,0,0,0,0,45.95,10.81,16.22,0,2.7,2.7,0,0,8.11,0,0,0,0,0,0,0,0,0,0,0,10.81,2.7,2.7,0,0,0,0,8.11,0,0,0,0,2.7,0,0,2.7,2.7,0,0,2.7,0,0,0,0,0,0,0,0,0,0,0,0,2.7,2.7,0,0,0,0,0,0,5.41,0,0,0,0,0,0,0,5.41,16.22,2.7,0,0,0,0,0,0,10.81,5.41,2.7,2.7,0,0,0,0
2694,seller,1,40,1,3.95,95.54,2.86,10,10,100,80,65,30,17.5,10,0,7.5,0,0,12.5,20,10,0,0,15,2.5,2.5,7.5,22.5,7.5,2.5,0,0,0,0,52.5,12.5,17.5,5,2.5,2.5,0,0,7.5,0,2.5,0,2.5,2.5,0,2.5,0,0,0,0,10,2.5,2.5,0,0,0,0,7.5,0,0,0,0,2.5,0,0,2.5,5,0,0,2.5,2.5,0,0,0,0,0,0,0,0,0,0,0,2.5,2.5,0,0,0,0,0,0,5,0,0,0,0,0,0,0,7.5,12.5,7.5,0,0,0,0,0,0,15,10,2.5,0,0,2.5,0,0
2694,seller,1,25,1,1,99,1,6.25,12,96,76,64,24,20,16,0,4,0,0,4,12,8,0,0,16,4,0,12,20,8,4,0,0,0,0,48,4,20,8,4,0,0,0,8,0,4,0,4,4,0,4,0,0,0,0,4,0,0,0,0,0,0,4,0,0,0,0,4,0,0,4,8,0,0,4,4,0,0,0,0,0,0,0,0,0,0,0,0,0,0,0,0,0,0,0,4,0,0,0,0,0,0,0,12,8,8,0,0,0,0,0,0,24,16,4,0,0,4,0,0
2694,seller,1,17,3.11,1,99,1,4.25,5.88,94.12,70.59,52.94,17.65,17.65,11.76,0,5.88,0,0,0,11.76,5.88,0,0,17.65,0,0,11.76,23.53,11.76,5.88,5.88,0,0,5.88,47.06,5.88,17.65,11.76,0,0,0,0,5.88,0,11.76,0,11.76,5.88,0,5.88,0,0,0,0,11.76,5.88,0,0,5.88,0,0,5.88,0,0,0,0,0,0,0,0,17.65,0,0,11.76,5.88,0,0,0,0,0,0,0,0,0,0,0,0,0,0,0,0,0,0,0,0,0,0,0,0,0,0,0,5.88,5.88,11.76,0,0,0,0,0,0,23.53,17.65,0,0,0,5.88,0,0
2694,seller,1,20,8.11,40.06,63.35,1,10,5,90,65,60,25,20,10,0,10,0,0,5,10,10,0,5,15,0,5,5,15,5,0,5,0,0,5,30,0,15,0,5,5,0,0,5,0,5,0,5,0,0,0,0,0,0,0,20,10,0,0,5,0,0,10,0,0,0,0,0,0,0,0,15,0,0,5,10,0,0,0,0,0,0,0,0,0,0,0,0,0,0,0,0,0,0,0,0,0,0,0,0,0,0,0,10,10,5,0,0,0,0,0,0,10,10,0,0,0,0,0,0
2694,seller,1,21,18.12,88.15,24.32,20.23,10.5,4.76,90.48,66.67,57.14,28.57,19.05,9.52,4.76,4.76,0,0,9.52,14.29,9.52,0,9.52,14.29,0,4.76,0,14.29,9.52,0,9.52,4.76,0,4.76,23.81,0,9.52,0,4.76,4.76,0,0,0,0,9.52,4.76,4.76,4.76,4.76,0,0,0,0,0,19.05,9.52,0,0,4.76,0,0,9.52,0,0,0,0,0,0,0,0,14.29,0,0,4.76,9.52,0,0,0,0,0,0,0,0,0,0,0,0,0,0,0,0,0,0,0,0,0,0,0,0,0,0,0,9.52,4.76,9.52,0,0,0,0,0,0,9.52,9.52,0,0,0,0,0,0
2694,seller,1,21,18.12,88.15,24.32,20.23,7,4.76,90.48,66.67,57.14,28.57,19.05,9.52,4.76,4.76,0,0,9.52,14.29,9.52,0,9.52,14.29,0,4.76,0,14.29,9.52,0,9.52,4.76,0,4.76,23.81,0,9.52,0,4.76,4.76,0,0,0,0,9.52,4.76,4.76,4.76,4.76,0,0,0,0,0,19.05,9.52,0,0,4.76,0,0,9.52,0,0,0,0,0,0,0,0,14.29,0,0,4.76,9.52,0,0,0,0,0,0,0,0,0,0,0,0,0,0,0,0,0,0,0,0,0,0,0,0,0,0,0,9.52,4.76,9.52,0,0,0,0,0,0,9.52,9.52,0,0,0,0,0,0
2694,seller,1,29,13.62,90.41,21.61,20.23,14.5,20.69,86.21,44.83,31.03,17.24,13.79,3.45,3.45,0,0,6.9,3.45,10.34,0,0,3.45,10.34,0,3.45,3.45,20.69,3.45,0,13.79,3.45,0,10.34,24.14,0,10.34,6.9,0,0,0,0,3.45,0,6.9,3.45,3.45,3.45,3.45,0,0,0,0,0,27.59,10.34,6.9,6.9,3.45,0,0,17.24,0,0,0,0,0,0,0,0,31.03,0,0,10.34,20.69,0,0,0,0,0,0,0,0,0,0,0,0,13.79,0,0,0,0,0,0,10.34,0,0,0,0,0,0,0,0,10.34,6.9,0,0,0,0,0,0,27.59,6.9,13.79,0,0,3.45,3.45,0
2695,buyer,1,55,50.6,50.89,50.45,47.86,27.5,14.55,92.73,80,61.82,20,18.18,10.91,0,7.27,0,0,1.82,20,10.91,0,12.73,9.09,5.45,5.45,0,21.82,7.27,1.82,1.82,0,0,1.82,20,0,10.91,5.45,0,1.82,0,0,1.82,0,5.45,3.64,1.82,0,0,0,0,0,0,0,18.18,10.91,1.82,5.45,0,1.82,7.27,7.27,0,0,0,0,1.82,0,0,1.82,9.09,0,0,3.64,5.45,0,0,0,0,0,0,0,0,0,0,0,0,3.64,0,0,0,0,0,0,0,1.82,0,0,1.82,0,0,0,0,9.09,1.82,0,0,0,0,0,0,9.09,1.82,5.45,1.82,0,0,0,0
2695,buyer,1,62,20.52,31.06,86.48,20.23,20.67,16.13,88.71,79.03,61.29,19.35,17.74,9.68,0,8.06,0,0,1.61,17.74,8.06,0,9.68,11.29,6.45,6.45,1.61,20.97,9.68,1.61,0,0,0,0,24.19,0,17.74,6.45,0,3.23,1.61,0,6.45,0,3.23,1.61,1.61,0,0,0,0,0,0,0,12.9,4.84,1.61,1.61,0,1.61,3.23,8.06,0,0,0,0,3.23,0,0,3.23,6.45,0,0,4.84,1.61,0,0,0,0,0,0,0,0,0,0,0,0,1.61,0,0,0,0,0,0,1.61,4.84,0,1.61,3.23,0,0,0,0,6.45,1.61,0,1.61,0,1.61,0,0,9.68,1.61,4.84,3.23,0,0,0,0
2695,buyer,1,57,12.74,50.51,96.42,74.93,14.25,17.54,91.23,80.7,61.4,19.3,17.54,8.77,0,8.77,0,0,1.75,15.79,5.26,0,10.53,10.53,8.77,7.02,1.75,21.05,10.53,1.75,0,0,0,0,26.32,0,21.05,10.53,0,3.51,1.75,0,5.26,0,3.51,3.51,0,0,0,0,0,0,0,0,15.79,7.02,5.26,3.51,0,0,5.26,8.77,0,0,0,0,1.75,0,0,1.75,5.26,0,0,5.26,0,0,0,0,0,0,0,0,0,0,0,0,0,0,0,0,0,0,0,0,3.51,5.26,0,1.75,3.51,0,0,0,1.75,1.75,1.75,0,3.51,0,3.51,0,0,12.28,1.75,5.26,3.51,1.75,0,0,0
2695,buyer,1,34,29.85,1,99,95.42,11.33,17.65,88.24,73.53,52.94,14.71,11.76,8.82,0,2.94,0,0,2.94,11.76,5.88,0,8.82,8.82,5.88,5.88,2.94,17.65,11.76,0,0,0,0,0,26.47,0,20.59,8.82,0,2.94,2.94,0,8.82,0,5.88,5.88,0,0,0,0,0,0,0,0,8.82,5.88,5.88,2.94,0,0,2.94,2.94,0,0,0,0,2.94,0,0,2.94,5.88,0,0,5.88,0,0,0,0,0,0,0,0,0,0,0,0,0,2.94,0,0,0,0,0,0,5.88,5.88,0,2.94,2.94,0,0,0,2.94,0,2.94,0,5.88,0,5.88,0,0,11.76,0,5.88,2.94,2.94,0,0,0
2695,seller,1,50,15.41,74.29,13.33,20.23,12.5,6,92,82,70,20,14,6,4,4,0,0,6,16,10,0,12,16,8,6,2,20,6,2,4,4,0,0,28,2,18,2,0,6,2,4,2,0,4,2,2,2,2,0,0,0,0,0,14,6,2,0,0,2,0,8,0,0,0,0,0,0,0,0,2,0,0,0,2,0,0,0,0,0,0,0,0,0,0,0,0,2,0,0,0,0,0,0,6,4,0,2,4,0,0,0,2,0,8,4,4,0,2,2,0,12,6,4,2,0,0,0,0
2695,seller,1,57,4.76,98.27,14.46,74.93,14.25,7.02,94.74,82.46,75.44,22.81,15.79,3.51,5.26,7.02,0,0,7.02,14.04,7.02,0,14.04,19.3,7.02,8.77,1.75,21.05,3.51,1.75,5.26,5.26,0,0,28.07,1.75,17.54,1.75,0,7.02,1.75,3.51,3.51,0,3.51,3.51,0,3.51,3.51,0,0,0,0,0,17.54,5.26,3.51,0,0,0,0,12.28,0,0,0,0,0,0,0,0,1.75,0,0,0,1.75,0,0,0,0,0,0,0,0,0,0,3.51,0,1.75,0,0,0,0,0,0,3.51,5.26,0,1.75,5.26,0,0,0,3.51,0,5.26,7.02,3.51,0,1.75,1.75,0,12.28,7.02,5.26,0,0,0,0,0
2695,seller,1,46,6.11,97.92,17.84,53.96,15.33,17.39,95.65,67.39,58.7,17.39,10.87,0,2.17,4.35,0,4.35,6.52,13.04,2.17,0,8.7,19.57,2.17,6.52,2.17,26.09,2.17,4.35,6.52,2.17,0,4.35,34.78,2.17,19.57,6.52,0,4.35,2.17,2.17,4.35,0,2.17,2.17,0,2.17,2.17,0,0,0,0,0,21.74,6.52,6.52,4.35,0,0,0,15.22,0,0,0,0,0,0,0,0,17.39,0,0,4.35,13.04,0,0,0,0,0,0,0,0,0,0,4.35,0,8.7,0,2.17,0,0,0,0,6.52,4.35,0,0,4.35,0,0,0,2.17,6.52,2.17,6.52,2.17,0,2.17,0,0,21.74,6.52,13.04,0,0,0,2.17,0
2696,buyer,1,76,17.38,47.87,25.39,20.23,10.86,19.74,92.11,73.68,57.89,21.05,17.11,10.53,0,6.58,0,0,3.95,15.79,9.21,0,7.89,10.53,6.58,6.58,1.32,18.42,7.89,3.95,0,0,0,0,30.26,1.32,18.42,6.58,2.63,7.89,1.32,0,0,0,10.53,5.26,5.26,2.63,2.63,0,0,0,0,0,17.11,10.53,2.63,3.95,0,0,6.58,6.58,0,0,0,0,0,0,0,0,7.89,0,0,5.26,2.63,0,0,0,0,0,0,0,0,0,0,0,0,1.32,0,0,0,0,0,0,5.26,6.58,0,0,5.26,1.32,0,0,0,7.89,5.26,2.63,1.32,0,1.32,0,0,17.11,3.95,3.95,2.63,2.63,3.95,0,0
2696,buyer,1,90,5.4,89.5,19.26,3.72,10,20,92.22,77.78,60,21.11,17.78,7.78,0,10,0,0,3.33,13.33,5.56,0,8.89,11.11,8.89,10,1.11,21.11,8.89,4.44,3.33,0,1.11,2.22,27.78,1.11,16.67,6.67,1.11,6.67,1.11,0,1.11,0,6.67,2.22,4.44,0,0,0,0,0,0,0,20,10,4.44,5.56,0,0,5.56,10,0,0,0,0,0,0,0,0,6.67,0,0,5.56,2.22,0,0,0,0,0,0,0,0,0,0,0,1.11,0,0,0,0,0,0,0,5.56,4.44,0,1.11,2.22,1.11,0,0,1.11,6.67,4.44,2.22,1.11,0,1.11,0,0,18.89,5.56,4.44,3.33,1.11,3.33,1.11,0
2696,buyer,1,79,3.5,97.9,56.26,8.44,9.88,22.78,92.41,75.95,58.23,22.78,20.25,7.59,0,12.66,0,0,2.53,12.66,3.8,0,8.86,7.59,8.86,12.66,1.27,17.72,10.13,3.8,5.06,0,1.27,3.8,22.78,0,15.19,8.86,1.27,3.8,0,0,1.27,0,8.86,3.8,5.06,1.27,0,1.27,0,0,0,0,24.05,11.39,6.33,7.59,0,0,7.59,12.66,0,0,0,0,0,0,0,0,8.86,0,0,7.59,2.53,0,0,0,0,0,0,0,0,0,0,0,1.27,0,0,1.27,0,0,0,0,2.53,5.06,0,1.27,2.53,1.27,0,0,1.27,5.06,2.53,0,0,0,0,0,0,17.72,5.06,5.06,2.53,1.27,2.53,1.27,0
2696,buyer,1,68,1.46,95.91,76.27,20.23,17,16.18,95.59,79.41,64.71,22.06,20.59,7.35,0,13.24,0,0,1.47,7.35,1.47,0,11.76,8.82,11.76,16.18,0,16.18,8.82,2.94,7.35,0,1.47,5.88,25,0,14.71,4.41,0,2.94,2.94,0,5.88,0,8.82,4.41,4.41,2.94,0,2.94,0,0,0,0,23.53,10.29,7.35,8.82,0,0,4.41,13.24,0,0,0,0,0,0,0,0,7.35,0,0,5.88,2.94,0,0,0,0,0,0,0,0,0,0,0,1.47,0,0,1.47,0,0,1.47,0,5.88,4.41,1.47,1.47,1.47,0,0,0,4.41,1.47,4.41,2.94,0,0,0,0,0,13.24,4.41,5.88,1.47,0,0,1.47,0
2696,buyer,1,43,5.88,78.8,96.19,20.23,21.5,11.63,95.35,76.74,62.79,23.26,20.93,9.3,0,11.63,0,0,2.33,6.98,2.33,0,13.95,6.98,9.3,13.95,0,11.63,9.3,2.33,4.65,0,0,4.65,25.58,0,13.95,4.65,0,0,4.65,0,6.98,0,13.95,6.98,6.98,4.65,0,4.65,0,0,0,0,20.93,9.3,6.98,6.98,0,0,4.65,11.63,0,0,0,0,0,0,0,0,9.3,0,0,6.98,2.33,0,0,0,0,0,0,0,0,0,0,0,0,2.33,0,2.33,0,0,2.33,0,6.98,4.65,2.33,0,2.33,0,0,0,4.65,0,6.98,4.65,0,0,0,0,0,9.3,2.33,6.98,0,0,0,0,0
2696,seller,1,7,2.35,1,24.32,,3.5,0,85.71,85.71,42.86,14.29,14.29,14.29,0,0,0,0,0,0,0,0,0,14.29,14.29,0,0,14.29,42.86,0,0,0,0,0,28.57,0,14.29,0,0,0,0,14.29,0,0,0,0,0,0,0,0,0,0,0,0,14.29,14.29,14.29,0,0,0,0,0,0,0,0,0,0,0,0,0,0,0,0,0,0,0,0,0,0,0,0,0,0,0,0,0,0,0,0,0,0,0,0,0,28.57,0,0,0,0,0,0,0,0,0,0,14.29,14.29,0,14.29,0,0,28.57,0,14.29,14.29,0,0,0,0
2696,seller,1,8,5.64,1,89.39,,8,12.5,87.5,75,37.5,25,25,25,0,0,0,0,0,0,0,0,0,12.5,0,0,0,12.5,37.5,0,12.5,0,0,12.5,12.5,0,0,0,0,0,0,0,0,0,0,0,0,0,0,0,0,0,0,0,25,25,25,12.5,0,0,0,0,0,0,0,0,0,0,0,0,0,0,0,0,0,0,0,0,0,0,0,0,0,0,0,0,0,0,0,0,0,0,0,0,25,0,0,0,0,0,0,0,0,0,0,12.5,12.5,0,12.5,0,0,12.5,0,12.5,0,0,0,0,0
2696,seller,1,6,1,98.75,39.59,99,6,33.33,100,66.67,50,33.33,33.33,16.67,0,16.67,0,0,0,0,0,0,0,16.67,0,0,0,16.67,16.67,0,33.33,16.67,0,16.67,16.67,0,0,0,0,0,0,0,0,0,16.67,16.67,0,0,0,0,0,0,0,0,50,33.33,16.67,33.33,0,0,0,16.67,0,0,0,0,0,0,0,0,0,0,0,0,0,0,0,0,0,0,0,0,0,0,0,0,0,0,0,0,0,0,0,0,16.67,0,0,0,0,0,0,0,0,0,16.67,0,16.67,0,16.67,0,0,0,0,0,0,0,0,0,0
2696,seller,1,26,14.06,99,30.98,79.29,26,30.77,88.46,42.31,30.77,15.38,15.38,3.85,0,3.85,0,7.69,0,7.69,0,0,0,11.54,0,3.85,0,19.23,3.85,3.85,15.38,3.85,0,11.54,23.08,0,7.69,7.69,0,0,0,0,0,0,3.85,3.85,0,0,0,0,0,0,0,0,34.62,15.38,11.54,15.38,0,0,0,19.23,0,0,0,0,0,0,0,0,30.77,0,0,7.69,23.08,0,0,0,0,0,0,0,0,0,0,0,0,15.38,0,3.85,0,0,0,0,11.54,3.85,0,0,3.85,0,0,0,0,7.69,7.69,0,0,0,0,0,0,23.08,3.85,15.38,0,0,0,3.85,0
2697,buyer,1,35,12.97,6.16,11.24,99,5,5.71,91.43,71.43,60,20,14.29,11.43,0,2.86,0,0,5.71,14.29,8.57,0,8.57,20,5.71,2.86,0,25.71,2.86,0,0,0,0,0,34.29,0,20,5.71,2.86,11.43,2.86,0,2.86,0,14.29,11.43,2.86,8.57,5.71,2.86,0,0,0,0,5.71,2.86,0,2.86,0,0,2.86,2.86,0,0,0,0,0,0,0,0,8.57,0,0,2.86,5.71,0,0,0,0,0,0,0,0,0,0,0,5.71,8.57,0,0,0,0,0,0,5.71,5.71,0,0,2.86,0,2.86,0,0,5.71,2.86,11.43,2.86,0,2.86,0,0,28.57,17.14,2.86,2.86,0,5.71,0,0
2697,buyer,1,41,12.54,4.28,87.24,99,5.13,7.32,92.68,68.29,58.54,21.95,14.63,12.2,0,2.44,0,0,7.32,17.07,9.76,0,7.32,19.51,4.88,2.44,0,24.39,2.44,0,0,0,0,0,31.71,0,19.51,7.32,2.44,9.76,2.44,0,2.44,0,21.95,19.51,2.44,9.76,7.32,2.44,0,0,0,0,14.63,12.2,2.44,9.76,0,0,0,2.44,0,0,0,0,0,0,0,0,7.32,0,0,2.44,4.88,0,0,0,0,0,0,0,0,0,0,0,4.88,7.32,0,0,0,0,0,0,4.88,4.88,0,0,2.44,0,2.44,0,9.76,4.88,2.44,9.76,2.44,0,2.44,0,0,26.83,17.07,2.44,2.44,0,4.88,0,0
2697,buyer,1,42,3.52,27.1,99,99,7,16.67,92.86,54.76,42.86,19.05,14.29,7.14,0,2.38,0,4.76,4.76,16.67,2.38,0,2.38,14.29,2.38,4.76,4.76,21.43,2.38,0,4.76,0,0,4.76,30.95,2.38,16.67,11.9,2.38,0,2.38,0,4.76,0,14.29,11.9,2.38,4.76,2.38,2.38,0,0,0,0,28.57,16.67,7.14,14.29,0,0,0,11.9,0,0,0,0,0,0,0,0,21.43,0,0,7.14,14.29,0,0,0,0,0,0,0,0,0,0,0,0,11.9,0,0,0,0,0,0,14.29,4.76,0,0,2.38,0,2.38,0,9.52,4.76,4.76,4.76,2.38,0,2.38,0,0,33.33,11.9,11.9,2.38,0,4.76,2.38,0
2697,seller,1,61,19.57,10.78,61.1,44.83,7.63,14.75,90.16,73.77,57.38,21.31,13.11,9.84,0,3.28,0,0,8.2,18.03,4.92,0,9.84,9.84,4.92,4.92,1.64,14.75,8.2,1.64,3.28,0,1.64,3.28,31.15,3.28,14.75,4.92,1.64,1.64,6.56,0,1.64,0,8.2,4.92,3.28,4.92,1.64,3.28,0,0,0,0,11.48,8.2,6.56,3.28,0,0,1.64,3.28,0,0,0,0,0,0,0,0,4.92,0,0,3.28,1.64,0,0,0,0,0,0,0,0,0,0,0,0,1.64,0,0,0,0,0,0,6.56,4.92,0,0,1.64,1.64,1.64,0,3.28,1.64,11.48,0,3.28,0,1.64,1.64,0,22.95,11.48,6.56,1.64,0,3.28,0,0
2697,seller,1,60,18.61,22.56,39.59,45.29,7.5,15,90,76.67,58.33,23.33,15,10,0,5,0,0,8.33,18.33,5,0,10,8.33,5,5,1.67,15,8.33,1.67,3.33,0,1.67,3.33,26.67,3.33,13.33,3.33,0,1.67,6.67,0,1.67,0,8.33,5,3.33,5,1.67,3.33,0,0,0,0,13.33,8.33,8.33,3.33,0,0,1.67,5,0,0,0,0,0,0,0,0,5,0,0,3.33,1.67,0,0,0,0,0,0,0,0,0,0,0,0,1.67,0,0,0,0,0,0,5,5,0,0,1.67,1.67,1.67,0,1.67,1.67,8.33,0,3.33,0,1.67,1.67,0,23.33,11.67,6.67,0,1.67,3.33,0,0
2697,seller,1,24,10.19,64.67,68.87,99,6,12.5,95.83,75,58.33,25,20.83,12.5,0,8.33,0,0,4.17,12.5,4.17,0,8.33,4.17,8.33,8.33,0,12.5,4.17,0,4.17,0,0,4.17,20.83,4.17,16.67,8.33,0,4.17,4.17,0,0,0,16.67,12.5,4.17,8.33,4.17,4.17,0,0,0,0,20.83,12.5,12.5,8.33,0,0,4.17,8.33,0,0,0,0,0,0,0,0,8.33,0,0,8.33,0,0,0,0,0,0,0,0,0,0,0,0,0,8.33,0,0,0,0,0,0,8.33,4.17,0,0,4.17,0,0,0,0,0,4.17,0,4.17,0,4.17,0,0,25,8.33,12.5,0,4.17,0,0,0
2699,buyer,1,45,94.42,40.06,4.71,85.84,22.5,15.56,91.11,71.11,60,11.11,8.89,6.67,0,2.22,0,0,2.22,20,15.56,0,15.56,8.89,4.44,2.22,0,13.33,6.67,4.44,0,0,0,0,20,0,13.33,2.22,2.22,6.67,0,0,2.22,0,8.89,6.67,2.22,4.44,4.44,0,0,0,0,0,13.33,6.67,2.22,4.44,0,2.22,2.22,6.67,0,0,0,0,0,0,0,0,4.44,0,0,2.22,4.44,0,0,0,0,0,0,0,0,0,0,0,0,4.44,0,0,0,0,0,0,6.67,2.22,0,0,2.22,0,0,0,2.22,4.44,0,0,0,0,0,0,0,6.67,2.22,2.22,2.22,0,0,0,0
2699,buyer,1,80,58.42,5.84,45.52,8.55,26.67,18.75,93.75,75,61.25,17.5,15,11.25,1.25,2.5,0,0,2.5,17.5,11.25,0,13.75,8.75,3.75,7.5,1.25,15,7.5,2.5,3.75,1.25,0,2.5,25,0,20,5,1.25,6.25,2.5,0,6.25,0,8.75,3.75,5,3.75,2.5,1.25,0,0,0,0,11.25,5,2.5,2.5,0,1.25,0,6.25,0,0,0,0,0,0,0,0,6.25,0,0,5,3.75,0,3.75,2.5,0,0,0,0,0,0,0,0,0,2.5,0,0,0,0,0,0,7.5,1.25,0,0,0,0,0,1.25,1.25,2.5,2.5,0,0,0,0,0,0,6.25,1.25,2.5,1.25,0,1.25,0,0
2699,buyer,1,86,33.73,21.86,45.11,20.23,28.67,23.26,93.02,66.28,52.33,16.28,15.12,9.3,1.16,2.33,0,2.33,1.16,15.12,6.98,0,9.3,10.47,2.33,8.14,1.16,18.6,5.81,2.33,5.81,1.16,0,4.65,27.91,0,20.93,6.98,1.16,5.81,2.33,0,5.81,0,6.98,3.49,3.49,3.49,2.33,1.16,0,0,0,0,15.12,5.81,4.65,4.65,0,0,0,9.3,0,0,0,0,0,0,0,0,15.12,0,0,6.98,10.47,0,3.49,2.33,0,0,0,0,0,0,0,0,0,5.81,0,0,0,0,0,0,9.3,1.16,0,0,0,0,0,1.16,1.16,3.49,3.49,0,0,0,0,0,0,12.79,2.33,6.98,1.16,0,1.16,1.16,0
2699,seller,1,22,45.12,1.08,79.84,1,11,27.27,90.91,72.73,59.09,9.09,4.55,4.55,0,0,0,0,4.55,18.18,13.64,0,4.55,13.64,4.55,4.55,4.55,13.64,13.64,4.55,4.55,0,0,4.55,36.36,4.55,13.64,4.55,0,0,0,0,9.09,0,4.55,0,4.55,0,0,0,0,0,0,0,18.18,13.64,4.55,4.55,0,4.55,4.55,4.55,0,0,0,0,0,0,0,0,4.55,0,0,0,4.55,0,0,0,0,0,0,0,0,0,0,0,0,0,0,0,0,0,0,0,4.55,0,0,0,0,0,0,0,4.55,4.55,9.09,0,0,0,0,0,0,9.09,4.55,0,4.55,0,0,0,0
2699,seller,1,41,34.12,1,75.67,58.42,13.67,26.83,92.68,65.85,56.1,7.32,7.32,7.32,0,0,0,0,0,17.07,14.63,0,2.44,14.63,4.88,7.32,4.88,14.63,9.76,4.88,4.88,0,0,4.88,31.71,2.44,19.51,2.44,0,4.88,0,0,12.2,0,2.44,2.44,0,0,0,0,0,0,0,0,14.63,12.2,7.32,4.88,0,0,2.44,2.44,0,0,0,0,0,0,0,0,7.32,0,0,0,7.32,0,0,0,0,0,0,0,0,0,0,0,0,2.44,0,4.88,0,0,0,0,2.44,2.44,0,0,2.44,0,0,0,2.44,2.44,4.88,2.44,0,0,0,0,0,12.2,4.88,4.88,2.44,0,0,0,0
2699,seller,1,35,24.37,1,80.49,94.7,8.75,22.86,97.14,62.86,54.29,8.57,8.57,8.57,0,0,0,0,0,14.29,11.43,0,2.86,14.29,5.71,8.57,2.86,14.29,8.57,5.71,5.71,0,0,5.71,31.43,2.86,20,2.86,0,5.71,0,0,11.43,0,5.71,5.71,0,0,0,0,0,0,0,0,14.29,14.29,8.57,5.71,0,0,2.86,0,0,0,0,0,0,0,0,0,11.43,0,0,2.86,8.57,0,0,0,0,0,0,0,0,0,0,0,0,5.71,0,5.71,0,0,0,0,0,2.86,0,0,2.86,0,0,0,2.86,0,5.71,2.86,0,0,0,0,0,14.29,5.71,5.71,2.86,0,0,0,0
2702,buyer,1,45,33.38,5.61,19.26,54.76,11.25,8.89,86.67,68.89,60,26.67,13.33,11.11,0,2.22,0,0,13.33,11.11,11.11,0,8.89,8.89,2.22,2.22,2.22,13.33,2.22,0,0,0,0,0,17.78,0,6.67,0,0,2.22,0,0,2.22,0,2.22,2.22,0,0,0,0,0,0,0,0,8.89,4.44,0,2.22,0,0,4.44,4.44,0,0,0,0,0,0,0,0,4.44,0,0,2.22,2.22,0,0,0,0,0,0,0,0,0,0,0,2.22,2.22,4.44,0,0,0,0,0,6.67,2.22,0,0,0,2.22,0,0,2.22,11.11,4.44,0,2.22,2.22,0,0,0,13.33,4.44,0,0,2.22,2.22,4.44,0
2702,buyer,1,40,32.63,3.95,45.52,59.44,10,5,92.5,75,65,20,7.5,5,0,2.5,0,0,12.5,12.5,10,0,12.5,10,5,5,5,15,2.5,0,0,0,0,0,25,2.5,15,0,0,0,2.5,5,7.5,0,2.5,2.5,0,0,0,0,0,0,0,0,10,5,0,2.5,0,0,5,5,0,0,0,0,0,0,0,0,2.5,0,0,2.5,0,0,0,0,0,0,0,0,0,0,0,0,0,0,5,0,0,0,0,0,10,10,0,0,5,5,0,0,0,10,5,0,2.5,2.5,0,0,0,15,5,2.5,0,2.5,2.5,2.5,0
2702,buyer,1,62,9.48,2.59,47.26,,15.5,8.06,91.94,77.42,64.52,24.19,14.52,9.68,0,1.61,1.61,0,9.68,8.06,4.84,0,12.9,14.52,3.23,6.45,3.23,22.58,3.23,1.61,0,0,0,0,33.87,1.61,20.97,0,1.61,3.23,4.84,6.45,6.45,0,0,0,0,0,0,0,0,0,0,0,9.68,3.23,0,0,0,0,3.23,6.45,1.61,0,0,3.23,0,0,0,0,3.23,0,0,1.61,1.61,0,0,0,0,0,0,0,0,0,0,0,0,1.61,0,0,0,0,0,0,8.06,11.29,3.23,1.61,3.23,3.23,0,0,1.61,12.9,3.23,1.61,1.61,1.61,0,0,0,11.29,3.23,3.23,0,1.61,1.61,1.61,0
2702,buyer,1,67,5.8,24.15,48.48,,33.5,8.96,94.03,74.63,61.19,22.39,14.93,7.46,0,1.49,1.49,2.99,7.46,8.96,4.48,0,10.45,14.93,2.99,8.96,2.99,25.37,2.99,1.49,0,0,0,0,38.81,1.49,23.88,2.99,1.49,4.48,7.46,5.97,5.97,0,0,0,0,0,0,0,0,0,0,0,16.42,4.48,0,0,0,0,4.48,11.94,1.49,0,0,2.99,0,0,0,0,4.48,0,0,1.49,2.99,0,0,0,0,0,0,0,0,0,0,0,0,4.48,0,0,0,0,0,1.49,10.45,8.96,2.99,1.49,2.99,1.49,0,0,2.99,8.96,4.48,4.48,0,0,0,0,0,5.97,1.49,2.99,0,0,1.49,0,0
2702,buyer,1,67,1.69,74.15,28.11,7.03,33.5,7.46,92.54,74.63,61.19,26.87,19.4,8.96,0,4.48,1.49,2.99,7.46,8.96,4.48,0,7.46,16.42,2.99,8.96,1.49,25.37,4.48,1.49,0,0,0,0,34.33,0,20.9,4.48,1.49,5.97,5.97,2.99,2.99,0,1.49,0,1.49,1.49,0,1.49,0,0,0,0,20.9,5.97,1.49,1.49,0,0,4.48,14.93,1.49,0,0,2.99,0,0,0,0,5.97,0,0,2.99,2.99,0,0,0,0,0,0,0,0,0,0,0,0,4.48,0,0,0,0,0,1.49,8.96,4.48,2.99,1.49,0,0,0,0,4.48,8.96,5.97,4.48,0,0,0,0,0,5.97,1.49,1.49,1.49,0,1.49,0,0
2702,buyer,1,48,1.39,84.23,68.87,1,12,8.33,95.83,75,64.58,25,18.75,8.33,0,6.25,0,4.17,6.25,18.75,8.33,2.08,2.08,14.58,6.25,8.33,2.08,20.83,6.25,2.08,0,0,0,0,35.42,2.08,22.92,6.25,2.08,4.17,6.25,0,2.08,0,4.17,0,4.17,2.08,0,2.08,0,0,0,0,18.75,4.17,2.08,2.08,0,0,2.08,14.58,0,0,0,0,0,0,0,0,6.25,0,0,4.17,2.08,0,0,0,0,0,0,0,0,0,0,0,0,4.17,0,0,0,0,2.08,2.08,14.58,0,0,0,0,0,0,0,8.33,2.08,6.25,4.17,0,0,0,0,0,6.25,2.08,0,4.17,0,0,0,0
2702,seller,1,42,5.14,4.61,39.59,57.46,7,9.52,92.86,83.33,73.81,26.19,9.52,4.76,0,4.76,0,0,16.67,16.67,9.52,0,7.14,16.67,4.76,0,7.14,21.43,2.38,0,0,0,0,0,30.95,2.38,14.29,2.38,2.38,2.38,0,2.38,7.14,0,2.38,2.38,0,0,0,0,0,0,0,0,9.52,4.76,0,2.38,0,0,4.76,4.76,0,0,0,0,0,0,0,0,0,0,0,0,0,0,0,0,0,0,0,0,0,0,0,0,0,0,0,0,0,0,0,0,7.14,9.52,0,0,4.76,4.76,0,0,0,11.9,4.76,0,2.38,2.38,0,0,0,14.29,7.14,0,7.14,0,0,0,0
2702,seller,1,55,8.65,5.27,9.55,47.86,9.17,12.73,90.91,85.45,70.91,21.82,9.09,5.45,0,3.64,0,0,12.73,21.82,10.91,0,7.27,14.55,7.27,1.82,7.27,20,7.27,0,0,0,0,0,27.27,3.64,9.09,1.82,0,1.82,0,1.82,3.64,0,1.82,1.82,0,0,0,0,0,0,0,0,9.09,5.45,1.82,0,0,0,3.64,3.64,0,0,0,0,0,0,0,0,3.64,0,0,0,3.64,0,0,0,0,0,0,0,0,0,0,0,0,1.82,0,0,0,0,0,0,9.09,5.45,0,0,1.82,3.64,0,0,0,10.91,5.45,0,1.82,1.82,0,0,0,14.55,9.09,3.64,1.82,0,0,0,0
2702,seller,1,86,1,4.93,36.92,20.23,12.29,11.63,95.35,82.56,74.42,24.42,11.63,6.98,0,4.65,0,0,12.79,20.93,8.14,0,5.81,16.28,8.14,6.98,5.81,18.6,4.65,0,0,0,0,0,34.88,3.49,13.95,2.33,0,3.49,1.16,2.33,5.81,0,2.33,1.16,1.16,0,0,0,0,0,0,0,11.63,6.98,2.33,0,0,0,4.65,4.65,0,0,0,0,0,0,0,0,4.65,0,0,0,4.65,0,0,0,0,0,0,0,0,0,0,0,0,1.16,0,0,0,0,0,0,6.98,5.81,0,0,3.49,2.33,0,0,1.16,6.98,10.47,0,1.16,1.16,0,0,0,13.95,6.98,5.81,1.16,0,0,0,0
2702,seller,1,80,1.28,5.84,36.72,38.3,13.33,13.75,95,78.75,71.25,22.5,8.75,5,0,3.75,0,0,13.75,21.25,8.75,0,5,16.25,7.5,8.75,5,17.5,6.25,0,0,0,0,0,37.5,2.5,13.75,2.5,1.25,2.5,1.25,1.25,6.25,0,3.75,2.5,1.25,0,0,0,0,0,0,0,13.75,10,2.5,0,0,0,7.5,3.75,0,0,0,0,0,0,0,0,5,0,0,0,5,0,0,0,0,0,0,0,0,0,0,0,0,1.25,0,0,0,0,0,0,3.75,3.75,0,0,3.75,0,0,0,1.25,7.5,12.5,0,0,0,0,0,0,15,7.5,7.5,0,0,0,0,0
2702,seller,1,76,1,10.72,42.69,20.23,15.2,13.16,96.05,80.26,75,27.63,11.84,6.58,0,5.26,0,0,15.79,19.74,5.26,0,6.58,19.74,3.95,10.53,3.95,22.37,3.95,0,0,0,0,0,38.16,1.32,17.11,2.63,1.32,5.26,1.32,1.32,7.89,0,2.63,1.32,1.32,0,0,0,0,0,0,0,15.79,9.21,1.32,0,0,1.32,6.58,6.58,0,0,0,0,0,0,0,0,3.95,0,0,0,3.95,0,0,0,0,0,0,0,0,0,0,0,0,0,0,0,0,0,0,0,5.26,3.95,0,0,2.63,1.32,0,0,2.63,5.26,13.16,0,0,0,0,0,0,14.47,6.58,6.58,0,0,1.32,0,0
2702,seller,1,37,1,25.5,55.76,62.77,9.25,13.51,94.59,83.78,72.97,32.43,13.51,8.11,0,5.41,0,0,18.92,18.92,2.7,0,10.81,18.92,0,8.11,2.7,27.03,5.41,0,0,0,0,0,29.73,0,13.51,2.7,2.7,5.41,0,0,5.41,0,2.7,2.7,0,0,0,0,0,0,0,0,16.22,8.11,0,0,0,2.7,5.41,8.11,0,0,0,0,0,0,0,0,2.7,0,0,0,2.7,0,0,0,0,0,0,0,0,0,0,0,0,0,0,0,0,0,0,0,8.11,8.11,0,2.7,2.7,2.7,0,0,2.7,5.41,10.81,0,0,0,0,0,0,18.92,10.81,5.41,0,0,2.7,0,0
2703,buyer,1,56,18.12,14.49,94.2,,28,12.5,91.07,67.86,55.36,23.21,21.43,14.29,0,7.14,0,0,1.79,10.71,5.36,0,12.5,8.93,5.36,7.14,1.79,14.29,5.36,3.57,0,0,0,0,21.43,0,12.5,5.36,0,1.79,1.79,0,3.57,0,0,0,0,0,0,0,0,0,0,0,12.5,5.36,0,0,0,0,1.79,7.14,0,0,0,0,0,0,0,0,14.29,0,0,8.93,5.36,0,0,0,0,0,0,0,0,0,0,3.57,1.79,5.36,0,3.57,0,0,0,0,5.36,5.36,0,0,5.36,0,0,0,0,1.79,3.57,8.93,1.79,0,1.79,0,0,7.14,7.14,0,0,0,0,0,0
2703,buyer,1,55,8.65,8.91,90.83,47.86,55,10.91,89.09,70.91,58.18,25.45,21.82,14.55,0,7.27,0,0,3.64,10.91,5.45,0,9.09,9.09,5.45,7.27,1.82,12.73,9.09,3.64,0,0,0,0,21.82,0,10.91,3.64,0,1.82,3.64,0,5.45,0,1.82,1.82,0,0,0,0,0,0,0,0,12.73,5.45,0,0,0,0,1.82,7.27,0,0,0,0,0,0,0,0,12.73,0,0,7.27,5.45,0,0,0,0,0,0,0,0,0,0,0,1.82,3.64,0,3.64,0,0,0,0,3.64,5.45,0,0,3.64,0,0,1.82,0,1.82,5.45,5.45,1.82,0,1.82,0,0,10.91,10.91,0,0,0,0,0,0
2703,buyer,1,45,1,40.06,99,54.76,45,2.22,91.11,75.56,62.22,31.11,28.89,17.78,0,11.11,0,0,2.22,15.56,4.44,0,4.44,8.89,8.89,8.89,0,13.33,8.89,4.44,0,0,0,0,22.22,0,11.11,4.44,0,2.22,4.44,0,4.44,0,2.22,2.22,0,0,0,0,0,0,0,0,20,8.89,0,0,0,0,0,11.11,0,0,0,0,0,0,0,0,8.89,0,0,4.44,4.44,0,0,0,0,0,0,0,0,0,0,0,2.22,0,0,4.44,0,0,0,0,4.44,8.89,0,0,6.67,0,0,2.22,0,0,4.44,6.67,2.22,0,2.22,0,0,8.89,6.67,0,2.22,0,0,0,0
2703,buyer,1,43,5.88,78.8,98.53,87.73,43,4.65,93.02,74.42,62.79,27.91,25.58,13.95,0,11.63,0,0,2.33,16.28,4.65,0,9.3,6.98,9.3,6.98,0,13.95,6.98,2.33,0,0,0,0,18.6,0,11.63,6.98,0,2.33,2.33,0,2.33,0,4.65,4.65,0,2.33,2.33,0,0,0,0,0,16.28,4.65,0,0,0,0,0,11.63,0,0,0,0,0,0,0,0,9.3,0,0,6.98,2.33,0,0,0,0,0,0,0,0,0,0,0,2.33,0,0,2.33,0,0,0,0,4.65,11.63,0,2.33,6.98,0,0,2.33,0,0,2.33,4.65,0,0,0,0,0,9.3,6.98,0,2.33,0,0,0,0
2703,buyer,1,54,44.1,13.82,98.13,77.5,27,16.67,96.3,74.07,61.11,20.37,18.52,12.96,0,5.56,0,0,1.85,14.81,5.56,0,16.67,5.56,5.56,7.41,1.85,11.11,7.41,0,1.85,0,0,1.85,16.67,0,11.11,5.56,0,0,1.85,0,1.85,0,11.11,7.41,3.7,5.56,3.7,1.85,0,0,0,0,12.96,7.41,0,0,0,1.85,1.85,5.56,0,0,0,0,0,0,0,0,9.26,0,0,9.26,0,0,0,0,0,0,0,0,0,0,0,0,0,0,0,0,0,0,0,0,5.56,9.26,0,1.85,5.56,0,1.85,0,1.85,1.85,1.85,1.85,0,0,0,0,0,3.7,1.85,0,1.85,0,0,0,0
2703,seller,1,115,32.34,30.38,44.75,11.39,12.78,13.91,86.96,74.78,63.48,18.26,16.52,7.83,0.87,7.83,0,0,1.74,16.52,10.43,0,10.43,13.04,0.87,6.96,4.35,18.26,6.09,1.74,3.48,0.87,2.61,0,26.96,0.87,13.91,2.61,0,2.61,2.61,0,6.96,0.87,4.35,1.74,2.61,0,0,0,0,0,0,0,13.91,5.22,0,1.74,0,0,0,8.7,0,0,0,0,0.87,0,0,0.87,6.96,0,0,2.61,5.22,0,0,0,0,0,0,0,0,0,0,0.87,0,2.61,0,0.87,0,0,0,0.87,6.96,1.74,0,0,1.74,0,0,0,0.87,4.35,6.96,1.74,0.87,0,0.87,0,0,10.43,7.83,0,0,0,2.61,0,0
2703,seller,1,115,23.51,30.38,90.1,11.39,12.78,13.04,90.43,77.39,63.48,21.74,18.26,9.57,0.87,7.83,0,0,3.48,13.91,7.83,0,12.17,12.17,1.74,6.96,3.48,17.39,8.7,2.61,3.48,0.87,2.61,0,29.57,0,13.91,3.48,0,1.74,2.61,0,6.09,0.87,4.35,1.74,2.61,0,0,0,0,0,0,0,14.78,6.09,0,1.74,0,0,0,8.7,0,0,0,0,0,0,0,0,4.35,0,0,2.61,1.74,0,0,0,0,0,0,0,0,0,0,0.87,0,1.74,0,0.87,0,0,0,0,7.83,3.48,0,0.87,2.61,0,0,0,4.35,2.61,6.96,2.61,0.87,0,0.87,0,0,11.3,7.83,0,0,0,3.48,0,0
2703,seller,1,73,20.57,25.32,99,40.28,10.43,12.33,91.78,78.08,63.01,23.29,19.18,12.33,0,6.85,0,0,4.11,12.33,4.11,0,15.07,12.33,1.37,8.22,1.37,19.18,8.22,6.85,2.74,0,2.74,0,28.77,0,10.96,5.48,0,2.74,1.37,0,2.74,0,1.37,1.37,0,0,0,0,0,0,0,0,10.96,4.11,0,0,0,0,0,6.85,0,0,0,0,0,0,0,0,6.85,0,0,5.48,1.37,0,0,0,0,0,0,0,0,0,0,0,0,0,0,2.74,0,0,0,0,8.22,9.59,0,1.37,8.22,0,0,0,8.22,0,8.22,4.11,0,0,0,0,0,12.33,9.59,0,0,0,2.74,0,0
2703,seller,1,47,36.02,28.37,99,,7.83,12.77,93.62,72.34,57.45,21.28,17.02,10.64,0,6.38,0,0,4.26,14.89,4.26,0,17.02,8.51,2.13,6.38,4.26,14.89,8.51,6.38,2.13,0,2.13,0,29.79,2.13,8.51,6.38,0,2.13,0,0,0,0,0,0,0,0,0,0,0,0,0,0,10.64,4.26,0,0,0,0,0,6.38,0,0,0,0,0,0,0,0,10.64,0,0,8.51,2.13,0,0,0,0,0,0,0,0,0,0,0,0,0,0,2.13,0,0,0,0,8.51,10.64,0,2.13,8.51,0,0,0,12.77,0,6.38,2.13,0,0,0,0,0,17.02,12.77,0,0,0,4.26,0,0
2703,seller,1,23,47.48,65.68,99,,5.75,17.39,86.96,69.57,56.52,17.39,17.39,8.7,0,8.7,0,0,0,13.04,0,0,17.39,8.7,0,4.35,4.35,17.39,4.35,8.7,0,0,0,0,21.74,4.35,13.04,8.7,0,4.35,0,0,0,0,0,0,0,0,0,0,0,0,0,0,8.7,0,0,0,0,0,0,8.7,0,0,0,0,0,0,0,0,17.39,0,0,13.04,4.35,0,0,0,0,0,0,0,0,0,0,0,0,0,0,4.35,0,0,0,0,4.35,21.74,0,4.35,17.39,0,0,0,4.35,0,4.35,0,0,0,0,0,0,17.39,17.39,0,0,0,0,0,0
2706,buyer,1,95,5.31,64.91,21.03,9.95,11.88,20,87.37,70.53,63.16,27.37,18.95,8.42,1.05,7.37,1.05,0,8.42,16.84,3.16,0,12.63,14.74,4.21,4.21,3.16,16.84,5.26,0,3.16,1.05,2.11,0,24.21,0,12.63,3.16,1.05,3.16,1.05,1.05,4.21,0,9.47,4.21,5.26,2.11,1.05,1.05,0,1.05,0,0,15.79,4.21,1.05,1.05,1.05,1.05,1.05,11.58,1.05,0,0,2.11,1.05,0,0,1.05,6.32,0,0,3.16,4.21,0,0,0,0,0,0,0,0,0,0,0,0,1.05,0,0,0,1.05,1.05,0,0,0,0,0,0,0,0,0,2.11,4.21,6.32,5.26,0,0,0,0,0,12.63,7.37,1.05,0,1.05,3.16,0,0
2706,buyer,1,106,3.47,40.06,55.39,10.8,10.6,17.92,86.79,71.7,61.32,24.53,19.81,9.43,1.89,6.6,0.94,0,4.72,15.09,3.77,0,10.38,15.09,5.66,4.72,4.72,17.92,7.55,0,4.72,1.89,1.89,0.94,27.36,0,16.04,4.72,1.89,2.83,1.89,0,5.66,0,11.32,4.72,5.66,3.77,1.89,0.94,0,0.94,0,0,16.04,4.72,0.94,0.94,0.94,0.94,0.94,11.32,0.94,0,0,1.89,0,0,0,0,7.55,0,0,4.72,3.77,0,0,0,0,0,0,0,0,0,0,0,0,0,0,0,0,0.94,0.94,0,0.94,0,0,0,0,0,0,0,2.83,1.89,7.55,4.72,0,0,0,0,0,15.09,8.49,0.94,0,0.94,4.72,0,0
2706,buyer,1,107,2.7,20.76,47.36,48.73,11.89,18.69,85.98,63.55,54.21,20.56,16.82,7.48,1.87,3.74,0.93,1.87,3.74,13.08,2.8,0,7.48,15.89,5.61,3.74,6.54,19.63,5.61,0,6.54,1.87,1.87,2.8,28.97,0,17.76,5.61,0.93,2.8,1.87,0,7.48,0,8.41,4.67,2.8,2.8,1.87,0,0,0,0,0,15.89,3.74,2.8,2.8,0,0,0,12.15,0.93,0,0,1.87,0,0,0,0,14.02,0,0,5.61,9.35,0,0,0,0,0,0,0,0,0,0,0,0,3.74,0,0,0,0.93,0.93,0,3.74,0,0,0,0,0,0,0,0.93,2.8,7.48,4.67,0,0,0,0,0,20.56,8.41,4.67,0,0,6.54,0.93,0
2706,seller,1,118,41.22,98.44,41.6,11.57,19.67,24.58,86.44,69.49,60.17,20.34,17.8,5.93,6.78,4.24,0.85,0,2.54,19.49,6.78,0,13.56,8.47,4.24,5.93,0.85,11.86,5.93,2.54,9.32,7.63,1.69,0,22.03,1.69,10.17,4.24,0,1.69,0.85,0.85,1.69,0,3.39,0.85,1.69,0.85,0,0,0,0,0,0,17.8,4.24,1.69,0,0,0.85,0.85,13.56,0.85,0,0,1.69,0,0,0,0,6.78,0,0,3.39,5.08,0,0,0,0,0,0,0,0,0,0,0.85,0.85,0,0,0,0,0,0,0,1.69,5.08,0.85,0,3.39,0.85,0,0,4.24,1.69,5.08,0,0,0,0,0,0,12.71,5.08,7.63,0,0,0,0,0
2706,seller,1,153,44.76,99,56.02,20.23,19.13,24.84,88.24,69.28,58.82,22.22,18.95,5.23,7.19,5.88,0.65,0,3.27,18.3,5.88,0,13.73,7.19,3.27,4.58,0.65,13.07,4.58,1.96,10.46,7.84,2.61,0,22.22,0.65,15.03,5.88,0.65,1.96,1.96,1.31,2.61,0,3.27,1.31,1.31,0.65,0,0,0,0,0,0,20.26,5.23,2.61,1.96,0,0.65,0.65,15.03,0.65,0,0,1.31,0,0,0,0,7.19,0,0,3.27,5.23,0,0,0,0,0,0,0,0,0,0,0.65,0.65,0,0,0.65,0,0,0,0,1.96,5.88,0.65,0,4.58,0.65,0,0,3.27,0,4.58,0.65,0,0,0,0,0,11.11,5.23,5.88,0,0,0,0,0
2706,seller,1,105,48.23,99,30.03,49.34,15,23.81,88.57,68.57,59.05,20.95,17.14,3.81,6.67,5.71,0.95,0,3.81,18.1,6.67,0,13.33,7.62,3.81,3.81,0.95,15.24,1.9,1.9,9.52,7.62,1.9,0,22.86,0.95,18.1,5.71,0.95,2.86,1.9,1.9,2.86,0,2.86,1.9,0,0.95,0,0,0,0,0,0,21.9,6.67,2.86,2.86,0,0.95,0.95,15.24,0.95,0,0,1.9,0,0,0,0,6.67,0,0,2.86,4.76,0,0,0,0,0,0,0,0,0,0,0.95,0,0.95,0,0.95,0,0,0,0,2.86,5.71,0.95,0,4.76,0,0,0,1.9,0,3.81,0.95,0,0,0,0,0,10.48,5.71,4.76,0,0,0,0,0
2710,buyer,1,54,66.04,1,77.17,20.23,54,9.26,87.04,68.52,53.7,20.37,14.81,14.81,0,0,0,0,5.56,18.52,12.96,1.85,9.26,7.41,1.85,3.7,0,16.67,5.56,1.85,1.85,0,0,1.85,22.22,0,5.56,0,0,0,0,1.85,3.7,0,3.7,1.85,1.85,1.85,0,1.85,0,0,0,0,5.56,3.7,0,1.85,0,0,3.7,1.85,1.85,0,0,0,0,0,0,0,5.56,0,0,0,5.56,0,1.85,1.85,1.85,0,0,0,0,0,0,0,0,5.56,0,1.85,0,0,0,0,3.7,3.7,0,0,3.7,0,0,0,0,14.81,0,3.7,0,0,0,0,0,5.56,0,1.85,0,0,1.85,1.85,0
2710,buyer,1,61,35.92,1,71.87,20.23,61,9.84,88.52,73.77,57.38,21.31,16.39,16.39,0,0,0,0,4.92,16.39,11.48,1.64,8.2,9.84,3.28,6.56,0,19.67,6.56,0,0,0,0,0,26.23,0,9.84,0,0,1.64,1.64,3.28,4.92,0,3.28,1.64,1.64,3.28,1.64,1.64,0,0,0,0,3.28,1.64,0,0,0,0,1.64,1.64,1.64,0,0,0,0,0,0,0,3.28,0,0,0,3.28,0,1.64,1.64,1.64,0,0,0,0,0,0,1.64,0,4.92,0,0,0,0,0,0,6.56,1.64,0,0,1.64,0,0,0,0,13.11,0,4.92,0,0,0,0,0,4.92,1.64,0,0,0,1.64,1.64,0
2710,buyer,1,62,14.28,1,95.4,44.38,20.67,11.29,91.94,79.03,59.68,20.97,17.74,17.74,0,0,0,0,3.23,16.13,9.68,0,6.45,12.9,4.84,6.45,1.61,25.81,6.45,0,0,0,0,0,30.65,0,16.13,1.61,1.61,3.23,4.84,3.23,4.84,0,4.84,3.23,1.61,3.23,3.23,0,0,0,0,0,1.61,1.61,0,0,0,0,1.61,0,0,0,0,0,0,0,0,0,6.45,0,0,3.23,4.84,0,0,0,0,0,0,0,0,0,0,1.61,1.61,6.45,0,0,0,0,0,0,8.06,6.45,0,0,6.45,0,0,0,0,8.06,1.61,8.06,0,0,0,0,0,6.45,3.23,0,0,0,3.23,0,0
2710,buyer,1,42,7.34,1,99,88.66,14,7.14,97.62,83.33,59.52,23.81,23.81,23.81,0,0,0,0,0,14.29,7.14,0,7.14,11.9,4.76,7.14,2.38,28.57,7.14,0,0,0,0,0,28.57,0,16.67,2.38,2.38,4.76,7.14,2.38,2.38,0,9.52,7.14,2.38,4.76,4.76,0,0,0,0,0,2.38,2.38,2.38,2.38,0,0,2.38,0,0,0,0,0,0,0,0,0,9.52,0,0,4.76,7.14,0,0,0,0,0,0,0,0,0,0,2.38,2.38,7.14,0,0,0,0,0,0,9.52,7.14,0,0,7.14,0,0,0,0,2.38,2.38,9.52,0,0,0,0,0,7.14,4.76,0,0,0,2.38,0,0
2710,buyer,1,45,7.5,1,87.45,85.84,11.25,8.89,97.78,82.22,62.22,24.44,22.22,20,0,0,2.22,0,2.22,15.56,4.44,0,8.89,13.33,4.44,4.44,2.22,28.89,4.44,2.22,2.22,0,0,2.22,26.67,2.22,13.33,4.44,2.22,4.44,6.67,0,0,0,13.33,8.89,4.44,6.67,4.44,2.22,0,0,0,0,11.11,6.67,6.67,6.67,0,0,4.44,4.44,0,0,0,2.22,0,0,0,0,11.11,0,0,6.67,6.67,0,0,0,0,0,0,0,0,0,0,0,4.44,4.44,0,0,0,0,0,0,4.44,6.67,0,0,6.67,0,0,0,0,0,2.22,13.33,0,0,0,0,0,8.89,6.67,0,0,0,2.22,0,0
2710,buyer,1,43,14.99,53.95,22.48,87.73,14.33,18.6,90.7,60.47,44.19,16.28,13.95,6.98,0,0,2.33,4.65,2.33,11.63,2.33,0,4.65,11.63,2.33,4.65,2.33,23.26,4.65,4.65,6.98,0,0,6.98,23.26,2.33,11.63,6.98,0,2.33,2.33,0,2.33,0,9.3,6.98,2.33,4.65,2.33,2.33,0,0,0,0,25.58,11.63,11.63,11.63,0,0,4.65,13.95,0,0,0,2.33,0,0,0,0,23.26,0,0,6.98,16.28,0,0,0,0,0,0,0,0,0,0,0,2.33,9.3,0,2.33,0,0,0,0,6.98,2.33,0,0,2.33,0,0,0,0,4.65,2.33,6.98,0,0,0,0,0,20.93,6.98,9.3,0,0,2.33,2.33,0
2710,seller,1,16,26.1,94.84,99,,5.33,18.75,93.75,75,62.5,25,18.75,6.25,6.25,6.25,0,0,6.25,18.75,12.5,0,6.25,12.5,0,6.25,0,18.75,0,0,6.25,6.25,0,0,31.25,0,25,12.5,6.25,6.25,0,0,6.25,0,0,0,0,0,0,0,0,0,0,0,12.5,0,0,0,0,0,0,12.5,0,0,0,0,0,0,0,0,6.25,0,0,0,6.25,0,0,0,0,0,0,0,0,0,0,0,0,0,0,0,0,0,0,0,6.25,6.25,0,6.25,6.25,0,0,0,0,0,12.5,0,6.25,0,6.25,0,0,12.5,6.25,0,6.25,0,0,0,0
2710,seller,1,21,18.12,16.63,99,,7,28.57,95.24,66.67,61.9,23.81,19.05,9.52,4.76,4.76,0,0,4.76,23.81,14.29,0,4.76,14.29,0,4.76,4.76,19.05,0,0,4.76,4.76,0,0,47.62,4.76,33.33,14.29,4.76,4.76,4.76,0,9.52,0,0,0,0,0,0,0,0,0,0,0,9.52,0,0,0,0,0,0,9.52,0,0,0,0,0,0,0,0,4.76,0,0,0,4.76,0,0,0,0,0,0,0,0,0,0,0,0,0,0,0,0,0,0,0,4.76,4.76,0,4.76,4.76,0,0,0,0,0,14.29,0,0,0,0,0,0,23.81,9.52,4.76,4.76,0,4.76,0,0
2710,seller,1,25,3.8,7.28,99,99,8.33,20,96,72,60,24,20,12,8,0,0,0,4,20,8,0,4,8,8,8,4,16,0,4,12,8,4,0,40,8,28,12,0,4,8,0,8,0,8,8,0,4,4,0,0,0,0,0,8,0,0,0,0,0,0,8,0,0,0,0,0,0,0,0,0,0,0,0,0,0,0,0,0,0,0,0,0,0,0,0,0,0,0,0,0,4,0,0,12,4,0,4,4,0,0,0,0,0,12,0,4,0,4,0,0,20,8,8,0,0,4,0,0
2710,seller,1,24,1.39,6.61,89.39,99,12,16.67,100,75,66.67,29.17,20.83,12.5,4.17,4.17,0,0,8.33,16.67,4.17,0,8.33,8.33,12.5,4.17,4.17,12.5,4.17,4.17,12.5,8.33,4.17,0,41.67,8.33,29.17,8.33,0,4.17,12.5,0,8.33,0,12.5,12.5,0,4.17,4.17,0,0,0,0,0,12.5,4.17,4.17,0,0,0,0,8.33,0,0,0,0,0,0,0,0,0,0,0,0,0,0,0,0,0,0,0,0,0,0,0,0,0,0,0,0,0,4.17,0,0,12.5,0,0,0,0,0,0,0,0,0,12.5,0,4.17,0,4.17,0,0,16.67,4.17,8.33,0,0,4.17,0,0
2710,seller,1,30,2.14,59.9,39.59,99,15,10,96.67,80,70,30,20,10,3.33,6.67,0,0,10,10,3.33,0,10,6.67,16.67,3.33,0,10,10,3.33,13.33,10,3.33,0,33.33,3.33,26.67,3.33,0,6.67,10,3.33,6.67,0,16.67,16.67,0,3.33,3.33,0,0,0,0,0,16.67,6.67,6.67,0,0,0,0,10,0,0,0,0,0,0,0,0,3.33,0,0,0,3.33,0,0,0,0,0,0,0,0,0,0,0,0,0,0,0,0,3.33,0,0,13.33,0,0,0,0,0,0,0,3.33,0,13.33,0,3.33,0,3.33,0,0,6.67,3.33,3.33,0,0,0,0,0
2710,seller,1,21,5.14,40.06,24.32,99,10.5,14.29,95.24,71.43,66.67,28.57,19.05,9.52,0,9.52,0,0,9.52,4.76,4.76,0,9.52,9.52,14.29,0,0,9.52,14.29,0,9.52,9.52,0,0,38.1,0,33.33,0,0,9.52,9.52,4.76,9.52,0,19.05,19.05,0,0,0,0,0,0,0,0,19.05,9.52,9.52,0,0,0,0,9.52,0,0,0,0,0,0,0,0,9.52,0,0,4.76,4.76,0,0,0,0,0,0,0,0,0,0,0,0,4.76,0,0,0,0,0,0,9.52,0,0,0,0,0,0,0,4.76,0,14.29,0,0,0,0,0,0,4.76,4.76,0,0,0,0,0,0
2716,buyer,1,182,37.17,5.77,95.49,54.36,22.75,8.79,92.86,77.47,63.74,22.53,15.38,11.54,0,3.85,0,0,7.14,14.84,9.89,0.55,13.74,7.69,6.04,7.14,1.1,18.13,3.3,0.55,0,0,0,0,24.18,0,13.19,4.4,1.65,1.1,0.55,1.1,4.95,0,4.4,3.3,1.1,2.2,1.1,1.1,0,0,0,0,9.34,4.4,0,0.55,0,0,3.85,4.95,0,0,0,0,0.55,0,0,0.55,7.69,0,0,3.85,3.85,0,0,0,0,0,0,0,0,0,0,0,0,5.49,0,0,0,0,0.55,0,9.34,6.04,0.55,0.55,4.4,1.65,0,0,2.75,7.69,1.1,2.75,0.55,0,0.55,0,0,8.24,4.4,3.85,0,0,0,0,0
2716,buyer,1,207,46.01,22.34,96.35,41.62,20.7,11.59,96.62,77.78,63.29,21.74,15.46,10.63,0,4.83,0,0,6.28,17.39,9.18,0.97,14.98,7.73,4.83,7.25,0.48,17.87,4.83,0.97,1.45,0,0,1.45,25.12,0,12.56,5.31,1.45,0.48,0.97,0.97,3.38,0,3.38,2.42,0.97,1.45,0.48,0.97,0,0,0,0,13.04,7.25,2.42,0.97,0,0,4.35,6.28,0,0,0,0,0.48,0,0,0.48,8.7,0,0,5.31,3.86,0,0,0,0,0,0,0,0,0,0,0,0,4.35,0,0,0,0,0.97,0.48,9.18,6.76,0.48,0,5.31,1.45,0,0,3.86,6.28,1.93,3.38,0.48,0,0.48,0,0,7.73,4.35,3.38,0,0,0,0,0
2716,buyer,1,130,48.9,40.06,94.47,43.1,21.67,15.38,96.92,71.54,56.92,19.23,15.38,10,0,3.85,0,1.54,3.85,17.69,6.92,1.54,14.62,7.69,3.85,6.92,0.77,17.69,4.62,1.54,3.85,0,0,3.85,23.85,0,11.54,7.69,0,0.77,1.54,0.77,0.77,0,3.08,2.31,0.77,1.54,0.77,0.77,0,0,0,0,16.15,9.23,5.38,3.08,0,0,3.08,7.69,0,0,0,0,0,0,0,0,14.62,0,0,7.69,7.69,0,0,0,0,0,0,0,0,0,0,0,0,6.92,0,0,0,0,0.77,0.77,10.77,6.92,0,0,5.38,1.54,0,0,3.85,4.62,3.08,3.08,0.77,0,0.77,0,0,12.31,4.62,6.15,0,0,0.77,0.77,0
2716,seller,1,201,65.11,99,1.11,97.35,201,16.42,93.53,74.13,60.2,19.9,17.41,3.48,4.98,8.96,0,0,2.49,16.92,9.45,1,15.42,9.45,1,3.98,1.99,19.9,4.98,1,6.97,5.47,0.5,1,21.39,0.5,13.93,2.99,1.99,5.97,1.49,0,2.49,0,7.46,6.97,0.5,3.48,3.48,0,0,0,0,0,23.38,8.46,3.48,2.49,0,0,4.48,14.93,0,0,0,0,0,0,0,0,10.45,0,0,6.47,6.47,0,0,0,0,0,0,0,0,0,0,0,1.49,5.47,0,0,0,0,0,0,3.48,1.49,0,0,1,0.5,0,0,1.49,5.47,1.99,1.49,0,0,0,0,0,5.97,0,5.47,0,0,0,0.5,0
2716,seller,1,171,81.62,99,5.61,99,171,17.54,96.49,71.93,59.06,15.79,14.04,1.17,5.85,7.02,0,0,1.75,18.71,9.94,0.58,17.54,8.77,1.17,5.26,1.17,16.96,5.85,1.75,8.77,6.43,1.17,1.17,21.64,0,12.28,2.34,2.34,3.51,2.34,0.58,2.34,0,10.53,9.94,0.58,2.92,2.92,0,0,0,0,0,23.39,9.94,2.92,4.09,0,1.17,3.51,13.45,0,0,0,0,0,0,0,0,12.28,0,0,8.77,8.19,0,0,0,0,0,0,0,0,0,0,0,0.58,6.43,0,0,0,0,0,1.17,3.51,2.92,0,0,2.34,0.58,0,0,4.68,2.92,1.75,2.34,0,0,0,0,0,5.26,0,4.68,0,0,0,0.58,0
2716,seller,1,102,83.1,99,3.12,99,102,16.67,96.08,63.73,54.9,14.71,12.75,0.98,3.92,7.84,0,0,1.96,17.65,6.86,0.98,17.65,7.84,0.98,4.9,0,12.75,3.92,1.96,6.86,4.9,0.98,0.98,17.65,0,8.82,0.98,0.98,3.92,2.94,0.98,0,0,15.69,15.69,0,4.9,4.9,0,0,0,0,0,25.49,12.75,3.92,5.88,0,1.96,1.96,12.75,0,0,0,0,0,0,0,0,12.75,0,0,8.82,8.82,0,0,0,0,0,0,0,0,0,0,0,0,7.84,0,0,0,0,0,1.96,2.94,3.92,0,0,2.94,0.98,0,0,6.86,0.98,0.98,2.94,0,0,0,0,0,5.88,0,4.9,0,0,0,0.98,0
2717,buyer,1,47,42.22,1.56,42.1,83.95,47,10.64,93.62,72.34,57.45,23.4,14.89,12.77,0,2.13,0,0,8.51,21.28,10.64,2.13,10.64,10.64,2.13,2.13,2.13,21.28,6.38,4.26,0,0,0,0,27.66,0,21.28,6.38,4.26,8.51,0,0,2.13,0,12.77,8.51,4.26,8.51,4.26,4.26,0,2.13,0,0,12.77,10.64,0,2.13,2.13,0,6.38,2.13,0,0,0,0,0,0,0,0,4.26,0,0,2.13,2.13,0,0,0,0,0,0,0,0,0,0,0,0,4.26,2.13,2.13,0,0,0,0,8.51,2.13,0,0,2.13,0,0,0,2.13,10.64,2.13,0,0,0,0,0,0,0,0,0,0,0,0,0,0
2717,buyer,1,60,10.19,1,51.55,45.29,60,13.33,91.67,80,63.33,26.67,13.33,11.67,0,1.67,0,0,13.33,21.67,8.33,1.67,8.33,11.67,5,3.33,3.33,23.33,5,3.33,0,0,0,0,33.33,0,26.67,6.67,3.33,8.33,1.67,1.67,5,0,8.33,5,3.33,6.67,3.33,3.33,0,1.67,0,0,10,8.33,0,0,1.67,0,3.33,1.67,0,0,0,0,0,0,0,0,1.67,0,0,1.67,0,0,0,0,0,0,0,0,0,0,0,0,0,3.33,1.67,0,0,0,0,0,6.67,0,0,0,0,0,0,0,3.33,8.33,6.67,0,1.67,0,1.67,0,0,1.67,0,1.67,0,0,0,0,0
2717,buyer,1,66,10.19,1.92,39.59,20.23,66,16.67,90.91,68.18,53.03,21.21,12.12,9.09,0,0,0,3.03,9.09,16.67,4.55,0,7.58,10.61,4.55,4.55,4.55,21.21,3.03,1.52,3.03,0,0,3.03,33.33,1.52,25.76,7.58,3.03,7.58,1.52,1.52,4.55,0,6.06,3.03,3.03,6.06,3.03,3.03,0,1.52,0,0,13.64,7.58,3.03,3.03,1.52,0,1.52,6.06,0,0,0,0,0,0,0,0,13.64,0,0,4.55,9.09,0,0,0,0,0,0,0,0,0,0,0,0,7.58,1.52,0,0,0,0,0,9.09,0,0,0,0,0,0,0,3.03,6.06,7.58,0,1.52,0,1.52,0,0,12.12,1.52,7.58,0,0,1.52,1.52,0
2717,seller,1,89,26.81,89.81,64.89,55.18,29.67,17.98,92.13,73.03,59.55,15.73,13.48,3.37,3.37,6.74,0,0,2.25,20.22,8.99,1.12,10.11,11.24,6.74,7.87,2.25,16.85,7.87,4.49,6.74,3.37,1.12,2.25,30.34,2.25,19.1,6.74,3.37,4.49,2.25,1.12,4.49,0,4.49,3.37,1.12,4.49,3.37,1.12,0,0,0,0,16.85,6.74,3.37,0,0,0,2.25,10.11,0,0,0,0,2.25,1.12,0,1.12,11.24,0,0,6.74,5.62,0,0,0,0,0,0,0,0,0,0,0,0,1.12,0,0,0,0,0,0,3.37,3.37,0,2.25,1.12,1.12,0,0,6.74,2.25,5.62,1.12,0,0,0,0,0,6.74,3.37,1.12,0,0,2.25,0,0
2717,seller,1,87,31.31,97.68,51.97,74.09,17.4,19.54,93.1,73.56,60.92,16.09,13.79,2.3,2.3,9.2,0,0,2.3,19.54,9.2,1.15,11.49,9.2,8.05,8.05,2.3,16.09,5.75,3.45,4.6,2.3,1.15,1.15,27.59,1.15,19.54,6.9,3.45,4.6,2.3,2.3,3.45,0,5.75,4.6,1.15,4.6,3.45,1.15,0,0,0,0,18.39,6.9,3.45,1.15,0,0,2.3,11.49,0,0,0,0,2.3,1.15,0,1.15,11.49,0,0,6.9,5.75,0,0,0,0,0,0,0,0,0,0,0,0,1.15,0,0,0,0,0,0,4.6,3.45,0,2.3,1.15,1.15,0,0,6.9,2.3,3.45,1.15,0,0,0,0,0,9.2,5.75,1.15,0,0,2.3,0,0
2717,seller,1,44,16.24,99,66.42,55.62,11,15.91,95.45,72.73,56.82,15.91,15.91,2.27,2.27,11.36,0,0,0,13.64,6.82,0,9.09,6.82,11.36,11.36,0,13.64,6.82,2.27,4.55,2.27,2.27,0,29.55,0,22.73,9.09,6.82,2.27,2.27,4.55,2.27,0,6.82,4.55,2.27,2.27,0,2.27,0,0,0,0,20.45,6.82,2.27,2.27,0,0,2.27,13.64,0,0,0,0,0,0,0,0,15.91,0,0,9.09,6.82,0,0,0,0,0,0,0,0,0,0,0,0,4.55,0,0,0,0,0,0,4.55,0,0,0,0,0,0,0,9.09,2.27,2.27,0,0,0,0,0,0,9.09,6.82,0,0,0,2.27,0,0
2718,buyer,1,78,53.56,3.65,23.3,79.29,11.14,17.95,93.59,67.95,61.54,20.51,14.1,11.54,0,2.56,0,0,6.41,15.38,14.1,0,10.26,11.54,3.85,2.56,1.28,11.54,6.41,1.28,0,0,0,0,21.79,0,16.67,5.13,0,7.69,1.28,1.28,3.85,0,8.97,6.41,2.56,6.41,3.85,2.56,0,0,0,0,7.69,3.85,1.28,1.28,0,0,1.28,3.85,0,0,0,0,0,0,0,0,11.54,0,0,5.13,6.41,0,0,0,0,0,0,0,0,0,0,0,0,5.13,0,1.28,0,0,0,0,1.28,1.28,0,0,1.28,0,0,0,0,2.56,0,3.85,0,0,0,0,0,15.38,3.85,5.13,3.85,1.28,1.28,0,0
2718,buyer,1,82,37.58,21.1,75.67,98.92,10.25,15.85,97.56,71.95,64.63,19.51,13.41,9.76,0,3.66,0,0,6.1,15.85,12.2,0,12.2,13.41,7.32,4.88,0,14.63,6.1,1.22,1.22,0,0,1.22,21.95,0,19.51,8.54,0,4.88,3.66,2.44,2.44,0,12.2,9.76,2.44,4.88,2.44,2.44,0,0,0,0,15.85,10.98,4.88,7.32,0,0,1.22,4.88,0,0,0,0,0,0,0,0,9.76,0,0,3.66,6.1,0,0,0,0,0,0,0,0,0,0,0,0,3.66,0,1.22,0,0,0,0,3.66,1.22,0,0,1.22,0,0,0,4.88,1.22,0,2.44,0,0,0,0,0,13.41,2.44,3.66,3.66,3.66,0,0,0
2718,buyer,1,83,28.39,68.22,86.1,98.79,11.86,18.07,93.98,63.86,53.01,18.07,14.46,8.43,0,3.61,0,2.41,3.61,13.25,8.43,0,8.43,12.05,4.82,6.02,0,15.66,7.23,2.41,3.61,0,0,3.61,21.69,0,15.66,9.64,0,1.2,2.41,2.41,0,0,12.05,9.64,2.41,4.82,2.41,2.41,0,0,0,0,21.69,12.05,7.23,9.64,0,0,1.2,9.64,0,0,0,0,0,0,0,0,16.87,0,0,4.82,12.05,0,0,0,0,0,0,0,0,0,0,0,0,7.23,0,2.41,0,0,0,0,7.23,2.41,0,0,2.41,0,0,0,4.82,3.61,1.2,2.41,0,0,0,0,0,18.07,2.41,8.43,2.41,3.61,0,1.2,0
2718,seller,1,75,59.67,99,1.02,7.99,75,13.33,92,73.33,61.33,17.33,14.67,1.33,5.33,8,0,0,2.67,13.33,9.33,2.67,16,9.33,5.33,5.33,1.33,12,6.67,5.33,9.33,5.33,0,4,20,0,13.33,2.67,1.33,6.67,2.67,0,1.33,0,4,1.33,2.67,2.67,0,2.67,0,0,0,0,20,6.67,4,5.33,0,0,1.33,13.33,0,0,0,0,0,0,0,0,5.33,0,0,4,2.67,0,0,0,0,0,0,0,0,0,0,0,1.33,1.33,0,0,0,0,0,0,5.33,4,0,1.33,2.67,0,0,0,2.67,0,5.33,0,0,0,0,0,0,5.33,0,5.33,0,0,0,0,0
2718,seller,1,65,48.9,99,30.98,87.42,65,12.31,95.38,76.92,61.54,16.92,15.38,1.54,4.62,9.23,0,0,1.54,12.31,9.23,3.08,15.38,9.23,7.69,6.15,1.54,13.85,7.69,6.15,6.15,4.62,0,1.54,15.38,0,9.23,3.08,0,4.62,1.54,0,0,0,10.77,7.69,3.08,3.08,0,3.08,0,0,0,0,23.08,9.23,3.08,9.23,0,0,1.54,13.85,0,0,0,0,0,0,0,0,6.15,0,0,4.62,3.08,0,0,0,0,0,0,0,0,0,0,0,1.54,1.54,0,0,0,0,0,0,4.62,6.15,0,3.08,4.62,0,0,0,7.69,0,4.62,0,0,0,0,0,0,6.15,0,4.62,0,1.54,0,0,0
2718,seller,1,48,73.36,99,54.55,99,24,14.58,97.92,68.75,56.25,12.5,12.5,2.08,2.08,8.33,0,0,0,10.42,10.42,2.08,16.67,8.33,8.33,6.25,0,10.42,6.25,6.25,4.17,2.08,0,2.08,14.58,0,10.42,4.17,0,4.17,2.08,0,0,0,14.58,12.5,2.08,2.08,0,2.08,0,0,0,0,22.92,12.5,4.17,12.5,0,0,2.08,10.42,0,0,0,0,0,0,0,0,10.42,0,0,8.33,4.17,0,0,0,0,0,0,0,0,0,0,0,0,4.17,0,0,0,0,0,0,2.08,4.17,0,2.08,4.17,0,0,0,10.42,0,2.08,0,0,0,0,0,0,6.25,0,4.17,0,2.08,0,0,0
2719,buyer,1,15,22.17,1,19.26,,15,6.67,100,66.67,40,20,20,20,0,0,0,0,0,6.67,6.67,0,0,6.67,0,6.67,0,26.67,0,0,6.67,0,0,6.67,13.33,0,6.67,0,0,6.67,0,0,0,0,0,0,0,0,0,0,0,0,0,0,13.33,13.33,13.33,13.33,0,0,0,0,0,0,0,0,0,0,0,0,20,0,0,0,20,0,0,0,0,0,0,0,0,0,0,0,6.67,0,0,0,0,0,0,0,6.67,0,0,0,0,0,0,0,0,0,0,6.67,6.67,0,6.67,0,0,13.33,0,13.33,0,0,0,0,0
2719,buyer,1,16,5.64,1,15.38,,16,12.5,100,68.75,50,18.75,18.75,18.75,0,0,0,0,0,6.25,6.25,0,6.25,12.5,6.25,12.5,0,25,0,0,12.5,0,0,12.5,12.5,0,6.25,0,0,6.25,0,0,0,0,0,0,0,0,0,0,0,0,0,0,18.75,18.75,18.75,18.75,0,0,0,0,0,0,0,0,0,0,0,0,12.5,0,0,0,12.5,0,0,0,0,0,0,0,0,0,0,0,0,0,0,0,0,0,0,0,12.5,0,0,0,0,0,0,0,0,0,0,6.25,6.25,0,6.25,0,0,12.5,0,12.5,0,0,0,0,0
2719,buyer,1,31,11.71,23.05,17.19,,31,22.58,93.55,48.39,35.48,12.9,12.9,6.45,0,0,0,6.45,0,12.9,3.23,0,3.23,9.68,3.23,6.45,6.45,22.58,0,0,12.9,0,0,12.9,25.81,3.23,12.9,6.45,0,3.23,0,0,3.23,0,0,0,0,0,0,0,0,0,0,0,29.03,16.13,16.13,16.13,0,0,0,12.9,0,0,0,0,0,0,0,0,29.03,0,0,6.45,22.58,0,0,0,0,0,0,0,0,0,0,0,0,12.9,0,0,0,0,0,0,16.13,0,0,0,0,0,0,0,0,9.68,3.23,0,0,0,0,0,0,25.81,3.23,16.13,0,0,3.23,3.23,0
2719,seller,1,26,2.59,99,57.98,20.23,26,7.69,92.31,76.92,65.38,30.77,30.77,11.54,0,19.23,0,0,0,11.54,0,0,15.38,3.85,11.54,11.54,0,15.38,7.69,0,3.85,0,0,3.85,19.23,0,15.38,7.69,0,3.85,3.85,0,3.85,0,7.69,3.85,3.85,3.85,0,3.85,0,0,0,0,23.08,3.85,3.85,3.85,0,0,0,19.23,0,0,0,0,0,0,0,0,7.69,0,0,7.69,0,0,0,0,0,0,0,0,0,0,0,0,3.85,0,0,0,0,0,0,0,3.85,0,0,0,0,0,0,0,0,0,3.85,7.69,0,0,0,0,0,0,0,0,0,0,0,0,0
2719,seller,1,26,1,40.06,81.58,20.23,26,15.38,96.15,84.62,69.23,34.62,30.77,19.23,0,11.54,0,0,3.85,7.69,0,0,15.38,11.54,7.69,7.69,3.85,26.92,3.85,0,3.85,0,0,3.85,26.92,0,15.38,7.69,0,3.85,3.85,0,0,0,7.69,3.85,3.85,0,0,0,0,0,0,0,19.23,7.69,3.85,3.85,0,3.85,0,11.54,0,0,0,0,0,0,0,0,3.85,0,0,3.85,0,0,0,0,0,0,0,0,0,0,0,0,3.85,0,0,0,0,0,0,0,3.85,0,0,0,0,0,0,0,0,3.85,7.69,7.69,0,0,0,0,0,3.85,0,0,0,0,3.85,0,0
2719,seller,1,19,1,1,99,92.27,19,10.53,100,78.95,63.16,31.58,26.32,21.05,0,5.26,0,0,5.26,5.26,0,0,10.53,15.79,10.53,5.26,5.26,31.58,5.26,0,0,0,0,0,31.58,0,15.79,10.53,0,0,5.26,0,0,0,15.79,10.53,5.26,0,0,0,0,0,0,0,10.53,5.26,0,0,0,5.26,0,5.26,0,0,0,0,0,0,0,0,10.53,0,0,10.53,0,0,0,0,0,0,0,0,0,0,0,0,0,5.26,0,0,0,0,0,0,5.26,0,0,0,0,0,0,0,0,5.26,10.53,10.53,0,0,0,0,0,5.26,0,0,0,0,5.26,0,0
2720,buyer,1,60,84.21,6.61,1.91,6.08,12,16.67,81.67,68.33,55,8.33,6.67,6.67,0,0,0,0,1.67,13.33,13.33,0,15,15,1.67,6.67,0,20,8.33,0,1.67,0,0,1.67,26.67,0,18.33,3.33,1.67,8.33,0,3.33,1.67,0,15,6.67,8.33,3.33,3.33,0,0,0,0,0,3.33,3.33,0,3.33,0,0,1.67,0,0,0,0,0,0,0,0,0,3.33,0,0,0,3.33,0,0,0,0,0,0,0,0,0,0,0,0,3.33,0,0,0,0,0,0,1.67,1.67,0,0,1.67,0,0,0,1.67,8.33,1.67,0,0,0,0,0,0,13.33,8.33,5,0,0,0,0,0
2720,buyer,1,93,75.34,14.43,51.16,9.78,13.29,19.35,88.17,73.12,61.29,10.75,7.53,6.45,1.08,0,0,0,3.23,13.98,13.98,0,16.13,15.05,3.23,8.6,0,18.28,8.6,0,2.15,1.08,1.08,0,29.03,0,17.2,6.45,3.23,3.23,1.08,2.15,1.08,0,9.68,4.3,5.38,2.15,1.08,1.08,0,0,0,0,4.3,3.23,2.15,0,0,0,0,1.08,0,0,0,0,1.08,1.08,0,0,4.3,0,0,3.23,1.08,0,0,0,0,0,0,0,0,0,0,0,0,3.23,0,0,0,0,0,0,4.3,3.23,0,0,3.23,0,0,0,4.3,7.53,3.23,1.08,0,0,0,0,0,10.75,6.45,3.23,1.08,0,0,0,0
2720,buyer,1,110,83.65,34.87,37.49,76.62,13.75,20,89.09,73.64,62.73,12.73,9.09,6.36,0.91,1.82,0,0,3.64,15.45,12.73,0,20,11.82,3.64,8.18,0,17.27,5.45,0,3.64,0.91,1.82,0.91,22.73,0,14.55,5.45,3.64,2.73,0.91,1.82,0,0,9.09,6.36,2.73,1.82,0.91,0.91,0,0,0,0,10,7.27,4.55,1.82,0,0,1.82,2.73,0,0,0,0,1.82,1.82,0,0,3.64,0,0,3.64,0,0,0,0,0,0,0,0,0,0,0,0,0,0.91,0,0,0,0.91,0,0,5.45,3.64,0,0.91,2.73,0,0,0,3.64,3.64,3.64,0.91,0,0,0,0,0,9.09,6.36,1.82,0.91,0,0,0,0
2720,buyer,1,104,74.95,68.16,44.14,89.04,14.86,25,89.42,64.42,54.81,12.5,9.62,4.81,0.96,1.92,0,1.92,2.88,15.38,10.58,0,15.38,10.58,2.88,7.69,0,16.35,3.85,0,5.77,0.96,1.92,2.88,23.08,0,12.5,6.73,3.85,0.96,0.96,0,0,0,6.73,5.77,0.96,1.92,0.96,0.96,0,0,0,0,16.35,9.62,6.73,3.85,0,0,1.92,6.73,0,0,0,0,1.92,1.92,0,0,11.54,0,0,5.77,5.77,0,0,0,0,0,0,0,0,0,0,0,0,4.81,0,0,0,0.96,0,0,7.69,2.88,0,0.96,1.92,0,0,0,3.85,4.81,3.85,0.96,0,0,0,0,0,12.5,5.77,4.81,0.96,0,0,0.96,0
2720,seller,1,80,72.3,96.53,21.38,20.23,20,13.75,91.25,71.25,62.5,17.5,13.75,2.5,6.25,5,0,0,3.75,13.75,10,0,17.5,10,1.25,6.25,1.25,16.25,3.75,0,8.75,7.5,0,1.25,28.75,0,23.75,3.75,3.75,3.75,5,2.5,5,0,2.5,1.25,1.25,0,0,0,0,0,0,0,18.75,7.5,2.5,3.75,0,0,2.5,11.25,0,0,0,0,0,0,0,0,3.75,0,0,2.5,1.25,0,0,0,0,0,0,0,0,0,0,0,0,0,0,0,0,0,0,0,5,2.5,0,1.25,1.25,1.25,0,0,3.75,2.5,1.25,5,0,0,0,0,0,15,2.5,6.25,2.5,0,0,3.75,0
2720,seller,1,97,73.57,99,10.94,20.23,16.17,15.46,89.69,70.1,60.82,17.53,14.43,1.03,8.25,5.15,0,0,3.09,14.43,10.31,0,16.49,9.28,2.06,5.15,1.03,14.43,4.12,0,11.34,9.28,0,2.06,28.87,1.03,21.65,3.09,3.09,3.09,3.09,5.15,4.12,0,2.06,1.03,1.03,1.03,1.03,0,0,0,0,0,19.59,5.15,3.09,2.06,0,0,1.03,14.43,0,0,0,0,0,0,0,0,5.15,0,0,4.12,2.06,0,0,0,0,0,0,0,0,0,0,0,0,0,0,1.03,0,0,0,0,5.15,2.06,0,1.03,1.03,1.03,0,0,4.12,3.09,2.06,4.12,1.03,0,1.03,0,0,16.49,5.15,5.15,1.03,0,0,5.15,0
2720,seller,1,92,77.67,99,23.45,71.41,15.33,15.22,89.13,69.57,58.7,17.39,14.13,1.09,8.7,4.35,0,0,3.26,14.13,8.7,0,17.39,7.61,4.35,2.17,1.09,13.04,5.43,0,11.96,8.7,0,3.26,29.35,1.09,18.48,3.26,4.35,2.17,3.26,4.35,2.17,0,3.26,3.26,0,2.17,2.17,0,0,0,0,0,18.48,3.26,2.17,1.09,0,0,1.09,14.13,0,0,0,0,0,0,0,0,6.52,0,0,5.43,2.17,0,0,0,0,0,0,0,0,0,0,0,1.09,1.09,0,1.09,0,0,1.09,0,8.7,1.09,0,0,1.09,0,0,0,8.7,3.26,1.09,5.43,1.09,0,1.09,0,0,15.22,5.43,3.26,1.09,0,0,5.43,0
2720,seller,1,57,89.52,99,22.93,98.45,11.4,17.54,87.72,61.4,50.88,15.79,14.04,0,10.53,3.51,0,0,1.75,15.79,8.77,0,15.79,3.51,5.26,0,0,8.77,5.26,0,15.79,10.53,0,5.26,26.32,1.75,14.04,3.51,3.51,1.75,1.75,7.02,0,0,7.02,7.02,0,3.51,3.51,0,0,0,0,0,19.3,1.75,1.75,1.75,0,0,0,15.79,0,0,0,0,0,0,0,0,8.77,0,0,7.02,3.51,0,0,0,0,0,0,0,0,0,0,0,1.75,3.51,0,1.75,0,0,1.75,0,8.77,1.75,0,0,1.75,0,0,0,10.53,1.75,1.75,7.02,1.75,0,1.75,0,0,15.79,7.02,3.51,0,0,0,5.26,0
2721,buyer,1,13,31.07,7.93,30.98,20.23,13,23.08,84.62,46.15,38.46,15.38,7.69,7.69,0,0,0,0,7.69,7.69,0,0,7.69,7.69,0,7.69,0,7.69,7.69,0,0,0,0,0,15.38,0,7.69,7.69,0,0,0,0,0,0,15.38,7.69,7.69,7.69,0,7.69,0,0,0,0,15.38,15.38,0,7.69,0,0,7.69,0,0,0,0,0,0,0,0,0,15.38,0,0,7.69,7.69,0,0,0,0,0,0,0,0,0,0,0,0,7.69,0,0,0,0,0,0,0,0,0,0,0,0,0,0,0,0,7.69,7.69,0,0,0,0,0,0,0,0,0,0,0,0,0
2721,buyer,1,34,16.49,5.72,83.69,1.85,34,11.76,88.24,67.65,52.94,20.59,11.76,8.82,0,2.94,0,0,8.82,8.82,5.88,0,8.82,11.76,0,5.88,5.88,20.59,5.88,0,0,0,0,0,29.41,2.94,17.65,11.76,0,2.94,0,0,2.94,0,2.94,0,2.94,2.94,0,2.94,0,0,0,0,11.76,5.88,0,0,0,0,0,5.88,0,0,0,0,0,0,0,0,8.82,0,0,2.94,5.88,0,0,0,0,0,0,0,0,0,0,5.88,2.94,2.94,0,0,0,0,0,0,2.94,2.94,0,0,2.94,0,0,0,0,2.94,5.88,8.82,0,0,0,0,0,11.76,2.94,5.88,0,0,2.94,0,0
2721,buyer,1,43,19.49,4.93,96.19,3.38,21.5,9.3,90.7,69.77,55.81,18.6,11.63,6.98,0,4.65,0,0,6.98,13.95,4.65,2.33,9.3,11.63,0,6.98,4.65,18.6,6.98,4.65,0,0,0,0,32.56,2.33,23.26,9.3,0,4.65,0,0,9.3,0,2.33,0,2.33,2.33,0,2.33,0,0,0,0,9.3,2.33,0,0,0,0,0,6.98,0,0,0,0,0,0,0,0,11.63,0,0,2.33,9.3,0,0,0,0,0,0,0,0,0,0,4.65,2.33,4.65,0,0,0,0,0,0,6.98,6.98,0,2.33,4.65,0,0,0,0,2.33,4.65,6.98,2.33,0,2.33,0,0,16.28,4.65,9.3,0,0,2.33,0,0
2721,buyer,1,57,8.01,5.8,93.14,,19,12.28,91.23,63.16,49.12,17.54,12.28,5.26,0,3.51,0,3.51,5.26,15.79,3.51,1.75,5.26,12.28,0,5.26,8.77,22.81,3.51,3.51,3.51,0,0,3.51,35.09,3.51,22.81,8.77,0,3.51,0,0,10.53,0,0,0,0,0,0,0,0,0,0,0,17.54,5.26,3.51,3.51,0,0,0,12.28,0,0,0,0,0,0,0,0,19.3,0,0,3.51,15.79,0,0,0,0,0,0,0,0,0,0,3.51,1.75,8.77,0,0,0,0,0,0,12.28,5.26,0,1.75,3.51,0,0,0,0,7.02,5.26,5.26,1.75,0,1.75,0,0,26.32,5.26,14.04,0,0,5.26,1.75,0
2721,seller,1,16,78.28,75.49,1.63,96.74,8,12.5,87.5,62.5,50,6.25,6.25,0,0,6.25,0,0,0,25,12.5,0,6.25,6.25,0,6.25,6.25,6.25,6.25,6.25,0,0,0,0,31.25,12.5,0,0,0,0,0,0,0,0,6.25,6.25,0,0,0,0,0,0,0,0,12.5,6.25,0,6.25,0,0,6.25,6.25,0,0,0,0,0,0,0,0,12.5,0,0,0,12.5,0,0,0,0,0,0,0,0,0,0,0,0,0,0,0,0,0,0,0,12.5,0,0,0,0,0,0,0,6.25,6.25,6.25,0,6.25,0,6.25,0,0,12.5,12.5,0,0,0,0,0,0
2721,seller,1,24,37.3,40.06,3.81,,6,8.33,87.5,70.83,58.33,4.17,4.17,0,0,4.17,0,0,0,25,12.5,0,4.17,16.67,4.17,4.17,8.33,16.67,8.33,4.17,0,0,0,0,33.33,12.5,0,0,0,0,0,0,0,0,0,0,0,0,0,0,0,0,0,0,4.17,0,0,0,0,0,0,4.17,0,0,0,0,0,0,0,0,12.5,0,0,0,12.5,0,0,0,0,0,0,0,0,0,0,0,0,0,0,0,0,0,0,0,12.5,4.17,0,0,4.17,0,0,0,4.17,8.33,4.17,4.17,4.17,0,4.17,0,0,16.67,16.67,0,0,0,0,0,0
2721,seller,1,44,9.2,53.63,34.4,20.23,5.5,6.82,93.18,77.27,61.36,15.91,13.64,4.55,0,9.09,0,0,2.27,22.73,6.82,0,6.82,15.91,2.27,6.82,6.82,22.73,9.09,2.27,2.27,0,0,2.27,36.36,9.09,13.64,2.27,0,6.82,2.27,0,4.55,0,4.55,2.27,2.27,2.27,0,2.27,0,0,0,0,11.36,2.27,2.27,2.27,0,0,0,9.09,0,0,0,0,0,0,0,0,9.09,0,0,2.27,6.82,0,0,0,0,0,0,0,0,0,0,0,2.27,2.27,0,0,0,0,0,0,13.64,9.09,0,0,9.09,0,0,0,2.27,4.55,9.09,2.27,2.27,0,2.27,0,0,18.18,18.18,0,0,0,0,0,0
2721,seller,1,32,1.97,40.06,54.55,69.4,4.57,3.13,96.88,78.13,59.38,18.75,15.63,6.25,0,9.38,0,0,3.13,18.75,3.13,0,6.25,18.75,3.13,6.25,6.25,28.13,9.38,0,3.13,0,0,3.13,34.38,6.25,18.75,3.13,0,9.38,3.13,0,6.25,0,9.38,6.25,3.13,3.13,0,3.13,0,0,0,0,12.5,3.13,3.13,3.13,0,0,0,9.38,0,0,0,0,0,0,0,0,9.38,0,0,6.25,3.13,0,0,0,0,0,0,0,0,0,0,0,3.13,6.25,0,0,0,0,0,0,15.63,12.5,0,0,12.5,0,0,0,0,3.13,9.38,3.13,3.13,0,3.13,0,0,18.75,18.75,0,0,0,0,0,0
2728,buyer,1,53,15.07,20.62,29.13,5.02,53,3.77,84.91,75.47,62.26,26.42,16.98,7.55,0,7.55,1.89,0,9.43,18.87,9.43,0,7.55,7.55,1.89,7.55,3.77,18.87,1.89,1.89,0,0,0,0,26.42,0,18.87,1.89,0,7.55,0,0,9.43,0,1.89,0,1.89,1.89,0,1.89,0,0,0,0,13.21,3.77,1.89,1.89,0,0,0,9.43,0,0,0,1.89,0,0,0,0,9.43,0,0,1.89,7.55,0,0,0,0,0,0,0,0,0,0,5.66,0,1.89,0,0,0,0,0,0,9.43,5.66,0,1.89,3.77,0,0,0,0,5.66,5.66,0,0,0,0,0,0,5.66,0,3.77,1.89,0,0,0,0
2728,buyer,1,83,8.18,74.41,9.35,20.23,27.67,7.23,87.95,75.9,63.86,26.51,15.66,6.02,0,8.43,1.2,0,10.84,19.28,7.23,0,8.43,12.05,2.41,7.23,2.41,20.48,3.61,2.41,3.61,2.41,0,1.2,24.1,1.2,13.25,1.2,0,6.02,0,0,6.02,0,4.82,2.41,2.41,2.41,0,2.41,1.2,0,0,0,16.87,4.82,3.61,2.41,0,0,0,12.05,0,0,0,1.2,0,0,0,0,7.23,0,0,1.2,6.02,0,0,0,0,0,0,0,0,0,0,3.61,0,2.41,0,0,0,0,0,0,8.43,4.82,0,2.41,2.41,0,0,0,0,3.61,7.23,2.41,1.2,0,1.2,0,0,7.23,1.2,3.61,2.41,0,0,0,0
2728,buyer,1,70,10.84,95.38,1.27,65.27,17.5,8.57,91.43,75.71,61.43,25.71,17.14,7.14,0,10,0,0,8.57,18.57,8.57,0,7.14,12.86,2.86,5.71,1.43,21.43,5.71,1.43,5.71,2.86,0,2.86,20,1.43,10,1.43,0,7.14,0,0,1.43,0,8.57,5.71,2.86,2.86,0,2.86,1.43,0,0,0,21.43,8.57,7.14,5.71,0,0,1.43,12.86,0,0,0,0,0,0,0,0,5.71,0,0,1.43,4.29,0,0,0,0,0,0,0,0,0,0,4.29,0,2.86,0,0,0,0,0,0,10,2.86,0,1.43,1.43,0,0,0,0,1.43,7.14,2.86,2.86,0,2.86,0,0,11.43,2.86,5.71,2.86,0,0,0,0
2728,buyer,1,62,11.71,97.31,6.29,89.28,15.5,16.13,93.55,64.52,48.39,20.97,14.52,4.84,0,6.45,0,3.23,6.45,16.13,4.84,0,4.84,12.9,1.61,4.84,1.61,22.58,6.45,3.23,9.68,3.23,0,6.45,20.97,1.61,8.06,3.23,0,3.23,0,0,1.61,0,8.06,6.45,1.61,1.61,0,1.61,1.61,0,0,0,25.81,9.68,9.68,8.06,0,0,1.61,16.13,0,0,0,0,0,0,0,0,16.13,0,0,3.23,12.9,0,0,0,0,0,0,0,0,0,0,1.61,0,9.68,0,1.61,0,0,0,0,11.29,3.23,0,1.61,1.61,0,0,0,0,4.84,6.45,3.23,3.23,0,3.23,0,0,19.35,4.84,9.68,1.61,0,1.61,1.61,0
2728,seller,1,21,1,67.92,1,,5.25,9.52,95.24,80.95,66.67,33.33,14.29,4.76,4.76,4.76,0,0,19.05,19.05,4.76,0,4.76,23.81,0,0,4.76,28.57,4.76,0,4.76,4.76,0,0,33.33,4.76,14.29,0,0,4.76,0,0,4.76,0,0,0,0,0,0,0,0,0,0,0,14.29,4.76,4.76,0,0,0,0,9.52,0,0,0,0,0,0,0,0,4.76,0,0,0,4.76,0,0,0,0,0,0,0,0,0,0,0,0,4.76,0,0,0,0,0,0,4.76,4.76,0,0,0,0,4.76,0,0,4.76,14.29,0,4.76,0,4.76,0,0,19.05,4.76,0,9.52,0,4.76,0,0
2728,seller,1,39,4.85,98.04,7.69,20.23,19.5,28.21,89.74,69.23,58.97,23.08,17.95,2.56,2.56,10.26,2.56,0,5.13,15.38,5.13,2.56,5.13,12.82,5.13,5.13,2.56,15.38,5.13,2.56,7.69,2.56,0,5.13,28.21,2.56,20.51,0,2.56,2.56,5.13,0,7.69,0,5.13,2.56,2.56,2.56,0,2.56,2.56,0,2.56,0,20.51,5.13,2.56,5.13,0,0,0,15.38,0,0,0,2.56,0,0,0,0,5.13,2.56,0,0,2.56,0,0,0,0,0,0,0,0,0,0,0,0,5.13,0,0,0,0,0,0,7.69,2.56,0,0,2.56,0,0,0,2.56,2.56,2.56,2.56,2.56,0,2.56,0,0,5.13,2.56,0,2.56,0,0,0,0
2728,seller,1,47,9.26,91.15,16.56,53.17,23.5,27.66,91.49,72.34,59.57,21.28,17.02,4.26,2.13,8.51,2.13,0,4.26,14.89,4.26,2.13,8.51,10.64,6.38,4.26,4.26,14.89,6.38,2.13,8.51,4.26,0,4.26,31.91,4.26,23.4,0,2.13,4.26,6.38,0,6.38,0,6.38,4.26,2.13,2.13,0,2.13,2.13,0,2.13,0,21.28,6.38,4.26,4.26,0,0,0,14.89,0,2.13,0,2.13,0,0,0,0,2.13,2.13,0,0,0,0,0,0,0,0,0,0,0,0,0,0,0,4.26,0,0,0,0,0,0,10.64,4.26,0,0,4.26,0,0,0,4.26,0,4.26,2.13,4.26,2.13,2.13,0,0,6.38,2.13,2.13,2.13,0,0,0,0
2728,seller,1,42,23.27,88.15,39.59,88.66,14,28.57,90.48,66.67,54.76,19.05,16.67,4.76,0,9.52,2.38,0,2.38,11.9,4.76,2.38,9.52,7.14,7.14,4.76,2.38,11.9,7.14,2.38,7.14,2.38,0,4.76,28.57,2.38,21.43,0,2.38,2.38,7.14,0,7.14,0,9.52,7.14,2.38,2.38,0,2.38,2.38,0,2.38,0,21.43,7.14,4.76,4.76,0,0,0,14.29,0,2.38,0,2.38,0,0,0,0,4.76,2.38,0,2.38,0,0,0,0,0,0,0,0,0,0,0,0,0,7.14,0,0,0,0,0,0,9.52,4.76,0,0,4.76,0,0,0,4.76,0,2.38,2.38,2.38,2.38,0,0,0,7.14,2.38,2.38,2.38,0,0,0,0
2729,buyer,1,43,1,1,69.5,98.39,43,18.6,90.7,67.44,60.47,27.91,11.63,11.63,0,0,0,0,16.28,9.3,6.98,0,2.33,11.63,11.63,9.3,2.33,18.6,0,2.33,2.33,0,0,2.33,37.21,0,16.28,2.33,0,6.98,0,2.33,4.65,0,6.98,6.98,0,4.65,4.65,0,0,0,0,0,11.63,11.63,2.33,4.65,0,0,9.3,0,0,0,0,0,0,0,0,0,4.65,0,0,0,4.65,0,0,0,0,0,0,0,0,0,0,0,0,6.98,0,0,0,0,0,0,0,2.33,0,0,2.33,0,0,0,6.98,11.63,4.65,0,0,0,0,0,0,13.95,2.33,4.65,0,0,6.98,0,0
2729,buyer,1,76,5.08,1,95.77,97.62,25.33,19.74,92.11,72.37,64.47,22.37,11.84,11.84,0,0,0,0,10.53,13.16,9.21,0,9.21,11.84,9.21,10.53,2.63,17.11,1.32,3.95,1.32,0,0,1.32,35.53,1.32,17.11,2.63,2.63,5.26,0,1.32,3.95,0,6.58,6.58,0,3.95,3.95,0,0,0,0,0,5.26,5.26,1.32,0,0,0,3.95,0,0,0,0,0,0,0,0,0,6.58,0,0,1.32,5.26,0,0,0,0,0,0,0,0,0,0,0,0,6.58,0,1.32,0,0,0,0,2.63,3.95,0,2.63,3.95,0,0,0,7.89,6.58,6.58,0,1.32,0,1.32,0,0,14.47,3.95,5.26,0,0,5.26,0,0
2729,buyer,1,74,15.89,1,99,98.04,14.8,21.62,95.95,77.03,64.86,21.62,13.51,13.51,0,0,0,0,8.11,13.51,8.11,0,13.51,10.81,8.11,8.11,2.7,18.92,2.7,2.7,0,0,0,0,35.14,1.35,17.57,5.41,2.7,4.05,0,1.35,2.7,0,6.76,6.76,0,4.05,4.05,0,0,0,0,0,5.41,5.41,2.7,0,0,0,2.7,0,0,0,0,0,1.35,1.35,0,0,8.11,0,0,2.7,5.41,0,0,0,0,0,0,0,0,0,0,0,0,5.41,0,1.35,0,0,0,0,2.7,2.7,0,2.7,2.7,0,0,0,8.11,4.05,6.76,0,1.35,0,1.35,0,0,13.51,5.41,5.41,0,0,2.7,0,0
2729,buyer,1,69,60.52,5.93,98.67,99,17.25,20.29,95.65,69.57,59.42,17.39,14.49,11.59,0,2.9,0,0,2.9,17.39,10.14,0,15.94,10.14,2.9,7.25,1.45,15.94,2.9,2.9,0,0,0,0,26.09,1.45,15.94,4.35,4.35,4.35,0,0,1.45,0,14.49,14.49,0,4.35,4.35,0,0,0,0,0,15.94,13.04,5.8,7.25,0,0,2.9,2.9,0,0,0,0,2.9,2.9,0,0,7.25,0,0,2.9,4.35,0,0,0,0,0,0,0,0,0,0,0,0,4.35,0,1.45,0,0,0,0,2.9,2.9,0,2.9,2.9,0,0,0,11.59,0,5.8,0,1.45,0,1.45,0,0,11.59,5.8,4.35,0,0,1.45,0,0
2729,buyer,1,29,68.11,60.57,99,99,9.67,20.69,96.55,62.07,48.28,20.69,17.24,10.34,0,6.9,0,0,3.45,17.24,6.9,0,13.79,6.9,0,3.45,0,17.24,3.45,0,0,0,0,0,17.24,0,10.34,6.9,3.45,0,0,0,0,0,20.69,20.69,0,0,0,0,0,0,0,0,34.48,27.59,10.34,17.24,0,0,6.9,6.9,0,0,0,0,6.9,6.9,0,0,6.9,0,0,6.9,0,0,0,0,0,0,0,0,0,0,0,0,0,3.45,0,0,0,0,0,0,0,0,0,0,0,0,0,0,17.24,0,3.45,0,0,0,0,0,0,10.34,6.9,3.45,0,0,0,0,0
2729,seller,1,44,51.97,5.27,66.42,86.79,22,25,79.55,65.91,56.82,9.09,4.55,2.27,2.27,0,0,0,4.55,15.91,13.64,0,11.36,9.09,11.36,6.82,4.55,13.64,2.27,2.27,4.55,2.27,2.27,0,25,2.27,13.64,2.27,2.27,0,4.55,0,6.82,0,4.55,4.55,0,0,0,0,0,0,0,0,6.82,4.55,2.27,0,0,0,0,2.27,0,0,0,0,2.27,0,0,2.27,4.55,0,0,0,4.55,0,0,0,0,0,0,0,0,0,0,0,0,0,0,0,0,0,0,0,0,2.27,0,2.27,2.27,0,0,0,4.55,6.82,6.82,0,0,0,0,0,0,9.09,2.27,4.55,2.27,0,0,0,0
2729,seller,1,105,42.52,10.48,84.92,20.23,26.25,19.05,86.67,69.52,56.19,14.29,11.43,7.62,1.9,1.9,0,0,2.86,15.24,9.52,0,12.38,10.48,6.67,7.62,1.9,18.1,6.67,3.81,5.71,1.9,1.9,1.9,27.62,0.95,11.43,1.9,1.9,0.95,1.9,0,5.71,0,5.71,2.86,2.86,0,0,0,0,0,0,0,11.43,6.67,1.9,0,0,0,0.95,4.76,0,0,0,0,0.95,0,0,0.95,6.67,0,0,2.86,3.81,0,0.95,0,0,0,0,0,0,0.95,0,0,0,0.95,0,0.95,0,0,0.95,0,3.81,4.76,0,1.9,3.81,0.95,0,0,3.81,7.62,5.71,1.9,0,0,0,0,0,6.67,3.81,1.9,0,0,0.95,0,0
2729,seller,1,143,38.88,64.83,89.97,83.31,15.89,16.08,88.81,71.33,59.44,18.18,14.69,6.29,3.5,4.9,0,0,3.5,15.38,7.69,0,13.99,11.89,3.5,6.99,1.4,20.28,4.9,3.5,7.69,3.5,1.4,2.8,23.08,0,9.79,1.4,1.4,1.4,1.4,0,5.59,0,8.39,6.29,2.1,0.7,0.7,0,0,0,0,0,18.88,9.79,2.8,4.9,0,0,2.8,9.09,0,0,0,0,1.4,0,0,1.4,4.9,0,0,2.1,2.8,0,0.7,0,0,0,0,0,0,0.7,0,0,0.7,0.7,0,0.7,0,0,0.7,0,3.5,4.9,0,1.4,4.2,0.7,0,0,7.69,4.2,4.2,4.9,0,0,0,0,0,7.69,6.29,0.7,0,0,0.7,0,0
2729,seller,1,141,34.02,82.22,83.13,75.43,15.67,15.6,89.36,68.09,54.61,18.44,14.89,5.67,2.84,4.96,0,1.42,3.55,14.89,6.38,0,11.35,12.06,2.13,5.67,1.42,21.99,5.67,3.55,7.8,2.84,0.71,4.26,23.4,0,9.22,2.84,0.71,1.42,1.42,0,4.26,0,7.8,5.67,2.13,0.71,0.71,0,0,0,0,0,21.99,10.64,4.26,6.38,0,0,2.84,11.35,0,0,0,0,0.71,0,0,0.71,9.22,0,0,3.55,5.67,0,0.71,0,0,0,0,0,0,0.71,0,0,0.71,3.55,0,1.42,0,0,0.71,0,5.67,4.96,0,0.71,4.26,0.71,0,0,7.09,5.67,3.55,4.96,0,0,0,0,0,11.35,6.38,2.84,0,0,1.42,0.71,0
2730,buyer,1,61,35.92,4.17,92.94,20.23,61,29.51,86.89,65.57,50.82,16.39,14.75,11.48,0,3.28,0,0,1.64,16.39,11.48,0,4.92,4.92,8.2,8.2,0,8.2,11.48,3.28,1.64,0,0,1.64,22.95,0,9.84,1.64,1.64,0,0,1.64,4.92,0,9.84,4.92,4.92,0,0,0,0,0,0,0,14.75,11.48,3.28,1.64,0,3.28,1.64,3.28,0,0,0,0,0,0,0,0,8.2,0,0,4.92,3.28,0,0,0,0,0,0,0,0,0,0,0,0,3.28,0,3.28,0,0,0,0,1.64,4.92,0,0,4.92,0,0,0,3.28,13.11,0,1.64,0,0,0,0,0,8.2,0,8.2,0,0,0,0,0
2730,buyer,1,62,17.22,4.4,86.48,44.38,62,30.65,87.1,66.13,54.84,16.13,14.52,11.29,0,3.23,0,0,1.61,14.52,9.68,0,4.84,8.06,9.68,9.68,0,11.29,8.06,1.61,1.61,0,0,1.61,27.42,0,14.52,3.23,1.61,4.84,0,1.61,4.84,0,8.06,4.84,3.23,0,0,0,0,0,0,0,11.29,8.06,3.23,1.61,0,1.61,1.61,3.23,0,0,0,0,0,0,0,0,9.68,0,0,4.84,4.84,0,0,0,0,0,0,0,0,0,0,0,0,3.23,0,1.61,0,0,0,0,1.61,3.23,0,0,3.23,0,0,0,6.45,11.29,0,1.61,0,0,0,0,0,8.06,0,8.06,0,0,0,0,0
2730,buyer,1,54,10.19,8.59,92.16,48.44,54,25.93,92.59,68.52,55.56,14.81,14.81,11.11,0,3.7,0,0,0,12.96,9.26,0,3.7,11.11,7.41,12.96,0,14.81,7.41,1.85,1.85,0,0,1.85,24.07,0,12.96,3.7,1.85,5.56,0,0,3.7,0,9.26,5.56,3.7,0,0,0,0,0,0,0,11.11,7.41,1.85,1.85,1.85,0,1.85,3.7,0,0,0,0,0,0,0,0,12.96,0,0,5.56,7.41,0,0,0,0,0,0,0,0,0,0,0,0,3.7,0,1.85,0,0,0,0,5.56,5.56,0,0,5.56,0,0,0,7.41,5.56,0,5.56,1.85,0,1.85,0,0,9.26,0,9.26,0,0,0,0,0
2730,buyer,1,32,26.1,1.71,54.55,20.23,32,9.38,90.63,68.75,59.38,12.5,12.5,12.5,0,0,0,0,0,15.63,15.63,0,3.13,15.63,6.25,9.38,0,15.63,3.13,0,0,0,0,0,25,0,12.5,6.25,0,9.38,0,0,0,0,6.25,3.13,3.13,0,0,0,0,0,0,0,3.13,3.13,0,0,3.13,0,0,0,0,0,0,0,0,0,0,0,12.5,0,0,3.13,9.38,0,0,0,0,0,0,0,0,0,0,0,0,6.25,0,0,0,0,0,0,9.38,3.13,0,0,3.13,0,0,0,6.25,0,0,9.38,6.25,0,6.25,0,0,6.25,0,6.25,0,0,0,0,0
2730,buyer,1,41,41.16,16.2,59.99,20.23,41,19.51,85.37,51.22,39.02,9.76,9.76,4.88,0,0,0,4.88,0,14.63,9.76,0,2.44,12.2,0,4.88,4.88,17.07,2.44,0,4.88,0,0,4.88,21.95,0,12.2,7.32,0,0,0,0,4.88,0,4.88,2.44,2.44,0,0,0,0,0,0,0,17.07,7.32,4.88,4.88,2.44,0,0,9.76,0,0,0,0,0,0,0,0,24.39,0,0,7.32,17.07,0,0,0,0,0,0,0,0,0,0,0,0,12.2,0,0,0,0,0,0,14.63,2.44,0,0,2.44,0,0,0,0,4.88,2.44,7.32,4.88,0,4.88,0,0,21.95,2.44,12.2,0,0,4.88,2.44,0
2730,buyer,1,32,43.4,23.51,54.55,69.4,16,21.88,81.25,40.63,31.25,9.38,9.38,3.13,0,0,0,6.25,0,12.5,6.25,0,3.13,9.38,0,3.13,6.25,15.63,0,0,6.25,0,0,6.25,21.88,0,15.63,9.38,0,0,0,0,6.25,0,3.13,3.13,0,0,0,0,0,0,0,0,18.75,6.25,6.25,6.25,0,0,0,12.5,0,0,0,0,0,0,0,0,31.25,0,0,12.5,18.75,0,0,0,0,0,0,0,0,0,0,0,0,15.63,0,0,0,0,0,0,12.5,0,0,0,0,0,0,0,0,6.25,3.13,3.13,3.13,0,3.13,0,0,25,3.13,12.5,0,0,6.25,3.13,0
2730,seller,1,87,10.19,40.06,90.32,56.07,8.7,20.69,94.25,74.71,64.37,20.69,13.79,5.75,2.3,5.75,0,0,6.9,12.64,6.9,1.15,11.49,12.64,11.49,3.45,3.45,18.39,5.75,1.15,4.6,2.3,1.15,1.15,35.63,0,26.44,9.2,4.6,4.6,1.15,3.45,6.9,0,4.6,3.45,1.15,0,0,0,0,0,0,0,16.09,8.05,3.45,3.45,0,1.15,2.3,8.05,0,0,0,0,0,0,0,0,3.45,0,0,0,3.45,0,0,0,0,0,0,0,0,0,0,0,0,1.15,0,1.15,0,0,0,0,5.75,9.2,0,1.15,4.6,1.15,1.15,1.15,2.3,4.6,8.05,0,0,0,0,0,0,19.54,6.9,4.6,3.45,1.15,2.3,1.15,0
2730,seller,1,113,13.72,50.6,85.27,47.03,10.27,19.47,94.69,74.34,62.83,22.12,16.81,7.96,1.77,7.08,0,0,5.31,15.93,8.85,1.77,11.5,10.62,9.73,6.19,2.65,16.81,5.31,3.54,3.54,1.77,0.88,0.88,31.86,0,23.01,9.73,3.54,3.54,0.88,2.65,5.31,0,1.77,1.77,0,0,0,0,0,0,0,0,13.27,4.42,1.77,0.88,0,0,0,8.85,0,0,0,0,0,0,0,0,6.19,0,0,1.77,4.42,0,0,0,0,0,0,0,0,0,0,0,0,1.77,0,0.88,0,0,0,0,4.42,6.19,0,0,2.65,0.88,0.88,0.88,1.77,3.54,7.96,0,0,0,0,0,0,17.7,7.08,4.42,1.77,0.88,1.77,1.77,0
2730,seller,1,94,15.79,97.64,71.66,53.17,13.43,14.89,95.74,76.6,63.83,23.4,19.15,7.45,0,11.7,0,0,4.26,17.02,9.57,2.13,12.77,9.57,9.57,9.57,0,15.96,5.32,3.19,1.06,0,1.06,0,28.72,0,13.83,8.51,4.26,1.06,1.06,1.06,1.06,0,4.26,3.19,1.06,1.06,1.06,0,0,0,0,0,17.02,5.32,1.06,0,0,0,2.13,11.7,0,0,0,0,0,0,0,0,7.45,0,0,3.19,4.26,0,0,0,0,0,0,0,0,0,0,0,0,2.13,0,0,0,0,0,0,1.06,4.26,0,0,2.13,0,1.06,1.06,3.19,1.06,7.45,1.06,0,0,0,0,0,15.96,4.26,4.26,2.13,1.06,1.06,3.19,0
2730,seller,1,85,64.21,91.03,55.07,75.21,12.14,15.29,94.12,75.29,60,18.82,16.47,7.06,0,9.41,0,0,2.35,17.65,11.76,1.18,16.47,7.06,4.71,9.41,0,15.29,5.88,3.53,1.18,0,1.18,0,23.53,0,10.59,4.71,2.35,1.18,1.18,0,1.18,0,5.88,4.71,1.18,1.18,1.18,0,0,0,0,0,17.65,8.24,2.35,1.18,0,0,5.88,9.41,0,0,0,0,0,0,0,0,7.06,0,0,3.53,3.53,0,0,0,0,0,0,0,0,0,0,0,0,2.35,0,0,0,0,0,0,2.35,4.71,1.18,0,3.53,1.18,0,0,3.53,1.18,3.53,2.35,0,0,0,0,0,14.12,4.71,3.53,1.18,2.35,0,2.35,0
2730,seller,1,50,63.53,96.81,35.01,50.98,12.5,16,94,74,60,16,14,4,0,10,0,0,2,14,10,0,16,8,6,8,0,16,6,0,4,0,2,2,28,0,12,2,4,2,2,0,2,0,10,6,4,2,2,0,0,0,0,0,24,14,4,2,2,0,10,10,0,0,0,0,0,0,0,0,6,0,0,4,2,0,0,0,0,0,0,0,0,0,0,0,0,2,0,0,0,0,0,0,2,6,2,0,4,2,0,0,6,0,2,4,0,0,0,0,0,12,2,4,2,2,0,2,0
2730,seller,1,40,75.4,81,28.56,20.23,13.33,27.5,90,50,35,10,10,2.5,0,2.5,0,5,0,12.5,5,0,10,7.5,0,2.5,2.5,20,2.5,0,7.5,0,0,7.5,25,0,12.5,5,2.5,0,0,0,2.5,0,5,2.5,2.5,0,0,0,0,0,0,0,27.5,15,7.5,7.5,2.5,0,7.5,12.5,0,0,0,0,0,0,0,0,25,0,0,7.5,17.5,0,0,0,0,0,0,0,0,0,0,0,0,12.5,0,0,0,0,0,0,10,5,2.5,0,2.5,2.5,0,0,2.5,7.5,2.5,2.5,0,0,0,0,0,22.5,5,10,0,2.5,2.5,2.5,0
2731,buyer,1,26,64.84,1,11.63,99,8.67,19.23,80.77,61.54,53.85,7.69,3.85,3.85,0,0,0,0,3.85,15.38,11.54,0,11.54,15.38,0,3.85,7.69,15.38,7.69,7.69,0,0,0,0,26.92,0,19.23,0,0,7.69,0,0,11.54,0,7.69,7.69,0,7.69,7.69,0,0,0,0,0,3.85,3.85,0,0,0,0,3.85,0,0,0,0,0,0,0,0,0,3.85,0,0,0,3.85,0,0,0,0,0,0,0,0,0,0,0,0,7.69,0,3.85,0,0,0,0,0,3.85,0,0,3.85,0,0,0,0,7.69,0,0,0,0,0,0,0,15.38,11.54,3.85,0,0,0,0,0
2731,buyer,1,37,51.04,1,94.68,,9.25,18.92,72.97,59.46,54.05,8.11,5.41,5.41,0,0,0,0,2.7,16.22,13.51,0,8.11,10.81,5.41,5.41,8.11,13.51,2.7,2.7,0,0,0,0,24.32,0,16.22,2.7,2.7,0,2.7,0,13.51,0,0,0,0,0,0,0,0,0,0,0,2.7,2.7,0,0,0,0,2.7,0,0,0,0,0,0,0,0,0,2.7,0,0,0,2.7,0,0,0,0,0,0,0,0,0,0,0,0,5.41,0,0,0,0,0,0,0,5.41,0,2.7,2.7,2.7,0,0,0,8.11,0,2.7,0,0,0,0,0,18.92,10.81,8.11,0,0,0,0,0
2731,buyer,1,51,64.21,2.18,83.69,4.72,12.75,17.65,78.43,62.75,56.86,15.69,11.76,7.84,0,3.92,0,0,3.92,19.61,13.73,0,9.8,7.84,3.92,3.92,3.92,9.8,3.92,1.96,1.96,0,0,1.96,19.61,0,13.73,3.92,1.96,0,3.92,0,7.84,0,5.88,1.96,3.92,3.92,0,3.92,0,0,0,0,7.84,3.92,1.96,1.96,0,0,0,3.92,0,0,0,0,0,0,0,0,3.92,0,0,1.96,1.96,0,0,0,0,0,0,0,0,0,0,0,0,3.92,0,0,0,0,0,0,0,3.92,0,1.96,1.96,1.96,0,0,0,3.92,0,3.92,0,0,0,0,0,13.73,7.84,5.88,0,0,0,0,0
2731,buyer,1,42,70.33,9.23,84.92,20.23,10.5,16.67,83.33,64.29,57.14,16.67,14.29,9.52,0,4.76,0,0,2.38,21.43,14.29,0,9.52,4.76,4.76,4.76,2.38,7.14,7.14,2.38,2.38,0,0,2.38,16.67,0,11.9,4.76,2.38,0,4.76,0,4.76,0,9.52,4.76,4.76,4.76,0,4.76,0,0,0,0,9.52,4.76,2.38,2.38,0,0,0,4.76,0,0,0,0,0,0,0,0,4.76,0,0,2.38,2.38,0,0,0,0,0,0,0,0,0,0,0,0,4.76,0,2.38,0,0,0,0,0,4.76,0,2.38,2.38,2.38,0,0,0,2.38,0,4.76,0,0,0,0,0,14.29,9.52,4.76,0,0,0,0,0
2731,buyer,1,44,45.12,66.75,34.4,20.23,14.67,25,86.36,52.27,43.18,15.91,13.64,4.55,0,4.55,0,4.55,2.27,18.18,6.82,0,6.82,6.82,0,4.55,4.55,11.36,6.82,2.27,6.82,0,0,6.82,18.18,0,13.64,6.82,0,0,2.27,0,4.55,0,9.09,4.55,4.55,4.55,0,4.55,0,0,0,0,22.73,9.09,6.82,6.82,0,0,0,13.64,0,0,0,0,0,0,0,0,20.45,0,0,6.82,13.64,0,0,0,0,0,0,0,0,0,0,0,0,11.36,0,2.27,0,0,0,0,6.82,0,0,0,0,0,0,0,0,4.55,2.27,2.27,0,0,0,0,0,22.73,6.82,9.09,0,0,4.55,2.27,0
2731,seller,1,35,31.66,40.06,4.17,,11.67,17.14,82.86,68.57,60,14.29,8.57,2.86,0,5.71,0,0,5.71,17.14,14.29,0,5.71,11.43,8.57,5.71,2.86,14.29,5.71,0,0,0,0,0,22.86,0,11.43,0,2.86,2.86,0,0,5.71,0,0,0,0,0,0,0,0,0,0,0,5.71,0,0,0,0,0,0,5.71,0,0,0,0,0,0,0,0,8.57,0,0,0,8.57,0,0,0,0,0,0,0,0,0,0,0,0,11.43,0,0,0,0,0,0,8.57,5.71,0,0,2.86,2.86,0,0,0,8.57,2.86,0,0,0,0,0,0,8.57,0,2.86,5.71,0,0,0,0
2731,seller,1,51,16.49,20,60.65,,25.5,19.61,86.27,66.67,56.86,15.69,9.8,3.92,0,5.88,0,0,5.88,17.65,9.8,1.96,5.88,9.8,7.84,7.84,3.92,13.73,5.88,1.96,0,0,0,0,23.53,1.96,9.8,0,1.96,0,0,0,7.84,0,0,0,0,0,0,0,0,0,0,0,5.88,0,0,0,0,0,0,5.88,0,0,0,0,0,0,0,0,9.8,0,0,0,9.8,0,0,0,0,0,0,0,0,0,0,0,0,9.8,0,0,0,0,0,0,7.84,7.84,0,1.96,5.88,1.96,0,0,0,5.88,3.92,1.96,0,0,0,0,0,7.84,0,3.92,1.96,0,0,1.96,0
2731,seller,1,77,9.62,15.05,95.15,39.1,38.5,15.58,88.31,70.13,58.44,19.48,15.58,9.09,0,6.49,0,0,3.9,15.58,6.49,1.3,10.39,11.69,6.49,9.09,3.9,15.58,7.79,1.3,0,0,0,0,23.38,1.3,12.99,5.19,1.3,0,1.3,0,6.49,0,9.09,5.19,3.9,6.49,2.6,3.9,0,0,0,0,9.09,1.3,1.3,0,0,0,0,7.79,0,0,0,0,0,0,0,0,10.39,0,0,3.9,6.49,0,0,0,0,0,0,0,0,0,0,0,0,3.9,0,0,0,0,0,0,5.19,5.19,0,1.3,3.9,1.3,0,0,1.3,1.3,5.19,2.6,0,0,0,0,0,7.79,1.3,3.9,0,0,1.3,1.3,0
2731,seller,1,60,12.61,15.75,98.38,45.29,30,15,91.67,70,58.33,20,16.67,10,0,6.67,0,0,3.33,15,5,1.67,13.33,11.67,5,10,3.33,15,8.33,1.67,0,0,0,0,25,1.67,15,6.67,1.67,0,1.67,0,6.67,0,11.67,6.67,5,8.33,3.33,5,0,0,0,0,10,1.67,1.67,0,0,0,0,8.33,0,0,0,0,0,0,0,0,13.33,0,0,6.67,6.67,0,0,0,0,0,0,0,0,0,0,0,0,1.67,0,0,0,0,0,0,3.33,3.33,0,1.67,3.33,0,0,0,1.67,0,5,3.33,0,0,0,0,0,8.33,1.67,3.33,0,0,1.67,1.67,0
2731,seller,1,40,20.35,8.37,98.38,90.5,20,12.5,90,67.5,55,20,17.5,12.5,0,5,0,0,2.5,12.5,5,0,15,12.5,2.5,10,2.5,15,10,0,0,0,0,0,22.5,0,15,10,0,0,2.5,0,5,0,20,12.5,7.5,12.5,5,7.5,0,0,0,0,10,2.5,2.5,0,0,0,0,7.5,0,0,0,0,0,0,0,0,15,0,0,12.5,2.5,0,0,0,0,0,0,0,0,0,0,0,0,2.5,0,0,0,0,0,0,0,0,0,0,0,0,0,0,2.5,0,5,2.5,0,0,0,0,0,7.5,2.5,2.5,0,0,2.5,0,0
2733,buyer,1,21,81.45,1,5.94,99,21,9.52,76.19,66.67,52.38,14.29,14.29,14.29,0,0,0,0,0,14.29,14.29,0,9.52,9.52,0,0,4.76,19.05,4.76,0,0,0,0,0,23.81,0,14.29,0,0,9.52,0,0,4.76,0,9.52,9.52,0,9.52,9.52,0,0,0,0,0,0,0,0,0,0,0,0,0,0,0,0,0,0,0,0,0,9.52,0,0,0,9.52,0,0,0,0,0,0,0,0,0,0,0,0,4.76,0,0,0,0,0,0,4.76,0,0,0,0,0,0,0,0,9.52,0,0,0,0,0,0,0,0,0,0,0,0,0,0,0
2733,buyer,1,30,10.19,1,98.38,1.23,15,13.33,83.33,76.67,53.33,26.67,23.33,20,0,3.33,0,0,3.33,6.67,6.67,0,6.67,10,3.33,3.33,3.33,26.67,6.67,0,0,0,0,0,33.33,0,20,10,0,3.33,0,3.33,3.33,0,3.33,0,3.33,0,0,0,0,0,0,0,6.67,3.33,3.33,0,0,0,0,3.33,0,0,0,0,0,0,0,0,3.33,0,0,0,3.33,0,0,0,0,0,0,0,0,0,0,0,0,3.33,0,0,0,0,0,0,6.67,0,0,0,0,0,0,0,0,10,6.67,0,0,0,0,0,0,10,3.33,3.33,0,0,3.33,0,0
2733,buyer,1,53,4.02,1,87.76,49.04,10.6,11.32,88.68,75.47,56.6,26.42,20.75,16.98,0,3.77,0,0,5.66,5.66,1.89,0,9.43,11.32,3.77,5.66,3.77,22.64,5.66,0,1.89,0,1.89,0,26.42,0,20.75,9.43,0,5.66,1.89,1.89,3.77,0,9.43,5.66,3.77,1.89,0,1.89,0,0,0,0,11.32,7.55,5.66,3.77,0,0,1.89,3.77,0,0,0,0,0,0,0,0,7.55,1.89,0,1.89,3.77,0,0,0,0,0,0,0,0,0,0,0,0,0,0,0,0,0,0,0,5.66,0,0,0,0,0,0,0,0,1.89,7.55,0,1.89,0,1.89,0,0,11.32,7.55,1.89,0,0,1.89,0,0
2733,buyer,1,63,3.06,1,94.6,88.66,9,9.52,95.24,77.78,58.73,26.98,22.22,17.46,0,4.76,0,0,4.76,6.35,1.59,0,9.52,11.11,6.35,4.76,3.17,23.81,4.76,0,1.59,0,1.59,0,23.81,0,17.46,7.94,0,4.76,1.59,1.59,3.17,0,11.11,7.94,3.17,1.59,0,1.59,0,0,0,0,15.87,9.52,7.94,6.35,0,0,3.17,4.76,0,0,0,0,0,0,0,0,9.52,1.59,0,3.17,4.76,0,0,0,0,0,0,0,0,0,0,0,0,0,0,0,0,0,0,0,6.35,1.59,0,0,1.59,0,0,0,1.59,4.76,6.35,0,1.59,0,1.59,0,0,12.7,9.52,1.59,0,0,1.59,0,0
2733,buyer,1,67,3.63,5.5,85.22,86.16,9.57,7.46,94.03,77.61,61.19,25.37,20.9,14.93,0,5.97,0,0,4.48,10.45,1.49,0,11.94,11.94,5.97,7.46,2.99,20.9,5.97,0,1.49,0,1.49,0,17.91,0,10.45,4.48,0,2.99,1.49,0,2.99,0,10.45,7.46,2.99,2.99,0,2.99,0,0,0,0,14.93,7.46,5.97,5.97,0,0,2.99,5.97,0,0,0,0,0,0,0,0,11.94,1.49,0,4.48,5.97,0,0,0,0,0,0,0,0,0,0,0,0,1.49,0,0,0,0,0,0,5.97,1.49,0,0,1.49,0,0,0,2.99,5.97,2.99,1.49,1.49,0,1.49,0,0,11.94,10.45,0,0,0,1.49,0,0
2733,buyer,1,44,1,17.46,98.07,55.62,8.8,9.09,95.45,79.55,65.91,29.55,25,18.18,0,6.82,0,0,4.55,18.18,2.27,2.27,9.09,13.64,11.36,6.82,0,22.73,4.55,2.27,0,0,0,0,18.18,0,4.55,2.27,0,0,0,2.27,0,0,6.82,4.55,2.27,2.27,0,2.27,0,0,0,0,13.64,4.55,4.55,4.55,0,0,2.27,6.82,0,0,0,0,0,0,0,0,11.36,0,0,4.55,6.82,0,0,0,0,0,0,0,0,0,0,0,0,4.55,0,0,0,0,0,0,6.82,2.27,0,0,2.27,0,0,0,6.82,9.09,0,4.55,0,0,0,0,0,11.36,9.09,0,0,0,2.27,0,0
2733,buyer,1,37,1,1,99,2.35,12.33,8.11,94.59,81.08,67.57,37.84,32.43,27.03,0,5.41,0,0,5.41,21.62,0,2.7,5.41,16.22,8.11,10.81,0,24.32,5.41,2.7,0,0,0,0,24.32,0,8.11,5.41,0,0,0,2.7,0,0,2.7,0,2.7,2.7,0,2.7,0,0,0,0,5.41,0,0,0,0,0,0,5.41,0,0,0,0,0,0,0,0,13.51,0,0,5.41,8.11,0,0,0,0,0,0,0,0,0,0,0,0,8.11,0,0,0,0,0,0,8.11,0,0,0,0,0,0,0,5.41,5.41,0,8.11,0,0,0,0,0,13.51,5.41,2.7,0,0,5.41,0,0
2733,buyer,1,26,1,1,99,,26,11.54,96.15,84.62,73.08,38.46,30.77,30.77,0,0,0,0,7.69,23.08,0,3.85,3.85,15.38,11.54,7.69,0,26.92,3.85,3.85,0,0,0,0,23.08,0,7.69,3.85,0,0,0,3.85,0,0,0,0,0,0,0,0,0,0,0,0,0,0,0,0,0,0,0,0,0,0,0,0,0,0,0,0,11.54,0,0,3.85,7.69,0,0,0,0,0,0,0,0,0,0,0,0,7.69,0,0,0,0,0,0,11.54,3.85,0,3.85,3.85,0,0,0,7.69,0,0,11.54,3.85,0,3.85,0,0,15.38,3.85,7.69,0,0,3.85,0,0
2733,buyer,1,37,1.36,1,99,62.77,12.33,8.11,97.3,78.38,59.46,27.03,18.92,18.92,0,0,0,0,8.11,16.22,5.41,0,5.41,10.81,5.41,10.81,2.7,24.32,8.11,0,5.41,0,2.7,2.7,24.32,0,13.51,8.11,0,0,0,0,5.41,0,2.7,2.7,0,0,0,0,0,0,0,0,10.81,5.41,2.7,2.7,0,2.7,2.7,5.41,0,0,0,0,0,0,0,0,10.81,0,0,5.41,5.41,0,0,0,0,0,0,0,0,0,0,0,0,2.7,0,0,0,0,0,0,10.81,8.11,0,8.11,5.41,0,0,0,2.7,0,2.7,8.11,2.7,0,2.7,0,0,18.92,8.11,5.41,0,0,5.41,0,0
2733,buyer,1,31,7.58,1,99,70.91,7.75,6.45,100,83.87,61.29,22.58,12.9,12.9,0,0,0,0,9.68,12.9,6.45,0,9.68,9.68,6.45,9.68,3.23,25.81,9.68,0,6.45,0,3.23,3.23,22.58,0,12.9,6.45,0,0,0,0,6.45,0,3.23,3.23,0,0,0,0,0,0,0,0,12.9,6.45,3.23,3.23,0,3.23,3.23,6.45,0,0,0,0,0,0,0,0,6.45,0,0,3.23,3.23,0,0,0,0,0,0,0,0,0,0,0,0,0,0,0,0,0,0,0,9.68,16.13,0,12.9,9.68,0,0,0,3.23,0,3.23,6.45,3.23,0,3.23,0,0,19.35,12.9,3.23,0,0,3.23,0,0
2733,seller,1,55,2.01,71.57,74.91,93.39,7.86,5.45,92.73,81.82,63.64,32.73,20,7.27,1.82,10.91,0,0,12.73,16.36,7.27,0,5.45,12.73,5.45,3.64,1.82,23.64,5.45,3.64,1.82,1.82,0,0,34.55,0,20,3.64,1.82,3.64,5.45,0,10.91,0,5.45,5.45,0,1.82,1.82,0,0,0,0,0,18.18,5.45,1.82,1.82,0,0,3.64,12.73,0,0,0,0,0,0,0,0,1.82,0,0,0,1.82,0,0,0,0,0,0,0,0,0,0,0,1.82,1.82,0,0,0,0,0,0,10.91,5.45,0,0,1.82,1.82,1.82,0,1.82,7.27,5.45,3.64,1.82,0,1.82,0,0,21.82,9.09,7.27,3.64,0,0,1.82,0
2733,seller,1,72,1,56.63,96.01,,10.29,12.5,88.89,79.17,65.28,31.94,19.44,6.94,5.56,6.94,0,0,12.5,18.06,5.56,0,8.33,9.72,8.33,9.72,2.78,18.06,4.17,2.78,5.56,5.56,0,0,31.94,0,18.06,4.17,1.39,1.39,2.78,0,12.5,0,0,0,0,0,0,0,0,0,0,0,18.06,5.56,2.78,0,0,0,1.39,12.5,0,0,0,0,0,0,0,0,2.78,0,0,0,2.78,0,0,0,0,0,0,0,0,0,0,0,0,2.78,0,0,0,0,0,0,5.56,5.56,0,0,2.78,1.39,1.39,0,2.78,6.94,6.94,1.39,1.39,0,1.39,0,0,18.06,8.33,6.94,1.39,0,1.39,0,0
2733,seller,1,76,3.34,70.59,93.14,,10.86,13.16,89.47,78.95,64.47,30.26,19.74,6.58,5.26,7.89,0,0,10.53,19.74,6.58,1.32,9.21,7.89,7.89,7.89,2.63,17.11,5.26,5.26,5.26,5.26,0,0,28.95,0,18.42,3.95,1.32,2.63,2.63,0,11.84,0,0,0,0,0,0,0,0,0,0,0,19.74,6.58,3.95,1.32,0,0,1.32,13.16,0,0,0,0,0,0,0,0,2.63,0,0,0,2.63,0,0,0,0,0,0,0,0,0,0,0,0,3.95,0,0,0,0,0,0,5.26,5.26,0,0,2.63,2.63,0,0,3.95,3.95,7.89,0,1.32,0,1.32,0,0,18.42,7.89,6.58,1.32,0,2.63,0,0
2733,seller,1,71,7.87,99,23.2,7.54,14.2,14.08,88.73,77.46,64.79,25.35,19.72,4.23,8.45,7.04,0,0,5.63,19.72,8.45,2.82,9.86,9.86,8.45,8.45,1.41,15.49,8.45,5.63,8.45,8.45,0,0,22.54,0,12.68,2.82,1.41,4.23,1.41,0,5.63,0,1.41,0,1.41,1.41,0,1.41,0,0,0,0,22.54,7.04,4.23,1.41,0,0,0,15.49,0,0,0,0,0,0,0,0,7.04,0,0,2.82,4.23,0,0,0,0,0,0,0,0,0,0,0,0,2.82,0,0,0,0,0,0,4.23,2.82,0,0,1.41,1.41,0,0,4.23,2.82,8.45,0,1.41,0,1.41,0,0,15.49,5.63,5.63,1.41,0,2.82,0,0
2733,seller,1,56,14.77,99,24.32,1,11.2,12.5,91.07,76.79,60.71,25,21.43,5.36,5.36,10.71,0,0,3.57,19.64,8.93,3.57,7.14,12.5,5.36,3.57,0,19.64,12.5,5.36,5.36,5.36,0,0,23.21,0,12.5,5.36,1.79,3.57,1.79,0,1.79,0,5.36,0,5.36,5.36,0,5.36,0,0,0,0,21.43,5.36,3.57,1.79,0,0,0,16.07,0,0,0,0,0,0,0,0,10.71,0,0,7.14,3.57,0,0,0,0,0,0,0,0,0,0,0,0,1.79,0,0,0,0,0,0,3.57,1.79,0,0,0,1.79,0,0,5.36,5.36,7.14,1.79,1.79,0,1.79,0,0,14.29,7.14,3.57,1.79,0,1.79,0,0
2733,seller,1,49,4.63,99,51.8,1,12.25,10.2,91.84,75.51,61.22,28.57,22.45,6.12,6.12,10.2,0,0,6.12,16.33,6.12,2.04,6.12,14.29,4.08,4.08,0,20.41,10.2,2.04,6.12,6.12,0,0,24.49,0,16.33,6.12,2.04,4.08,2.04,2.04,2.04,0,6.12,0,6.12,6.12,0,6.12,0,0,0,0,20.41,4.08,0,0,0,0,0,16.33,0,0,0,0,0,0,0,0,12.24,0,0,8.16,4.08,0,0,0,0,0,0,0,0,0,0,0,0,0,0,0,0,0,0,0,4.08,4.08,0,0,4.08,0,0,0,4.08,6.12,6.12,6.12,2.04,0,2.04,0,0,12.24,6.12,4.08,2.04,0,0,0,0
2733,seller,1,35,2.35,72.87,91.58,1,8.75,11.43,91.43,74.29,62.86,25.71,20,11.43,0,8.57,0,0,5.71,14.29,5.71,0,5.71,17.14,5.71,5.71,0,22.86,8.57,0,0,0,0,0,22.86,0,17.14,5.71,2.86,5.71,0,2.86,0,0,5.71,0,5.71,5.71,0,5.71,0,0,0,0,11.43,2.86,0,0,0,0,0,8.57,0,0,0,0,0,0,0,0,11.43,0,0,5.71,5.71,0,0,0,0,0,0,0,0,0,0,0,0,0,0,0,0,0,0,0,0,5.71,0,0,5.71,0,0,0,8.57,5.71,5.71,8.57,0,0,0,0,0,8.57,5.71,0,2.86,0,0,0,0
2733,seller,1,30,6.39,89.5,39.59,72.45,10,13.33,86.67,73.33,63.33,26.67,20,10,0,10,0,0,6.67,13.33,3.33,0,10,16.67,3.33,3.33,0,23.33,6.67,3.33,0,0,0,0,20,3.33,13.33,3.33,0,6.67,0,3.33,0,0,3.33,3.33,0,0,0,0,0,0,0,0,20,10,6.67,3.33,0,0,3.33,10,0,0,0,0,0,0,0,0,6.67,0,0,3.33,3.33,0,0,0,0,0,0,0,0,0,0,0,0,0,0,0,0,0,0,0,0,6.67,0,0,6.67,0,0,0,3.33,0,10,6.67,0,0,0,0,0,10,3.33,3.33,3.33,0,0,0,0
2733,seller,1,39,3.2,99,48.76,60.52,19.5,10.26,87.18,74.36,61.54,23.08,17.95,7.69,0,10.26,0,0,5.13,17.95,2.56,0,7.69,12.82,7.69,7.69,0,20.51,7.69,5.13,0,0,0,0,23.08,5.13,10.26,7.69,0,2.56,0,0,0,0,7.69,5.13,2.56,2.56,0,2.56,0,0,0,0,20.51,5.13,5.13,2.56,0,0,2.56,15.38,0,0,0,0,0,0,0,0,10.26,0,0,7.69,2.56,0,0,0,0,0,0,0,0,0,0,0,0,0,0,0,0,0,0,0,7.69,0,0,0,0,0,0,0,5.13,0,7.69,2.56,0,0,0,0,0,5.13,2.56,2.56,0,0,0,0,0
2736,buyer,1,33,2.54,1,98.58,67.94,33,12.12,87.88,78.79,57.58,24.24,21.21,21.21,0,0,0,0,3.03,12.12,6.06,0,6.06,12.12,3.03,9.09,6.06,24.24,6.06,6.06,0,0,0,0,27.27,0,18.18,3.03,3.03,6.06,0,0,9.09,0,3.03,3.03,0,0,0,0,0,0,0,0,3.03,3.03,0,3.03,0,0,3.03,0,0,0,0,0,0,0,0,0,6.06,3.03,0,0,3.03,0,0,0,0,0,0,0,0,0,0,0,3.03,6.06,0,0,0,0,0,0,3.03,0,0,0,0,0,0,0,3.03,9.09,6.06,0,3.03,0,3.03,0,0,12.12,0,3.03,0,0,9.09,0,0
2736,buyer,1,56,1,1,97.09,1,56,12.5,89.29,76.79,64.29,26.79,19.64,16.07,0,3.57,0,0,7.14,14.29,5.36,0,7.14,12.5,5.36,10.71,7.14,19.64,3.57,3.57,0,0,0,0,26.79,0,21.43,1.79,3.57,3.57,0,1.79,8.93,0,5.36,0,5.36,1.79,0,1.79,0,0,1.79,0,7.14,3.57,0,3.57,0,0,0,3.57,0,0,0,0,0,0,0,0,5.36,1.79,0,1.79,1.79,0,0,0,0,0,0,0,0,0,0,3.57,1.79,3.57,0,0,0,0,0,0,3.57,0,0,0,0,0,0,0,5.36,7.14,5.36,3.57,1.79,0,1.79,0,0,10.71,0,3.57,0,0,7.14,0,0
2736,buyer,1,56,3.17,1,94.2,1,56,14.29,91.07,73.21,60.71,21.43,16.07,12.5,0,3.57,0,0,5.36,12.5,7.14,0,7.14,8.93,7.14,10.71,7.14,19.64,1.79,1.79,0,0,0,0,25,0,21.43,1.79,3.57,3.57,0,1.79,8.93,0,5.36,0,5.36,1.79,0,1.79,0,0,1.79,0,8.93,5.36,1.79,5.36,0,0,0,3.57,0,0,0,0,0,0,0,0,5.36,1.79,0,3.57,0,0,0,0,0,0,0,0,0,0,0,3.57,1.79,5.36,0,0,0,0,0,0,8.93,1.79,1.79,0,0,1.79,0,0,7.14,5.36,3.57,3.57,0,0,0,0,0,5.36,0,1.79,0,0,3.57,0,0
2736,buyer,1,51,4.31,2.18,97.97,1,51,11.76,94.12,72.55,60.78,21.57,15.69,9.8,0,5.88,0,0,5.88,15.69,9.8,0,5.88,11.76,7.84,5.88,7.84,23.53,0,0,0,0,0,0,27.45,0,17.65,3.92,1.96,0,0,1.96,5.88,0,5.88,0,5.88,1.96,0,1.96,0,0,1.96,0,13.73,7.84,1.96,5.88,0,0,1.96,5.88,0,0,0,0,0,0,0,0,5.88,0,0,5.88,0,0,0,0,0,0,0,0,0,0,0,3.92,0,3.92,0,0,0,0,0,1.96,13.73,5.88,1.96,0,3.92,1.96,0,0,5.88,7.84,3.92,3.92,0,0,0,0,0,3.92,0,1.96,0,0,1.96,0,0
2736,buyer,1,43,11.27,1,99,1,43,9.3,97.67,74.42,55.81,18.6,13.95,11.63,0,2.33,0,0,4.65,16.28,11.63,0,4.65,11.63,4.65,4.65,9.3,27.91,0,0,2.33,0,0,2.33,32.56,0,20.93,4.65,0,0,0,0,11.63,0,6.98,0,4.65,2.33,0,0,0,0,0,0,11.63,9.3,2.33,6.98,0,0,2.33,2.33,0,0,0,0,0,0,0,0,4.65,0,0,4.65,0,0,0,0,0,0,0,0,0,0,0,0,0,4.65,0,0,0,0,0,2.33,18.6,11.63,2.33,2.33,9.3,2.33,0,0,2.33,11.63,4.65,0,2.33,0,0,0,2.33,0,0,0,0,0,0,0,0
2736,buyer,1,34,5.02,1,99,1.85,34,8.82,97.06,76.47,58.82,23.53,17.65,11.76,0,5.88,0,0,5.88,14.71,8.82,0,5.88,11.76,2.94,5.88,8.82,26.47,0,0,2.94,0,0,2.94,35.29,0,23.53,5.88,0,0,0,0,11.76,0,11.76,2.94,5.88,2.94,0,0,0,0,0,0,17.65,11.76,2.94,8.82,0,0,5.88,5.88,0,0,0,0,0,0,0,0,2.94,0,0,2.94,0,0,0,0,0,0,0,0,0,0,0,0,0,0,0,0,0,0,0,2.94,11.76,11.76,0,2.94,11.76,0,0,0,0,11.76,5.88,0,2.94,0,0,0,2.94,0,0,0,0,0,0,0,0
2736,buyer,1,20,1.62,1,99,20.23,20,5,100,70,55,25,15,10,0,5,0,0,10,15,5,0,5,10,0,10,10,20,0,0,5,0,0,5,30,0,30,0,0,0,0,0,20,0,25,10,10,5,0,0,0,0,0,0,20,15,5,15,0,0,5,5,0,0,0,0,0,0,0,0,5,0,0,5,0,0,0,0,0,0,0,0,0,0,0,0,0,5,0,0,0,0,0,0,10,10,0,5,10,0,0,0,0,10,5,0,5,0,0,0,5,0,0,0,0,0,0,0,0
2736,seller,1,39,4.85,7.93,91.37,91.4,7.8,23.08,94.87,74.36,64.1,23.08,17.95,10.26,0,7.69,0,0,5.13,12.82,7.69,0,7.69,12.82,7.69,5.13,5.13,17.95,2.56,2.56,2.56,0,0,2.56,33.33,0,17.95,7.69,2.56,2.56,0,0,7.69,0,5.13,5.13,0,0,0,0,0,0,0,0,17.95,10.26,2.56,2.56,0,0,5.13,7.69,0,0,0,0,2.56,0,0,2.56,2.56,0,0,0,2.56,0,0,0,0,0,0,0,0,0,0,0,0,0,0,2.56,0,0,0,0,0,0,0,0,0,0,0,0,2.56,7.69,7.69,0,0,0,0,0,0,25.64,10.26,10.26,2.56,0,0,2.56,0
2736,seller,1,59,5.82,15.45,84.57,45.75,9.83,23.73,93.22,74.58,62.71,20.34,16.95,10.17,0,6.78,0,0,3.39,13.56,8.47,0,6.78,13.56,8.47,6.78,3.39,18.64,5.08,1.69,5.08,0,0,5.08,27.12,0,11.86,3.39,0,1.69,1.69,0,5.08,0,1.69,1.69,0,0,0,0,0,0,0,0,11.86,5.08,1.69,0,0,0,1.69,6.78,0,0,0,0,1.69,0,0,1.69,3.39,0,0,1.69,1.69,0,0,0,0,0,0,0,0,0,0,0,0,0,0,1.69,0,0,0,0,1.69,5.08,1.69,0,3.39,0,0,0,3.39,11.86,3.39,0,0,0,0,0,0,20.34,8.47,8.47,1.69,0,0,1.69,0
2736,seller,1,55,17.1,29.95,50.45,,11,25.45,92.73,69.09,58.18,16.36,14.55,9.09,0,5.45,0,0,1.82,14.55,10.91,0,5.45,12.73,7.27,7.27,1.82,18.18,5.45,1.82,5.45,0,0,5.45,21.82,0,10.91,3.64,0,3.64,1.82,0,1.82,0,0,0,0,0,0,0,0,0,0,0,10.91,5.45,0,0,0,0,3.64,5.45,0,0,0,0,1.82,0,0,1.82,7.27,0,0,5.45,1.82,0,0,0,0,0,0,0,0,0,0,0,0,0,0,0,0,0,0,0,5.45,5.45,1.82,0,3.64,0,0,0,3.64,10.91,3.64,0,0,0,0,0,0,16.36,7.27,7.27,1.82,0,0,0,0
2736,seller,1,60,22.17,59.9,39.59,6.08,15,20,91.67,70,56.67,16.67,15,8.33,0,6.67,0,0,1.67,15,11.67,0,5,15,5,6.67,0,20,6.67,1.67,5,0,0,5,21.67,0,10,3.33,0,3.33,1.67,0,1.67,0,1.67,0,1.67,0,0,0,0,0,0,0,11.67,5,0,0,0,0,1.67,6.67,0,0,0,0,0,0,0,0,10,0,0,6.67,3.33,0,0,0,0,0,0,0,0,0,0,3.33,0,1.67,0,0,0,0,0,0,8.33,5,1.67,0,3.33,0,0,0,3.33,8.33,5,5,1.67,0,1.67,0,0,10,5,3.33,1.67,0,0,0,0
2736,seller,1,77,41.25,32.75,17.57,39.1,12.83,19.48,92.21,71.43,59.74,18.18,12.99,9.09,0,3.9,0,0,5.19,20.78,12.99,1.3,7.79,15.58,3.9,2.6,0,20.78,6.49,2.6,2.6,0,1.3,1.3,19.48,0,7.79,2.6,0,3.9,0,0,1.3,0,3.9,2.6,1.3,1.3,1.3,0,0,0,0,0,11.69,6.49,0,0,0,0,2.6,5.19,0,0,0,0,0,0,0,0,11.69,0,0,7.79,5.19,0,0,0,0,0,0,0,0,0,0,2.6,0,1.3,0,0,0,0,0,0,9.09,0,0,0,0,0,0,0,3.9,5.19,7.79,3.9,1.3,0,1.3,0,0,9.09,7.79,1.3,0,0,0,0,0
2736,seller,1,80,32.63,40.06,21.38,38.3,13.33,18.75,92.5,66.25,52.5,16.25,12.5,7.5,0,2.5,0,2.5,3.75,17.5,8.75,1.25,7.5,15,3.75,2.5,1.25,23.75,5,1.25,3.75,0,1.25,2.5,23.75,0,8.75,3.75,0,2.5,0,0,2.5,0,3.75,2.5,1.25,1.25,1.25,0,0,0,0,0,16.25,7.5,2.5,2.5,0,0,1.25,8.75,0,0,0,0,0,0,0,0,18.75,0,0,7.5,12.5,0,0,0,0,0,0,0,0,0,0,2.5,0,6.25,0,0,0,0,0,0,10,0,0,0,0,0,0,0,2.5,8.75,7.5,3.75,1.25,0,1.25,0,0,16.25,7.5,6.25,0,0,1.25,1.25,0
2737,buyer,1,18,4.55,13.82,77.17,1,9,22.22,88.89,72.22,50,33.33,16.67,11.11,0,5.56,0,0,16.67,11.11,0,0,5.56,11.11,0,0,0,22.22,5.56,0,0,0,0,0,27.78,5.56,11.11,0,5.56,0,5.56,0,5.56,0,5.56,0,5.56,0,0,0,0,0,0,0,11.11,5.56,0,0,0,0,0,5.56,0,0,0,0,0,0,0,0,0,0,0,0,0,0,0,0,0,0,0,0,0,0,0,0,0,0,0,0,0,0,0,0,16.67,5.56,0,5.56,0,0,0,0,0,11.11,5.56,0,5.56,0,5.56,0,0,16.67,5.56,5.56,5.56,0,0,0,0
2737,buyer,1,20,54.7,3.95,7.03,20.23,10,15,85,65,45,15,10,10,0,0,0,0,5,15,10,0,5,10,0,5,0,15,10,0,0,0,0,0,25,5,15,5,0,10,0,0,0,0,20,10,10,15,10,5,0,0,0,0,5,5,5,5,0,0,0,0,0,0,0,0,0,0,0,0,10,0,0,5,5,0,0,0,0,0,0,0,0,0,0,0,0,0,0,0,0,0,0,0,5,5,0,5,0,0,0,0,0,10,0,0,5,0,5,0,0,20,10,10,0,0,0,0,0
2737,buyer,1,37,21.37,14.33,9.25,62.77,12.33,21.62,86.49,48.65,37.84,10.81,8.11,2.7,0,0,0,5.41,2.7,13.51,5.41,0,2.7,10.81,0,5.41,8.11,16.22,2.7,0,5.41,0,0,5.41,29.73,5.41,18.92,8.11,0,5.41,0,0,5.41,0,8.11,5.41,2.7,8.11,5.41,2.7,0,0,0,0,18.92,8.11,8.11,8.11,0,0,0,10.81,0,0,0,0,0,0,0,0,27.03,0,0,8.11,18.92,0,0,0,0,0,0,0,0,0,0,0,0,10.81,0,0,0,0,0,0,13.51,0,0,0,0,0,0,0,0,8.11,2.7,0,2.7,0,2.7,0,0,32.43,8.11,16.22,0,0,5.41,2.7,0
2737,seller,1,34,46.7,85.94,1.39,66.58,5.67,23.53,85.29,70.59,61.76,20.59,8.82,2.94,2.94,2.94,0,0,11.76,17.65,11.76,0,11.76,14.71,5.88,0,0,20.59,2.94,0,5.88,2.94,0,2.94,26.47,0,14.71,2.94,5.88,2.94,2.94,0,0,0,2.94,2.94,0,0,0,0,0,0,0,0,14.71,5.88,2.94,5.88,0,0,2.94,5.88,0,0,0,0,0,0,0,0,2.94,0,0,2.94,0,0,0,0,0,0,0,0,0,0,0,0,0,0,0,0,0,0,0,0,8.82,5.88,0,0,2.94,2.94,0,0,0,5.88,11.76,0,0,0,0,0,0,26.47,8.82,2.94,8.82,0,5.88,0,0
2737,seller,1,85,16.49,99,1.39,20.23,9.44,10.59,90.59,77.65,64.71,22.35,15.29,2.35,5.88,7.06,0,0,7.06,14.12,7.06,0,11.76,11.76,8.24,4.71,1.18,17.65,5.88,2.35,7.06,5.88,0,1.18,28.24,0,20,4.71,4.71,7.06,1.18,0,3.53,0,4.71,2.35,2.35,2.35,0,2.35,0,0,0,0,18.82,4.71,2.35,1.18,0,0,1.18,12.94,0,0,0,0,0,0,0,0,5.88,0,0,3.53,2.35,0,0,0,0,0,0,0,0,0,0,0,0,0,0,1.18,0,0,0,0,7.06,2.35,0,0,0,1.18,1.18,0,2.35,2.35,8.24,0,0,0,0,0,0,11.76,5.88,0,4.71,0,1.18,0,0
2737,seller,1,76,14.93,99,1.85,39.38,10.86,5.26,93.42,77.63,64.47,22.37,15.79,2.63,5.26,7.89,0,0,6.58,11.84,6.58,0,11.84,10.53,9.21,5.26,1.32,17.11,5.26,2.63,5.26,5.26,0,0,27.63,0,21.05,5.26,5.26,7.89,0,0,3.95,0,6.58,3.95,2.63,2.63,0,2.63,0,0,0,0,18.42,3.95,1.32,0,0,0,1.32,13.16,0,0,0,0,0,0,0,0,7.89,0,0,5.26,2.63,0,0,0,0,0,0,0,0,0,0,0,0,1.32,0,1.32,0,0,0,0,7.89,2.63,0,0,0,1.32,1.32,0,2.63,1.32,7.89,0,0,0,0,0,0,7.89,3.95,0,3.95,0,0,0,0
2738,buyer,1,44,51.97,53.63,50.45,1,8.8,20.45,95.45,77.27,56.82,20.45,18.18,11.36,0,6.82,0,0,2.27,18.18,9.09,0,11.36,11.36,2.27,2.27,0,20.45,9.09,2.27,2.27,0,0,2.27,27.27,2.27,18.18,4.55,4.55,9.09,0,0,0,0,4.55,0,4.55,0,0,0,0,0,0,0,13.64,6.82,4.55,4.55,0,2.27,0,6.82,0,0,0,0,0,0,0,0,6.82,0,0,2.27,4.55,0,0,0,0,0,0,0,0,0,0,0,2.27,4.55,0,2.27,0,0,2.27,0,4.55,6.82,0,0,6.82,0,0,0,4.55,4.55,4.55,2.27,2.27,0,2.27,0,0,11.36,11.36,0,0,0,0,0,0
2738,buyer,1,45,46.31,86.16,87.45,99,7.5,17.78,97.78,75.56,55.56,20,17.78,8.89,0,8.89,0,0,2.22,17.78,8.89,0,11.11,13.33,2.22,2.22,0,24.44,6.67,2.22,2.22,0,0,2.22,24.44,2.22,17.78,4.44,4.44,8.89,0,0,0,0,13.33,11.11,2.22,0,0,0,0,0,0,0,24.44,15.56,6.67,15.56,0,0,2.22,8.89,0,0,0,0,0,0,0,0,6.67,0,0,2.22,4.44,0,0,0,0,0,0,0,0,0,0,0,2.22,2.22,0,2.22,0,0,2.22,0,4.44,6.67,0,0,6.67,0,0,0,13.33,2.22,4.44,2.22,2.22,0,2.22,0,0,11.11,11.11,0,0,0,0,0,0
2738,buyer,1,50,19.3,82.98,75.94,99,10,22,94,62,40,14,12,4,0,4,0,4,2,12,4,0,4,16,2,2,2,30,6,2,4,0,0,4,30,2,18,6,4,6,0,0,2,0,12,10,2,0,0,0,0,0,0,0,28,16,8,16,0,0,2,12,0,0,0,0,0,0,0,0,16,0,0,4,12,0,0,0,0,0,0,0,0,0,0,0,0,8,0,2,0,0,2,0,10,4,0,0,4,0,0,0,12,8,6,2,2,0,2,0,0,22,10,8,0,0,2,2,0
2738,seller,1,52,36.37,88.42,19.9,49.66,10.4,17.31,92.31,78.85,63.46,23.08,19.23,7.69,0,11.54,0,0,3.85,9.62,5.77,0,17.31,13.46,1.92,3.85,1.92,19.23,7.69,0,5.77,0,1.92,3.85,23.08,0,15.38,5.77,1.92,3.85,1.92,0,3.85,0,5.77,3.85,1.92,3.85,1.92,1.92,0,0,0,0,17.31,5.77,5.77,5.77,0,0,1.92,11.54,0,0,0,0,0,0,0,0,5.77,0,0,3.85,1.92,0,0,0,0,0,0,0,0,0,0,1.92,0,0,0,0,0,0,0,0,7.69,0,0,0,0,0,0,0,0,1.92,5.77,5.77,1.92,0,1.92,0,0,19.23,7.69,3.85,1.92,0,3.85,1.92,0
2738,seller,1,24,5.64,99,15.38,83,8,12.5,95.83,79.17,50,25,25,8.33,0,16.67,0,0,0,4.17,0,0,8.33,12.5,0,8.33,0,29.17,8.33,0,4.17,0,0,4.17,20.83,0,12.5,4.17,0,4.17,0,0,4.17,0,12.5,8.33,4.17,4.17,0,4.17,0,0,0,0,29.17,12.5,12.5,8.33,0,0,4.17,16.67,0,0,0,0,0,0,0,0,8.33,0,0,4.17,4.17,0,0,0,0,0,0,0,0,0,0,4.17,0,4.17,0,0,0,0,0,0,12.5,0,0,0,0,0,0,0,0,0,4.17,12.5,4.17,0,4.17,0,0,25,8.33,8.33,0,4.17,4.17,0,0
2738,seller,1,9,33.38,99,,99,3,0,100,66.67,22.22,11.11,11.11,0,0,11.11,0,0,0,0,0,0,0,11.11,0,0,0,44.44,0,0,0,0,0,0,0,0,0,0,0,0,0,0,0,0,33.33,33.33,0,0,0,0,0,0,0,0,33.33,22.22,22.22,11.11,0,0,11.11,11.11,0,0,0,0,0,0,0,0,11.11,0,0,11.11,0,0,0,0,0,0,0,0,0,0,0,0,0,22.22,0,0,0,0,0,0,22.22,0,0,0,0,0,0,0,0,0,0,22.22,11.11,0,11.11,0,0,33.33,11.11,11.11,0,11.11,0,0,0
2740,buyer,1,54,33.38,40.06,10.18,93.93,54,14.81,92.59,68.52,57.41,20.37,20.37,12.96,0,7.41,0,0,0,14.81,9.26,0,11.11,5.56,3.7,11.11,1.85,9.26,7.41,0,3.7,0,0,3.7,25.93,1.85,20.37,5.56,1.85,11.11,0,0,0,0,16.67,11.11,5.56,9.26,7.41,1.85,0,1.85,0,0,18.52,11.11,3.7,5.56,1.85,1.85,3.7,7.41,0,0,0,0,0,0,0,0,9.26,0,0,5.56,3.7,0,0,0,0,0,0,0,0,0,0,3.7,3.7,1.85,0,0,0,0,0,0,3.7,3.7,0,0,3.7,0,0,0,0,3.7,0,0,0,0,0,0,0,5.56,0,3.7,0,0,1.85,0,0
2740,buyer,1,74,27.81,77.82,65.19,39.97,18.5,13.51,91.89,75.68,63.51,27.03,22.97,12.16,2.7,8.11,0,0,4.05,13.51,5.41,0,16.22,8.11,2.7,6.76,1.35,14.86,5.41,0,5.41,2.7,0,2.7,27.03,1.35,20.27,5.41,2.7,6.76,2.7,0,1.35,0,9.46,5.41,4.05,5.41,4.05,1.35,0,1.35,0,0,17.57,6.76,2.7,2.7,2.7,0,1.35,10.81,0,0,0,0,0,0,0,0,5.41,0,0,4.05,1.35,0,0,0,0,0,0,0,0,0,0,2.7,2.7,0,0,0,0,0,0,0,6.76,6.76,0,1.35,6.76,0,0,0,0,4.05,1.35,1.35,1.35,0,1.35,0,0,9.46,4.05,4.05,0,0,1.35,0,0
2740,buyer,1,60,12.61,84.23,63.35,20.23,15,13.33,91.67,76.67,65,30,25,13.33,3.33,8.33,0,0,5,11.67,3.33,0,15,10,3.33,6.67,0,18.33,3.33,0,8.33,3.33,0,5,25,0,18.33,5,1.67,6.67,5,0,1.67,0,6.67,3.33,3.33,3.33,1.67,1.67,0,1.67,0,0,20,8.33,5,5,3.33,0,0,11.67,0,0,0,0,0,0,0,0,3.33,0,0,1.67,1.67,0,0,0,0,0,0,0,0,0,0,3.33,0,0,0,0,0,0,0,0,8.33,5,0,1.67,5,0,0,0,0,3.33,5,1.67,1.67,0,1.67,0,0,11.67,5,5,1.67,0,0,0,0
2740,buyer,1,47,9.26,91.15,71.66,83.95,9.4,12.77,93.62,80.85,65.96,27.66,19.15,8.51,4.26,6.38,0,0,8.51,10.64,2.13,0,14.89,14.89,4.26,4.26,0,23.4,4.26,0,10.64,4.26,2.13,4.26,29.79,0,17.02,4.26,2.13,4.26,6.38,0,2.13,0,8.51,6.38,2.13,2.13,2.13,0,0,0,0,0,19.15,8.51,6.38,6.38,2.13,0,2.13,10.64,0,0,0,0,0,0,0,0,2.13,0,0,2.13,0,0,0,0,0,0,0,0,0,0,0,0,0,0,0,0,0,0,0,0,8.51,6.38,0,2.13,6.38,0,0,0,2.13,6.38,6.38,2.13,4.26,0,4.26,0,0,12.77,6.38,4.26,2.13,0,0,0,0
2740,buyer,1,16,1,75.49,15.38,96.74,8,12.5,100,75,56.25,18.75,12.5,6.25,0,6.25,0,0,6.25,6.25,0,0,6.25,18.75,12.5,6.25,0,25,6.25,0,18.75,0,6.25,12.5,31.25,0,12.5,6.25,0,6.25,6.25,0,0,0,18.75,12.5,6.25,0,0,0,0,0,0,0,25,18.75,12.5,12.5,6.25,0,6.25,6.25,0,0,0,0,0,0,0,0,12.5,0,0,12.5,0,0,0,0,0,0,0,0,0,0,0,0,0,0,0,0,0,0,0,0,6.25,0,0,0,0,0,0,0,6.25,6.25,12.5,0,6.25,0,6.25,0,0,12.5,0,6.25,6.25,0,0,0,0
2740,buyer,1,13,31.07,7.93,30.98,20.23,13,7.69,100,76.92,38.46,15.38,7.69,7.69,0,0,0,0,7.69,15.38,7.69,0,0,7.69,7.69,0,0,23.08,15.38,7.69,15.38,0,7.69,7.69,23.08,0,7.69,0,0,7.69,0,0,0,0,15.38,7.69,7.69,0,0,0,0,0,0,0,15.38,15.38,7.69,7.69,7.69,0,7.69,0,0,0,0,0,0,0,0,0,23.08,0,0,15.38,7.69,0,0,0,0,0,0,0,0,0,0,7.69,0,0,0,7.69,0,0,0,0,15.38,7.69,0,0,7.69,0,0,0,7.69,7.69,0,0,7.69,0,7.69,0,0,7.69,0,7.69,0,0,0,0,0
2740,buyer,1,9,89.52,2.75,10.18,1,9,0,100,44.44,22.22,11.11,11.11,11.11,0,0,0,0,0,11.11,11.11,0,0,0,0,0,0,11.11,11.11,11.11,22.22,0,0,22.22,11.11,0,11.11,0,0,11.11,0,0,0,0,22.22,0,22.22,0,0,0,0,0,0,0,22.22,22.22,0,0,22.22,0,0,0,0,0,0,0,0,0,0,0,33.33,0,0,22.22,11.11,0,0,0,0,0,0,0,0,0,0,11.11,0,0,0,11.11,0,0,0,0,11.11,11.11,0,0,11.11,0,0,0,0,0,0,0,0,0,0,0,0,0,0,0,0,0,0,0,0
2740,buyer,1,28,46.07,91.33,24.32,1,28,17.86,92.86,46.43,25,10.71,10.71,3.57,0,0,0,7.14,0,10.71,3.57,0,0,7.14,0,3.57,0,21.43,7.14,7.14,10.71,0,0,10.71,25,0,10.71,7.14,0,3.57,0,0,0,0,3.57,0,3.57,0,0,0,0,0,0,0,25,10.71,7.14,7.14,3.57,0,0,14.29,0,0,0,0,0,0,0,0,35.71,0,0,10.71,25,0,0,0,0,0,0,0,0,0,0,3.57,0,14.29,0,7.14,0,0,0,0,14.29,7.14,0,0,7.14,0,0,0,0,10.71,3.57,0,0,0,0,0,0,21.43,3.57,14.29,0,0,0,3.57,0
2740,seller,1,15,1.16,77.41,19.26,97.84,15,0,93.33,86.67,60,26.67,13.33,6.67,0,6.67,0,0,13.33,6.67,0,0,6.67,26.67,0,0,0,46.67,6.67,0,0,0,0,0,20,0,13.33,0,0,13.33,0,0,0,0,6.67,6.67,0,0,0,0,0,0,0,0,13.33,6.67,0,6.67,0,0,6.67,6.67,0,0,0,0,0,0,0,0,0,0,0,0,0,0,0,0,0,0,0,0,0,0,0,0,0,0,0,0,0,0,0,0,20,13.33,0,6.67,6.67,6.67,0,0,6.67,0,13.33,6.67,13.33,6.67,6.67,0,0,0,0,0,0,0,0,0,0
2740,seller,1,12,49.68,98.75,39.59,99,12,0,91.67,83.33,50,16.67,8.33,0,0,8.33,0,0,8.33,8.33,0,0,16.67,16.67,0,0,0,33.33,16.67,0,0,0,0,0,16.67,0,8.33,0,0,8.33,0,0,0,0,8.33,8.33,0,8.33,8.33,0,0,0,0,0,8.33,0,0,0,0,0,0,8.33,0,0,0,0,0,0,0,0,0,0,0,0,0,0,0,0,0,0,0,0,0,0,0,0,0,0,0,0,0,0,0,0,33.33,16.67,0,8.33,8.33,0,8.33,0,8.33,0,8.33,8.33,25,8.33,16.67,0,0,0,0,0,0,0,0,0,0
2740,seller,1,10,15.41,3.95,7.03,99,10,0,90,80,50,20,10,10,0,0,0,0,10,10,0,0,10,20,0,0,0,30,10,0,0,0,0,0,20,10,0,0,0,0,0,0,0,0,10,10,0,10,10,0,0,0,0,0,0,0,0,0,0,0,0,0,0,0,0,0,0,0,0,0,0,0,0,0,0,0,0,0,0,0,0,0,0,0,0,0,0,0,0,0,0,0,0,0,30,10,0,0,0,0,10,0,0,0,10,0,20,0,20,0,0,0,0,0,0,0,0,0,0
2740,seller,1,28,35.59,91.33,8.95,75.77,28,25,85.71,46.43,28.57,10.71,10.71,3.57,0,0,0,7.14,0,7.14,0,0,3.57,10.71,0,3.57,0,21.43,3.57,0,7.14,0,0,7.14,25,3.57,7.14,7.14,0,0,0,0,0,0,3.57,3.57,0,3.57,3.57,0,0,0,0,0,21.43,7.14,7.14,7.14,0,0,0,14.29,0,0,0,0,0,0,0,0,28.57,0,0,7.14,21.43,0,0,0,0,0,0,0,0,0,0,0,0,14.29,0,0,0,0,0,0,21.43,3.57,0,0,0,0,3.57,0,0,7.14,7.14,0,7.14,0,7.14,0,0,21.43,3.57,14.29,0,0,0,3.57,0
2740,seller,1,45,22.17,98.14,19.26,,22.5,28.89,84.44,40,26.67,11.11,11.11,2.22,0,0,0,8.89,0,8.89,0,0,0,11.11,0,4.44,0,20,2.22,2.22,8.89,0,0,8.89,26.67,2.22,8.89,8.89,0,0,0,0,0,0,0,0,0,0,0,0,0,0,0,0,26.67,8.89,8.89,8.89,0,0,0,17.78,0,0,0,0,0,0,0,0,35.56,0,0,8.89,26.67,0,0,0,0,0,0,0,0,0,0,0,0,17.78,0,2.22,0,0,0,0,15.56,2.22,0,0,2.22,0,0,0,0,8.89,6.67,0,2.22,0,2.22,0,0,26.67,4.44,17.78,0,0,0,4.44,0
2740,seller,1,44,32.02,99,11.02,55.62,14.67,29.55,84.09,34.09,22.73,9.09,9.09,0,0,0,0,9.09,0,9.09,0,0,0,9.09,0,4.55,0,18.18,2.27,2.27,9.09,0,0,9.09,22.73,0,9.09,9.09,0,0,0,0,0,0,2.27,2.27,0,0,0,0,0,0,0,0,27.27,9.09,9.09,9.09,0,0,0,18.18,0,0,0,0,0,0,0,0,38.64,0,0,11.36,27.27,0,0,0,0,0,0,0,0,0,0,0,0,20.45,0,2.27,0,0,0,0,13.64,2.27,0,0,2.27,0,0,0,0,9.09,4.55,0,0,0,0,0,0,27.27,4.55,18.18,0,0,0,4.55,0
2741,buyer,1,109,41.88,11.16,70.59,11,12.11,10.09,83.49,70.64,59.63,17.43,9.17,6.42,0,2.75,0,0,8.26,14.68,12.84,0,10.09,9.17,6.42,6.42,2.75,17.43,2.75,1.83,1.83,0,0,1.83,24.77,0,8.26,1.83,3.67,0,0,0,2.75,0,4.59,1.83,2.75,2.75,0,2.75,0,0,0,0,8.26,5.5,0.92,3.67,1.83,0,2.75,2.75,0,0,0,0,0,0,0,0,4.59,0,0,0.92,3.67,0,0,0,0,0,0,0,0,0,0,0.92,0,3.67,0,1.83,0,0,0,0,5.5,3.67,0,0,3.67,0,0,0,6.42,11.93,4.59,1.83,0.92,0.92,0,0,0,15.6,8.26,4.59,0,0,2.75,0,0
2741,buyer,1,128,15.97,7.67,86.58,6.65,12.8,11.72,89.06,73.44,60.94,20.31,11.72,8.59,0,3.13,0,0,8.59,17.19,9.38,0,8.59,10.16,7.03,7.03,3.13,18.75,4.69,3.13,2.34,0,0,2.34,28.13,1.56,11.72,3.91,3.13,0,2.34,0,3.13,0,4.69,1.56,3.13,3.13,0,3.13,0,0,0,0,8.59,4.69,1.56,3.13,1.56,0,1.56,3.91,0,0,0,0.78,0,0,0,0,5.47,0,0,2.34,3.13,0,0,0,0,0,0,0,0,0,0,2.34,0,2.34,0,1.56,0,0,0,0,6.25,3.13,0,0,3.13,0,0,0,5.47,9.38,5.47,4.69,0.78,0.78,0,0,0,14.84,7.81,5.47,0,0,1.56,0,0
2741,buyer,1,110,24.99,21.2,69.36,20.23,13.75,15.45,89.09,67.27,53.64,17.27,11.82,6.36,0,3.64,0,1.82,5.45,17.27,8.18,0,8.18,10,4.55,5.45,4.55,20,4.55,3.64,4.55,0,0,4.55,26.36,1.82,12.73,5.45,0.91,0,2.73,0,4.55,0,3.64,1.82,1.82,1.82,0,1.82,0,0,0,0,13.64,5.45,2.73,4.55,0.91,0,0.91,8.18,0,0,0,0.91,0,0,0,0,10.91,0,0,3.64,7.27,0,0,0,0,0,0,0,0,0,0,2.73,0,5.45,0,1.82,0,0,0,0,8.18,1.82,0,0,1.82,0,0,0,2.73,8.18,4.55,5.45,0.91,0.91,0,0,0,20.91,7.27,9.09,0,0,3.64,0.91,0
2741,buyer,1,83,25.36,2.98,80.67,37.57,13.83,18.07,90.36,62.65,45.78,14.46,9.64,6.02,0,1.2,0,2.41,4.82,19.28,6.02,0,6.02,8.43,2.41,4.82,7.23,15.66,9.64,7.23,6.02,0,0,6.02,25.3,3.61,15.66,7.23,0,0,3.61,0,6.02,0,3.61,2.41,1.2,2.41,1.2,1.2,0,0,0,0,13.25,6.02,4.82,6.02,0,0,0,7.23,0,0,0,1.2,0,0,0,0,16.87,0,0,6.02,10.84,0,0,0,0,0,0,0,0,0,0,2.41,0,6.02,0,3.61,0,0,0,0,9.64,3.61,0,0,3.61,0,0,0,0,4.82,3.61,4.82,3.61,1.2,2.41,0,0,28.92,6.02,13.25,1.2,0,7.23,1.2,0
2741,buyer,1,53,22.75,72.6,55.39,49.04,13.25,26.42,88.68,45.28,22.64,9.43,7.55,0,0,0,0,7.55,1.89,9.43,0,0,0,7.55,0,3.77,5.66,18.87,9.43,7.55,9.43,0,0,9.43,26.42,1.89,13.21,9.43,0,0,0,0,3.77,0,1.89,1.89,0,1.89,1.89,0,0,0,0,0,24.53,9.43,9.43,9.43,0,0,0,15.09,0,0,0,0,0,0,0,0,33.96,0,0,9.43,24.53,0,0,0,0,0,0,0,0,0,0,0,0,15.09,0,5.66,0,0,0,0,15.09,5.66,0,0,5.66,0,0,0,0,11.32,3.77,0,5.66,1.89,3.77,0,0,41.51,5.66,18.87,1.89,0,11.32,3.77,0
2741,buyer,1,50,7.03,29.01,13.33,50.98,8.33,22,90,58,34,14,8,4,0,0,0,4,6,8,2,0,0,8,4,8,4,20,10,6,8,0,0,8,20,2,10,6,0,4,0,0,2,0,2,2,0,2,2,0,0,0,0,0,18,10,8,8,0,0,2,8,0,0,0,0,0,0,0,0,22,0,0,8,14,0,0,0,0,0,0,0,0,0,0,0,0,8,0,4,0,0,0,0,12,4,0,0,4,0,0,0,0,6,6,0,6,2,4,0,0,36,6,14,4,0,10,2,0
2741,buyer,1,41,4.45,40.06,6.47,58.42,10.25,17.07,92.68,56.1,36.59,14.63,9.76,4.88,0,0,0,4.88,4.88,7.32,2.44,0,0,9.76,4.88,9.76,2.44,24.39,4.88,2.44,7.32,0,0,7.32,19.51,0,9.76,4.88,0,4.88,0,0,2.44,0,2.44,2.44,0,0,0,0,0,0,0,0,19.51,9.76,7.32,7.32,0,0,2.44,9.76,0,0,0,0,0,0,0,0,24.39,0,0,9.76,14.63,0,0,0,0,0,0,0,0,0,0,0,0,12.2,0,2.44,0,0,0,0,9.76,2.44,0,0,2.44,0,0,0,0,7.32,7.32,0,0,0,0,0,0,24.39,4.88,12.2,2.44,0,2.44,2.44,0
2741,seller,1,69,4.38,40.06,65.33,7.29,13.8,13.04,88.41,76.81,66.67,21.74,8.7,1.45,0,7.25,0,0,13.04,18.84,10.14,0,5.8,13.04,5.8,7.25,7.25,20.29,2.9,1.45,1.45,0,0,1.45,33.33,2.9,15.94,4.35,2.9,1.45,0,1.45,5.8,0,1.45,0,1.45,1.45,0,1.45,0,0,0,0,10.14,2.9,1.45,1.45,0,0,1.45,7.25,0,0,0,0,0,0,0,0,4.35,0,0,1.45,2.9,0,0,0,0,0,0,0,0,0,0,0,0,2.9,0,0,0,0,0,0,7.25,7.25,0,1.45,5.8,0,0,0,2.9,11.59,4.35,2.9,0,0,0,0,0,7.25,7.25,0,0,0,0,0,0
2741,seller,1,69,5.49,79.94,65.33,1.92,11.5,13.04,92.75,76.81,62.32,21.74,13.04,2.9,0,10.14,0,0,8.7,17.39,8.7,0,5.8,11.59,4.35,8.7,5.8,21.74,4.35,1.45,2.9,0,0,2.9,31.88,2.9,14.49,5.8,2.9,1.45,0,0,4.35,0,2.9,0,2.9,2.9,0,2.9,0,0,0,0,15.94,5.8,2.9,2.9,0,0,2.9,10.14,0,0,0,0,0,0,0,0,7.25,0,0,2.9,4.35,0,0,0,0,0,0,0,0,0,0,0,0,4.35,0,0,0,0,0,0,10.14,5.8,0,1.45,4.35,0,0,0,2.9,11.59,4.35,2.9,0,0,0,0,0,11.59,8.7,2.9,0,0,0,0,0
2741,seller,1,48,21.24,84.23,54.55,1,12,14.58,95.83,70.83,56.25,20.83,14.58,4.17,0,10.42,0,0,6.25,16.67,8.33,0,8.33,8.33,0,10.42,4.17,16.67,6.25,2.08,6.25,0,0,6.25,25,2.08,14.58,8.33,0,2.08,0,0,4.17,0,6.25,0,6.25,4.17,0,4.17,0,0,0,0,20.83,10.42,4.17,4.17,2.08,0,4.17,10.42,0,0,0,0,0,0,0,0,10.42,0,0,6.25,4.17,0,0,0,0,0,0,0,0,0,0,0,0,4.17,0,0,0,0,0,0,10.42,4.17,0,2.08,2.08,0,0,0,0,6.25,4.17,4.17,0,0,0,0,0,10.42,6.25,4.17,0,0,0,0,0
2741,seller,1,18,49.68,72.07,39.59,1,9,11.11,88.89,61.11,38.89,16.67,16.67,5.56,0,11.11,0,0,0,11.11,5.56,0,5.56,0,0,5.56,5.56,11.11,11.11,0,11.11,0,0,11.11,16.67,0,11.11,5.56,0,0,0,0,5.56,0,16.67,5.56,11.11,5.56,0,5.56,0,0,0,0,27.78,16.67,5.56,5.56,5.56,0,5.56,11.11,0,0,0,0,0,0,0,0,16.67,0,0,11.11,5.56,0,0,0,0,0,0,0,0,0,0,0,0,5.56,0,0,0,0,0,0,11.11,0,0,0,0,0,0,0,0,5.56,0,0,0,0,0,0,0,16.67,5.56,11.11,0,0,0,0,0
2741,seller,1,21,70.33,40.06,1,99,10.5,4.76,95.24,71.43,52.38,14.29,4.76,0,0,4.76,0,0,9.52,9.52,4.76,0,14.29,9.52,0,0,4.76,19.05,9.52,4.76,19.05,0,9.52,9.52,19.05,0,14.29,0,4.76,4.76,0,0,4.76,0,23.81,19.05,4.76,0,0,0,0,0,0,0,14.29,9.52,4.76,4.76,4.76,0,0,4.76,0,0,0,0,0,0,0,0,4.76,0,0,4.76,0,0,0,0,0,0,0,0,0,0,0,4.76,0,0,0,0,0,9.52,0,0,9.52,0,0,0,0,0,0,0,0,0,0,4.76,0,0,0,0,0,9.52,9.52,0,0,0,0,0,0
2741,seller,1,21,70.33,40.06,1,99,7,4.76,95.24,71.43,52.38,14.29,4.76,0,0,4.76,0,0,9.52,9.52,4.76,0,14.29,9.52,0,0,4.76,19.05,9.52,4.76,19.05,0,9.52,9.52,19.05,0,14.29,0,4.76,4.76,0,0,4.76,0,23.81,19.05,4.76,0,0,0,0,0,0,0,14.29,9.52,4.76,4.76,4.76,0,0,4.76,0,0,0,0,0,0,0,0,4.76,0,0,4.76,0,0,0,0,0,0,0,0,0,0,0,4.76,0,0,0,0,0,9.52,0,0,9.52,0,0,0,0,0,0,0,0,0,0,4.76,0,0,0,0,0,9.52,9.52,0,0,0,0,0,0
2741,seller,1,35,39.7,99,11.24,94.7,8.75,11.43,94.29,65.71,51.43,25.71,20,5.71,0,14.29,0,0,5.71,14.29,5.71,2.86,8.57,5.71,0,2.86,0,14.29,5.71,5.71,14.29,0,5.71,8.57,14.29,0,11.43,5.71,2.86,2.86,0,0,0,0,11.43,8.57,2.86,0,0,0,0,0,0,0,22.86,8.57,5.71,5.71,2.86,0,0,14.29,0,0,0,0,0,0,0,0,11.43,0,0,8.57,2.86,0,0,0,0,0,0,0,0,0,0,2.86,0,2.86,0,2.86,0,5.71,0,0,8.57,2.86,0,0,2.86,0,0,0,0,0,0,2.86,0,0,0,0,0,17.14,8.57,5.71,0,0,0,2.86,0
2741,seller,1,40,15.41,99,78.67,2.86,20,22.5,87.5,45,32.5,20,20,5,0,10,0,5,0,12.5,2.5,2.5,0,5,0,5,2.5,12.5,5,5,10,0,0,10,17.5,0,12.5,10,0,0,0,0,2.5,0,2.5,0,2.5,0,0,0,0,0,0,0,30,10,7.5,7.5,2.5,0,0,20,0,0,0,0,0,0,0,0,30,0,0,12.5,17.5,0,0,0,0,0,0,0,0,0,0,0,0,12.5,0,5,0,0,0,0,10,5,0,0,5,0,0,0,0,5,2.5,0,0,0,0,0,0,27.5,5,15,0,0,2.5,5,0
2743,buyer,1,65,48.9,75.04,14.57,99,16.25,9.23,96.92,76.92,58.46,18.46,16.92,9.23,0,7.69,0,0,1.54,7.69,7.69,0,15.38,12.31,1.54,7.69,0,23.08,7.69,1.54,3.08,0,3.08,0,27.69,0,20,4.62,3.08,6.15,0,3.08,0,0,13.85,12.31,1.54,4.62,4.62,0,0,0,0,0,21.54,13.85,6.15,4.62,0,1.54,7.69,7.69,0,0,0,0,1.54,1.54,0,0,4.62,0,0,3.08,1.54,0,0,0,0,0,0,0,0,0,0,0,0,3.08,0,1.54,0,0,0,0,6.15,3.08,0,0,3.08,0,0,0,1.54,7.69,3.08,0,0,0,0,0,0,13.85,4.62,6.15,1.54,0,1.54,0,0
2743,buyer,1,74,24.47,71.32,36.48,93.12,12.33,6.76,90.54,75.68,59.46,24.32,21.62,12.16,0,5.41,2.7,0,2.7,9.46,5.41,0,13.51,14.86,1.35,4.05,0,24.32,6.76,1.35,6.76,2.7,4.05,0,25.68,0,13.51,4.05,1.35,2.7,0,4.05,0,0,8.11,6.76,1.35,2.7,1.35,1.35,0,0,0,0,20.27,8.11,4.05,1.35,0,0,4.05,12.16,1.35,0,0,2.7,1.35,1.35,0,0,4.05,0,0,2.7,1.35,0,1.35,1.35,1.35,0,0,0,0,0,0,0,0,2.7,0,0,0,0,0,0,6.76,2.7,0,1.35,2.7,0,0,0,1.35,5.41,6.76,1.35,0,0,0,0,0,12.16,5.41,2.7,2.7,0,1.35,0,0
2743,buyer,1,59,25.06,84.73,1.98,91.11,7.38,6.78,86.44,71.19,57.63,23.73,18.64,8.47,0,3.39,5.08,0,5.08,13.56,6.78,0,10.17,18.64,0,0,0,22.03,8.47,3.39,5.08,3.39,1.69,0,25.42,0,13.56,1.69,0,3.39,0,6.78,0,0,8.47,6.78,1.69,5.08,3.39,1.69,0,0,0,0,16.95,3.39,1.69,0,0,0,0,13.56,1.69,0,0,5.08,1.69,1.69,0,0,3.39,0,0,1.69,1.69,0,1.69,1.69,1.69,0,0,0,0,0,0,0,0,3.39,0,0,0,0,0,0,6.78,3.39,0,1.69,3.39,0,0,0,0,3.39,6.78,1.69,0,0,0,0,0,16.95,6.78,1.69,3.39,3.39,1.69,0,0
2743,buyer,1,59,9.45,99,1,91.11,6.56,6.78,86.44,76.27,57.63,27.12,23.73,8.47,0,8.47,5.08,0,3.39,13.56,6.78,0,6.78,15.25,3.39,1.69,0,22.03,8.47,3.39,5.08,3.39,1.69,0,22.03,0,10.17,1.69,1.69,3.39,0,3.39,0,0,10.17,6.78,1.69,6.78,3.39,1.69,0,0,0,0,22.03,3.39,1.69,1.69,0,0,1.69,18.64,1.69,0,0,5.08,0,0,0,0,3.39,0,0,1.69,1.69,0,1.69,1.69,1.69,0,0,0,0,0,0,0,0,3.39,0,0,0,0,0,0,5.08,1.69,0,1.69,1.69,0,0,0,0,3.39,8.47,1.69,1.69,0,0,0,1.69,16.95,5.08,1.69,3.39,6.78,0,0,0
2743,buyer,1,39,1.3,99,1,99,4.33,10.26,94.87,89.74,64.1,23.08,20.51,5.13,0,12.82,2.56,0,2.56,12.82,7.69,0,5.13,17.95,10.26,7.69,0,25.64,12.82,7.69,0,0,0,0,23.08,0,12.82,2.56,2.56,5.13,0,2.56,0,0,23.08,20.51,0,12.82,10.26,0,0,0,0,0,20.51,5.13,5.13,5.13,0,0,5.13,15.38,0,0,0,2.56,0,0,0,0,2.56,0,0,2.56,0,0,0,0,0,0,0,0,0,0,0,0,0,0,0,0,0,0,0,0,7.69,0,0,0,0,0,0,0,2.56,2.56,7.69,0,2.56,0,0,0,2.56,25.64,2.56,2.56,2.56,17.95,0,0,0
2743,buyer,1,31,1.58,99,6.29,99,4.43,6.45,96.77,83.87,61.29,22.58,22.58,6.45,0,16.13,0,0,0,9.68,6.45,0,6.45,12.9,12.9,9.68,0,22.58,9.68,6.45,0,0,0,0,19.35,0,9.68,3.23,3.23,3.23,0,0,0,0,25.81,22.58,0,12.9,9.68,0,0,0,0,0,22.58,6.45,6.45,6.45,0,0,6.45,16.13,0,0,0,0,0,0,0,0,6.45,0,0,6.45,0,0,0,0,0,0,0,0,0,0,0,0,0,3.23,0,0,0,0,0,0,6.45,0,0,0,0,0,0,0,3.23,3.23,6.45,0,3.23,0,0,0,3.23,22.58,0,3.23,3.23,16.13,0,0,0
2743,seller,1,64,7.1,58.66,23.08,88.05,21.33,12.5,90.63,78.13,65.63,23.44,20.31,9.38,1.56,9.38,0,0,3.13,15.63,4.69,0,10.94,12.5,3.13,10.94,1.56,18.75,7.81,4.69,1.56,1.56,0,0,26.56,0,20.31,1.56,0,9.38,3.13,1.56,7.81,0,7.81,6.25,1.56,6.25,4.69,1.56,0,1.56,0,0,18.75,7.81,3.13,1.56,0,0,4.69,10.94,0,0,0,0,1.56,1.56,0,0,3.13,0,0,0,3.13,0,0,0,0,0,0,0,0,0,0,0,0,0,0,1.56,0,0,0,0,3.13,4.69,0,0,3.13,0,1.56,0,1.56,0,10.94,0,0,0,0,0,0,4.69,4.69,0,0,0,0,0,0
2743,seller,1,71,9.57,48.42,10.7,64.63,17.75,16.9,88.73,78.87,64.79,23.94,19.72,9.86,1.41,8.45,0,0,4.23,15.49,7.04,0,8.45,14.08,1.41,8.45,1.41,21.13,7.04,5.63,1.41,1.41,0,0,25.35,0,19.72,1.41,0,9.86,2.82,1.41,7.04,0,5.63,4.23,1.41,5.63,4.23,1.41,0,1.41,0,0,14.08,4.23,1.41,0,0,0,2.82,9.86,0,0,0,0,1.41,1.41,0,0,4.23,0,0,1.41,2.82,0,0,0,0,0,0,0,0,0,0,1.41,0,0,0,1.41,0,0,0,0,2.82,4.23,1.41,0,2.82,0,0,0,0,0,8.45,1.41,1.41,0,1.41,0,0,5.63,4.23,0,1.41,0,0,0,0
2743,seller,1,59,17.64,1.12,53.8,45.75,14.75,16.95,86.44,74.58,61.02,20.34,13.56,10.17,0,3.39,0,0,6.78,15.25,8.47,0,8.47,15.25,3.39,5.08,1.69,23.73,6.78,5.08,0,0,0,0,25.42,0,15.25,0,0,6.78,1.69,1.69,8.47,0,1.69,1.69,0,0,0,0,0,0,0,0,3.39,0,0,0,0,0,0,3.39,0,0,0,0,0,0,0,0,6.78,0,0,3.39,3.39,0,0,0,0,0,0,0,0,0,0,1.69,0,0,0,1.69,0,0,0,0,10.17,6.78,3.39,0,3.39,0,0,0,3.39,0,13.56,5.08,1.69,0,1.69,0,0,6.78,5.08,0,1.69,0,0,0,0
2743,seller,1,62,41.62,59.25,35.88,70.91,15.5,17.74,91.94,75.81,61.29,19.35,11.29,6.45,3.23,1.61,0,0,8.06,19.35,9.68,1.61,11.29,11.29,8.06,1.61,0,19.35,4.84,4.84,6.45,3.23,1.61,1.61,24.19,1.61,4.84,1.61,0,1.61,0,1.61,0,0,3.23,3.23,0,1.61,1.61,0,0,0,0,0,8.06,3.23,3.23,1.61,0,0,0,4.84,0,0,0,0,1.61,1.61,0,0,4.84,0,0,4.84,0,0,0,0,0,0,0,0,0,0,0,1.61,0,0,0,0,0,0,0,0,9.68,4.84,3.23,1.61,1.61,0,0,0,6.45,3.23,9.68,8.06,3.23,0,3.23,0,0,6.45,4.84,0,1.61,0,0,0,0
2743,seller,1,64,38.79,82.26,43.27,69.4,21.33,18.75,92.19,62.5,51.56,15.63,9.38,3.13,3.13,0,0,3.13,6.25,20.31,6.25,1.56,9.38,9.38,6.25,3.13,1.56,17.19,3.13,3.13,9.38,3.13,1.56,4.69,26.56,3.13,4.69,4.69,0,0,0,0,0,0,3.13,3.13,0,1.56,1.56,0,0,0,0,0,15.63,6.25,6.25,4.69,0,0,0,9.38,0,0,0,0,1.56,1.56,0,0,15.63,0,0,6.25,9.38,0,0,0,0,0,0,0,0,0,0,0,0,6.25,0,0,0,0,0,0,14.06,3.13,1.56,1.56,1.56,0,0,0,6.25,6.25,9.38,6.25,1.56,0,1.56,0,0,12.5,4.69,6.25,0,0,0,1.56,0
2745,buyer,1,29,37.7,1,21.61,99,14.5,6.9,89.66,79.31,58.62,20.69,13.79,10.34,0,3.45,0,0,6.9,13.79,10.34,0,10.34,6.9,6.9,3.45,3.45,20.69,6.9,3.45,0,0,0,0,27.59,0,24.14,0,3.45,13.79,0,3.45,6.9,0,17.24,13.79,3.45,6.9,6.9,0,0,0,0,0,13.79,10.34,3.45,3.45,0,0,6.9,3.45,0,0,0,0,0,0,0,0,3.45,0,0,0,3.45,0,0,0,0,0,0,0,0,0,0,0,3.45,0,0,3.45,0,0,0,0,0,10.34,0,3.45,6.9,0,0,0,0,6.9,3.45,0,0,0,0,0,0,10.34,3.45,3.45,0,0,3.45,0,0
2745,buyer,1,43,57.83,1,22.48,99,21.5,11.63,86.05,74.42,58.14,18.6,13.95,11.63,0,2.33,0,0,4.65,13.95,11.63,0,11.63,9.3,4.65,2.33,2.33,18.6,4.65,2.33,0,0,0,0,25.58,2.33,20.93,0,2.33,13.95,0,2.33,4.65,0,16.28,13.95,2.33,11.63,11.63,0,0,0,0,0,9.3,6.98,4.65,0,0,0,2.33,2.33,0,0,0,0,0,0,0,0,2.33,0,0,0,2.33,0,0,0,0,0,0,0,0,0,0,0,2.33,0,0,2.33,0,0,0,0,4.65,9.3,0,4.65,6.98,0,0,0,0,4.65,2.33,0,2.33,0,2.33,0,0,11.63,2.33,6.98,0,0,2.33,0,0
2745,buyer,1,49,44.56,1.85,37.24,99,49,12.24,87.76,69.39,55.1,18.37,12.24,10.2,2.04,0,0,0,6.12,12.24,10.2,4.08,10.2,8.16,4.08,6.12,2.04,16.33,2.04,0,2.04,2.04,0,0,20.41,2.04,16.33,2.04,2.04,8.16,2.04,2.04,4.08,0,12.24,10.2,2.04,10.2,10.2,0,0,0,0,0,6.12,4.08,4.08,0,0,0,0,2.04,0,0,0,0,2.04,2.04,0,0,0,0,0,0,0,0,0,0,0,0,0,0,0,0,0,0,2.04,0,0,0,0,0,0,0,12.24,8.16,0,4.08,4.08,0,2.04,0,0,4.08,6.12,0,4.08,0,4.08,0,0,12.24,0,10.2,0,0,2.04,0,0
2745,buyer,1,40,54.7,40.06,15.38,99,40,15,90,62.5,52.5,17.5,15,10,2.5,2.5,0,0,2.5,7.5,7.5,5,12.5,10,2.5,5,0,12.5,0,0,2.5,2.5,0,0,17.5,5,7.5,2.5,0,5,2.5,0,0,0,15,15,0,15,15,0,0,0,0,0,10,5,5,0,0,0,0,5,0,0,0,0,2.5,2.5,0,0,0,0,0,0,0,0,0,0,0,0,0,0,0,0,0,0,0,2.5,0,0,0,0,0,0,20,5,0,2.5,2.5,0,2.5,0,0,0,5,2.5,7.5,0,7.5,0,0,12.5,0,12.5,0,0,0,0,0
2745,buyer,1,36,19.76,84.23,39.59,99,36,11.11,97.22,69.44,55.56,27.78,16.67,8.33,5.56,2.78,0,0,11.11,11.11,2.78,5.56,11.11,5.56,2.78,5.56,0,11.11,2.78,2.78,8.33,5.56,2.78,0,19.44,5.56,8.33,5.56,0,0,5.56,2.78,0,0,13.89,13.89,0,8.33,8.33,0,0,0,0,0,11.11,2.78,2.78,0,0,0,0,8.33,0,0,0,0,2.78,2.78,0,0,0,0,0,0,0,0,0,0,0,0,0,0,0,0,0,0,0,2.78,0,0,0,2.78,0,0,19.44,5.56,0,0,2.78,0,2.78,0,0,0,8.33,2.78,5.56,0,5.56,0,0,11.11,0,11.11,0,0,0,0,0
2745,buyer,1,24,26.1,84.23,99,99,24,12.5,95.83,66.67,50,29.17,16.67,8.33,4.17,4.17,0,0,12.5,16.67,4.17,0,8.33,8.33,0,0,0,16.67,4.17,4.17,8.33,4.17,4.17,0,20.83,8.33,8.33,4.17,0,0,4.17,4.17,0,0,33.33,33.33,0,4.17,4.17,0,0,0,0,0,29.17,20.83,4.17,20.83,0,0,4.17,8.33,0,0,0,0,0,0,0,0,0,0,0,0,0,0,0,0,0,0,0,0,0,0,0,0,0,4.17,0,0,0,4.17,0,0,12.5,4.17,0,0,4.17,0,0,0,16.67,0,4.17,4.17,4.17,0,4.17,0,0,8.33,0,8.33,0,0,0,0,0
2745,buyer,1,18,33.38,72.07,99,99,18,5.56,100,61.11,44.44,27.78,11.11,5.56,5.56,0,0,0,16.67,22.22,5.56,0,5.56,5.56,0,0,0,16.67,5.56,5.56,11.11,5.56,5.56,0,16.67,5.56,11.11,5.56,0,0,5.56,5.56,0,0,44.44,44.44,0,0,0,0,0,0,0,0,33.33,27.78,5.56,27.78,0,0,5.56,5.56,0,0,0,0,0,0,0,0,5.56,0,0,5.56,0,0,0,0,0,0,0,0,0,0,0,0,0,5.56,0,0,0,5.56,0,0,5.56,5.56,0,0,5.56,0,0,0,22.22,0,5.56,0,0,0,0,0,0,5.56,0,5.56,0,0,0,0,0
2745,seller,1,17,7.78,73.71,12.44,20.23,8.5,17.65,94.12,76.47,58.82,23.53,11.76,5.88,0,5.88,0,0,11.76,17.65,11.76,0,0,23.53,0,0,0,35.29,5.88,0,0,0,0,0,29.41,0,17.65,5.88,0,5.88,0,0,0,0,11.76,5.88,5.88,0,0,0,0,0,0,0,17.65,11.76,0,5.88,0,0,11.76,5.88,0,0,0,0,0,0,0,0,0,0,0,0,0,0,0,0,0,0,0,0,0,0,0,0,0,0,0,0,0,0,0,0,5.88,5.88,0,5.88,0,0,0,0,0,5.88,11.76,0,0,0,0,0,0,11.76,0,0,11.76,0,0,0,0
2745,seller,1,50,9.32,63.73,49.13,20.23,16.67,18,90,76,64,24,14,6,4,4,0,0,10,16,10,0,6,14,4,6,2,22,4,0,4,4,0,0,22,0,16,4,2,4,0,0,4,0,4,2,2,2,2,0,0,0,0,0,12,4,0,0,0,0,2,8,0,0,0,0,0,0,0,0,2,0,0,0,2,0,2,0,0,0,0,0,0,0,0,0,0,0,0,0,0,0,0,0,8,8,0,4,4,0,0,0,0,2,10,0,2,0,2,0,0,8,0,4,4,0,0,0,0
2745,seller,1,56,21.9,94.84,60.9,20.23,28,17.86,89.29,73.21,60.71,21.43,14.29,3.57,5.36,5.36,0,0,7.14,16.07,8.93,0,8.93,10.71,5.36,5.36,1.79,17.86,7.14,0,5.36,5.36,0,0,19.64,0,14.29,5.36,1.79,1.79,0,1.79,3.57,0,7.14,3.57,3.57,3.57,1.79,1.79,0,0,0,0,12.5,1.79,0,0,0,0,0,10.71,0,0,0,0,0,0,0,0,5.36,0,0,1.79,3.57,0,1.79,0,0,0,0,0,0,0,0,0,0,0,0,0,0,0,0,0,10.71,7.14,0,3.57,3.57,0,0,0,1.79,1.79,8.93,3.57,1.79,0,1.79,0,0,8.93,0,5.36,3.57,0,0,0,0
2745,seller,1,61,19.57,93.01,49.37,44.83,30.5,16.39,90.16,73.77,62.3,22.95,18.03,6.56,4.92,6.56,0,0,4.92,14.75,8.2,0,11.48,8.2,6.56,8.2,1.64,14.75,6.56,0,4.92,4.92,0,0,18.03,0,11.48,3.28,1.64,1.64,0,1.64,3.28,0,8.2,4.92,3.28,4.92,1.64,3.28,0,0,0,0,16.39,4.92,1.64,1.64,0,0,3.28,11.48,0,0,0,0,0,0,0,0,6.56,0,0,1.64,4.92,0,1.64,0,0,0,0,0,0,0,0,0,0,1.64,0,0,0,0,0,0,9.84,4.92,0,1.64,3.28,0,0,0,1.64,0,8.2,4.92,1.64,0,1.64,0,0,8.2,0,6.56,1.64,0,0,0,0
2745,seller,1,41,48.44,99,14.11,58.42,20.5,14.63,92.68,73.17,60.98,21.95,21.95,4.88,7.32,9.76,0,0,0,12.2,7.32,0,17.07,4.88,7.32,7.32,0,12.2,7.32,0,9.76,7.32,0,2.44,19.51,0,9.76,4.88,0,2.44,2.44,2.44,0,0,12.2,7.32,4.88,7.32,2.44,4.88,0,0,0,0,24.39,7.32,4.88,4.88,0,0,4.88,17.07,0,0,0,0,0,0,0,0,9.76,0,0,2.44,7.32,0,0,0,0,0,0,0,0,0,0,0,2.44,4.88,0,0,0,0,0,0,12.2,0,0,0,0,0,0,0,4.88,0,4.88,9.76,0,0,0,0,0,7.32,0,4.88,2.44,0,0,0,0
2745,seller,1,49,27.39,99,14.31,51.68,49,22.45,87.76,57.14,46.94,18.37,18.37,4.08,4.08,6.12,0,4.08,0,10.2,4.08,0,10.2,6.12,4.08,8.16,2.04,14.29,2.04,0,10.2,4.08,0,6.12,18.37,0,10.2,6.12,0,2.04,2.04,0,2.04,0,6.12,4.08,2.04,4.08,2.04,2.04,0,0,0,0,28.57,10.2,8.16,8.16,0,0,4.08,18.37,0,0,0,0,0,0,0,0,20.41,0,0,4.08,16.33,0,0,0,0,0,0,0,0,0,0,0,2.04,12.24,0,0,0,0,0,0,12.24,0,0,0,0,0,0,0,2.04,4.08,2.04,4.08,0,0,0,0,0,16.33,2.04,10.2,0,0,2.04,2.04,0
2746,buyer,1,17,46.7,12.77,1.39,,5.67,5.88,100,70.59,64.71,17.65,17.65,11.76,5.88,0,0,0,0,29.41,23.53,0,0,11.76,0,5.88,5.88,17.65,0,0,17.65,5.88,0,11.76,11.76,5.88,5.88,0,0,5.88,0,0,0,0,0,0,0,0,0,0,0,0,0,0,11.76,5.88,5.88,5.88,0,0,0,5.88,0,0,0,0,0,0,0,0,17.65,0,0,5.88,11.76,0,0,0,0,0,0,0,0,0,0,0,5.88,0,0,0,0,0,0,0,11.76,0,0,0,0,0,0,0,0,0,0,0,0,0,0,0,0,23.53,11.76,5.88,5.88,0,0,0,0
2746,buyer,1,21,29.12,16.63,1,,7,9.52,100,76.19,71.43,14.29,14.29,9.52,4.76,0,0,0,0,28.57,23.81,0,0,14.29,4.76,9.52,4.76,19.05,0,0,14.29,4.76,0,9.52,14.29,4.76,9.52,0,0,4.76,4.76,0,0,0,0,0,0,0,0,0,0,0,0,0,14.29,9.52,9.52,9.52,0,0,0,4.76,0,0,0,0,0,0,0,0,14.29,0,0,4.76,9.52,0,0,0,0,0,0,0,0,0,0,0,4.76,0,0,0,0,0,0,0,14.29,0,0,0,0,0,0,0,0,0,0,0,0,0,0,0,0,19.05,9.52,4.76,4.76,0,0,0,0
2746,buyer,1,21,10.19,88.15,5.94,,7,9.52,100,71.43,71.43,19.05,19.05,9.52,4.76,4.76,0,0,0,14.29,14.29,0,4.76,19.05,4.76,9.52,0,23.81,0,0,14.29,4.76,0,9.52,9.52,0,4.76,0,0,0,4.76,0,0,0,0,0,0,0,0,0,0,0,0,0,19.05,9.52,9.52,9.52,0,0,0,9.52,0,0,0,0,0,0,0,0,14.29,0,0,4.76,9.52,0,0,0,0,0,0,0,0,0,0,0,0,0,0,0,0,0,0,0,9.52,0,0,0,0,0,0,0,0,0,4.76,9.52,0,0,0,0,0,14.29,4.76,0,9.52,0,0,0,0
2746,buyer,1,27,23.88,40.06,27.44,1,9,11.11,96.3,74.07,66.67,22.22,22.22,14.81,0,7.41,0,0,0,11.11,11.11,0,11.11,7.41,7.41,11.11,0,14.81,3.7,0,7.41,0,0,7.41,14.81,0,11.11,3.7,0,3.7,3.7,0,0,0,3.7,0,3.7,3.7,0,3.7,0,0,0,0,14.81,7.41,7.41,7.41,0,0,0,7.41,0,0,0,0,0,0,0,0,11.11,0,0,3.7,7.41,0,0,0,0,0,0,0,0,0,0,0,3.7,0,0,0,0,0,0,0,3.7,0,0,0,0,0,0,0,0,0,3.7,7.41,0,0,0,0,0,14.81,7.41,3.7,3.7,0,0,0,0
2746,buyer,1,31,24.16,40.06,79.1,1.4,10.33,6.45,96.77,77.42,61.29,25.81,25.81,16.13,0,9.68,0,0,0,6.45,3.23,0,16.13,6.45,3.23,9.68,0,19.35,9.68,0,3.23,0,0,3.23,19.35,0,12.9,6.45,0,3.23,0,0,3.23,0,9.68,3.23,6.45,6.45,0,6.45,0,0,0,0,12.9,3.23,3.23,3.23,0,0,0,9.68,0,0,0,0,0,0,0,0,9.68,0,0,6.45,3.23,0,0,0,0,0,0,0,0,0,0,0,3.23,0,0,0,0,0,0,0,6.45,0,0,0,0,0,0,0,0,0,6.45,12.9,3.23,0,3.23,0,0,16.13,6.45,6.45,3.23,0,0,0,0
2746,buyer,1,44,26.1,53.63,79.84,3.56,14.67,11.36,95.45,65.91,43.18,18.18,18.18,9.09,0,4.55,0,4.55,0,9.09,2.27,0,9.09,6.82,2.27,6.82,2.27,22.73,9.09,2.27,4.55,0,0,4.55,27.27,0,15.91,9.09,0,2.27,0,0,4.55,0,6.82,2.27,4.55,4.55,0,4.55,0,0,0,0,18.18,4.55,4.55,4.55,0,0,0,13.64,0,0,0,0,0,0,0,0,22.73,0,0,9.09,13.64,0,0,0,0,0,0,0,0,0,0,0,2.27,9.09,0,2.27,0,0,0,0,11.36,2.27,0,0,2.27,0,0,0,0,9.09,4.55,4.55,2.27,0,2.27,0,0,25,6.82,13.64,0,0,2.27,2.27,0
2746,seller,1,52,1,81.78,6.15,49.66,13,9.62,92.31,86.54,67.31,28.85,19.23,7.69,0,11.54,0,0,9.62,13.46,5.77,0,3.85,15.38,7.69,5.77,3.85,26.92,9.62,3.85,0,0,0,0,25,1.92,17.31,1.92,1.92,7.69,3.85,1.92,3.85,0,5.77,3.85,1.92,1.92,0,1.92,0,0,0,0,15.38,3.85,3.85,0,0,0,0,11.54,0,0,0,0,0,0,0,0,1.92,0,0,0,1.92,0,0,0,0,0,0,0,0,0,0,0,3.85,1.92,3.85,0,0,0,0,0,9.62,3.85,0,0,1.92,0,0,0,1.92,3.85,11.54,0,0,0,0,0,0,19.23,7.69,1.92,0,0,9.62,0,0
2746,seller,1,67,5.8,8.46,59.19,42.34,11.17,11.94,91.04,79.1,65.67,26.87,17.91,11.94,0,5.97,0,0,8.96,14.93,2.99,0,11.94,13.43,4.48,4.48,2.99,22.39,5.97,2.99,1.49,0,0,1.49,28.36,2.99,17.91,2.99,2.99,5.97,1.49,1.49,4.48,0,4.48,2.99,1.49,1.49,0,1.49,0,0,0,0,10.45,4.48,4.48,1.49,0,0,0,5.97,0,0,0,0,0,0,0,0,2.99,0,0,1.49,1.49,0,0,0,0,0,0,0,0,0,0,0,1.49,0,0,0,0,0,0,0,5.97,7.46,0,0,5.97,1.49,0,0,0,1.49,8.96,4.48,0,0,0,0,0,16.42,7.46,2.99,0,0,5.97,0,0
2746,seller,1,59,14.51,22.3,65.66,73.26,11.8,15.25,93.22,79.66,64.41,25.42,15.25,10.17,1.69,3.39,0,0,10.17,18.64,3.39,0,11.86,10.17,3.39,5.08,1.69,23.73,3.39,5.08,3.39,1.69,0,1.69,30.51,5.08,20.34,5.08,3.39,5.08,1.69,0,3.39,0,3.39,3.39,0,0,0,0,0,0,0,0,8.47,1.69,1.69,1.69,0,0,0,6.78,0,0,0,0,0,0,0,0,3.39,0,0,1.69,1.69,0,0,0,0,0,0,0,0,0,0,0,1.69,0,0,0,0,0,0,0,5.08,10.17,0,0,6.78,3.39,0,0,0,1.69,6.78,5.08,0,0,0,0,0,13.56,8.47,3.39,0,0,1.69,0,0
2746,seller,1,51,29.85,40.06,73.43,95.42,10.2,15.69,94.12,74.51,58.82,21.57,13.73,7.84,1.96,3.92,0,0,7.84,15.69,3.92,0,11.76,5.88,3.92,5.88,1.96,19.61,3.92,3.92,3.92,1.96,0,1.96,27.45,3.92,19.61,5.88,3.92,3.92,0,0,3.92,0,5.88,5.88,0,0,0,0,0,0,0,0,9.8,1.96,1.96,1.96,0,0,0,7.84,0,0,0,0,0,0,0,0,5.88,0,0,3.92,1.96,0,0,0,0,0,0,0,0,0,0,0,1.96,1.96,0,0,0,0,0,0,5.88,11.76,0,0,7.84,3.92,0,0,0,1.96,3.92,5.88,0,0,0,0,0,11.76,7.84,3.92,0,0,0,0,0
2751,buyer,1,18,33.38,99,10.18,99,18,5.56,100,61.11,50,11.11,11.11,0,5.56,5.56,0,0,0,0,0,5.56,16.67,11.11,16.67,0,0,22.22,0,0,5.56,5.56,0,0,22.22,0,16.67,11.11,5.56,5.56,0,0,0,0,11.11,11.11,0,0,0,0,0,0,0,0,22.22,11.11,0,5.56,0,0,11.11,11.11,0,0,0,0,0,0,0,0,16.67,0,0,11.11,5.56,0,0,0,0,0,0,0,0,0,0,5.56,0,0,0,5.56,0,5.56,0,0,16.67,11.11,0,0,5.56,0,0,5.56,0,0,11.11,0,0,0,0,0,0,5.56,0,5.56,0,0,0,0,0
2751,buyer,1,24,49.68,99,3.81,83,24,4.17,100,66.67,50,12.5,12.5,0,8.33,4.17,0,0,0,0,0,4.17,20.83,12.5,12.5,0,0,20.83,0,0,8.33,8.33,0,0,20.83,4.17,12.5,8.33,4.17,4.17,0,0,0,0,4.17,4.17,0,0,0,0,0,0,0,0,20.83,8.33,0,0,0,0,4.17,12.5,0,0,0,0,0,0,0,0,16.67,0,0,12.5,4.17,0,0,0,0,0,0,0,0,0,0,12.5,0,0,0,4.17,0,4.17,0,0,16.67,8.33,0,0,4.17,0,0,4.17,0,0,8.33,8.33,8.33,0,8.33,0,0,4.17,0,4.17,0,0,0,0,0
2751,buyer,1,39,53.56,99,2.93,60.52,39,15.38,94.87,51.28,33.33,10.26,10.26,0,5.13,0,0,5.13,0,5.13,0,2.56,10.26,10.26,2.56,2.56,0,20.51,2.56,2.56,10.26,5.13,0,5.13,23.08,2.56,7.69,5.13,0,2.56,0,0,0,0,2.56,2.56,0,0,0,0,0,0,0,0,25.64,10.26,5.13,5.13,0,0,2.56,15.38,0,0,0,0,0,0,0,0,28.21,0,0,10.26,17.95,0,0,0,0,0,0,0,0,0,0,7.69,0,10.26,0,5.13,0,2.56,0,0,15.38,5.13,0,0,5.13,0,0,0,0,7.69,5.13,5.13,5.13,0,5.13,0,0,17.95,2.56,12.82,0,0,0,2.56,0
2751,seller,1,27,1,1,99,77.5,6.75,7.41,100,96.3,70.37,22.22,7.41,7.41,0,0,0,0,14.81,11.11,0,3.7,11.11,7.41,11.11,14.81,3.7,22.22,7.41,7.41,0,0,0,0,29.63,0,25.93,7.41,0,0,7.41,0,14.81,0,3.7,3.7,0,3.7,3.7,0,0,0,0,0,3.7,3.7,0,0,0,0,3.7,0,0,0,0,0,0,0,0,0,3.7,0,0,0,3.7,0,0,0,0,0,0,0,0,0,0,0,0,0,0,0,0,0,0,0,14.81,11.11,0,7.41,7.41,0,0,0,3.7,0,3.7,3.7,11.11,7.41,3.7,0,0,25.93,22.22,0,3.7,0,0,0,0
2751,seller,1,38,1,1,99,61.63,7.6,13.16,97.37,86.84,68.42,21.05,7.89,5.26,0,0,0,2.63,13.16,10.53,2.63,2.63,7.89,10.53,7.89,13.16,5.26,21.05,7.89,5.26,0,0,0,0,34.21,0,23.68,5.26,0,0,7.89,0,15.79,0,2.63,2.63,0,2.63,2.63,0,0,0,0,0,2.63,0,0,0,0,0,0,2.63,0,0,0,0,0,0,0,0,5.26,0,0,0,5.26,0,0,0,0,0,0,0,0,0,0,2.63,0,2.63,0,0,0,0,0,0,7.89,7.89,0,5.26,5.26,0,0,0,2.63,2.63,7.89,2.63,5.26,2.63,2.63,0,0,18.42,15.79,0,2.63,0,0,0,0
2751,seller,1,28,7.34,1,99,98.65,7,14.29,96.43,75,60.71,17.86,7.14,3.57,0,0,0,3.57,10.71,14.29,3.57,3.57,7.14,7.14,3.57,14.29,3.57,14.29,7.14,7.14,0,0,0,0,32.14,0,21.43,3.57,0,0,10.71,0,14.29,0,7.14,7.14,0,3.57,3.57,0,0,0,0,0,3.57,0,0,0,0,0,0,3.57,0,0,0,0,0,0,0,0,10.71,0,0,3.57,7.14,0,0,0,0,0,0,0,0,0,0,3.57,0,7.14,0,0,0,0,0,0,3.57,3.57,0,3.57,3.57,0,0,0,3.57,3.57,7.14,0,3.57,3.57,0,0,0,21.43,17.86,0,3.57,0,0,0,0
2759,buyer,1,100,42.65,24.08,49.13,10.35,33.33,9,92,74,66,18,16,11,0,3,0,2,2,18,12,0,11,11,1,10,2,16,4,4,3,1,1,1,24,2,11,1,2,4,2,0,2,0,1,0,1,0,0,0,0,0,0,0,15,7,2,1,0,0,4,9,0,0,0,1,2,0,0,2,6,0,0,0,6,0,0,0,0,0,0,0,0,0,0,0,1,1,0,1,0,0,0,0,7,5,0,2,5,0,0,0,1,9,4,0,0,0,0,0,0,3,3,0,0,0,0,0,0
2759,buyer,1,93,29.52,40.06,51.16,9.78,23.25,8.6,91.4,75.27,68.82,17.2,15.05,9.68,1.08,4.3,0,0,2.15,15.05,8.6,0,12.9,12.9,4.3,8.6,2.15,18.28,3.23,4.3,5.38,2.15,2.15,1.08,27.96,2.15,13.98,3.23,4.3,4.3,2.15,0,2.15,0,1.08,0,1.08,0,0,0,0,0,0,0,15.05,7.53,2.15,1.08,0,0,4.3,8.6,0,0,0,1.08,1.08,0,0,1.08,4.3,0,0,0,4.3,0,0,0,0,0,0,0,0,0,0,0,1.08,1.08,0,0,0,0,0,0,7.53,4.3,0,2.15,4.3,0,0,0,1.08,8.6,5.38,1.08,0,0,0,0,0,4.3,3.23,0,1.08,0,0,0,0
2759,buyer,1,65,9.52,94.52,21.89,20.23,10.83,7.69,93.85,78.46,69.23,18.46,16.92,7.69,3.08,6.15,0,0,1.54,13.85,6.15,0,10.77,15.38,7.69,9.23,0,21.54,6.15,7.69,6.15,3.08,1.54,1.54,24.62,3.08,13.85,4.62,4.62,4.62,3.08,0,0,0,3.08,1.54,1.54,0,0,0,0,0,0,0,16.92,6.15,3.08,3.08,0,0,4.62,10.77,0,0,0,0,0,0,0,0,7.69,0,0,1.54,6.15,0,0,0,0,0,0,0,0,0,0,0,1.54,1.54,0,0,0,0,0,0,10.77,3.08,0,1.54,3.08,0,0,0,1.54,4.62,3.08,1.54,0,0,0,0,0,10.77,6.15,1.54,3.08,0,0,0,0
2759,buyer,1,53,11.97,99,10.87,49.04,10.6,18.87,88.68,62.26,49.06,16.98,15.09,3.77,3.77,3.77,0,3.77,1.89,11.32,3.77,0,5.66,13.21,7.55,3.77,0,22.64,5.66,5.66,9.43,3.77,1.89,3.77,22.64,0,13.21,9.43,3.77,3.77,0,0,0,0,1.89,1.89,0,0,0,0,0,0,0,0,22.64,7.55,5.66,5.66,0,0,3.77,15.09,0,0,0,0,0,0,0,0,20.75,0,0,5.66,15.09,0,0,0,0,0,0,0,0,0,0,0,1.89,7.55,0,1.89,0,0,0,0,7.55,1.89,0,0,1.89,0,0,0,0,3.77,5.66,1.89,0,0,0,0,0,20.75,5.66,9.43,3.77,0,0,1.89,0
2759,seller,1,48,1,1,68.87,,48,10.42,93.75,83.33,70.83,33.33,22.92,16.67,2.08,2.08,2.08,0,10.42,10.42,4.17,0,6.25,18.75,6.25,0,8.33,31.25,0,0,6.25,2.08,2.08,2.08,35.42,0,14.58,4.17,4.17,4.17,0,0,4.17,0,0,0,0,0,0,0,0,0,0,0,12.5,6.25,2.08,2.08,0,0,4.17,6.25,0,0,0,2.08,0,0,0,0,2.08,0,0,0,2.08,0,0,0,0,0,0,0,0,0,0,0,0,0,0,0,0,0,0,0,8.33,4.17,4.17,0,0,0,0,0,2.08,10.42,4.17,10.42,0,0,0,0,0,12.5,8.33,2.08,0,0,2.08,0,0
2759,seller,1,71,4.16,1,90.52,,71,9.86,91.55,80.28,66.2,25.35,18.31,14.08,0,2.82,1.41,0,7.04,12.68,8.45,0,7.04,15.49,4.23,1.41,8.45,28.17,2.82,1.41,4.23,1.41,1.41,1.41,32.39,0,14.08,4.23,2.82,2.82,1.41,0,5.63,0,0,0,0,0,0,0,0,0,0,0,8.45,4.23,2.82,1.41,0,0,1.41,5.63,0,0,0,1.41,0,0,0,0,2.82,0,0,0,2.82,0,0,0,0,0,0,0,0,0,0,0,1.41,0,0,0,0,0,0,0,5.63,5.63,2.82,0,2.82,0,0,0,2.82,8.45,2.82,9.86,0,0,0,0,0,11.27,8.45,1.41,0,0,1.41,0,0
2759,seller,1,48,37.3,1,80.79,,48,10.42,91.67,75,60.42,20.83,16.67,12.5,0,4.17,0,0,4.17,12.5,10.42,0,10.42,10.42,2.08,2.08,6.25,22.92,4.17,2.08,6.25,2.08,2.08,2.08,27.08,0,14.58,2.08,2.08,4.17,2.08,0,6.25,0,0,0,0,0,0,0,0,0,0,0,10.42,6.25,4.17,2.08,0,0,2.08,6.25,0,0,0,0,0,0,0,0,6.25,0,0,2.08,4.17,0,0,0,0,0,0,0,0,0,0,0,2.08,0,0,0,0,0,0,0,6.25,4.17,0,0,4.17,0,0,0,2.08,6.25,2.08,6.25,0,0,0,0,0,8.33,8.33,0,0,0,0,0,0
2759,seller,1,33,78.71,5.27,71.27,67.94,33,12.12,87.88,63.64,51.52,9.09,9.09,6.06,0,3.03,0,0,0,15.15,15.15,0,9.09,9.09,3.03,3.03,6.06,18.18,6.06,3.03,3.03,3.03,0,0,21.21,0,12.12,3.03,0,3.03,3.03,0,6.06,0,3.03,3.03,0,0,0,0,0,0,0,0,6.06,3.03,3.03,0,0,0,0,6.06,0,0,0,0,0,0,0,0,12.12,0,0,6.06,6.06,0,0,0,0,0,0,0,0,0,0,0,3.03,3.03,0,0,0,0,0,0,0,6.06,0,0,6.06,0,0,0,3.03,3.03,3.03,6.06,0,0,0,0,0,6.06,6.06,0,0,0,0,0,0
2760,buyer,1,37,27.81,1,87,62.77,18.5,10.81,91.89,72.97,56.76,16.22,13.51,13.51,0,0,0,0,2.7,16.22,13.51,0,2.7,10.81,8.11,2.7,2.7,16.22,5.41,2.7,0,0,0,0,21.62,0,13.51,0,0,5.41,2.7,2.7,5.41,0,2.7,2.7,0,0,0,0,0,0,0,0,2.7,2.7,0,2.7,0,0,2.7,0,0,0,0,0,0,0,0,0,8.11,0,0,2.7,5.41,0,0,0,0,0,0,0,0,0,0,0,2.7,2.7,0,0,0,0,0,0,5.41,8.11,0,2.7,8.11,0,0,0,0,8.11,5.41,5.41,2.7,0,2.7,0,0,5.41,0,2.7,2.7,0,0,0,0
2760,buyer,1,47,9.26,1,91.07,20.23,23.5,6.38,93.62,78.72,63.83,19.15,14.89,14.89,0,0,0,0,4.26,14.89,10.64,0,4.26,12.77,12.77,4.26,0,17.02,8.51,4.26,0,0,0,0,21.28,0,12.77,4.26,0,4.26,2.13,2.13,2.13,0,4.26,2.13,2.13,4.26,2.13,2.13,0,0,0,0,4.26,4.26,4.26,0,0,0,0,0,0,0,0,0,0,0,0,0,6.38,0,0,2.13,4.26,0,0,0,0,0,0,0,0,0,0,0,2.13,2.13,0,0,0,0,0,0,4.26,6.38,0,2.13,6.38,0,0,0,0,6.38,6.38,4.26,2.13,0,2.13,0,0,6.38,0,4.26,2.13,0,0,0,0
2760,buyer,1,41,2.96,8.81,75.67,89.58,41,7.32,95.12,82.93,68.29,24.39,14.63,12.2,2.44,0,0,0,9.76,12.2,4.88,0,7.32,17.07,7.32,4.88,0,19.51,12.2,4.88,2.44,2.44,0,0,21.95,2.44,9.76,4.88,0,2.44,0,0,0,0,9.76,7.32,2.44,9.76,7.32,2.44,0,0,0,0,7.32,4.88,4.88,0,0,0,0,2.44,0,0,0,0,0,0,0,0,2.44,0,0,2.44,0,0,0,0,0,0,0,0,0,0,0,0,0,0,0,0,0,0,0,0,9.76,4.88,0,2.44,4.88,0,0,0,0,2.44,7.32,4.88,2.44,0,2.44,0,0,4.88,0,4.88,0,0,0,0,0
2760,buyer,1,37,5.35,14.33,73.75,99,37,8.11,94.59,78.38,67.57,21.62,13.51,10.81,2.7,0,0,0,8.11,10.81,5.41,0,8.11,16.22,8.11,5.41,0,18.92,10.81,5.41,2.7,2.7,0,0,24.32,2.7,10.81,5.41,0,2.7,0,0,0,0,13.51,10.81,2.7,10.81,8.11,2.7,0,0,0,0,8.11,5.41,5.41,0,0,0,0,2.7,0,0,0,0,0,0,0,0,5.41,0,0,5.41,0,0,0,0,0,0,0,0,0,0,0,0,0,2.7,0,0,0,0,0,0,8.11,5.41,0,2.7,5.41,0,0,0,0,2.7,8.11,0,0,0,0,0,0,5.41,0,5.41,0,0,0,0,0
2760,seller,1,38,67.62,82.58,70.28,1,19,18.42,86.84,63.16,57.89,15.79,15.79,5.26,0,10.53,0,0,0,18.42,13.16,0,13.16,10.53,0,7.89,2.63,10.53,5.26,0,0,0,0,0,21.05,0,13.16,5.26,0,2.63,2.63,0,5.26,0,5.26,0,5.26,5.26,0,5.26,0,0,0,0,13.16,0,0,0,0,0,0,10.53,0,0,0,0,0,0,0,0,13.16,0,0,7.89,5.26,0,0,0,0,0,0,0,0,0,0,2.63,0,7.89,0,0,0,0,0,0,2.63,5.26,0,2.63,5.26,0,0,0,0,5.26,2.63,2.63,0,0,0,0,0,2.63,2.63,0,0,0,0,0,0
2760,seller,1,38,52.34,70.59,84.38,2.53,38,10.53,92.11,71.05,60.53,21.05,18.42,7.89,0,10.53,0,0,2.63,21.05,13.16,0,10.53,10.53,0,5.26,2.63,13.16,7.89,0,0,0,0,0,23.68,0,13.16,5.26,0,2.63,2.63,0,5.26,0,7.89,2.63,5.26,5.26,0,5.26,0,0,0,0,18.42,5.26,2.63,0,0,0,0,10.53,0,0,0,0,0,0,0,0,13.16,0,0,7.89,5.26,0,0,0,0,0,0,0,0,0,0,0,0,5.26,0,0,0,0,0,0,5.26,5.26,0,2.63,5.26,0,0,0,0,2.63,5.26,5.26,0,0,0,0,0,2.63,2.63,0,0,0,0,0,0
2760,seller,1,45,39.7,86.16,77.17,20.23,22.5,15.56,88.89,57.78,44.44,15.56,13.33,4.44,0,4.44,0,4.44,2.22,15.56,6.67,0,6.67,11.11,0,4.44,2.22,17.78,6.67,2.22,4.44,0,0,4.44,24.44,0,8.89,6.67,0,0,0,0,2.22,0,4.44,2.22,2.22,2.22,0,2.22,0,0,0,0,22.22,8.89,6.67,4.44,0,0,0,13.33,0,0,0,0,0,0,0,0,22.22,0,0,6.67,15.56,0,0,0,0,0,0,0,0,0,0,0,0,11.11,0,2.22,0,0,0,0,11.11,6.67,0,2.22,6.67,0,0,0,0,6.67,4.44,4.44,0,0,0,0,0,15.56,4.44,8.89,0,0,0,2.22,0
2761,buyer,1,45,5.4,27.89,63.35,85.84,45,24.44,97.78,71.11,55.56,31.11,20,13.33,0,6.67,0,0,11.11,11.11,2.22,0,8.89,8.89,0,8.89,0,20,4.44,0,8.89,0,4.44,4.44,22.22,2.22,11.11,2.22,4.44,0,2.22,0,4.44,0,4.44,4.44,0,0,0,0,0,0,0,0,15.56,6.67,4.44,2.22,0,0,0,8.89,0,0,0,0,0,0,0,0,15.56,0,0,11.11,6.67,0,0,0,0,0,0,0,0,0,0,0,0,2.22,0,0,0,0,0,0,8.89,2.22,2.22,0,0,0,0,0,0,2.22,6.67,0,0,0,0,0,0,4.44,0,0,0,0,4.44,0,0
2761,buyer,1,53,1.55,2.56,68.36,94.44,53,20.75,98.11,81.13,67.92,33.96,18.87,13.21,0,5.66,0,0,15.09,11.32,1.89,0,11.32,13.21,0,9.43,1.89,20.75,7.55,1.89,3.77,0,3.77,0,26.42,1.89,15.09,1.89,3.77,1.89,1.89,0,7.55,0,5.66,5.66,0,0,0,0,0,0,0,0,7.55,1.89,0,0,0,0,0,5.66,0,0,0,0,0,0,0,0,11.32,0,0,7.55,3.77,0,0,0,0,0,0,0,0,0,0,0,0,0,0,3.77,0,0,0,0,5.66,1.89,1.89,0,0,0,0,0,0,1.89,7.55,0,0,0,0,0,0,5.66,0,0,0,0,5.66,0,0
2761,buyer,1,46,6.11,1,44.75,97.48,46,23.91,97.83,78.26,69.57,28.26,15.22,13.04,0,2.17,0,0,13.04,8.7,4.35,0,13.04,15.22,0,8.7,2.17,17.39,8.7,2.17,4.35,0,4.35,0,26.09,2.17,13.04,0,2.17,2.17,4.35,0,6.52,0,6.52,6.52,0,0,0,0,0,0,0,0,6.52,4.35,0,0,0,0,0,2.17,0,0,0,0,0,0,0,0,8.7,0,0,6.52,2.17,0,0,0,0,0,0,0,0,0,0,0,0,0,0,4.35,0,0,0,0,6.52,0,0,0,0,0,0,0,0,2.17,8.7,0,0,0,0,0,0,4.35,0,0,0,0,4.35,0,0
2761,buyer,1,44,12.37,27.64,11.02,86.79,44,29.55,90.91,59.09,50,18.18,9.09,4.55,0,0,0,4.55,9.09,11.36,2.27,0,6.82,13.64,0,6.82,2.27,18.18,6.82,2.27,4.55,0,0,4.55,27.27,0,15.91,4.55,2.27,2.27,2.27,0,4.55,0,4.55,4.55,0,0,0,0,0,0,0,0,15.91,6.82,4.55,4.55,0,0,0,9.09,0,0,0,0,0,0,0,0,22.73,0,0,9.09,13.64,0,0,0,0,0,0,0,0,0,0,0,0,9.09,0,4.55,0,0,0,0,6.82,0,0,0,0,0,0,0,0,4.55,6.82,0,0,0,0,0,0,15.91,2.27,9.09,0,0,2.27,2.27,0
2761,seller,1,63,21.46,99,3.25,70.15,21,28.57,93.65,71.43,60.32,20.63,15.87,0,6.35,7.94,0,1.59,4.76,20.63,11.11,0,7.94,11.11,7.94,4.76,1.59,17.46,4.76,1.59,9.52,6.35,0,3.17,19.05,0,9.52,1.59,0,1.59,3.17,0,3.17,0,3.17,3.17,0,1.59,1.59,0,0,0,0,0,30.16,11.11,4.76,3.17,0,1.59,3.17,19.05,0,0,0,0,0,0,0,0,9.52,0,0,3.17,9.52,0,0,0,0,0,0,0,0,0,0,0,0,3.17,0,1.59,0,0,0,0,0,4.76,1.59,1.59,1.59,1.59,0,0,1.59,4.76,7.94,0,0,0,0,0,0,7.94,1.59,3.17,3.17,0,0,0,0
2761,seller,1,59,11.79,99,1,91.11,9.83,23.73,93.22,77.97,61.02,22.03,18.64,0,8.47,10.17,0,0,3.39,16.95,10.17,0,6.78,8.47,8.47,8.47,1.69,15.25,10.17,1.69,10.17,8.47,1.69,0,22.03,0,13.56,0,0,3.39,6.78,0,5.08,0,5.08,5.08,0,1.69,1.69,0,0,0,0,0,27.12,6.78,1.69,0,0,0,3.39,20.34,0,0,0,0,0,0,0,0,10.17,0,0,3.39,10.17,0,0,0,0,0,0,0,0,0,0,0,1.69,1.69,0,1.69,0,0,0,0,3.39,1.69,0,0,1.69,0,0,0,1.69,3.39,5.08,1.69,0,0,0,0,0,11.86,6.78,1.69,3.39,0,0,0,0
2761,seller,1,77,4.5,99,5.07,91.84,9.63,22.08,93.51,77.92,64.94,23.38,15.58,0,6.49,9.09,0,0,7.79,18.18,6.49,0,9.09,11.69,9.09,9.09,1.3,15.58,7.79,1.3,7.79,6.49,1.3,0,24.68,1.3,15.58,0,0,2.6,6.49,0,9.09,0,5.19,5.19,0,1.3,1.3,0,0,0,0,0,20.78,3.9,2.6,1.3,0,0,0,16.88,0,0,0,0,0,0,0,0,10.39,0,0,5.19,9.09,0,0,0,0,0,0,0,0,0,0,0,1.3,1.3,0,0,0,0,0,1.3,6.49,2.6,1.3,0,1.3,0,0,0,1.3,0,6.49,2.6,1.3,0,1.3,0,0,14.29,11.69,1.3,1.3,0,0,0,0
2761,seller,1,52,3.57,99,6.15,94.96,7.43,19.23,90.38,75,61.54,25,13.46,0,3.85,9.62,0,0,11.54,17.31,3.85,0,7.69,11.54,5.77,9.62,0,15.38,7.69,1.92,5.77,3.85,1.92,0,25,1.92,15.38,0,0,1.92,7.69,0,9.62,0,5.77,5.77,0,0,0,0,0,0,0,0,15.38,1.92,1.92,1.92,0,0,0,13.46,0,0,0,0,0,0,0,0,9.62,0,0,7.69,5.77,0,0,0,0,0,0,0,0,0,0,0,1.92,1.92,0,0,0,0,0,1.92,9.62,3.85,1.92,0,1.92,0,0,0,0,0,5.77,3.85,1.92,0,1.92,0,0,17.31,15.38,1.92,0,0,0,0,0
2762,buyer,1,73,2.52,1.04,95.37,7.77,10.43,9.59,91.78,73.97,68.49,26.03,20.55,13.7,0,6.85,0,0,5.48,17.81,5.48,0,10.96,9.59,8.22,9.59,5.48,10.96,5.48,1.37,1.37,0,0,1.37,30.14,0,20.55,5.48,1.37,2.74,1.37,0,8.22,0,12.33,5.48,6.85,8.22,4.11,4.11,0,0,1.37,0,10.96,4.11,2.74,1.37,0,0,0,6.85,0,0,0,0,0,0,0,0,6.85,0,0,4.11,2.74,0,0,0,0,0,0,0,0,0,0,0,0,1.37,0,0,0,0,0,0,4.11,0,0,0,0,0,0,0,2.74,5.48,1.37,4.11,0,0,0,0,0,13.7,8.22,2.74,1.37,0,1.37,0,0
2762,buyer,1,68,9.55,1,93.5,1,9.71,11.76,92.65,77.94,70.59,23.53,19.12,13.24,0,5.88,0,0,4.41,16.18,5.88,0,16.18,8.82,8.82,8.82,5.88,13.24,4.41,1.47,2.94,0,0,2.94,27.94,0,19.12,4.41,2.94,1.47,0,0,7.35,0,10.29,2.94,7.35,5.88,1.47,4.41,1.47,0,2.94,0,8.82,2.94,2.94,1.47,0,0,0,5.88,0,0,0,0,0,0,0,0,4.41,0,0,2.94,1.47,0,0,0,0,0,0,0,0,0,0,0,0,1.47,0,0,0,0,0,0,7.35,1.47,0,0,0,1.47,0,0,2.94,7.35,1.47,2.94,0,0,0,0,0,16.18,10.29,1.47,2.94,0,1.47,0,0
2762,buyer,1,57,8.01,1.83,99,5.65,9.5,12.28,94.74,80.7,71.93,24.56,22.81,15.79,0,7.02,0,0,1.75,14.04,3.51,0,19.3,8.77,8.77,12.28,3.51,14.04,5.26,1.75,5.26,0,0,5.26,26.32,0,19.3,5.26,3.51,1.75,0,0,7.02,0,5.26,1.75,3.51,3.51,0,3.51,1.75,0,1.75,0,12.28,5.26,5.26,3.51,0,0,0,7.02,0,0,0,0,0,0,0,0,5.26,0,0,3.51,1.75,0,0,0,0,0,0,0,0,0,0,0,0,0,0,0,0,0,0,0,8.77,1.75,0,0,0,1.75,0,0,5.26,3.51,1.75,5.26,1.75,0,1.75,0,0,15.79,10.53,1.75,3.51,0,0,0,0
2762,buyer,1,22,45.12,1,79.84,20.23,5.5,13.64,100,77.27,63.64,18.18,18.18,13.64,0,4.55,0,0,0,9.09,4.55,0,18.18,9.09,0,9.09,4.55,18.18,4.55,0,9.09,0,0,9.09,22.73,0,18.18,0,4.55,4.55,0,0,9.09,0,9.09,4.55,4.55,4.55,0,4.55,4.55,0,4.55,0,13.64,9.09,9.09,9.09,0,0,0,4.55,0,0,0,0,0,0,0,0,4.55,0,0,4.55,0,0,0,0,0,0,0,0,0,0,0,0,0,4.55,0,0,0,0,0,0,13.64,4.55,0,0,0,4.55,0,0,4.55,4.55,0,4.55,4.55,0,4.55,0,0,27.27,18.18,4.55,4.55,0,0,0,0
2762,seller,1,115,3.8,1,90.1,1,16.43,14.78,95.65,82.61,71.3,21.74,17.39,12.17,0,5.22,0,0,4.35,15.65,6.96,0,11.3,17.39,4.35,8.7,6.09,20.87,6.96,1.74,0.87,0,0,0.87,30.43,2.61,16.52,3.48,0,1.74,0.87,0,8.7,0,6.96,1.74,5.22,4.35,0.87,3.48,0,0,0,0,13.91,6.96,0.87,0.87,0,1.74,0.87,6.96,0,0,0,0,0,0,0,0,7.83,0,0,3.48,5.22,0,0,0,0,0,0,0,0,0,0,0.87,0,0.87,0,0,0,0,0.87,0,9.57,2.61,0.87,0,0.87,0.87,0,0,1.74,4.35,4.35,4.35,0.87,0,0.87,0,0,8.7,6.09,0.87,0,0,1.74,0,0
2762,seller,1,114,4.76,1,90.78,2.53,12.67,15.79,95.61,85.96,72.81,20.18,15.79,11.4,0,4.39,0,0,4.39,15.79,6.14,0,12.28,18.42,4.39,7.89,6.14,22.81,7.89,2.63,0.88,0,0,0.88,29.82,5.26,13.16,2.63,0,0.88,0.88,0,8.77,0,6.14,1.75,4.39,3.51,0.88,2.63,0,0,0,0,11.4,5.26,0.88,0.88,0,0.88,0.88,6.14,0,0,0,0,0,0,0,0,7.02,0,0,2.63,5.26,0,0,0,0,0,0,0,0,0,0,0.88,0,0.88,0,0,0,0,0.88,0,11.4,3.51,0.88,0,0.88,1.75,0,0,2.63,4.39,4.39,2.63,0.88,0,0.88,0,0,9.65,7.89,0,0,0,0.88,0.88,0
2762,seller,1,60,3.8,1,82.8,45.29,10,21.67,93.33,71.67,58.33,13.33,11.67,8.33,0,0,0,3.33,1.67,13.33,3.33,0,6.67,16.67,3.33,5,11.67,21.67,8.33,1.67,5,0,0,5,31.67,8.33,13.33,3.33,0,0,0,0,10,0,5,3.33,1.67,1.67,1.67,0,0,0,0,0,15,8.33,5,5,0,1.67,0,6.67,0,0,0,0,0,0,0,0,16.67,0,0,3.33,13.33,0,0,0,0,0,0,0,0,0,0,0,0,6.67,0,0,0,0,0,0,11.67,1.67,0,0,0,1.67,0,0,1.67,6.67,6.67,0,0,0,0,0,0,23.33,10,6.67,0,0,3.33,3.33,0
2765,buyer,1,46,1,5.93,60.36,1,15.33,10.87,97.83,73.91,65.22,28.26,19.57,13.04,0,6.52,0,0,8.7,6.52,4.35,0,6.52,13.04,6.52,10.87,2.17,19.57,4.35,0,2.17,0,0,2.17,32.61,0,17.39,2.17,0,4.35,0,0,8.7,0,6.52,0,6.52,0,0,0,0,0,0,0,17.39,8.7,0,0,0,4.35,4.35,8.7,0,0,0,2.17,0,0,0,0,6.52,0,0,4.35,2.17,0,0,0,0,0,0,0,0,0,0,2.17,0,4.35,0,0,0,0,2.17,2.17,6.52,2.17,2.17,0,0,0,0,0,0,6.52,8.7,4.35,0,0,0,0,0,4.35,4.35,0,0,0,0,0,0
2765,buyer,1,58,1.67,30.46,43.66,5.8,29,13.79,98.28,75.86,67.24,24.14,15.52,8.62,0,6.9,0,0,8.62,8.62,5.17,0,8.62,13.79,10.34,8.62,1.72,18.97,5.17,0,1.72,0,0,1.72,34.48,0,22.41,5.17,0,3.45,5.17,0,6.9,0,8.62,3.45,5.17,0,0,0,0,0,0,0,17.24,8.62,1.72,1.72,0,3.45,3.45,8.62,0,0,0,1.72,3.45,0,0,3.45,3.45,0,0,3.45,0,0,0,0,0,0,0,0,0,0,0,0,0,1.72,0,0,0,0,1.72,1.72,6.9,3.45,1.72,0,0,0,0,1.72,0,5.17,8.62,6.9,0,0,0,0,0,1.72,1.72,0,0,0,0,0,0
2765,buyer,1,52,3.57,88.42,19.9,20.23,52,11.54,98.08,76.92,65.38,23.08,17.31,7.69,0,9.62,0,0,5.77,9.62,5.77,0,9.62,11.54,13.46,7.69,0,19.23,5.77,0,1.92,0,0,1.92,30.77,0,21.15,5.77,0,3.85,5.77,0,3.85,0,11.54,5.77,5.77,0,0,0,0,0,0,0,23.08,11.54,3.85,3.85,0,3.85,5.77,11.54,0,0,0,1.92,3.85,0,0,3.85,3.85,0,0,3.85,0,0,0,0,0,0,0,0,0,0,0,0,0,0,0,0,0,0,1.92,1.92,3.85,3.85,1.92,0,0,0,0,1.92,0,3.85,7.69,7.69,0,0,0,0,0,1.92,1.92,0,0,0,0,0,0
2765,buyer,1,47,20.01,91.15,8.74,83.95,23.5,21.28,93.62,61.7,48.94,14.89,12.77,4.26,0,4.26,0,4.26,2.13,14.89,6.38,0,4.26,10.64,8.51,2.13,2.13,19.15,4.26,0,6.38,0,0,6.38,29.79,2.13,17.02,8.51,0,2.13,6.38,0,0,0,8.51,6.38,2.13,0,0,0,0,0,0,0,23.4,10.64,8.51,8.51,0,2.13,2.13,12.77,0,0,0,0,4.26,0,0,4.26,17.02,0,0,4.26,12.77,0,0,0,0,0,0,0,0,0,0,0,0,8.51,0,0,0,0,0,0,12.77,2.13,0,0,0,0,0,2.13,0,8.51,4.26,4.26,0,0,0,0,0,14.89,4.26,8.51,0,0,0,2.13,0
2765,seller,1,85,1.38,91.03,12.44,1,12.14,10.59,94.12,75.29,64.71,20,11.76,1.18,3.53,5.88,0,1.18,8.24,20,8.24,0,7.06,16.47,10.59,9.41,4.71,23.53,3.53,0,8.24,3.53,1.18,3.53,38.82,2.35,22.35,1.18,4.71,4.71,7.06,0,4.71,0,5.88,1.18,4.71,1.18,0,1.18,0,0,0,0,16.47,4.71,1.18,0,0,1.18,2.35,11.76,0,0,0,0,0,0,0,0,7.06,0,0,2.35,4.71,0,0,0,0,0,0,0,0,0,0,0,0,2.35,0,0,0,0,1.18,1.18,8.24,5.88,0,0,5.88,0,0,0,3.53,2.35,7.06,3.53,0,0,0,0,0,16.47,5.88,3.53,2.35,0,4.71,0,0
2765,seller,1,102,1,88.96,32.94,1,11.33,9.8,93.14,78.43,67.65,23.53,14.71,3.92,3.92,5.88,0,0.98,8.82,18.63,6.86,0,7.84,16.67,9.8,10.78,2.94,24.51,3.92,0,7.84,3.92,0.98,2.94,36.27,0.98,22.55,2.94,3.92,3.92,6.86,0,5.88,0,5.88,0.98,4.9,1.96,0,1.96,0,0,0,0,17.65,4.9,1.96,0.98,0,0.98,1.96,12.75,0,0,0,0,0,0,0,0,4.9,0,0,2.94,1.96,0,0,0,0,0,0,0,0,0,0,0,0,1.96,0,0,0,0,0.98,0.98,5.88,4.9,0,0.98,3.92,0,0,0,1.96,1.96,6.86,3.92,0,0,0,0,0,18.63,5.88,2.94,2.94,0,6.86,0,0
2765,seller,1,133,12.74,84,65.4,55.32,14.78,6.02,95.49,81.95,66.17,21.05,15.79,6.02,2.26,6.77,0,0.75,5.26,16.54,7.52,0,12.78,12.78,7.52,9.77,0.75,20.3,6.77,3.01,4.51,2.26,0,2.26,29.32,0.75,18.05,5.26,2.26,3.01,5.26,0,5.26,0,5.26,3.76,1.5,2.26,0.75,1.5,0,0,0,0,15.79,4.51,3.01,1.5,0,0,2.26,11.28,0,0,0,0,0,0,0,0,3.76,0,0,2.26,1.5,0,0,0,0,0,0,0,0,0,0,0,0.75,2.26,0,0,0,0,0,0.75,9.77,4.51,0,0.75,3.01,0.75,0,0,3.01,0.75,6.77,1.5,0,0,0,0,0,15.04,3.76,3.76,2.26,0.75,4.51,0,0
2765,seller,1,102,24.9,73.71,78.94,80.19,14.57,5.88,95.1,81.37,64.71,20.59,15.69,6.86,1.96,6.86,0,0,4.9,15.69,8.82,0,13.73,10.78,5.88,10.78,0,17.65,7.84,3.92,2.94,1.96,0,0.98,24.51,0,14.71,5.88,0.98,1.96,4.9,0,5.88,0,5.88,4.9,0.98,1.96,0.98,0.98,0,0,0,0,13.73,3.92,2.94,1.96,0,0,1.96,9.8,0,0,0,0,0,0,0,0,4.9,0,0,2.94,1.96,0,0,0,0,0,0,0,0,0,0,0,0.98,3.92,0,0,0,0,0,0,8.82,2.94,0,0.98,0.98,0.98,0,0,3.92,0,5.88,0.98,0,0,0,0,0,14.71,2.94,3.92,1.96,0.98,4.9,0,0
2766,buyer,1,12,2.87,99,3.81,99,6,8.33,83.33,66.67,58.33,33.33,25,8.33,0,16.67,0,0,8.33,8.33,8.33,0,8.33,16.67,0,8.33,0,25,0,0,0,0,0,0,16.67,0,0,0,0,0,0,0,0,0,25,25,0,8.33,8.33,0,0,0,0,0,33.33,16.67,8.33,16.67,0,0,16.67,16.67,0,0,0,0,0,0,0,0,0,0,0,0,0,0,0,0,0,0,0,0,0,0,0,0,0,0,0,0,0,0,0,0,8.33,0,0,0,0,0,0,0,0,0,16.67,0,0,0,0,0,0,33.33,0,0,16.67,0,16.67,0,0
2766,buyer,1,35,12.97,6.16,42.95,65.27,11.67,20,91.43,77.14,60,20,17.14,11.43,0,5.71,0,0,2.86,11.43,11.43,0,8.57,17.14,0,11.43,2.86,22.86,11.43,2.86,5.71,0,0,5.71,20,0,14.29,2.86,0,5.71,2.86,0,5.71,0,8.57,5.71,2.86,5.71,2.86,2.86,0,0,0,0,14.29,8.57,8.57,8.57,0,0,2.86,5.71,0,0,0,0,0,0,0,0,5.71,0,0,2.86,2.86,0,0,0,0,0,0,0,0,0,0,0,0,2.86,0,2.86,0,0,0,0,2.86,2.86,0,0,2.86,0,0,0,0,0,5.71,0,0,0,0,0,0,25.71,8.57,0,5.71,0,11.43,0,0
2766,buyer,1,34,29.85,1,46.57,1.85,17,20.59,91.18,79.41,61.76,20.59,14.71,11.76,0,2.94,0,0,5.88,14.71,11.76,0,11.76,14.71,0,8.82,2.94,20.59,11.76,2.94,8.82,0,2.94,5.88,20.59,0,14.71,2.94,0,5.88,2.94,0,5.88,0,2.94,0,2.94,2.94,0,2.94,0,0,0,0,8.82,5.88,5.88,5.88,0,0,0,2.94,0,0,0,0,0,0,0,0,8.82,0,0,5.88,2.94,0,0,0,0,0,0,0,0,0,0,0,0,2.94,0,2.94,0,0,0,0,0,2.94,0,0,2.94,0,0,0,0,0,5.88,0,0,0,0,0,0,20.59,8.82,0,2.94,0,8.82,0,0
2766,buyer,1,30,30.37,1,63.35,20.23,30,20,96.67,76.67,56.67,16.67,13.33,13.33,0,0,0,0,3.33,13.33,10,0,10,13.33,0,10,3.33,20,13.33,3.33,10,0,3.33,6.67,20,0,16.67,3.33,0,6.67,3.33,0,6.67,0,6.67,3.33,3.33,3.33,0,3.33,0,0,0,0,6.67,6.67,6.67,6.67,0,0,0,0,0,0,0,0,0,0,0,0,13.33,0,0,10,3.33,0,0,0,0,0,0,0,0,0,0,0,0,6.67,0,3.33,0,0,0,0,0,3.33,0,0,3.33,0,0,0,0,0,3.33,0,0,0,0,0,0,16.67,10,0,0,0,6.67,0,0
2766,seller,1,41,6.47,99,14.11,89.58,20.5,12.2,90.24,73.17,58.54,19.51,17.07,2.44,4.88,9.76,0,0,2.44,14.63,7.32,2.44,2.44,14.63,4.88,7.32,0,21.95,7.32,7.32,4.88,4.88,0,0,36.59,2.44,26.83,12.2,4.88,9.76,2.44,0,2.44,0,14.63,9.76,4.88,7.32,4.88,2.44,0,0,0,0,21.95,7.32,4.88,4.88,0,0,4.88,14.63,0,0,0,0,0,0,0,0,4.88,0,0,4.88,0,0,0,0,0,0,0,0,0,0,0,0,0,0,0,0,0,0,0,0,9.76,2.44,0,0,0,2.44,0,0,4.88,0,9.76,0,0,0,0,0,0,4.88,0,2.44,2.44,0,0,0,0
2766,seller,1,63,5.14,82.74,10.18,97.05,21,14.29,92.06,77.78,63.49,19.05,14.29,6.35,3.17,4.76,0,0,4.76,14.29,7.94,1.59,6.35,17.46,3.17,11.11,1.59,22.22,11.11,6.35,6.35,3.17,1.59,1.59,33.33,3.17,23.81,7.94,1.59,9.52,1.59,1.59,1.59,0,12.7,9.52,3.17,4.76,3.17,1.59,0,0,0,0,14.29,4.76,4.76,3.17,0,0,1.59,9.52,0,0,0,0,0,0,0,0,6.35,0,0,4.76,1.59,0,0,0,0,0,0,0,0,0,0,0,0,0,0,1.59,0,0,0,0,4.76,4.76,0,0,3.17,1.59,0,0,1.59,0,11.11,0,0,0,0,0,0,4.76,1.59,1.59,1.59,0,0,0,0
2766,seller,1,76,9.05,82.58,18.39,61.63,38,19.74,89.47,65.79,52.63,15.79,11.84,3.95,2.63,2.63,0,2.63,3.95,13.16,6.58,1.32,5.26,15.79,1.32,10.53,2.63,19.74,10.53,5.26,7.89,2.63,1.32,3.95,30.26,1.32,21.05,7.89,0,6.58,1.32,1.32,2.63,0,7.89,5.26,2.63,2.63,1.32,1.32,0,0,0,0,15.79,3.95,3.95,3.95,0,0,0,11.84,0,0,0,0,0,0,0,0,15.79,0,0,6.58,9.21,0,0,0,0,0,0,0,0,0,0,0,0,5.26,0,2.63,0,0,0,0,6.58,5.26,0,0,3.95,1.32,0,0,1.32,2.63,9.21,0,0,0,0,0,0,10.53,2.63,5.26,0,0,1.32,1.32,0
2773,buyer,1,36,19.76,1,77.17,20.23,9,19.44,100,75,63.89,22.22,19.44,16.67,2.78,0,0,0,2.78,22.22,13.89,0,2.78,8.33,5.56,5.56,2.78,13.89,5.56,0,5.56,2.78,0,2.78,38.89,5.56,25,0,0,8.33,2.78,0,13.89,0,5.56,2.78,2.78,2.78,0,2.78,0,0,0,0,11.11,8.33,2.78,2.78,0,0,0,2.78,0,0,0,0,0,0,0,0,11.11,0,0,5.56,5.56,0,0,0,0,0,0,0,0,0,0,2.78,0,2.78,0,0,0,0,0,0,5.56,0,0,0,0,0,0,0,0,8.33,5.56,0,2.78,0,2.78,0,0,11.11,8.33,0,2.78,0,0,0,0
2773,buyer,1,33,14.87,1,71.27,20.23,8.25,15.15,96.97,78.79,63.64,21.21,18.18,15.15,3.03,0,0,0,3.03,24.24,9.09,0,6.06,9.09,6.06,9.09,0,18.18,6.06,0,6.06,3.03,0,3.03,33.33,0,30.3,3.03,0,9.09,9.09,0,12.12,0,6.06,3.03,3.03,6.06,3.03,3.03,0,0,0,0,9.09,6.06,3.03,3.03,0,0,0,3.03,0,0,0,0,0,0,0,0,6.06,0,0,3.03,3.03,0,0,0,0,0,0,0,0,0,0,3.03,0,0,0,0,0,0,0,0,9.09,0,0,0,0,0,0,0,0,0,9.09,0,3.03,0,3.03,0,0,9.09,6.06,0,3.03,0,0,0,0
2773,buyer,1,41,21.81,40.06,42.46,58.42,13.67,21.95,90.24,56.1,46.34,14.63,12.2,4.88,2.44,0,0,4.88,2.44,19.51,2.44,0,4.88,9.76,2.44,4.88,2.44,17.07,2.44,0,9.76,2.44,0,7.32,34.15,2.44,21.95,7.32,0,2.44,7.32,0,7.32,0,2.44,2.44,0,2.44,2.44,0,0,0,0,0,21.95,9.76,7.32,7.32,0,0,0,12.2,0,0,0,0,0,0,0,0,19.51,0,0,4.88,14.63,0,0,0,0,0,0,0,0,0,0,0,0,9.76,0,0,0,0,0,0,12.2,0,0,0,0,0,0,0,0,4.88,7.32,0,2.44,0,2.44,0,0,19.51,4.88,9.76,2.44,0,0,2.44,0
2773,seller,1,47,24.81,91.15,1,1,47,19.15,97.87,76.6,65.96,14.89,14.89,4.26,0,10.64,0,0,0,17.02,8.51,4.26,10.64,8.51,8.51,8.51,4.26,14.89,2.13,4.26,4.26,2.13,0,2.13,29.79,6.38,19.15,2.13,2.13,8.51,6.38,0,4.26,0,4.26,0,4.26,0,0,0,0,0,0,0,21.28,8.51,2.13,0,0,2.13,4.26,12.77,0,2.13,0,0,0,0,0,0,8.51,0,0,2.13,6.38,0,0,0,0,0,0,0,0,0,0,0,0,2.13,0,0,0,0,0,0,10.64,0,0,0,0,0,0,0,2.13,0,6.38,0,2.13,2.13,0,0,0,6.38,0,4.26,0,0,2.13,0,0
2773,seller,1,38,12.74,70.59,1,,38,15.79,97.37,76.32,68.42,15.79,15.79,5.26,0,10.53,0,0,0,18.42,7.89,2.63,10.53,10.53,7.89,7.89,7.89,18.42,0,2.63,2.63,2.63,0,0,31.58,10.53,18.42,0,2.63,7.89,5.26,0,5.26,0,0,0,0,0,0,0,0,0,0,0,18.42,5.26,2.63,0,0,0,2.63,13.16,0,2.63,0,0,0,0,0,0,10.53,0,0,2.63,7.89,0,0,0,0,0,0,0,0,0,0,0,0,2.63,0,0,0,0,0,0,13.16,0,0,0,0,0,0,0,0,0,7.89,0,0,0,0,0,0,5.26,0,2.63,0,0,2.63,0,0
2773,seller,1,27,33.38,62.05,1,77.5,27,14.81,100,74.07,62.96,11.11,11.11,3.7,0,7.41,0,0,0,22.22,7.41,3.7,11.11,7.41,7.41,7.41,7.41,18.52,0,3.7,3.7,3.7,0,0,25.93,7.41,18.52,0,0,7.41,7.41,0,3.7,0,3.7,3.7,0,0,0,0,0,0,0,0,14.81,3.7,3.7,0,0,0,3.7,11.11,0,3.7,0,0,0,0,0,0,14.81,0,0,7.41,7.41,0,0,0,0,0,0,0,0,0,0,0,0,7.41,0,0,0,0,0,0,18.52,0,0,0,0,0,0,0,0,0,3.7,0,0,0,0,0,0,3.7,0,3.7,0,0,0,0,0
2774,buyer,1,25,1,1.98,85.71,1,25,16,88,72,60,28,24,20,0,4,0,0,4,12,4,4,4,16,4,8,0,20,12,8,0,0,0,0,20,0,12,4,0,8,0,0,0,0,4,0,4,4,0,4,0,0,0,0,4,0,0,0,0,0,0,4,0,0,0,0,0,0,0,0,8,0,0,4,4,0,0,0,0,0,0,0,0,0,0,8,0,8,0,4,0,0,0,0,8,4,0,0,4,0,0,0,4,0,4,4,0,0,0,0,0,4,0,0,0,0,4,0,0
2774,buyer,1,24,1.39,40.06,68.87,1,24,16.67,87.5,75,62.5,25,20.83,12.5,0,8.33,0,0,4.17,16.67,4.17,8.33,4.17,12.5,4.17,8.33,4.17,20.83,12.5,8.33,0,0,0,0,25,4.17,12.5,4.17,0,4.17,0,0,0,0,4.17,0,4.17,4.17,0,4.17,0,0,0,0,8.33,0,0,0,0,0,0,8.33,0,0,0,0,0,0,0,0,4.17,0,0,4.17,0,0,0,0,0,0,0,0,0,0,0,4.17,0,4.17,0,0,0,0,0,0,12.5,0,0,0,0,0,0,0,8.33,0,4.17,4.17,0,0,0,0,0,4.17,0,0,0,0,4.17,0,0
2774,buyer,1,32,1.1,4.83,99,1,32,12.5,93.75,81.25,59.38,25,25,18.75,0,6.25,0,0,0,15.63,3.13,6.25,6.25,12.5,6.25,9.38,3.13,21.88,15.63,9.38,0,0,0,0,25,6.25,12.5,6.25,0,3.13,0,0,0,0,6.25,0,6.25,6.25,0,6.25,0,0,0,0,6.25,0,0,0,0,0,0,6.25,0,0,0,0,0,0,0,0,9.38,0,0,6.25,3.13,0,0,0,0,0,0,0,0,0,0,3.13,0,6.25,0,3.13,0,0,0,0,15.63,6.25,0,0,6.25,0,0,0,6.25,0,0,6.25,3.13,0,3.13,0,0,12.5,0,3.13,3.13,0,6.25,0,0
2774,buyer,1,23,1,5.93,99,1,11.5,8.7,100,86.96,60.87,21.74,17.39,13.04,0,4.35,0,0,4.35,21.74,4.35,4.35,4.35,17.39,8.7,8.7,4.35,30.43,13.04,8.7,0,0,0,0,30.43,8.7,8.7,4.35,0,0,0,0,0,0,4.35,0,4.35,4.35,0,4.35,0,0,0,0,4.35,0,0,0,0,0,0,4.35,0,0,0,0,0,0,0,0,8.7,0,0,4.35,4.35,0,0,0,0,0,0,0,0,0,0,0,0,8.7,0,4.35,0,0,0,0,21.74,8.7,0,0,8.7,0,0,0,8.7,0,0,8.7,4.35,0,4.35,0,0,17.39,0,4.35,8.7,0,4.35,0,0
2774,buyer,1,26,1.3,2.37,99,1,8.67,7.69,100,88.46,61.54,23.08,19.23,15.38,0,3.85,0,0,3.85,15.38,3.85,0,11.54,19.23,7.69,7.69,3.85,34.62,7.69,3.85,0,0,0,0,30.77,7.69,7.69,3.85,0,0,0,0,0,0,7.69,0,7.69,7.69,0,7.69,3.85,0,0,0,3.85,0,0,0,0,0,0,3.85,0,0,0,0,0,0,0,0,7.69,0,0,3.85,3.85,0,0,0,0,0,0,0,0,0,0,0,0,7.69,0,3.85,0,0,0,0,15.38,11.54,0,0,7.69,0,3.85,0,7.69,0,3.85,11.54,3.85,0,3.85,0,0,19.23,0,3.85,7.69,0,7.69,0,0
2774,buyer,1,20,3.8,89.5,28.56,20.23,10,5,100,90,60,25,15,5,0,10,0,0,10,10,0,0,15,15,5,5,5,40,5,0,5,0,5,0,40,5,15,0,5,5,0,0,0,0,10,5,5,5,0,5,5,0,0,0,20,10,10,10,0,0,5,10,0,0,0,0,0,0,0,0,0,0,0,0,0,0,0,0,0,0,0,0,0,0,0,0,0,0,0,0,0,0,0,0,10,5,0,0,0,0,5,0,15,0,5,10,0,0,0,0,0,10,0,0,5,0,5,0,0
2774,buyer,1,18,49.68,92.24,10.18,93.93,18,5.56,100,77.78,44.44,22.22,16.67,5.56,0,11.11,0,0,5.56,5.56,0,0,16.67,5.56,0,0,5.56,33.33,5.56,0,5.56,0,5.56,0,33.33,5.56,16.67,0,5.56,5.56,0,0,0,0,16.67,11.11,5.56,5.56,0,5.56,5.56,0,0,0,22.22,11.11,11.11,11.11,0,0,5.56,11.11,0,0,0,0,0,0,0,0,5.56,0,0,5.56,0,0,0,0,0,0,0,0,0,0,0,0,0,5.56,0,0,0,0,0,0,11.11,5.56,0,0,0,0,5.56,0,11.11,0,5.56,5.56,0,0,0,0,0,5.56,0,0,0,0,5.56,0,0
2774,seller,1,46,28.85,76.75,44.75,20.23,23,13.04,95.65,84.78,67.39,21.74,19.57,6.52,2.17,8.7,0,2.17,2.17,21.74,10.87,0,10.87,10.87,4.35,6.52,2.17,19.57,13.04,2.17,4.35,2.17,0,2.17,26.09,2.17,21.74,2.17,2.17,6.52,4.35,0,8.7,0,4.35,2.17,2.17,2.17,0,2.17,0,0,0,0,19.57,6.52,2.17,2.17,0,0,2.17,13.04,0,0,0,0,0,0,0,0,0,0,0,0,0,0,0,0,0,0,0,0,0,0,0,0,0,2.17,0,2.17,0,0,0,0,4.35,6.52,0,2.17,4.35,0,0,0,0,2.17,8.7,0,0,0,0,0,0,6.52,2.17,2.17,2.17,0,0,0,0
2774,seller,1,43,37.02,87.48,22.48,20.23,21.5,13.95,93.02,86.05,67.44,18.6,18.6,6.98,2.33,9.3,0,0,0,16.28,13.95,0,11.63,11.63,6.98,9.3,0,20.93,11.63,2.33,4.65,2.33,0,2.33,16.28,0,16.28,0,2.33,4.65,4.65,0,6.98,0,4.65,2.33,2.33,2.33,0,2.33,0,0,0,0,18.6,6.98,2.33,2.33,0,0,2.33,11.63,0,0,0,0,0,0,0,0,0,0,0,0,0,0,0,0,0,0,0,0,0,0,0,0,0,2.33,0,2.33,0,0,0,0,4.65,4.65,0,2.33,2.33,0,0,0,0,2.33,4.65,0,0,0,0,0,0,6.98,2.33,2.33,2.33,0,0,0,0
2774,seller,1,28,35.59,91.33,24.32,75.77,9.33,14.29,92.86,85.71,67.86,14.29,14.29,3.57,3.57,7.14,0,0,0,21.43,17.86,0,7.14,14.29,7.14,10.71,0,21.43,14.29,3.57,7.14,3.57,0,3.57,10.71,0,10.71,0,0,3.57,3.57,0,7.14,0,3.57,3.57,0,0,0,0,0,0,0,0,17.86,7.14,3.57,3.57,0,0,0,10.71,0,0,0,0,0,0,0,0,0,0,0,0,0,0,0,0,0,0,0,0,0,0,0,0,0,3.57,0,3.57,0,0,0,0,7.14,7.14,0,3.57,3.57,0,0,0,0,0,3.57,0,0,0,0,0,0,10.71,3.57,3.57,3.57,0,0,0,0
2774,seller,1,18,49.68,99,1.17,,9,22.22,88.89,83.33,66.67,11.11,11.11,0,5.56,5.56,0,0,0,16.67,16.67,0,16.67,11.11,11.11,16.67,0,16.67,11.11,0,5.56,5.56,0,0,11.11,0,5.56,0,0,0,5.56,0,0,0,0,0,0,0,0,0,0,0,0,0,16.67,5.56,0,0,0,0,0,11.11,0,0,0,0,0,0,0,0,0,0,0,0,0,0,0,0,0,0,0,0,0,0,0,0,0,5.56,0,0,0,0,0,0,11.11,0,0,0,0,0,0,0,5.56,0,0,5.56,0,0,0,0,0,5.56,0,0,5.56,0,0,0,0
2774,seller,1,23,72.44,99,92.58,99,11.5,13.04,95.65,73.91,56.52,13.04,13.04,0,0,13.04,0,0,0,21.74,13.04,0,17.39,4.35,8.7,13.04,0,13.04,13.04,4.35,0,0,0,0,13.04,0,4.35,0,0,0,4.35,0,0,0,21.74,21.74,0,0,0,0,0,0,0,0,39.13,26.09,4.35,21.74,0,0,4.35,13.04,0,0,0,0,0,0,0,0,0,0,0,0,0,0,0,0,0,0,0,0,0,0,0,0,0,4.35,0,0,0,0,0,0,8.7,0,0,0,0,0,0,0,26.09,0,0,4.35,0,0,0,0,0,8.7,8.7,0,0,0,0,0,0
2774,seller,1,36,19.76,99,77.17,99,12,19.44,91.67,52.78,41.67,11.11,11.11,0,0,5.56,0,5.56,0,16.67,2.78,0,8.33,8.33,5.56,11.11,2.78,16.67,5.56,2.78,5.56,0,0,5.56,25,2.78,8.33,5.56,0,0,2.78,0,0,0,13.89,13.89,0,0,0,0,0,0,0,0,36.11,19.44,8.33,19.44,0,0,2.78,16.67,0,0,0,0,0,0,0,0,22.22,0,0,5.56,16.67,0,0,0,0,0,0,0,0,0,0,0,0,11.11,0,0,0,0,0,0,13.89,0,0,0,0,0,0,0,16.67,5.56,2.78,2.78,0,0,0,0,0,22.22,8.33,11.11,0,0,0,2.78,0
2776,buyer,1,36,26.1,25.13,39.59,1,36,16.67,94.44,75,61.11,19.44,16.67,11.11,0,5.56,0,0,2.78,19.44,13.89,2.78,5.56,8.33,8.33,8.33,0,13.89,8.33,2.78,0,0,0,0,30.56,0,11.11,0,0,8.33,0,5.56,2.78,0,8.33,0,8.33,0,0,0,0,0,0,0,13.89,8.33,0,0,0,5.56,2.78,5.56,0,0,0,0,0,0,0,0,5.56,0,0,2.78,2.78,0,0,0,0,0,0,0,0,0,0,0,0,2.78,0,0,0,0,0,0,0,5.56,0,0,5.56,0,0,0,5.56,19.44,0,0,0,0,0,0,0,2.78,0,2.78,0,0,0,0,0
2776,buyer,1,36,10.19,72.07,39.59,1,36,16.67,94.44,80.56,63.89,19.44,16.67,8.33,0,8.33,0,0,2.78,19.44,13.89,2.78,2.78,11.11,8.33,11.11,0,19.44,5.56,2.78,0,0,0,0,30.56,2.78,11.11,0,0,8.33,0,5.56,2.78,0,5.56,0,5.56,0,0,0,0,0,0,0,11.11,2.78,0,0,0,2.78,0,8.33,0,0,0,0,0,0,0,0,2.78,0,0,2.78,0,0,0,0,0,0,0,0,0,0,0,0,0,0,0,0,0,0,0,0,2.78,8.33,0,2.78,5.56,0,0,0,5.56,16.67,2.78,2.78,2.78,0,2.78,0,0,2.78,0,2.78,0,0,0,0,0
2776,buyer,1,44,9.2,86.82,66.42,20.23,22,13.64,93.18,77.27,63.64,18.18,15.91,6.82,0,9.09,0,0,2.27,20.45,11.36,2.27,4.55,11.36,9.09,11.36,0,20.45,4.55,4.55,0,0,0,0,31.82,2.27,11.36,2.27,0,6.82,0,4.55,2.27,0,4.55,2.27,2.27,0,0,0,0,0,0,0,11.36,2.27,2.27,2.27,0,0,2.27,9.09,0,0,0,0,0,0,0,0,0,0,0,0,0,0,0,0,0,0,0,0,0,0,0,0,0,0,0,0,0,0,0,0,6.82,9.09,0,2.27,6.82,0,0,0,6.82,11.36,4.55,4.55,2.27,0,2.27,0,0,6.82,4.55,2.27,0,0,0,0,0
2776,buyer,1,42,29.12,97.11,84.92,57.46,8.4,11.9,90.48,78.57,59.52,21.43,21.43,9.52,0,11.9,0,0,0,16.67,9.52,0,9.52,7.14,4.76,9.52,0,21.43,7.14,4.76,2.38,0,0,2.38,16.67,2.38,4.76,4.76,0,0,0,0,0,0,7.14,4.76,2.38,2.38,0,2.38,0,0,0,0,21.43,9.52,7.14,7.14,0,0,7.14,11.9,0,0,0,0,0,0,0,0,2.38,0,0,2.38,0,0,0,0,0,0,0,0,0,0,0,0,0,0,0,0,0,0,0,0,11.9,4.76,0,2.38,2.38,0,0,0,4.76,0,4.76,4.76,2.38,0,2.38,0,0,11.9,9.52,2.38,0,0,0,0,0
2776,buyer,1,34,29.85,97.48,83.69,95.42,6.8,11.76,91.18,70.59,55.88,20.59,20.59,8.82,0,11.76,0,0,0,14.71,5.88,0,11.76,5.88,5.88,8.82,0,17.65,8.82,5.88,2.94,0,0,2.94,14.71,0,5.88,5.88,0,0,0,0,0,0,11.76,8.82,2.94,2.94,0,2.94,0,0,0,0,23.53,11.76,8.82,8.82,0,0,8.82,11.76,0,0,0,0,0,0,0,0,5.88,0,0,5.88,0,0,0,0,0,0,0,0,0,0,0,0,0,2.94,0,0,0,0,0,0,11.76,2.94,0,0,2.94,0,0,0,5.88,0,2.94,2.94,0,0,0,0,0,11.76,11.76,0,0,0,0,0,0
2776,seller,1,41,21.81,54.61,42.46,,20.5,14.63,92.68,75.61,65.85,21.95,14.63,2.44,2.44,9.76,0,0,7.32,19.51,12.2,0,7.32,12.2,0,2.44,9.76,21.95,0,0,4.88,2.44,0,2.44,41.46,9.76,19.51,4.88,0,4.88,0,2.44,9.76,0,0,0,0,0,0,0,0,0,0,0,17.07,4.88,2.44,2.44,0,0,0,12.2,0,0,0,0,0,0,0,0,7.32,0,0,0,7.32,0,0,0,0,0,0,0,0,0,0,0,2.44,4.88,0,0,0,0,0,0,0,4.88,2.44,2.44,0,0,0,0,2.44,9.76,4.88,2.44,0,0,0,0,0,7.32,0,2.44,4.88,0,0,0,0
2776,seller,1,55,29.57,86.82,16.38,,13.75,18.18,92.73,78.18,63.64,21.82,16.36,3.64,1.82,10.91,0,0,5.45,18.18,10.91,0,9.09,10.91,1.82,3.64,5.45,23.64,1.82,0,3.64,1.82,0,1.82,36.36,7.27,18.18,3.64,0,7.27,0,1.82,7.27,0,0,0,0,0,0,0,0,0,0,0,16.36,3.64,1.82,1.82,0,0,1.82,12.73,0,0,0,0,0,0,0,0,5.45,0,0,0,5.45,0,0,0,0,0,0,0,0,0,0,1.82,1.82,7.27,0,0,0,0,0,0,3.64,5.45,1.82,1.82,0,1.82,0,0,3.64,7.27,5.45,3.64,0,0,0,0,0,10.91,3.64,3.64,3.64,0,0,0,0
2776,seller,1,64,10.91,87.7,15.38,6.65,12.8,14.06,92.19,76.56,65.63,25,18.75,7.81,1.56,9.38,0,0,6.25,18.75,9.38,0,7.81,15.63,3.13,4.69,1.56,23.44,3.13,0,3.13,1.56,0,1.56,26.56,3.13,15.63,4.69,0,7.81,0,1.56,3.13,0,1.56,0,1.56,1.56,0,1.56,0,0,0,0,15.63,4.69,1.56,1.56,0,0,3.13,10.94,0,0,0,0,0,0,0,0,4.69,0,0,1.56,3.13,0,0,0,0,0,0,0,0,0,0,1.56,0,4.69,0,0,0,0,0,0,6.25,4.69,0,0,3.13,1.56,0,0,1.56,1.56,9.38,1.56,0,0,0,0,0,10.94,4.69,3.13,3.13,0,0,0,0
2776,seller,1,69,12.27,93.24,11.82,7.29,13.8,18.84,89.86,65.22,53.62,18.84,15.94,5.8,1.45,5.8,0,2.9,2.9,14.49,5.8,0,5.8,14.49,2.9,5.8,1.45,23.19,2.9,0,4.35,1.45,0,2.9,23.19,1.45,13.04,5.8,0,5.8,0,0,1.45,0,1.45,0,1.45,1.45,0,1.45,0,0,0,0,18.84,5.8,2.9,2.9,0,0,2.9,13.04,0,0,0,0,0,0,0,0,14.49,0,0,4.35,10.14,0,0,0,0,0,0,0,0,0,0,1.45,0,8.7,0,0,0,0,0,0,11.59,4.35,0,0,2.9,1.45,0,0,1.45,2.9,7.25,1.45,0,0,0,0,0,15.94,5.8,7.25,1.45,0,0,1.45,0
2778,buyer,1,106,51.58,3.51,5.76,97.68,11.78,18.87,81.13,61.32,54.72,18.87,11.32,9.43,0,1.89,0,0,7.55,15.09,12.26,0,10.38,10.38,3.77,3.77,1.89,14.15,1.89,0,2.83,0,0.94,1.89,26.42,0,14.15,0,0.94,5.66,0,2.83,3.77,0,8.49,7.55,0.94,4.72,3.77,0.94,0,0,0.94,0,10.38,7.55,1.89,5.66,0,0,4.72,2.83,0,0,0,0,0.94,0,0,0.94,3.77,0,0,1.89,2.83,0,0,0,0,0,0,0,0,0,0,0,3.77,3.77,0,0,0,0,0,0,4.72,3.77,0,0,1.89,1.89,0,0,0,8.49,4.72,0,0.94,0.94,0,0,0,15.09,6.6,2.83,1.89,0,3.77,0,0
2778,buyer,1,92,47.48,8.12,2.85,93.28,11.5,18.48,81.52,63.04,57.61,19.57,10.87,8.7,0,2.17,0,0,8.7,16.3,11.96,0,10.87,10.87,5.43,3.26,1.09,14.13,2.17,1.09,3.26,0,1.09,2.17,26.09,0,15.22,0,1.09,6.52,0,3.26,3.26,0,7.61,6.52,1.09,5.43,4.35,1.09,0,0,1.09,0,8.7,5.43,1.09,4.35,0,0,2.17,3.26,0,0,0,0,0,0,0,0,4.35,0,0,2.17,3.26,0,0,0,0,0,0,0,0,0,0,0,4.35,3.26,0,0,0,0,0,0,4.35,4.35,0,0,2.17,2.17,0,0,0,7.61,4.35,0,1.09,1.09,0,0,0,15.22,6.52,2.17,2.17,0,4.35,0,0
2778,buyer,1,89,59.21,22.39,7.32,55.18,11.13,15.73,86.52,70.79,62.92,19.1,12.36,8.99,0,3.37,0,0,6.74,15.73,12.36,0,13.48,11.24,5.62,2.25,1.12,15.73,3.37,1.12,3.37,0,1.12,2.25,22.47,0,12.36,1.12,1.12,4.49,0,3.37,1.12,0,6.74,4.49,2.25,4.49,2.25,2.25,0,0,1.12,0,10.11,5.62,3.37,4.49,0,0,1.12,4.49,0,0,0,0,0,0,0,0,5.62,0,0,2.25,4.49,0,0,0,0,0,0,0,0,0,0,0,2.25,3.37,0,0,0,0,0,0,5.62,5.62,0,0,3.37,2.25,0,0,0,5.62,5.62,0,1.12,1.12,0,0,0,13.48,6.74,1.12,2.25,0,3.37,0,0
2778,buyer,1,46,72.44,1.4,60.36,84.9,9.2,13.04,89.13,71.74,65.22,17.39,15.22,13.04,0,2.17,0,0,2.17,15.22,13.04,0,15.22,8.7,6.52,2.17,2.17,13.04,4.35,2.17,4.35,0,0,4.35,19.57,0,10.87,2.17,0,4.35,0,2.17,2.17,0,8.7,6.52,2.17,6.52,4.35,2.17,0,0,0,0,10.87,8.7,6.52,8.7,0,0,0,2.17,0,0,0,0,0,0,0,0,6.52,0,0,0,6.52,0,0,0,0,0,0,0,0,0,0,0,4.35,2.17,0,0,0,0,0,0,2.17,6.52,0,2.17,4.35,0,0,0,0,4.35,4.35,0,0,0,0,0,0,15.22,10.87,2.17,0,0,2.17,0,0
2778,seller,1,56,9.41,79.51,1.04,47.3,56,14.29,89.29,76.79,67.86,25,12.5,1.79,7.14,3.57,0,0,12.5,16.07,8.93,0,12.5,14.29,1.79,7.14,7.14,19.64,3.57,0,7.14,7.14,0,0,28.57,0,8.93,0,0,1.79,0,3.57,5.36,0,1.79,1.79,0,0,0,0,0,0,0,0,17.86,7.14,0,1.79,0,0,5.36,10.71,0,0,0,0,3.57,0,0,3.57,3.57,0,0,0,3.57,0,0,0,0,0,0,0,0,0,0,0,0,1.79,0,0,0,0,0,0,1.79,0,0,0,0,0,0,0,0,12.5,8.93,0,0,0,0,0,0,3.57,0,1.79,0,0,1.79,0,0
2778,seller,1,53,2.94,51.31,2.78,,53,11.32,88.68,83.02,71.7,28.3,11.32,1.89,5.66,3.77,0,0,16.98,15.09,7.55,0,11.32,16.98,1.89,5.66,7.55,24.53,3.77,0,5.66,5.66,0,0,30.19,0,9.43,0,0,1.89,1.89,1.89,7.55,0,0,0,0,0,0,0,0,0,0,0,15.09,5.66,0,0,0,0,3.77,9.43,0,0,0,0,1.89,0,0,1.89,3.77,0,0,0,3.77,0,0,0,0,0,0,0,0,0,0,0,0,1.89,0,0,0,0,0,0,3.77,0,0,0,0,0,0,0,0,13.21,7.55,1.89,1.89,1.89,0,0,0,3.77,0,1.89,0,0,1.89,0,0
2778,seller,1,38,1,70.59,3.19,,38,10.53,94.74,92.11,78.95,28.95,15.79,2.63,7.89,5.26,0,0,13.16,10.53,5.26,0,10.53,23.68,5.26,5.26,10.53,34.21,2.63,0,7.89,7.89,0,0,34.21,2.63,10.53,0,0,5.26,2.63,0,7.89,0,0,0,0,0,0,0,0,0,0,0,18.42,5.26,0,0,0,0,2.63,13.16,0,0,0,0,0,0,0,0,5.26,0,0,0,5.26,0,0,0,0,0,0,0,0,0,0,0,0,2.63,0,0,0,0,0,0,5.26,2.63,0,0,2.63,0,0,0,0,10.53,13.16,2.63,2.63,2.63,0,0,0,5.26,0,2.63,0,0,2.63,0,0
2779,buyer,1,55,20.83,21.2,50.45,47.86,18.33,16.36,94.55,72.73,63.64,20,16.36,10.91,0,5.45,0,0,3.64,14.55,7.27,0,10.91,12.73,1.82,7.27,3.64,16.36,5.45,1.82,3.64,0,0,3.64,30.91,3.64,14.55,3.64,3.64,1.82,0,0,1.82,0,9.09,5.45,3.64,3.64,1.82,1.82,0,0,0,0,12.73,5.45,1.82,3.64,0,1.82,1.82,7.27,0,0,0,0,0,0,0,0,5.45,0,0,3.64,3.64,0,0,0,0,0,0,0,0,0,0,1.82,0,3.64,0,0,0,0,0,0,10.91,3.64,0,0,3.64,0,0,0,0,5.45,5.45,1.82,0,0,0,0,0,10.91,5.45,5.45,0,0,0,0,0
2779,buyer,1,43,8.25,87.48,69.5,87.73,14.33,23.26,97.67,74.42,62.79,20.93,11.63,4.65,0,6.98,0,0,9.3,16.28,4.65,0,9.3,16.28,4.65,4.65,2.33,23.26,4.65,2.33,2.33,0,0,2.33,37.21,4.65,18.6,6.98,4.65,0,2.33,0,2.33,0,4.65,4.65,0,2.33,2.33,0,0,0,0,0,13.95,2.33,0,0,0,0,2.33,11.63,0,0,0,0,0,0,0,0,6.98,0,0,2.33,6.98,0,0,0,0,0,0,0,0,0,0,0,0,4.65,0,0,0,0,0,0,13.95,6.98,0,2.33,4.65,0,0,0,0,2.33,13.95,0,0,0,0,0,0,13.95,4.65,6.98,2.33,0,0,0,0
2779,buyer,1,52,8.56,51.52,81.58,94.96,17.33,23.08,94.23,71.15,57.69,25,19.23,11.54,0,7.69,0,0,5.77,9.62,3.85,0,9.62,11.54,3.85,7.69,0,19.23,5.77,0,0,0,0,0,28.85,0,19.23,7.69,3.85,1.92,1.92,0,3.85,0,9.62,7.69,1.92,5.77,3.85,1.92,0,0,0,0,13.46,3.85,1.92,1.92,0,0,1.92,9.62,0,0,0,0,0,0,0,0,7.69,0,0,1.92,5.77,0,0,0,0,0,0,0,0,0,0,1.92,0,7.69,0,0,0,0,0,0,15.38,1.92,0,1.92,0,0,0,0,0,1.92,9.62,0,0,0,0,0,0,13.46,3.85,7.69,1.92,0,0,0,0
2779,buyer,1,50,23.71,29.01,92.35,50.98,16.67,18,94,76,54,24,18,12,0,6,0,0,6,8,4,0,12,6,6,6,0,20,8,0,0,0,0,0,26,0,18,8,2,4,2,0,4,0,10,6,4,6,2,4,0,0,0,0,14,6,4,4,0,0,2,8,0,0,0,0,0,0,0,0,8,0,0,4,4,0,0,0,0,0,0,0,0,0,0,4,0,4,0,0,0,0,0,0,14,6,0,4,0,2,0,0,2,2,10,0,0,0,0,0,0,14,4,8,2,0,0,0,0
2779,buyer,1,68,13.87,1.3,89.39,66.58,17,13.24,89.71,75,54.41,25,19.12,16.18,0,2.94,0,0,5.88,8.82,5.88,0,7.35,5.88,7.35,5.88,0,16.18,8.82,0,0,0,0,0,26.47,0,16.18,4.41,2.94,2.94,0,1.47,4.41,0,11.76,7.35,4.41,7.35,4.41,2.94,0,0,0,0,8.82,4.41,2.94,2.94,0,1.47,0,4.41,1.47,0,0,1.47,0,0,0,0,4.41,0,0,2.94,1.47,0,0,0,0,0,0,0,0,0,0,2.94,0,4.41,0,0,0,0,0,0,13.24,4.41,0,1.47,0,2.94,0,0,1.47,4.41,5.88,1.47,1.47,0,0,1.47,0,14.71,4.41,8.82,1.47,0,0,0,0
2779,buyer,1,70,12.97,1,91.58,20.23,17.5,14.29,91.43,78.57,57.14,25.71,17.14,14.29,0,2.86,0,0,8.57,8.57,7.14,0,7.14,8.57,7.14,2.86,1.43,21.43,7.14,0,0,0,0,0,34.29,0,21.43,4.29,2.86,2.86,5.71,1.43,7.14,0,5.71,2.86,2.86,4.29,2.86,1.43,0,0,0,0,8.57,4.29,1.43,1.43,0,1.43,1.43,4.29,1.43,0,0,1.43,0,0,0,0,2.86,0,0,1.43,1.43,0,0,0,0,0,0,0,0,0,0,1.43,0,2.86,0,0,0,0,0,1.43,11.43,4.29,0,1.43,0,2.86,0,0,1.43,7.14,5.71,1.43,1.43,0,0,1.43,0,14.29,2.86,7.14,2.86,0,1.43,0,0
2779,buyer,1,60,8.11,1,89.39,72.45,15,15,91.67,76.67,58.33,26.67,18.33,15,0,3.33,0,0,8.33,8.33,6.67,0,6.67,10,6.67,3.33,1.67,20,6.67,0,0,0,0,0,35,0,21.67,3.33,3.33,1.67,6.67,1.67,8.33,0,6.67,5,1.67,3.33,3.33,0,0,0,0,0,8.33,3.33,0,0,0,1.67,1.67,5,1.67,0,0,1.67,0,0,0,0,3.33,0,0,1.67,1.67,0,0,0,0,0,0,0,0,0,0,0,0,5,0,0,0,0,0,1.67,8.33,1.67,0,0,0,1.67,0,0,0,6.67,5,1.67,1.67,0,0,1.67,0,13.33,1.67,6.67,3.33,0,1.67,0,0
2780,buyer,1,112,14.77,3.12,41.7,11.2,12.44,14.29,93.75,69.64,58.93,23.21,16.96,12.5,0,4.46,0,0,6.25,21.43,7.14,0,8.93,8.93,3.57,6.25,4.46,14.29,5.36,2.68,3.57,0,0.89,2.68,23.21,0.89,12.5,0.89,0.89,1.79,1.79,0.89,3.57,0,8.04,3.57,4.46,0.89,0,0.89,0,0,0,0,12.5,7.14,2.68,5.36,0,0,3.57,5.36,0,0,0,0,3.57,0,0,3.57,9.82,0,0,5.36,5.36,0,0,0,0,0,0,0,0,0,0,0,1.79,3.57,0,0.89,0,0.89,0.89,0,5.36,0.89,0,0,0.89,0,0,0,0.89,2.68,3.57,4.46,0,0,0,0,0,12.5,8.04,2.68,0,0,0.89,0.89,0
2780,buyer,1,129,8.25,1.76,78.57,3.38,14.33,16.28,94.57,75.19,62.02,24.03,18.6,13.18,0,5.43,0,0,5.43,19.38,7.75,0,7.75,9.3,3.88,8.53,4.65,15.5,6.98,2.33,3.1,0,0.78,2.33,24.03,0.78,14.73,3.1,0.78,1.55,2.33,0,6.2,0,8.53,3.1,5.43,3.1,0,3.1,0.78,0,0,0,14.73,7.75,3.88,5.43,0,0,3.88,6.2,0,0,0,0,1.55,0,0,1.55,8.53,0,0,6.2,3.1,0,0,0,0,0,0,0,0,0,0,0.78,0.78,2.33,0,0,0,0,0.78,0,4.65,0.78,0,0,0.78,0,0,0,0.78,1.55,3.1,4.65,0,0,0,0,0,10.08,6.98,1.55,0,0,0.78,0.78,0
2780,buyer,1,136,17.91,4.57,67.28,7.16,15.11,19.85,94.12,75,62.5,22.79,16.91,11.76,0,5.15,0,0,5.88,16.91,8.09,0,11.03,8.09,4.41,9.56,2.94,13.97,6.62,0.74,3.68,0,0.74,2.94,21.32,0,15.44,3.68,0.74,2.21,1.47,0,5.88,0,10.29,4.41,5.88,5.15,1.47,3.68,0.74,0,0,0,16.18,8.82,3.68,5.15,0,0,4.41,5.88,0,0,0,0,0.74,0,0,0.74,7.35,0,0,5.88,2.21,0,0,0,0,0,0,0,0,0,0,1.47,0,0.74,0,0,0,0,0.74,0,2.21,1.47,0,0,1.47,0,0,0,0,1.47,2.21,3.68,0,0,0,0,0,8.82,6.62,1.47,0,0,0,0.74,0
2780,buyer,1,104,36.37,10.31,76.58,33.68,14.86,19.23,96.15,76.92,62.5,20.19,17.31,10.58,0,6.73,0,0,2.88,16.35,9.62,0,12.5,6.73,3.85,9.62,2.88,15.38,6.73,0.96,3.85,0,0.96,2.88,22.12,0,16.35,3.85,0.96,2.88,1.92,0,6.73,0,8.65,4.81,3.85,5.77,1.92,3.85,0.96,0,0,0,20.19,11.54,6.73,6.73,0,0,6.73,6.73,0,0,0,0,0.96,0,0,0.96,5.77,0,0,4.81,0.96,0,0,0,0,0,0,0,0,0,0,1.92,0,0,0,0,0,0,0,0,2.88,1.92,0,0,1.92,0,0,0,1.92,0.96,1.92,2.88,0,0,0,0,0,8.65,6.73,1.92,0,0,0,0,0
2780,buyer,1,58,63.33,78.45,31.84,98.26,11.6,15.52,96.55,72.41,58.62,20.69,17.24,8.62,0,8.62,0,0,3.45,17.24,8.62,0,15.52,3.45,3.45,8.62,0,13.79,5.17,1.72,3.45,0,0,3.45,15.52,0,12.07,1.72,1.72,3.45,1.72,0,1.72,0,10.34,8.62,1.72,5.17,3.45,1.72,0,0,0,0,24.14,13.79,8.62,8.62,0,0,6.9,8.62,0,0,0,0,1.72,0,0,1.72,5.17,0,0,3.45,1.72,0,0,0,0,0,0,0,0,0,0,1.72,0,1.72,0,0,0,0,0,0,3.45,3.45,0,0,3.45,0,0,0,3.45,1.72,0,1.72,0,0,0,0,0,8.62,6.9,1.72,0,0,0,0,0
2780,seller,1,154,15.64,99,50.45,98.65,22,12.99,91.56,74.03,60.39,22.08,16.23,2.6,5.19,8.44,0,0,5.84,14.94,5.84,1.3,11.69,11.69,5.19,6.49,1.95,21.43,4.55,0.65,5.19,5.19,0,0,27.92,0.65,16.88,5.19,0.65,3.9,1.95,1.95,3.25,0,9.74,8.44,1.3,3.9,3.25,0.65,0,0,0,0,22.08,7.79,4.55,0.65,0.65,0,2.6,14.29,0,0,0,0,0.65,0,0,0.65,3.9,0,0,2.6,1.95,0,0.65,0,0,0,0,0,0,0,0,1.95,0,1.3,0,0,0,0,0.65,0,8.44,7.14,0,2.6,5.19,0.65,0.65,0,3.25,5.84,4.55,1.95,0,0,0,0,0,11.04,3.25,4.55,0.65,0,1.95,0.65,0
2780,seller,1,180,27.51,99,35.76,98.77,22.5,15,92.22,72.78,60.56,21.67,16.11,2.22,6.11,7.78,0,0,5.56,16.11,6.67,1.11,12.78,10.56,4.44,5,2.22,19.44,3.89,0.56,7.78,6.11,0,1.67,27.22,0.56,18.33,5.56,0.56,5,1.67,2.22,3.33,0,9.44,8.33,1.11,4.44,3.89,0.56,0,0,0,0,23.33,8.33,4.44,1.67,0.56,0.56,2.22,14.44,0,0,0,0,0,0,0,0,4.44,0,0,2.78,2.22,0,0.56,0,0,0,0,0,0,0,0,1.67,0,1.67,0,0,0,0,0.56,0,7.22,6.67,0,2.22,5,1.11,0,0,2.78,5,3.33,2.78,0,0,0,0,0,9.44,3.89,3.89,0,0,1.11,0.56,0
2780,seller,1,123,50.91,99,42.46,98.92,24.6,19.51,91.87,68.29,60.16,20.33,14.63,0.81,5.69,8.13,0,0,5.69,16.26,6.5,0,16.26,9.76,3.25,3.25,2.44,15.45,2.44,0,8.13,5.69,0,2.44,28.46,0,19.51,7.32,0.81,4.07,1.63,2.44,2.44,0,10.57,8.94,1.63,4.88,4.07,0.81,0,0,0,0,24.39,9.76,5.69,4.07,0.81,0.81,2.44,13.82,0,0,0,0,0,0,0,0,4.88,0,0,2.44,2.44,0,0.81,0,0,0,0,0,0,0,0,0,0,0.81,0,0,0,0,0.81,0,2.44,7.32,0,0.81,6.5,0.81,0,0,3.25,3.25,2.44,4.88,0,0,0,0,0,7.32,3.25,4.07,0,0,0,0,0
2780,seller,1,76,52.34,99,12.73,80.5,25.33,22.37,94.74,63.16,52.63,19.74,15.79,1.32,5.26,6.58,0,2.63,3.95,17.11,5.26,0,13.16,10.53,1.32,1.32,1.32,19.74,1.32,0,11.84,5.26,0,6.58,27.63,0,15.79,7.89,0,3.95,0,1.32,1.32,0,3.95,3.95,0,2.63,2.63,0,0,0,0,0,28.95,10.53,6.58,7.89,0,1.32,1.32,17.11,0,0,0,0,0,0,0,0,15.79,0,0,5.26,10.53,0,0,0,0,0,0,0,0,0,0,0,0,6.58,0,0,0,0,0,0,3.95,5.26,0,0,3.95,1.32,0,0,1.32,6.58,2.63,3.95,0,0,0,0,0,13.16,3.95,7.89,0,0,0,1.32,0
2781,buyer,1,56,7.34,1,98.61,47.3,28,16.07,91.07,78.57,60.71,26.79,16.07,14.29,0,1.79,0,0,10.71,19.64,10.71,0,3.57,7.14,8.93,5.36,1.79,23.21,3.57,0,1.79,0,1.79,0,26.79,0,21.43,7.14,3.57,3.57,5.36,0,3.57,1.79,1.79,1.79,0,0,0,0,0,0,0,0,3.57,1.79,0,1.79,0,0,1.79,1.79,0,0,0,0,0,0,0,0,5.36,0,0,0,5.36,0,0,0,0,0,0,0,0,0,0,0,3.57,3.57,0,0,0,0,0,0,7.14,10.71,0,1.79,7.14,1.79,0,0,0,8.93,3.57,0,0,0,0,0,0,5.36,1.79,0,0,0,3.57,0,0
2781,buyer,1,85,14.37,1,98.77,20.23,21.25,17.65,91.76,81.18,61.18,23.53,16.47,15.29,0,1.18,0,0,7.06,15.29,9.41,0,8.24,9.41,7.06,7.06,1.18,25.88,3.53,0,2.35,0,1.18,1.18,25.88,0,21.18,5.88,2.35,4.71,7.06,0,3.53,1.18,4.71,2.35,2.35,4.71,2.35,2.35,0,2.35,0,0,4.71,3.53,1.18,1.18,2.35,0,0,1.18,0,0,0,0,0,0,0,0,3.53,0,0,0,3.53,0,0,0,0,0,0,0,0,0,0,0,2.35,3.53,0,0,0,0,0,0,5.88,12.94,0,2.35,8.24,2.35,0,0,0,8.24,2.35,1.18,1.18,1.18,0,0,0,8.24,3.53,1.18,0,0,2.35,1.18,0
2781,buyer,1,83,17.44,2.98,86.1,20.23,20.75,20.48,91.57,72.29,53.01,18.07,13.25,10.84,0,0,0,2.41,4.82,14.46,7.23,0,7.23,9.64,7.23,6.02,2.41,26.51,2.41,0,3.61,0,0,3.61,28.92,1.2,19.28,7.23,1.2,3.61,6.02,0,2.41,1.2,4.82,2.41,2.41,4.82,2.41,2.41,0,2.41,0,0,10.84,6.02,3.61,3.61,2.41,0,0,4.82,0,0,0,0,0,0,0,0,12.05,0,0,2.41,9.64,0,0,0,0,0,0,0,0,0,0,0,1.2,7.23,0,0,0,0,0,0,8.43,9.64,0,1.2,6.02,2.41,0,0,0,10.84,2.41,1.2,1.2,1.2,0,0,0,15.66,4.82,6.02,0,0,2.41,2.41,0
2781,seller,1,73,42.14,40.06,82.59,40.28,9.13,17.81,87.67,69.86,57.53,19.18,15.07,5.48,2.74,6.85,0,0,4.11,17.81,12.33,0,9.59,9.59,4.11,4.11,4.11,15.07,6.85,0,5.48,4.11,1.37,0,27.4,0,13.7,1.37,0,1.37,4.11,0,9.59,0,1.37,1.37,0,0,0,0,0,0,0,0,15.07,5.48,2.74,1.37,0,0,2.74,9.59,0,0,0,0,1.37,0,0,1.37,5.48,0,1.37,0,4.11,0,0,0,0,0,0,0,0,0,0,0,1.37,2.74,0,0,0,0,0,0,1.37,6.85,0,4.11,4.11,1.37,0,0,0,5.48,9.59,1.37,0,0,0,0,0,16.44,10.96,4.11,0,0,1.37,0,0
2781,seller,1,95,55.49,90.88,48.36,69.9,10.56,18.95,88.42,69.47,57.89,20,16.84,4.21,3.16,9.47,0,0,3.16,17.89,11.58,1.05,12.63,8.42,3.16,4.21,3.16,13.68,6.32,0,5.26,4.21,1.05,0,25.26,0,13.68,2.11,0,3.16,3.16,0,7.37,0,3.16,3.16,0,2.11,2.11,0,0,0,0,0,18.95,6.32,3.16,1.05,0,0,3.16,12.63,0,0,0,0,1.05,0,0,1.05,7.37,0,1.05,1.05,5.26,0,0,0,0,0,0,0,0,0,0,0,1.05,3.16,0,0,0,0,0,0,1.05,5.26,0,3.16,3.16,1.05,0,0,1.05,4.21,7.37,1.05,0,0,0,0,0,15.79,9.47,4.21,0,0,1.05,1.05,0
2781,seller,1,65,58.14,98.89,63.35,96.43,8.13,15.38,89.23,67.69,55.38,21.54,18.46,4.62,4.62,9.23,0,0,3.08,18.46,9.23,1.54,13.85,7.69,3.08,3.08,1.54,13.85,6.15,0,6.15,4.62,1.54,0,20,0,12.31,3.08,0,3.08,3.08,0,4.62,0,6.15,6.15,0,3.08,3.08,0,0,0,0,0,20,6.15,3.08,1.54,0,0,3.08,13.85,0,0,0,0,0,0,0,0,10.77,0,1.54,3.08,6.15,0,0,0,0,0,0,0,0,0,0,0,0,3.08,0,0,0,0,0,0,1.54,7.69,0,4.62,4.62,1.54,0,0,1.54,1.54,6.15,0,0,0,0,0,0,15.38,10.77,3.08,0,0,0,1.54,0
2782,buyer,1,55,39.7,71.57,50.45,1,11,5.45,92.73,72.73,50.91,21.82,16.36,9.09,0,3.64,1.82,0,5.45,12.73,7.27,0,10.91,7.27,5.45,3.64,0,16.36,9.09,1.82,1.82,0,0,1.82,20,0,10.91,0,3.64,1.82,0,3.64,1.82,0,9.09,1.82,7.27,7.27,0,7.27,0,0,1.82,0,18.18,3.64,0,1.82,0,1.82,1.82,12.73,1.82,0,0,5.45,0,0,0,0,3.64,0,0,0,1.82,1.82,7.27,5.45,5.45,0,0,0,0,0,0,5.45,0,3.64,0,0,0,0,0,0,9.09,9.09,0,0,9.09,0,0,0,1.82,1.82,5.45,3.64,1.82,1.82,0,0,0,25.45,10.91,5.45,3.64,0,5.45,0,0
2782,buyer,1,76,20.07,14.81,52.19,2.53,12.67,5.26,93.42,77.63,55.26,23.68,13.16,9.21,0,1.32,1.32,0,10.53,13.16,6.58,0,10.53,9.21,3.95,5.26,2.63,21.05,7.89,1.32,2.63,0,0,2.63,21.05,0,11.84,0,3.95,2.63,0,2.63,2.63,0,5.26,1.32,3.95,3.95,0,3.95,0,0,0,0,10.53,1.32,0,0,0,1.32,0,7.89,1.32,0,0,2.63,0,0,0,0,2.63,0,0,0,1.32,1.32,5.26,3.95,3.95,0,0,0,0,0,0,3.95,0,3.95,0,0,0,0,0,0,11.84,11.84,3.95,1.32,7.89,0,0,0,1.32,2.63,5.26,5.26,1.32,1.32,0,0,0,25,10.53,5.26,2.63,0,6.58,0,0
2782,buyer,1,84,26.1,16.63,56.69,37.34,10.5,10.71,88.1,76.19,59.52,25,13.1,8.33,0,4.76,0,0,11.9,16.67,8.33,1.19,11.9,8.33,3.57,4.76,3.57,19.05,2.38,1.19,2.38,0,0,2.38,17.86,0,8.33,0,2.38,2.38,0,1.19,3.57,0,1.19,1.19,0,0,0,0,0,0,0,0,8.33,1.19,0,0,0,1.19,0,5.95,0,0,0,0,1.19,0,0,1.19,1.19,0,0,0,1.19,0,1.19,0,0,0,0,0,0,0,0,0,0,4.76,0,0,0,0,0,0,8.33,11.9,3.57,1.19,7.14,1.19,0,0,1.19,4.76,4.76,2.38,2.38,2.38,0,0,0,25,11.9,3.57,2.38,0,5.95,1.19,0
2782,buyer,1,91,31.07,18.04,69.17,20.23,13,13.19,85.71,73.63,59.34,24.18,15.38,9.89,0,5.49,0,0,8.79,17.58,6.59,1.1,12.09,7.69,1.1,5.49,3.3,16.48,5.49,2.2,2.2,0,0,2.2,16.48,1.1,8.79,3.3,1.1,2.2,1.1,0,3.3,0,4.4,2.2,2.2,1.1,0,1.1,0,0,0,0,7.69,1.1,0,0,0,0,1.1,6.59,0,0,0,0,1.1,0,0,1.1,3.3,0,0,2.2,1.1,0,0,0,0,0,0,0,0,0,0,0,0,3.3,0,0,0,0,0,0,7.69,8.79,3.3,2.2,3.3,1.1,0,0,1.1,3.3,3.3,3.3,2.2,1.1,1.1,0,0,16.48,7.69,3.3,0,0,4.4,1.1,0
2782,buyer,1,64,62.1,49.35,65.48,1.56,10.67,15.63,81.25,67.19,54.69,21.88,17.19,9.38,0,7.81,0,0,4.69,20.31,7.81,1.56,12.5,4.69,0,4.69,1.56,10.94,6.25,3.13,3.13,0,0,3.13,14.06,1.56,7.81,4.69,0,1.56,1.56,0,3.13,0,6.25,1.56,4.69,1.56,0,1.56,0,0,0,0,10.94,3.13,0,0,1.56,0,1.56,7.81,0,0,0,0,1.56,0,0,1.56,6.25,0,0,4.69,1.56,0,0,0,0,0,0,0,0,0,0,0,0,3.13,0,0,0,0,0,0,4.69,4.69,0,1.56,1.56,1.56,0,0,1.56,3.13,1.56,1.56,3.13,1.56,1.56,0,0,14.06,7.81,1.56,0,0,3.13,1.56,0
2782,buyer,1,49,22.49,52.23,93.64,1,24.5,16.33,91.84,59.18,40.82,16.33,14.29,6.12,0,4.08,0,4.08,2.04,16.33,0,0,6.12,6.12,0,6.12,4.08,18.37,8.16,4.08,6.12,0,0,6.12,28.57,4.08,14.29,10.2,0,0,2.04,0,4.08,0,8.16,2.04,6.12,2.04,0,2.04,0,0,0,0,20.41,8.16,4.08,4.08,2.04,0,2.04,12.24,0,0,0,0,0,0,0,0,22.45,0,0,10.2,12.24,0,0,0,0,0,0,0,0,0,0,0,0,8.16,0,0,0,0,0,0,12.24,4.08,0,2.04,2.04,0,0,0,2.04,8.16,2.04,2.04,2.04,0,2.04,0,0,18.37,4.08,10.2,0,0,2.04,2.04,0
2782,seller,1,54,7.9,99,77.17,5.19,54,16.67,92.59,83.33,68.52,24.07,14.81,1.85,7.41,5.56,0,0,9.26,18.52,9.26,0,9.26,14.81,5.56,7.41,1.85,25.93,1.85,3.7,11.11,7.41,3.7,0,35.19,0,20.37,9.26,0,5.56,3.7,0,3.7,0,1.85,0,1.85,0,0,0,0,0,0,0,16.67,3.7,0,0,0,1.85,0,12.96,0,0,0,0,0,0,0,0,1.85,0,0,0,1.85,0,0,0,0,0,0,0,0,0,0,0,0,0,0,0,0,0,0,0,5.56,7.41,3.7,1.85,3.7,0,0,0,7.41,7.41,5.56,1.85,0,0,0,0,0,0,0,0,0,0,0,0,0
2782,seller,1,63,6.54,98.31,34.16,20.23,63,17.46,92.06,79.37,65.08,22.22,14.29,0,7.94,6.35,0,0,7.94,14.29,7.94,1.59,9.52,12.7,4.76,9.52,4.76,20.63,4.76,3.17,11.11,7.94,1.59,1.59,31.75,0,15.87,3.17,0,4.76,3.17,0,7.94,0,3.17,1.59,1.59,0,0,0,0,0,0,0,23.81,9.52,1.59,3.17,0,1.59,1.59,14.29,0,0,0,0,0,0,0,0,3.17,0,0,0,3.17,0,0,0,0,0,0,0,0,0,0,0,0,0,0,0,0,0,0,0,3.17,4.76,3.17,1.59,1.59,0,0,0,6.35,4.76,9.52,0,0,0,0,0,0,3.17,0,0,0,0,1.59,1.59,0
2782,seller,1,69,1.24,99,17.84,20.23,69,14.49,91.3,81.16,69.57,26.09,17.39,1.45,10.14,5.8,0,0,8.7,10.14,4.35,2.9,11.59,15.94,5.8,10.14,4.35,21.74,7.25,1.45,13.04,10.14,1.45,1.45,31.88,0,15.94,2.9,0,4.35,4.35,0,7.25,0,2.9,1.45,1.45,0,0,0,0,0,0,0,26.09,10.14,2.9,2.9,0,1.45,2.9,15.94,0,0,0,0,0,0,0,0,4.35,0,0,0,4.35,0,0,0,0,0,0,0,0,0,0,0,0,1.45,0,0,0,0,0,0,10.14,4.35,1.45,0,1.45,0,0,0,4.35,4.35,10.14,0,0,0,0,0,0,2.9,0,0,0,0,1.45,1.45,0
2782,seller,1,73,1.95,91.91,28.97,40.28,73,15.07,93.15,69.86,58.9,20.55,15.07,1.37,8.22,2.74,0,2.74,5.48,10.96,2.74,2.74,9.59,15.07,4.11,9.59,6.85,21.92,5.48,1.37,12.33,8.22,0,4.11,31.51,1.37,15.07,4.11,0,2.74,2.74,0,8.22,0,1.37,1.37,0,0,0,0,0,0,0,0,27.4,10.96,5.48,5.48,0,0,2.74,16.44,0,0,0,0,0,0,0,0,15.07,0,0,2.74,12.33,0,0,0,0,0,0,0,0,0,0,0,0,6.85,0,0,0,0,0,0,15.07,2.74,0,0,1.37,0,0,0,2.74,6.85,9.59,0,0,0,0,0,0,12.33,1.37,5.48,0,0,2.74,2.74,0
2782,seller,1,53,5.44,97.81,29.13,49.04,26.5,15.09,92.45,64.15,54.72,20.75,15.09,1.89,7.55,1.89,0,3.77,5.66,13.21,1.89,1.89,11.32,13.21,3.77,7.55,5.66,20.75,3.77,1.89,11.32,7.55,0,3.77,28.3,1.89,11.32,5.66,0,1.89,1.89,0,3.77,0,1.89,1.89,0,0,0,0,0,0,0,0,24.53,7.55,5.66,3.77,0,0,1.89,16.98,0,0,0,0,0,0,0,0,20.75,0,0,5.66,15.09,0,0,0,0,0,0,0,0,0,0,0,0,11.32,0,0,0,0,0,0,18.87,3.77,0,0,1.89,0,0,0,3.77,9.43,5.66,0,0,0,0,0,0,13.21,1.89,7.55,0,0,1.89,1.89,0
2783,buyer,1,46,14.64,76.75,9.43,97.48,15.33,15.22,89.13,60.87,54.35,19.57,19.57,8.7,0,10.87,0,0,0,13.04,8.7,0,8.7,10.87,4.35,10.87,2.17,8.7,6.52,4.35,2.17,2.17,0,0,21.74,0,13.04,0,0,6.52,0,0,4.35,0,10.87,8.7,2.17,4.35,4.35,0,0,0,0,0,17.39,6.52,0,4.35,0,2.17,2.17,10.87,0,0,0,0,0,0,0,0,4.35,0,0,0,4.35,0,0,0,0,0,0,0,0,0,0,0,0,6.52,6.52,0,0,0,0,0,4.35,2.17,0,0,2.17,0,0,0,2.17,2.17,4.35,2.17,0,0,0,0,0,15.22,4.35,6.52,2.17,0,2.17,0,0
2783,buyer,1,37,2.18,25.5,87,62.77,7.4,21.62,94.59,64.86,59.46,24.32,18.92,10.81,0,8.11,0,0,5.41,13.51,5.41,0,10.81,13.51,8.11,8.11,5.41,10.81,5.41,5.41,2.7,2.7,0,0,29.73,0,13.51,2.7,0,2.7,0,2.7,2.7,0,8.11,5.41,2.7,5.41,2.7,2.7,0,0,2.7,0,16.22,8.11,5.41,5.41,0,0,0,8.11,0,0,0,0,0,0,0,0,0,0,0,0,0,0,0,0,0,0,0,0,0,0,0,0,0,5.41,8.11,0,0,0,0,0,5.41,5.41,0,0,5.41,0,0,0,5.41,0,8.11,5.41,0,0,0,0,0,21.62,10.81,2.7,2.7,0,5.41,0,0
2783,buyer,1,33,1,58.11,86.68,96.12,4.71,18.18,96.97,75.76,66.67,27.27,21.21,12.12,0,9.09,0,0,6.06,12.12,3.03,0,6.06,18.18,12.12,6.06,3.03,24.24,3.03,3.03,3.03,3.03,0,0,33.33,0,9.09,3.03,0,3.03,0,3.03,0,0,12.12,9.09,3.03,6.06,3.03,3.03,0,0,3.03,0,21.21,12.12,9.09,9.09,0,0,3.03,9.09,0,0,0,0,0,0,0,0,0,0,0,0,0,0,0,0,0,0,0,0,0,0,0,0,0,3.03,0,0,0,0,0,0,6.06,3.03,0,0,3.03,0,0,0,9.09,0,9.09,9.09,3.03,0,3.03,0,0,21.21,15.15,0,3.03,0,3.03,0,0
2783,buyer,1,42,1,27.1,84.92,57.46,8.4,23.81,92.86,59.52,47.62,19.05,14.29,7.14,0,2.38,0,4.76,4.76,14.29,0,0,2.38,14.29,7.14,4.76,7.14,23.81,2.38,2.38,4.76,0,0,4.76,30.95,2.38,11.9,7.14,0,0,0,2.38,2.38,0,7.14,4.76,2.38,4.76,2.38,2.38,0,0,2.38,0,23.81,11.9,11.9,9.52,0,0,2.38,11.9,0,0,0,0,0,0,0,0,19.05,0,0,4.76,14.29,0,0,0,0,0,0,0,0,0,0,0,0,9.52,0,0,0,0,0,0,14.29,2.38,0,0,2.38,0,0,0,4.76,4.76,4.76,4.76,2.38,0,2.38,0,0,28.57,11.9,9.52,0,0,4.76,2.38,0
2783,seller,1,52,79.34,62.84,2.93,49.66,8.67,26.92,86.54,63.46,53.85,9.62,7.69,3.85,3.85,0,0,0,1.92,21.15,15.38,0,11.54,9.62,7.69,5.77,0,11.54,5.77,3.85,7.69,3.85,0,3.85,17.31,0,5.77,0,0,3.85,1.92,0,0,0,1.92,1.92,0,0,0,0,0,0,0,0,13.46,9.62,3.85,5.77,0,0,3.85,3.85,0,0,0,0,1.92,0,0,1.92,1.92,0,0,0,1.92,0,0,0,0,0,0,0,0,0,0,0,0,7.69,0,0,0,0,0,0,1.92,0,0,0,0,0,0,0,7.69,1.92,1.92,9.62,0,0,0,0,0,13.46,9.62,1.92,1.92,0,0,0,0
2783,seller,1,44,71.44,86.82,5.07,3.56,8.8,29.55,86.36,68.18,56.82,9.09,9.09,2.27,4.55,2.27,0,0,0,18.18,15.91,0,11.36,11.36,9.09,4.55,2.27,13.64,6.82,4.55,6.82,4.55,0,2.27,22.73,0,6.82,0,0,2.27,2.27,2.27,0,0,2.27,0,2.27,2.27,0,2.27,0,0,2.27,0,11.36,4.55,2.27,2.27,0,0,2.27,6.82,0,0,0,0,2.27,0,0,2.27,2.27,0,0,0,2.27,0,0,0,0,0,0,0,0,0,0,0,0,6.82,0,0,0,0,0,0,0,0,0,0,0,0,0,0,9.09,2.27,0,13.64,0,0,0,0,0,15.91,11.36,2.27,0,0,2.27,0,0
2783,seller,1,30,69.05,89.5,1,20.23,7.5,30,86.67,63.33,56.67,10,6.67,0,3.33,3.33,0,0,3.33,20,20,0,6.67,16.67,6.67,0,3.33,20,3.33,3.33,3.33,3.33,0,0,23.33,0,6.67,0,0,3.33,0,3.33,0,0,6.67,3.33,3.33,6.67,3.33,3.33,0,0,3.33,0,10,3.33,0,0,0,0,3.33,6.67,0,0,0,0,3.33,0,0,3.33,0,0,0,0,0,0,0,0,0,0,0,0,0,0,0,0,0,6.67,0,0,0,0,0,0,0,0,0,0,0,0,0,0,6.67,3.33,3.33,13.33,0,0,0,0,0,23.33,13.33,3.33,0,0,6.67,0,0
2783,seller,1,10,1,99,,99,3.33,30,100,60,60,30,20,0,10,10,0,0,10,10,10,0,0,20,10,0,10,20,0,0,10,10,0,0,30,0,10,0,0,0,0,10,0,0,30,20,10,20,10,10,0,0,10,0,20,0,0,0,0,0,0,20,0,0,0,0,0,0,0,0,10,0,0,10,0,0,0,0,0,0,0,0,0,0,0,0,0,10,0,0,0,0,0,0,0,0,0,0,0,0,0,0,0,0,10,10,0,0,0,0,0,50,20,10,0,0,20,0,0
2785,buyer,1,35,31.66,6.16,80.49,94.7,11.67,14.29,88.57,65.71,57.14,22.86,20,14.29,0,5.71,0,0,2.86,17.14,11.43,0,8.57,5.71,5.71,8.57,0,11.43,5.71,0,0,0,0,0,20,0,14.29,2.86,0,5.71,2.86,0,5.71,0,11.43,8.57,2.86,2.86,2.86,0,0,0,0,0,14.29,8.57,2.86,5.71,0,0,8.57,5.71,0,0,0,0,0,0,0,0,8.57,0,0,2.86,5.71,0,0,0,0,0,0,0,0,0,0,2.86,0,5.71,0,0,0,0,0,0,5.71,2.86,0,2.86,2.86,0,0,0,0,2.86,5.71,0,0,0,0,0,0,11.43,8.57,0,0,0,2.86,0,0
2785,buyer,1,38,22.98,3.34,84.38,92.27,9.5,13.16,89.47,71.05,60.53,26.32,21.05,15.79,0,5.26,0,0,5.26,18.42,10.53,0,10.53,7.89,5.26,7.89,0,13.16,7.89,0,0,0,0,0,21.05,0,13.16,2.63,0,5.26,2.63,0,5.26,0,10.53,7.89,2.63,2.63,2.63,0,0,0,0,0,10.53,5.26,2.63,2.63,0,0,5.26,5.26,0,0,0,0,0,0,0,0,7.89,0,0,2.63,5.26,0,0,0,0,0,0,0,0,0,0,2.63,0,5.26,0,0,0,0,0,0,5.26,2.63,0,2.63,2.63,0,0,0,0,2.63,7.89,0,0,0,0,0,0,13.16,7.89,0,0,0,5.26,0,0
2785,buyer,1,24,16.96,1,99,83,12,8.33,91.67,75,62.5,25,20.83,16.67,0,4.17,0,0,4.17,20.83,12.5,0,8.33,8.33,4.17,12.5,0,8.33,16.67,0,0,0,0,0,25,0,16.67,4.17,0,4.17,4.17,0,8.33,0,12.5,8.33,4.17,0,0,0,0,0,0,0,4.17,0,0,0,0,0,0,4.17,0,0,0,0,0,0,0,0,8.33,0,0,4.17,4.17,0,0,0,0,0,0,0,0,0,0,0,0,4.17,0,0,0,0,0,0,4.17,4.17,0,4.17,4.17,0,0,0,0,4.17,8.33,0,0,0,0,0,0,8.33,4.17,0,0,0,4.17,0,0
2785,buyer,1,7,18.12,1,24.32,99,7,0,100,71.43,42.86,28.57,14.29,14.29,0,0,0,0,14.29,14.29,0,0,14.29,14.29,0,0,0,14.29,28.57,0,0,0,0,0,14.29,0,0,0,0,0,0,0,0,0,42.86,42.86,0,0,0,0,0,0,0,0,0,0,0,0,0,0,0,0,0,0,0,0,0,0,0,0,14.29,0,0,14.29,0,0,0,0,0,0,0,0,0,0,0,0,0,14.29,0,0,0,0,0,0,14.29,0,0,0,0,0,0,0,0,0,14.29,0,0,0,0,0,0,14.29,0,0,0,0,14.29,0,0
2785,seller,1,25,12.09,99,3.34,20.23,6.25,8,92,80,76,24,16,4,0,12,0,0,8,12,12,0,12,20,12,0,0,20,8,0,0,0,0,0,32,8,12,8,4,4,0,0,0,0,8,4,4,0,0,0,0,0,0,0,16,4,0,4,0,0,4,12,0,0,0,0,0,0,0,0,4,0,0,4,0,0,0,0,0,0,0,0,0,0,0,0,0,0,0,0,0,0,0,0,0,0,0,0,0,0,0,0,0,0,16,0,4,0,4,0,0,16,8,0,8,0,0,0,0
2785,seller,1,28,18.12,97.11,24.32,1,7,7.14,92.86,78.57,75,25,17.86,7.14,3.57,7.14,0,0,7.14,14.29,14.29,0,10.71,17.86,7.14,3.57,0,17.86,7.14,0,3.57,3.57,0,0,25,7.14,10.71,7.14,0,3.57,3.57,0,0,0,3.57,0,3.57,0,0,0,0,0,0,0,10.71,0,0,0,0,0,0,10.71,0,0,0,0,0,0,0,0,7.14,0,0,7.14,0,0,0,0,0,0,0,0,0,0,0,0,0,0,0,0,0,0,0,0,3.57,0,0,0,0,0,0,0,3.57,0,10.71,0,3.57,0,3.57,0,0,14.29,10.71,0,3.57,0,0,0,0
2785,seller,1,44,12.37,78.1,50.45,3.56,14.67,15.91,90.91,59.09,52.27,18.18,15.91,4.55,2.27,4.55,0,4.55,2.27,13.64,6.82,0,6.82,13.64,2.27,4.55,6.82,18.18,2.27,0,6.82,2.27,0,4.55,27.27,6.82,15.91,9.09,0,2.27,2.27,0,4.55,0,2.27,0,2.27,0,0,0,0,0,0,0,20.45,4.55,4.55,4.55,0,0,0,15.91,0,0,0,0,0,0,0,0,22.73,0,0,9.09,13.64,0,0,0,0,0,0,0,0,0,0,0,0,9.09,0,0,0,0,0,0,11.36,0,0,0,0,0,0,0,2.27,4.55,6.82,0,0,0,0,0,0,22.73,6.82,9.09,0,0,4.55,2.27,0
2787,buyer,1,114,15.72,9.55,52.19,74.93,22.8,14.91,89.47,71.93,59.65,22.81,14.91,9.65,0,3.51,0.88,0,7.89,18.42,7.89,1.75,6.14,9.65,3.51,7.02,0.88,15.79,7.02,5.26,0.88,0,0.88,0,29.82,0,21.05,3.51,0,4.39,5.26,0.88,8.77,0,3.51,3.51,0,1.75,1.75,0,0,0,0,0,14.04,5.26,3.51,2.63,0,0.88,0.88,8.77,0.88,0,0,1.75,0.88,0,0,0.88,1.75,0,0,0,1.75,0,0,0,0,0,0,0,0,0,0,0.88,0,0.88,0,0.88,0,0,0,0,5.26,1.75,0,0,0.88,0.88,0,0,0.88,4.39,4.39,0.88,0,0,0,0,0,8.77,3.51,5.26,0,0,0,0,0
2787,buyer,1,91,2.35,14.02,61.86,35.85,22.75,10.99,93.41,80.22,65.93,25.27,15.38,7.69,0,5.49,1.1,0,9.89,16.48,6.59,1.1,6.59,14.29,4.4,9.89,2.2,23.08,7.69,4.4,2.2,0,2.2,0,32.97,0,20.88,3.3,0,3.3,4.4,1.1,10.99,0,1.1,1.1,0,0,0,0,0,0,0,0,14.29,4.4,2.2,1.1,0,1.1,1.1,9.89,1.1,0,0,2.2,0,0,0,0,1.1,0,0,0,1.1,0,0,0,0,0,0,0,0,0,0,1.1,0,1.1,0,1.1,0,0,0,0,4.4,2.2,0,0,1.1,1.1,0,0,1.1,4.4,6.59,2.2,0,0,0,0,0,10.99,3.3,4.4,1.1,0,2.2,0,0
2787,buyer,1,60,4.95,49.98,7.03,45.29,15,10,93.33,83.33,65,21.67,15,6.67,0,5,1.67,0,6.67,16.67,6.67,0,8.33,15,5,10,1.67,26.67,10,6.67,3.33,0,3.33,0,25,0,15,3.33,1.67,5,3.33,0,5,0,1.67,1.67,0,0,0,0,0,0,0,0,15,5,3.33,1.67,0,0,1.67,10,1.67,0,0,3.33,0,0,0,0,3.33,0,0,0,3.33,0,0,0,0,0,0,0,0,0,0,1.67,0,1.67,0,1.67,0,0,0,0,5,1.67,0,0,1.67,0,0,0,0,1.67,6.67,3.33,1.67,0,1.67,0,0,11.67,3.33,1.67,3.33,0,3.33,0,0
2787,buyer,1,24,1,40.06,15.38,,8,12.5,95.83,83.33,62.5,16.67,12.5,4.17,0,8.33,0,0,4.17,16.67,4.17,4.17,8.33,16.67,8.33,12.5,8.33,25,12.5,8.33,4.17,0,4.17,0,25,4.17,8.33,4.17,4.17,0,0,0,4.17,0,0,0,0,0,0,0,0,0,0,0,16.67,8.33,0,0,0,0,4.17,8.33,0,0,0,0,0,0,0,0,4.17,0,0,0,4.17,0,0,0,0,0,0,0,0,0,0,0,0,0,0,0,0,0,0,0,8.33,0,0,0,0,0,0,0,0,0,4.17,8.33,8.33,0,8.33,0,0,33.33,4.17,4.17,8.33,0,12.5,4.17,0
2787,buyer,1,28,26.1,9.23,48.09,,9.33,14.29,96.43,71.43,57.14,7.14,3.57,3.57,0,0,0,0,3.57,21.43,10.71,3.57,3.57,14.29,7.14,7.14,3.57,14.29,14.29,10.71,0,0,0,0,28.57,3.57,7.14,7.14,7.14,0,0,0,0,0,0,0,0,0,0,0,0,0,0,0,3.57,3.57,0,0,0,0,0,0,0,0,0,0,0,0,0,0,14.29,0,0,3.57,10.71,0,0,0,0,0,0,0,0,0,0,0,0,0,0,0,0,0,0,0,14.29,0,0,0,0,0,0,0,7.14,0,7.14,3.57,10.71,0,10.71,0,0,21.43,3.57,3.57,7.14,0,3.57,3.57,0
2787,buyer,1,30,2.14,1.24,39.59,,7.5,20,93.33,63.33,56.67,10,3.33,3.33,0,0,0,0,6.67,13.33,6.67,6.67,0,23.33,3.33,6.67,6.67,23.33,6.67,3.33,0,0,0,0,36.67,3.33,13.33,6.67,3.33,3.33,0,0,3.33,0,0,0,0,0,0,0,0,0,0,0,6.67,6.67,0,0,0,0,0,0,0,0,0,0,0,0,0,0,10,0,0,3.33,6.67,0,0,0,0,0,0,0,0,0,0,0,0,0,0,0,0,0,0,0,10,3.33,0,0,0,0,3.33,0,6.67,0,10,3.33,6.67,0,6.67,0,0,20,6.67,3.33,3.33,0,3.33,3.33,0
2787,buyer,1,30,6.39,3.95,63.35,72.45,7.5,23.33,90,60,53.33,13.33,3.33,3.33,0,0,0,0,10,13.33,6.67,3.33,0,20,3.33,3.33,3.33,20,10,3.33,0,0,0,0,33.33,0,16.67,10,3.33,3.33,0,0,3.33,0,3.33,3.33,0,3.33,3.33,0,0,0,0,0,6.67,6.67,3.33,0,0,0,0,0,0,0,0,0,0,0,0,0,10,0,0,3.33,6.67,0,0,0,0,0,0,0,0,0,0,0,0,0,0,0,0,0,0,0,10,3.33,0,0,0,0,3.33,0,6.67,0,10,0,6.67,0,6.67,0,0,10,6.67,0,3.33,0,0,0,0
2787,buyer,1,17,3.11,1,46.57,99,5.67,29.41,82.35,47.06,41.18,17.65,5.88,5.88,0,0,0,0,11.76,5.88,0,5.88,0,17.65,0,0,5.88,17.65,5.88,0,0,0,0,0,29.41,0,23.53,11.76,0,5.88,0,0,5.88,0,11.76,11.76,0,5.88,5.88,0,0,0,0,0,11.76,11.76,5.88,0,0,0,0,0,0,0,0,0,0,0,0,0,5.88,0,0,5.88,0,0,0,0,0,0,0,0,0,0,0,0,0,5.88,0,0,0,0,0,0,5.88,5.88,0,0,0,0,5.88,0,0,0,5.88,0,5.88,0,5.88,0,0,11.76,11.76,0,0,0,0,0,0
2787,seller,1,96,43.4,4.83,61.94,52.41,19.2,18.75,90.63,77.08,65.63,14.58,7.29,4.17,0,3.13,0,0,7.29,17.71,9.38,0,16.67,12.5,6.25,6.25,5.21,16.67,7.29,0,2.08,0,1.04,1.04,23.96,0,12.5,1.04,0,1.04,2.08,0,7.29,0,2.08,2.08,0,0,0,0,0,0,0,0,14.58,10.42,5.21,3.13,0,1.04,5.21,4.17,1.04,0,0,1.04,3.13,0,0,3.13,0,0,0,0,0,0,0,0,0,0,0,0,0,0,0,0,0,0,0,0,0,0,0,0,4.17,5.21,0,1.04,4.17,1.04,0,0,3.13,7.29,5.21,2.08,0,0,0,0,0,13.54,5.21,8.33,0,0,0,0,0
2787,seller,1,83,25.36,2.98,41.03,8.85,16.6,18.07,91.57,75.9,63.86,15.66,8.43,6.02,0,2.41,0,0,7.23,15.66,8.43,0,13.25,14.46,4.82,7.23,4.82,18.07,7.23,0,4.82,0,2.41,2.41,22.89,1.2,12.05,1.2,0,1.2,2.41,0,6.02,0,1.2,0,1.2,0,0,0,0,0,0,0,12.05,8.43,3.61,2.41,0,1.2,1.2,3.61,1.2,0,0,1.2,2.41,0,0,2.41,2.41,0,0,1.2,1.2,0,0,0,0,0,0,0,0,0,0,0,0,0,0,0,0,0,0,0,4.82,3.61,0,0,2.41,1.2,0,0,2.41,3.61,6.02,3.61,1.2,0,1.2,0,0,14.46,6.02,8.43,0,0,0,0,0
2787,seller,1,49,22.49,12.03,37.24,4.4,12.25,16.33,91.84,73.47,59.18,18.37,12.24,8.16,0,4.08,0,0,6.12,12.24,6.12,2.04,12.24,14.29,2.04,6.12,4.08,18.37,8.16,0,6.12,0,4.08,2.04,20.41,2.04,8.16,2.04,0,2.04,0,0,4.08,0,2.04,0,2.04,0,0,0,0,0,0,0,16.33,10.2,4.08,2.04,0,0,2.04,6.12,2.04,0,0,2.04,0,0,0,0,4.08,0,0,2.04,2.04,0,0,0,0,0,0,0,0,0,0,0,0,0,0,0,0,0,0,0,4.08,0,0,0,0,0,0,0,4.08,2.04,6.12,4.08,2.04,0,2.04,0,0,16.33,6.12,8.16,0,0,0,2.04,0
2787,seller,1,39,74.95,15.29,7.69,2.7,13,17.95,92.31,64.1,53.85,12.82,7.69,5.13,0,2.56,0,0,5.13,17.95,12.82,5.13,10.26,10.26,0,5.13,2.56,12.82,5.13,0,5.13,0,2.56,2.56,17.95,2.56,7.69,2.56,0,2.56,0,0,2.56,0,2.56,0,2.56,0,0,0,0,0,0,0,7.69,5.13,0,2.56,0,0,0,2.56,0,0,0,0,0,0,0,0,15.38,0,0,5.13,10.26,0,0,0,0,0,0,0,0,0,0,0,0,2.56,0,0,0,0,0,0,2.56,0,0,0,0,0,0,0,2.56,0,5.13,2.56,2.56,0,2.56,0,0,17.95,5.13,5.13,2.56,0,0,5.13,0
2787,seller,1,20,89.52,89.5,7.03,,10,15,100,60,50,5,5,0,0,5,0,0,0,15,10,15,15,10,0,10,0,10,10,0,0,0,0,0,15,0,5,0,0,0,5,0,0,0,0,0,0,0,0,0,0,0,0,0,5,0,0,0,0,0,0,5,0,0,0,0,0,0,0,0,20,0,0,5,15,0,0,0,0,0,0,0,0,0,0,0,0,5,0,0,0,0,0,0,0,0,0,0,0,0,0,0,10,0,0,5,0,0,0,0,0,25,5,0,5,0,0,15,0
2787,seller,1,60,26.1,97.73,19.26,72.45,20,8.33,98.33,80,63.33,23.33,16.67,6.67,0,10,0,0,6.67,13.33,5,3.33,15,11.67,3.33,6.67,0,18.33,11.67,1.67,0,0,0,0,20,0,10,3.33,6.67,1.67,1.67,0,0,0,3.33,3.33,0,3.33,3.33,0,0,0,0,0,11.67,0,0,0,0,0,0,11.67,0,0,0,0,0,0,0,0,10,0,0,3.33,8.33,0,0,0,0,0,0,0,0,0,0,1.67,0,1.67,0,0,0,0,0,0,5,5,3.33,0,0,1.67,0,0,5,0,1.67,8.33,0,0,0,0,0,10,3.33,1.67,1.67,0,0,3.33,0
2787,seller,1,69,10.19,95.64,25.51,65.92,23,14.49,92.75,69.57,53.62,21.74,15.94,5.8,0,7.25,0,2.9,5.8,10.14,1.45,1.45,10.14,13.04,2.9,5.8,1.45,21.74,8.7,1.45,2.9,0,0,2.9,23.19,0,13.04,5.8,5.8,1.45,1.45,0,1.45,0,2.9,2.9,0,2.9,2.9,0,0,0,0,0,17.39,2.9,2.9,2.9,0,0,0,14.49,0,0,0,0,0,0,0,0,14.49,0,0,4.35,11.59,0,0,0,0,0,0,0,0,0,0,1.45,0,5.8,0,0,0,0,0,0,8.7,4.35,2.9,0,0,1.45,0,0,2.9,2.9,2.9,7.25,0,0,0,0,0,15.94,4.35,7.25,0,0,1.45,2.9,0
2789,buyer,1,100,39.7,3.95,85.71,10.35,16.67,13,85,71,63,21,15,10,1,4,0,0,6,18,13,0,13,14,2,5,4,19,3,0,2,1,0,1,30,0,16,2,2,4,2,0,7,0,5,2,3,4,2,2,1,0,0,0,8,2,0,0,1,0,1,6,0,0,0,0,0,0,0,0,4,0,0,1,3,0,0,0,0,0,0,0,0,0,0,2,1,1,0,0,0,0,0,0,2,5,1,2,4,0,0,0,3,8,7,2,0,0,0,0,0,17,6,4,0,0,7,0,0
2789,buyer,1,123,15.26,10.93,83.91,6.3,13.67,12.2,89.43,73.98,65.04,21.14,16.26,9.76,0.81,5.69,0,0,4.88,16.26,10.57,0,12.2,13.82,6.5,7.32,4.07,18.7,6.5,0,2.44,0.81,0,1.63,29.27,0.81,16.26,4.07,2.44,3.25,1.63,0,6.5,0,6.5,2.44,4.07,4.88,1.63,3.25,0.81,0,0,0,11.38,4.07,0.81,0.81,0.81,0,1.63,7.32,0,0,0,0,0,0,0,0,4.88,0,0,2.44,2.44,0,0,0,0,0,0,0,0,0,0,3.25,0,0.81,0,0,0,0,0,0,3.25,3.25,0.81,1.63,2.44,0,0,0,2.44,5.69,7.32,4.07,0,0,0,0,0,19.51,7.32,4.88,0,0,7.32,0,0
2789,buyer,1,95,7.26,46.28,81.98,20.23,9.5,12.63,92.63,72.63,62.11,24.21,21.05,11.58,1.05,8.42,0,0,3.16,15.79,8.42,0,9.47,11.58,7.37,7.37,3.16,15.79,9.47,0,4.21,1.05,0,3.16,25.26,1.05,13.68,5.26,2.11,4.21,0,0,3.16,0,8.42,4.21,4.21,6.32,2.11,4.21,0,0,0,0,14.74,5.26,2.11,2.11,0,0,2.11,9.47,0,0,0,0,0,0,0,0,9.47,0,0,5.26,4.21,0,0,0,0,0,0,0,0,0,0,2.11,0,1.05,0,0,0,0,0,0,2.11,3.16,1.05,2.11,2.11,0,0,0,3.16,5.26,5.26,3.16,0,0,0,0,0,23.16,10.53,6.32,0,0,6.32,0,0
2789,buyer,1,53,4.02,40.06,68.36,20.23,7.57,7.55,96.23,73.58,60.38,20.75,20.75,11.32,0,9.43,0,0,0,11.32,7.55,0,7.55,7.55,11.32,11.32,3.77,13.21,13.21,0,3.77,0,0,3.77,20.75,1.89,13.21,7.55,1.89,1.89,0,0,3.77,0,11.32,5.66,5.66,5.66,0,5.66,0,0,0,0,16.98,7.55,3.77,3.77,0,0,1.89,9.43,0,0,0,0,0,0,0,0,15.09,0,0,9.43,5.66,0,0,0,0,0,0,0,0,0,0,3.77,0,1.89,0,0,0,0,0,0,3.77,0,0,0,0,0,0,0,0,0,5.66,5.66,0,0,0,0,0,22.64,11.32,7.55,0,0,3.77,0,0
2789,seller,1,114,39.19,78.98,6.22,46.76,19,14.04,86.84,70.18,64.91,18.42,8.77,1.75,3.51,3.51,0,0,9.65,21.93,10.53,0,13.16,10.53,5.26,7.02,2.63,11.4,5.26,0,6.14,3.51,1.75,0.88,16.67,0,6.14,0.88,0,0.88,0.88,0.88,2.63,0,7.02,4.39,2.63,1.75,0,1.75,0,0,0,0,16.67,9.65,3.51,0,0.88,0.88,2.63,7.02,0,0,0,0,1.75,0,0,1.75,3.51,0,0,1.75,2.63,0,0,0,0,0,0,0,0,0,0,0,0,0,0,0,0,0,0,0,3.51,6.14,1.75,0,2.63,1.75,0,0,2.63,5.26,2.63,1.75,0,0,0,0,0,7.02,5.26,0.88,0,0,0.88,0,0
2789,seller,1,99,42.09,69.47,13.81,20.23,19.8,13.13,88.89,71.72,62.63,20.2,10.1,3.03,3.03,4.04,0,0,10.1,24.24,10.1,0,11.11,7.07,6.06,5.05,2.02,9.09,8.08,1.01,6.06,3.03,1.01,2.02,15.15,0,8.08,2.02,0,1.01,2.02,0,4.04,0,8.08,4.04,4.04,3.03,0,3.03,0,0,0,0,19.19,12.12,5.05,1.01,1.01,1.01,2.02,7.07,0,0,0,0,2.02,0,0,2.02,4.04,0,0,3.03,2.02,0,0,0,0,0,0,0,0,0,0,0,0,0,0,0,0,0,0,0,3.03,5.05,1.01,0,2.02,2.02,0,0,2.02,2.02,3.03,2.02,1.01,0,1.01,0,0,6.06,5.05,1.01,0,0,0,0,0
2789,seller,1,79,42.69,32.92,38.11,2.78,19.75,16.46,88.61,64.56,50.63,16.46,8.86,3.8,0,2.53,0,2.53,7.59,20.25,8.86,0,7.59,6.33,5.06,5.06,2.53,11.39,10.13,2.53,3.8,0,0,3.8,17.72,0,11.39,5.06,0,1.27,1.27,0,5.06,0,7.59,2.53,5.06,3.8,0,3.8,0,0,0,0,18.99,11.39,6.33,3.8,1.27,1.27,0,7.59,0,0,0,0,0,0,0,0,15.19,0,0,6.33,10.13,0,0,0,0,0,0,0,0,0,0,0,0,5.06,0,1.27,0,0,0,0,5.06,5.06,0,0,3.8,1.27,0,0,0,3.8,3.8,1.27,1.27,0,1.27,0,0,12.66,5.06,5.06,0,0,1.27,1.27,0
2792,buyer,1,59,43.72,22.3,41.6,20.23,19.67,15.25,93.22,71.19,62.71,18.64,15.25,10.17,0,5.08,0,0,3.39,13.56,8.47,0,18.64,10.17,6.78,8.47,1.69,13.56,8.47,1.69,1.69,0,0,1.69,20.34,3.39,11.86,3.39,1.69,3.39,1.69,0,1.69,0,6.78,3.39,3.39,0,0,0,0,0,0,0,15.25,10.17,6.78,6.78,0,1.69,1.69,5.08,0,0,0,0,0,0,0,0,6.78,0,0,3.39,3.39,0,0,0,0,0,0,0,0,0,0,0,0,3.39,0,0,0,0,0,3.39,5.08,6.78,3.39,0,3.39,3.39,0,0,1.69,3.39,1.69,1.69,1.69,0,1.69,0,0,6.78,3.39,1.69,1.69,0,0,0,0
2792,buyer,1,84,42.52,40.06,64.98,57.46,21,16.67,91.67,71.43,63.1,19.05,14.29,8.33,1.19,4.76,0,0,4.76,11.9,5.95,0,20.24,8.33,8.33,8.33,1.19,13.1,5.95,1.19,3.57,1.19,0,2.38,22.62,2.38,14.29,3.57,1.19,3.57,2.38,0,2.38,0,4.76,3.57,1.19,1.19,1.19,0,0,0,0,0,11.9,5.95,4.76,4.76,0,0,1.19,5.95,0,0,0,0,1.19,0,0,1.19,3.57,0,0,3.57,0,0,0,0,0,0,0,0,0,0,0,0,1.19,0,0,0,0,0,1.19,2.38,5.95,9.52,2.38,1.19,5.95,2.38,0,0,2.38,2.38,1.19,4.76,1.19,0,1.19,0,0,8.33,3.57,2.38,1.19,0,1.19,0,0
2792,buyer,1,89,35.81,77.75,48.97,55.18,22.25,19.1,89.89,62.92,53.93,16.85,14.61,6.74,1.12,4.49,0,2.25,2.25,12.36,3.37,0,15.73,6.74,7.87,7.87,1.12,12.36,4.49,1.12,5.62,1.12,0,4.49,20.22,1.12,12.36,5.62,0,3.37,1.12,0,1.12,0,4.49,3.37,1.12,1.12,1.12,0,0,0,0,0,16.85,6.74,6.74,6.74,0,0,1.12,10.11,0,0,0,0,1.12,0,0,1.12,12.36,0,0,5.62,6.74,0,0,0,0,0,0,0,0,0,0,0,1.12,4.49,0,0,0,0,1.12,0,10.11,6.74,0,1.12,5.62,0,0,0,1.12,2.25,1.12,4.49,1.12,0,1.12,0,0,13.48,4.49,6.74,0,0,1.12,1.12,0
2792,seller,1,92,34.72,76.75,37.09,3.88,15.33,18.48,94.57,75,60.87,22.83,17.39,7.61,1.09,8.7,0,0,5.43,16.3,9.78,0,11.96,7.61,4.35,7.61,1.09,14.13,7.61,0,2.17,1.09,0,1.09,25,3.26,13.04,3.26,1.09,4.35,1.09,0,4.35,0,4.35,1.09,3.26,1.09,0,1.09,0,0,0,0,15.22,5.43,2.17,2.17,0,0,0,9.78,0,0,0,0,1.09,0,0,1.09,8.7,0,0,4.35,4.35,0,1.09,0,0,0,0,0,0,0,0,2.17,1.09,0,0,0,0,0,0,0,7.61,4.35,0,0,3.26,0,0,1.09,2.17,2.17,5.43,2.17,2.17,0,2.17,0,0,9.78,5.43,3.26,1.09,0,0,0,0
2792,seller,1,111,30.13,86.55,36.48,32.75,11.1,17.12,92.79,74.77,62.16,22.52,19.82,9.01,1.8,9.01,0,0,2.7,14.41,9.91,0,10.81,10.81,4.5,6.31,0,15.32,8.11,0,3.6,1.8,0,1.8,22.52,2.7,9.91,2.7,0,2.7,0.9,0,3.6,0,8.11,4.5,3.6,3.6,1.8,1.8,0,0,0,0,17.12,6.31,3.6,3.6,0,0,0.9,10.81,0,0,0,0,0,0,0,0,7.21,0,0,3.6,3.6,0,0.9,0,0,0,0,0,0,0,0,1.8,0.9,1.8,0,0,0,0,0,0,5.41,3.6,0,0,2.7,0,0,0.9,0.9,0.9,5.41,3.6,1.8,0,1.8,0,0,12.61,7.21,3.6,0.9,0.9,0,0,0
2792,seller,1,67,18.55,80.84,59.19,95.78,8.38,16.42,91.04,76.12,64.18,23.88,20.9,10.45,2.99,7.46,0,0,2.99,13.43,8.96,0,10.45,13.43,5.97,4.48,0,16.42,10.45,0,4.48,2.99,0,1.49,20.9,0,8.96,2.99,0,1.49,1.49,0,2.99,0,11.94,8.96,2.99,4.48,2.99,1.49,0,0,0,0,14.93,4.48,2.99,2.99,0,0,1.49,10.45,0,0,0,0,0,0,0,0,5.97,0,0,4.48,1.49,0,0,0,0,0,0,0,0,0,0,1.49,0,4.48,0,0,0,0,0,0,5.97,2.99,0,0,2.99,0,0,0,1.49,0,7.46,2.99,1.49,0,1.49,0,0,13.43,7.46,2.99,1.49,1.49,0,0,0
2796,buyer,1,58,72.63,15.13,21.61,99,19.33,18.97,96.55,79.31,63.79,13.79,8.62,5.17,0,3.45,0,0,5.17,20.69,13.79,0,17.24,12.07,3.45,6.9,3.45,20.69,3.45,1.72,1.72,1.72,0,0,20.69,0,12.07,1.72,1.72,3.45,1.72,1.72,3.45,0,10.34,10.34,0,5.17,5.17,0,0,0,0,0,12.07,8.62,3.45,1.72,0,0,5.17,3.45,0,0,0,0,1.72,0,0,1.72,6.9,0,0,3.45,3.45,0,0,0,0,0,0,0,0,0,0,0,0,0,0,0,0,0,0,0,6.9,5.17,0,0,3.45,1.72,0,0,3.45,3.45,6.9,1.72,1.72,0,1.72,0,0,13.79,3.45,6.9,1.72,0,1.72,0,0
2796,buyer,1,87,51.42,40.06,67.94,94.86,14.5,18.39,95.4,79.31,63.22,14.94,10.34,4.6,0,5.75,0,0,4.6,18.39,10.34,0,17.24,13.79,4.6,6.9,3.45,22.99,4.6,3.45,3.45,2.3,1.15,0,25.29,2.3,13.79,2.3,1.15,1.15,2.3,4.6,4.6,0,8.05,6.9,1.15,1.15,1.15,0,0,0,0,0,16.09,9.2,4.6,1.15,0,0,3.45,6.9,0,0,0,0,1.15,0,0,1.15,5.75,0,0,3.45,3.45,0,0,0,0,0,0,0,0,0,0,0,0,0,0,0,0,0,1.15,0,6.9,8.05,0,0,6.9,1.15,0,0,3.45,3.45,8.05,2.3,1.15,0,1.15,0,0,20.69,3.45,8.05,2.3,1.15,5.75,0,0
2796,buyer,1,100,54.7,57.93,69.95,81.12,16.67,13,95,78,60,16,13,6,0,7,0,0,3,16,8,0,19,12,3,9,2,21,7,3,5,2,1,2,20,2,13,4,0,2,3,3,4,0,10,7,3,4,2,2,0,0,0,0,19,11,6,3,0,0,2,8,0,0,0,0,0,0,0,0,7,0,0,4,4,0,0,0,0,0,0,0,0,0,0,0,0,2,0,0,0,0,1,0,6,9,0,0,8,1,0,0,1,1,5,2,1,0,1,0,0,21,3,9,2,1,6,0,0
2796,buyer,1,79,22.37,55.15,85.92,20.23,15.8,13.92,96.2,75.95,62.03,17.72,13.92,6.33,0,7.59,0,0,3.8,15.19,6.33,0,16.46,12.66,5.06,11.39,2.53,20.25,6.33,2.53,6.33,1.27,1.27,3.8,24.05,2.53,15.19,3.8,0,2.53,2.53,3.8,5.06,0,7.59,3.8,3.8,3.8,1.27,2.53,0,0,0,0,20.25,11.39,6.33,3.8,0,0,1.27,8.86,0,0,0,0,0,0,0,0,7.59,0,0,5.06,3.8,0,0,0,0,0,0,0,0,0,0,0,0,2.53,0,0,0,0,1.27,0,6.33,8.86,0,1.27,8.86,0,0,0,1.27,1.27,6.33,1.27,0,0,0,0,0,20.25,2.53,7.59,2.53,1.27,6.33,0,0
2796,buyer,1,64,43.4,49.35,93.71,20.23,21.33,7.81,96.88,79.69,64.06,17.19,15.63,7.81,0,7.81,0,0,1.56,15.63,9.38,0,17.19,7.81,4.69,14.06,1.56,17.19,7.81,3.13,4.69,0,0,4.69,17.19,0,14.06,6.25,0,3.13,3.13,0,4.69,0,6.25,3.13,3.13,4.69,1.56,3.13,0,0,0,0,15.63,7.81,4.69,4.69,0,0,0,7.81,0,0,0,0,0,0,0,0,9.38,0,0,4.69,4.69,0,0,0,0,0,0,0,0,0,0,0,0,4.69,0,1.56,0,0,0,0,9.38,9.38,0,1.56,7.81,0,0,1.56,1.56,0,4.69,0,0,0,0,0,0,14.06,3.13,6.25,1.56,0,3.13,0,0
2796,buyer,1,43,24.69,17.05,91.21,56.53,14.33,6.98,95.35,81.4,69.77,16.28,13.95,6.98,0,6.98,0,0,2.33,18.6,11.63,0,13.95,9.3,6.98,13.95,4.65,18.6,4.65,6.98,2.33,0,0,2.33,20.93,0,16.28,4.65,2.33,4.65,2.33,0,6.98,0,2.33,2.33,0,0,0,0,0,0,0,0,11.63,4.65,2.33,2.33,0,0,0,6.98,0,0,0,0,0,0,0,0,9.3,0,0,2.33,6.98,0,0,0,0,0,0,0,0,0,0,0,0,2.33,0,2.33,0,0,0,0,9.3,9.3,0,2.33,6.98,0,0,2.33,2.33,0,9.3,0,0,0,0,0,0,11.63,2.33,2.33,2.33,0,4.65,0,0
2796,buyer,1,61,19.57,1.37,98.05,20.23,30.5,6.56,96.72,80.33,65.57,18.03,18.03,13.11,0,4.92,0,0,0,16.39,9.84,0,13.11,8.2,8.2,13.11,3.28,16.39,8.2,6.56,3.28,0,0,3.28,22.95,0,19.67,8.2,1.64,4.92,1.64,0,6.56,0,6.56,3.28,3.28,3.28,0,3.28,0,0,0,0,9.84,4.92,1.64,1.64,0,0,1.64,4.92,0,0,0,0,0,0,0,0,9.84,0,0,4.92,4.92,0,0,0,0,0,0,0,0,0,0,0,0,3.28,0,1.64,0,0,0,0,9.84,6.56,0,0,4.92,0,0,1.64,1.64,0,6.56,1.64,1.64,0,1.64,0,0,9.84,3.28,1.64,0,0,4.92,0,0
2796,buyer,1,52,1,1,97.38,4.87,26,11.54,98.08,80.77,65.38,23.08,21.15,15.38,0,5.77,0,0,1.92,17.31,7.69,0,5.77,11.54,11.54,9.62,5.77,17.31,9.62,5.77,3.85,0,0,3.85,30.77,1.92,21.15,7.69,3.85,3.85,0,1.92,5.77,0,9.62,3.85,5.77,3.85,0,3.85,0,0,0,0,15.38,9.62,1.92,1.92,0,1.92,1.92,5.77,0,0,0,0,0,0,0,0,7.69,0,0,3.85,3.85,0,0,0,0,0,0,0,0,0,0,0,0,1.92,0,3.85,0,0,0,0,7.69,3.85,0,0,3.85,0,0,0,0,3.85,5.77,1.92,1.92,0,1.92,0,0,15.38,3.85,3.85,0,0,7.69,0,0
2796,buyer,1,73,2.52,32.36,98.47,1,24.33,10.96,98.63,82.19,61.64,23.29,21.92,12.33,1.37,8.22,0,0,1.37,15.07,5.48,0,9.59,10.96,8.22,12.33,2.74,20.55,9.59,4.11,5.48,1.37,0,4.11,34.25,1.37,23.29,9.59,4.11,2.74,0,1.37,5.48,0,9.59,2.74,6.85,4.11,0,4.11,0,0,0,0,16.44,6.85,2.74,2.74,0,1.37,1.37,9.59,0,0,0,0,0,0,0,0,9.59,0,0,6.85,2.74,0,0,0,0,0,0,0,0,0,0,1.37,0,4.11,0,2.74,0,0,0,0,10.96,5.48,0,0,5.48,0,0,0,0,2.74,2.74,5.48,2.74,0,2.74,0,0,17.81,4.11,6.85,0,0,6.85,0,0
2796,buyer,1,64,1.54,99,75.23,1.56,21.33,17.19,93.75,78.13,60.94,23.44,21.88,6.25,6.25,9.38,0,0,1.56,15.63,3.13,0,7.81,9.38,7.81,12.5,3.13,17.19,6.25,6.25,9.38,6.25,0,3.13,31.25,1.56,20.31,7.81,4.69,1.56,0,1.56,4.69,0,6.25,1.56,4.69,1.56,0,1.56,0,0,0,0,21.88,6.25,3.13,3.13,0,1.56,0,15.63,0,0,0,0,0,0,0,0,10.94,0,0,6.25,4.69,0,0,0,0,0,0,0,0,0,0,1.56,0,3.13,0,3.13,0,0,0,0,9.38,4.69,0,0,4.69,0,0,0,0,3.13,1.56,4.69,3.13,0,3.13,0,0,21.88,3.13,10.94,1.56,0,6.25,0,0
2796,buyer,1,49,8.47,99,51.8,4.4,16.33,16.33,91.84,71.43,55.1,20.41,20.41,4.08,8.16,8.16,0,0,0,14.29,2.04,0,10.2,6.12,6.12,14.29,0,14.29,4.08,6.12,12.24,8.16,0,4.08,24.49,0,18.37,8.16,4.08,2.04,0,0,4.08,0,6.12,2.04,4.08,2.04,0,2.04,0,0,0,0,20.41,4.08,4.08,4.08,0,0,0,16.33,0,0,0,0,0,0,0,0,14.29,0,0,10.2,4.08,0,0,0,0,0,0,0,0,0,0,2.04,0,6.12,0,0,0,0,0,0,10.2,4.08,0,0,4.08,0,0,0,0,0,0,6.12,4.08,0,4.08,0,0,18.37,2.04,10.2,2.04,0,4.08,0,0
2796,seller,1,49,3.32,94.42,7.55,1,9.8,14.29,100,79.59,69.39,24.49,14.29,0,8.16,6.12,0,0,10.2,22.45,4.08,0,12.24,14.29,2.04,6.12,10.2,18.37,6.12,0,8.16,8.16,0,0,32.65,4.08,20.41,4.08,0,4.08,6.12,0,8.16,0,6.12,0,6.12,2.04,0,2.04,0,0,0,0,24.49,6.12,2.04,2.04,0,2.04,0,16.33,0,0,0,0,0,0,0,0,12.24,0,0,10.2,4.08,0,0,0,0,0,0,0,0,0,0,0,0,2.04,0,0,0,0,0,0,10.2,0,0,0,0,0,0,0,2.04,4.08,6.12,2.04,0,0,0,0,0,14.29,6.12,4.08,4.08,0,0,0,0
2796,seller,1,61,5.47,95.74,11.41,1,8.71,13.11,96.72,73.77,63.93,22.95,16.39,1.64,6.56,8.2,0,0,6.56,21.31,4.92,0,9.84,13.11,1.64,6.56,8.2,18.03,3.28,0,8.2,6.56,0,1.64,31.15,3.28,19.67,3.28,0,4.92,6.56,0,8.2,0,4.92,0,4.92,1.64,0,1.64,0,0,0,0,27.87,9.84,3.28,3.28,0,1.64,1.64,16.39,0,0,0,0,0,0,0,0,11.48,0,0,8.2,4.92,0,0,0,0,0,0,0,0,0,0,0,0,3.28,0,0,0,0,0,1.64,13.11,1.64,0,0,1.64,0,0,0,1.64,3.28,3.28,1.64,1.64,0,1.64,0,0,14.75,6.56,3.28,4.92,0,0,0,0
2796,seller,1,55,5.06,61.66,16.38,5.35,9.17,10.91,92.73,67.27,56.36,21.82,16.36,5.45,3.64,7.27,0,0,5.45,14.55,3.64,1.82,5.45,12.73,1.82,7.27,3.64,18.18,3.64,1.82,5.45,3.64,0,1.82,30.91,0,25.45,5.45,0,10.91,5.45,0,9.09,0,9.09,3.64,5.45,7.27,3.64,3.64,0,0,0,0,21.82,9.09,3.64,3.64,0,0,1.82,10.91,0,0,0,0,0,0,0,0,12.73,0,0,7.27,5.45,0,0,0,0,0,0,0,0,0,0,0,0,3.64,0,0,0,0,0,1.82,7.27,3.64,0,0,3.64,0,0,0,0,0,5.45,0,1.82,0,1.82,0,0,12.73,3.64,1.82,7.27,0,0,0,0
2796,seller,1,40,8.11,26.5,63.35,59.44,8,10,90,67.5,55,22.5,17.5,10,0,7.5,0,0,5,17.5,5,5,2.5,10,2.5,7.5,0,17.5,5,5,2.5,0,0,2.5,27.5,0,25,7.5,0,10,7.5,0,7.5,0,7.5,5,2.5,7.5,5,2.5,0,0,0,0,17.5,10,2.5,2.5,0,0,5,7.5,0,0,0,0,0,0,0,0,10,0,0,5,5,0,0,0,0,0,0,0,0,0,0,0,0,2.5,0,0,0,0,0,2.5,7.5,5,0,0,5,0,0,0,0,0,2.5,0,2.5,0,2.5,0,0,12.5,7.5,0,5,0,0,0,0
2796,seller,1,38,4.13,7.5,84.38,61.63,7.6,7.89,92.11,73.68,60.53,21.05,13.16,7.89,2.63,2.63,0,0,7.89,10.53,0,5.26,10.53,13.16,7.89,5.26,2.63,21.05,7.89,7.89,2.63,2.63,0,0,28.95,0,23.68,7.89,0,7.89,5.26,0,7.89,0,7.89,5.26,2.63,7.89,5.26,2.63,0,0,0,0,10.53,5.26,0,0,0,0,5.26,5.26,0,0,0,0,0,0,0,0,13.16,0,0,5.26,7.89,0,0,0,0,0,0,0,0,0,0,0,0,2.63,0,2.63,0,0,0,0,2.63,7.89,0,0,7.89,0,0,0,0,0,7.89,0,0,0,0,0,0,13.16,7.89,0,5.26,0,0,0,0
2796,seller,1,53,2.94,97.81,87.76,5.02,7.57,11.32,92.45,69.81,56.6,22.64,18.87,3.77,7.55,7.55,0,0,3.77,11.32,1.89,1.89,9.43,9.43,7.55,7.55,5.66,18.87,5.66,3.77,11.32,7.55,0,3.77,26.42,0,16.98,5.66,1.89,0,3.77,0,7.55,0,1.89,0,1.89,1.89,0,1.89,0,0,0,0,24.53,7.55,0,3.77,0,0,3.77,16.98,0,0,0,1.89,0,0,0,0,15.09,0,0,7.55,7.55,0,0,0,0,0,0,0,0,0,0,0,0,3.77,0,1.89,0,0,0,0,7.55,5.66,0,0,5.66,0,0,0,1.89,0,9.43,0,0,0,0,0,0,15.09,7.55,0,3.77,1.89,1.89,0,0
2796,seller,1,55,2.8,98.58,63.35,20.23,7.86,12.73,90.91,69.09,56.36,20,16.36,1.82,7.27,7.27,0,0,3.64,7.27,1.82,0,10.91,10.91,9.09,9.09,5.45,20,3.64,1.82,12.73,7.27,0,5.45,27.27,0,14.55,3.64,1.82,0,3.64,0,7.27,0,3.64,1.82,1.82,1.82,0,1.82,0,0,0,0,25.45,9.09,1.82,5.45,0,0,3.64,16.36,0,0,0,1.82,0,0,0,0,14.55,0,0,7.27,7.27,0,0,0,0,0,0,0,0,0,0,0,0,3.64,0,1.82,0,0,0,1.82,7.27,5.45,0,0,5.45,0,0,0,1.82,0,9.09,1.82,0,0,0,0,0,14.55,5.45,0,5.45,1.82,1.82,0,0
2796,seller,1,70,1,72.87,42.95,7.42,8.75,11.43,94.29,75.71,62.86,24.29,20,7.14,4.29,8.57,0,0,4.29,12.86,4.29,0,7.14,14.29,4.29,11.43,5.71,22.86,5.71,0,10,4.29,1.43,4.29,28.57,0,17.14,1.43,2.86,4.29,1.43,0,8.57,0,4.29,1.43,2.86,1.43,0,1.43,0,0,0,0,21.43,7.14,2.86,4.29,0,0,1.43,14.29,0,0,0,1.43,0,0,0,0,10,0,0,7.14,2.86,0,0,0,0,0,0,0,0,0,0,0,0,1.43,0,0,0,0,0,1.43,8.57,1.43,0,0,1.43,0,0,0,2.86,4.29,7.14,1.43,0,0,0,0,0,12.86,5.71,0,2.86,1.43,2.86,0,0
2796,seller,1,40,1,3.95,28.56,20.23,10,10,97.5,85,67.5,22.5,17.5,10,0,7.5,0,0,5,12.5,5,0,7.5,20,2.5,12.5,5,30,7.5,0,5,0,2.5,2.5,32.5,0,17.5,0,2.5,7.5,0,0,10,0,5,2.5,2.5,0,0,0,0,0,0,0,15,7.5,5,2.5,0,0,2.5,7.5,0,0,0,0,0,0,0,0,5,0,0,5,0,0,0,0,0,0,0,0,0,0,0,0,0,0,0,0,0,0,0,2.5,10,0,0,0,0,0,0,0,2.5,10,5,2.5,2.5,0,2.5,0,0,12.5,5,0,2.5,2.5,2.5,0,0
2796,seller,1,54,3.37,20.91,27.44,5.19,13.5,18.52,92.59,66.67,51.85,18.52,14.81,7.41,0,3.7,0,3.7,3.7,12.96,3.7,0,3.7,16.67,0,9.26,3.7,25.93,5.56,0,5.56,0,1.85,3.7,29.63,0,16.67,3.7,1.85,5.56,0,0,7.41,0,1.85,0,1.85,0,0,0,0,0,0,0,16.67,5.56,5.56,3.7,0,0,0,11.11,0,0,0,0,0,0,0,0,18.52,0,0,7.41,11.11,0,0,0,0,0,0,0,0,0,0,0,0,7.41,0,0,0,0,0,0,12.96,0,0,0,0,0,0,0,1.85,11.11,5.56,0,1.85,0,1.85,0,0,18.52,5.56,7.41,0,1.85,1.85,1.85,0
2800,buyer,1,55,61.45,21.2,2.49,93.39,55,12.73,87.27,69.09,61.82,20,18.18,12.73,0,5.45,0,0,1.82,16.36,10.91,1.82,14.55,7.27,5.45,5.45,0,9.09,5.45,1.82,1.82,0,0,1.82,16.36,0,14.55,1.82,0,9.09,1.82,1.82,1.82,0,16.36,10.91,5.45,10.91,9.09,1.82,0,0,0,0,12.73,7.27,1.82,3.64,0,3.64,1.82,5.45,0,0,0,0,0,0,0,0,9.09,0,0,5.45,3.64,0,0,0,0,0,0,0,0,0,0,0,0,0,0,0,0,0,0,0,1.82,1.82,0,0,0,0,1.82,0,0,1.82,1.82,0,0,0,0,0,0,3.64,0,3.64,0,0,0,0,0
2800,buyer,1,54,12.89,20.91,17.46,48.44,54,11.11,87.04,75.93,66.67,25.93,18.52,12.96,0,5.56,0,0,7.41,14.81,7.41,1.85,11.11,11.11,5.56,7.41,0,12.96,5.56,1.85,1.85,0,0,1.85,24.07,5.56,14.81,3.7,0,7.41,1.85,1.85,1.85,0,9.26,5.56,3.7,7.41,5.56,1.85,0,0,0,0,9.26,3.7,1.85,1.85,0,1.85,0,5.56,0,0,0,0,0,0,0,0,5.56,0,0,3.7,1.85,0,0,0,0,0,0,0,0,0,0,0,0,0,0,0,0,0,0,0,5.56,3.7,0,0,1.85,0,1.85,0,0,0,5.56,0,1.85,0,1.85,0,0,3.7,0,3.7,0,0,0,0,0
2800,buyer,1,51,13.06,63.27,32.94,50.31,51,17.65,88.24,62.75,50.98,19.61,11.76,5.88,0,1.96,0,3.92,7.84,13.73,3.92,1.96,5.88,11.76,3.92,5.88,0,17.65,3.92,3.92,5.88,0,0,5.88,25.49,5.88,9.8,5.88,0,1.96,1.96,0,1.96,0,1.96,1.96,0,1.96,1.96,0,0,0,0,0,15.69,5.88,5.88,5.88,0,0,0,9.8,0,0,0,0,0,0,0,0,17.65,0,0,5.88,11.76,0,0,0,0,0,0,0,0,0,0,0,0,7.84,0,1.96,0,0,0,0,11.76,5.88,0,0,3.92,0,1.96,0,0,3.92,7.84,0,1.96,0,1.96,0,0,13.73,1.96,9.8,0,0,0,1.96,0
2800,seller,1,65,19.94,87.26,30.98,99,10.83,10.77,92.31,80,67.69,21.54,16.92,7.69,4.62,4.62,0,0,4.62,12.31,6.15,0,16.92,12.31,12.31,4.62,0,20,6.15,1.54,7.69,6.15,0,1.54,27.69,0,21.54,4.62,3.08,10.77,1.54,0,1.54,0,10.77,9.23,1.54,7.69,6.15,1.54,0,0,0,0,13.85,4.62,3.08,1.54,0,0,1.54,9.23,0,0,0,0,0,0,0,0,3.08,0,0,1.54,1.54,0,0,0,0,0,0,0,0,0,0,0,0,1.54,0,0,0,0,0,0,10.77,7.69,0,1.54,7.69,0,0,0,3.08,3.08,6.15,0,0,0,0,0,0,10.77,6.15,1.54,3.08,0,0,0,0
2800,seller,1,89,19.11,98.23,48.97,94.24,11.13,12.36,92.13,76.4,64.04,21.35,19.1,6.74,3.37,8.99,0,0,2.25,14.61,4.49,0,13.48,8.99,11.24,4.49,0,13.48,10.11,2.25,6.74,4.49,0,2.25,26.97,0,19.1,4.49,2.25,7.87,1.12,1.12,2.25,0,12.36,8.99,3.37,8.99,5.62,3.37,0,0,0,0,16.85,4.49,3.37,2.25,0,0,1.12,12.36,0,0,0,0,0,0,0,0,6.74,0,0,4.49,2.25,0,0,0,0,0,0,0,0,0,0,0,0,1.12,0,1.12,0,0,0,0,8.99,6.74,0,1.12,6.74,0,0,0,4.49,3.37,4.49,0,0,0,0,0,0,13.48,5.62,4.49,2.25,1.12,0,0,0
2800,seller,1,71,25.24,96.91,70.75,98.49,10.14,14.08,92.96,74.65,61.97,19.72,16.9,5.63,4.23,7.04,0,0,2.82,15.49,4.23,0,12.68,7.04,12.68,2.82,0,12.68,9.86,2.82,8.45,5.63,0,2.82,25.35,0,16.9,4.23,1.41,5.63,1.41,1.41,2.82,0,12.68,9.86,2.82,7.04,4.23,2.82,0,0,0,0,16.9,5.63,4.23,2.82,0,0,1.41,11.27,0,0,0,0,0,0,0,0,7.04,0,0,5.63,1.41,0,0,0,0,0,0,0,0,0,0,0,0,2.82,0,1.41,0,0,0,0,9.86,8.45,0,1.41,8.45,0,0,0,4.23,2.82,5.63,0,0,0,0,0,0,12.68,5.63,4.23,1.41,1.41,0,0,0
2801,buyer,1,27,55.25,1,10.18,20.23,27,7.41,92.59,77.78,59.26,14.81,11.11,11.11,0,0,0,0,3.7,14.81,14.81,0,7.41,14.81,0,3.7,3.7,25.93,7.41,0,3.7,0,0,3.7,29.63,7.41,11.11,0,0,7.41,0,0,3.7,0,14.81,7.41,7.41,7.41,7.41,0,0,0,0,0,7.41,7.41,0,0,0,7.41,0,0,0,0,0,0,0,0,0,0,0,0,0,0,0,0,0,0,0,0,0,0,0,0,0,0,0,3.7,0,0,0,0,0,0,3.7,3.7,0,0,3.7,0,0,0,0,14.81,3.7,0,0,0,0,0,0,0,0,0,0,0,0,0,0
2801,buyer,1,28,26.1,1,24.32,75.77,28,10.71,89.29,78.57,64.29,21.43,14.29,10.71,0,3.57,0,0,7.14,17.86,10.71,3.57,7.14,14.29,0,3.57,3.57,25,3.57,7.14,0,0,0,0,32.14,7.14,14.29,0,0,7.14,0,0,7.14,0,10.71,7.14,3.57,7.14,7.14,0,0,0,0,0,7.14,3.57,0,0,0,3.57,0,3.57,0,0,0,0,0,0,0,0,0,0,0,0,0,0,0,0,0,0,0,0,0,0,0,0,0,0,0,0,0,0,0,0,3.57,3.57,0,0,3.57,0,0,0,0,17.86,3.57,0,0,0,0,0,0,3.57,0,3.57,0,0,0,0,0
2801,buyer,1,30,2.14,40.06,39.59,97.84,30,13.33,90,73.33,66.67,36.67,26.67,13.33,3.33,10,0,0,10,23.33,6.67,3.33,3.33,10,0,3.33,3.33,16.67,3.33,6.67,3.33,3.33,0,0,36.67,6.67,16.67,0,0,6.67,0,0,10,0,6.67,6.67,0,6.67,6.67,0,0,0,0,0,13.33,0,0,0,0,0,0,13.33,0,0,0,0,3.33,0,0,3.33,6.67,0,0,0,6.67,0,0,0,0,0,0,0,0,0,0,0,0,3.33,0,0,0,0,0,0,0,0,0,0,0,0,0,0,0,13.33,3.33,0,0,0,0,0,0,10,0,3.33,0,0,0,6.67,0
2801,buyer,1,46,11.2,65.68,9.43,99,46,6.52,86.96,73.91,60.87,30.43,23.91,13.04,2.17,8.7,0,0,6.52,21.74,8.7,2.17,4.35,10.87,2.17,2.17,0,19.57,6.52,4.35,2.17,2.17,0,0,23.91,0,15.22,0,2.17,8.7,0,0,4.35,0,13.04,10.87,2.17,10.87,10.87,0,0,0,0,0,13.04,2.17,0,0,0,2.17,0,10.87,0,0,0,0,2.17,0,0,2.17,6.52,0,0,0,6.52,0,0,0,0,0,0,0,0,0,0,0,0,2.17,0,0,0,0,0,0,2.17,2.17,0,0,2.17,0,0,0,0,8.7,2.17,0,0,0,0,0,0,10.87,0,6.52,0,0,0,4.35,0
2801,buyer,1,53,15.07,62.44,2.78,94.44,53,7.55,88.68,75.47,60.38,26.42,20.75,11.32,1.89,7.55,0,0,5.66,18.87,9.43,0,5.66,13.21,1.89,3.77,0,20.75,7.55,0,3.77,1.89,0,1.89,22.64,0,15.09,0,1.89,9.43,1.89,0,3.77,0,13.21,9.43,3.77,9.43,9.43,0,0,0,0,0,15.09,5.66,1.89,1.89,0,3.77,0,9.43,0,0,0,0,1.89,0,0,1.89,5.66,0,0,0,5.66,0,0,0,0,0,0,0,0,0,0,0,0,1.89,0,0,0,0,0,0,3.77,1.89,0,0,1.89,0,0,0,0,5.66,3.77,0,1.89,0,1.89,0,0,11.32,0,7.55,0,0,0,3.77,0
2801,buyer,1,57,22.98,50.51,14.46,46.76,57,14.04,87.72,63.16,45.61,17.54,14.04,7.02,0,3.51,0,3.51,3.51,14.04,7.02,0,3.51,12.28,1.75,3.51,1.75,21.05,7.02,1.75,5.26,0,0,5.26,21.05,0,14.04,3.51,1.75,5.26,1.75,0,3.51,0,8.77,5.26,3.51,5.26,5.26,0,0,0,0,0,19.3,8.77,5.26,5.26,0,3.51,0,10.53,0,0,0,0,0,0,0,0,15.79,0,0,3.51,12.28,0,0,0,0,0,0,0,0,0,0,0,0,7.02,0,1.75,0,0,0,0,8.77,3.51,0,0,3.51,0,0,0,0,5.26,5.26,0,1.75,0,1.75,0,0,19.3,1.75,14.04,0,0,1.75,1.75,0
2801,buyer,1,36,19.76,72.07,22.12,20.23,18,22.22,88.89,52.78,36.11,13.89,11.11,2.78,0,2.78,0,5.56,2.78,11.11,2.78,0,2.78,11.11,0,5.56,2.78,19.44,5.56,2.78,8.33,0,0,8.33,19.44,0,13.89,5.56,0,2.78,2.78,0,5.56,0,5.56,2.78,2.78,0,0,0,0,0,0,0,25,11.11,8.33,8.33,0,2.78,0,13.89,0,0,0,0,0,0,0,0,25,0,0,8.33,16.67,0,0,0,0,0,0,0,0,0,0,0,0,13.89,0,2.78,0,0,0,0,11.11,2.78,0,0,2.78,0,0,0,0,5.56,5.56,0,2.78,0,2.78,0,0,25,2.78,16.67,0,0,2.78,2.78,0
2801,seller,1,28,46.07,99,2.36,1,5.6,3.57,96.43,82.14,57.14,25,10.71,0,7.14,3.57,0,0,14.29,14.29,7.14,3.57,10.71,10.71,0,0,0,21.43,14.29,3.57,14.29,10.71,0,3.57,14.29,0,3.57,0,0,0,0,0,3.57,0,10.71,3.57,7.14,0,0,0,0,0,0,0,28.57,17.86,7.14,3.57,0,7.14,3.57,14.29,0,0,0,0,0,0,0,0,0,0,0,0,0,0,0,0,0,0,0,0,0,0,0,0,0,0,0,0,0,0,0,0,3.57,14.29,7.14,0,3.57,0,3.57,0,0,10.71,0,7.14,0,0,0,0,0,17.86,3.57,3.57,10.71,0,0,0,0
2801,seller,1,46,11.2,99,17.84,1,9.2,8.7,95.65,78.26,63.04,26.09,15.22,0,8.7,6.52,0,0,10.87,10.87,6.52,2.17,8.7,13.04,2.17,4.35,2.17,23.91,4.35,2.17,13.04,10.87,0,2.17,23.91,0,13.04,4.35,0,2.17,4.35,0,6.52,0,4.35,0,4.35,0,0,0,0,0,0,0,26.09,8.7,2.17,0,0,2.17,2.17,19.57,0,0,0,0,0,0,0,0,2.17,0,0,2.17,0,0,0,0,0,0,0,0,0,0,0,0,0,0,0,0,0,0,0,0,8.7,8.7,4.35,0,4.35,0,0,0,0,8.7,4.35,4.35,0,0,0,0,0,15.22,2.17,2.17,8.7,0,2.17,0,0
2801,seller,1,83,6.89,99,9.35,3.11,10.38,12.05,90.36,74.7,62.65,26.51,18.07,0,9.64,8.43,0,0,8.43,13.25,8.43,1.2,6.02,10.84,4.82,6.02,2.41,19.28,2.41,1.2,12.05,10.84,0,1.2,24.1,1.2,13.25,2.41,0,2.41,3.61,1.2,8.43,0,2.41,0,2.41,0,0,0,0,0,0,0,25.3,4.82,1.2,0,0,1.2,1.2,21.69,0,0,0,0,1.2,0,0,1.2,2.41,0,0,1.2,1.2,0,0,0,0,0,0,0,0,0,0,0,0,1.2,0,0,0,0,0,0,7.23,4.82,2.41,0,2.41,0,0,0,0,8.43,4.82,3.61,1.2,0,1.2,0,0,12.05,4.82,1.2,3.61,0,2.41,0,0
2801,seller,1,102,6.76,99,9.16,1.85,11.33,12.75,88.24,72.55,63.73,25.49,18.63,0,9.8,8.82,0,0,6.86,12.75,8.82,0,6.86,10.78,4.9,7.84,2.94,15.69,3.92,0,9.8,9.8,0,0,23.53,0.98,14.71,2.94,0,2.94,3.92,0.98,8.82,0,2.94,0,2.94,0,0,0,0,0,0,0,25.49,4.9,0,0,0,0.98,0.98,20.59,0,0,0,0,1.96,0,0,1.96,3.92,0,0,1.96,1.96,0,0,0,0,0,0,0,0,0,0,0,0,0.98,0,0,0,0,0,0,4.9,1.96,0,0,1.96,0,0,0,0,6.86,4.9,0.98,0.98,0,0.98,0,0,12.75,6.86,1.96,1.96,0,1.96,0,0
2801,seller,1,101,14.19,99,9.49,1.8,12.63,12.87,89.11,73.27,62.38,25.74,19.8,0.99,9.9,8.91,0,0,5.94,15.84,9.9,0,7.92,8.91,3.96,7.92,1.98,14.85,4.95,0,11.88,9.9,0,1.98,20.79,0.99,11.88,1.98,0,1.98,2.97,0.99,6.93,0,2.97,0,2.97,0.99,0,0.99,0,0,0,0,24.75,4.95,0.99,0.99,0,0.99,0.99,19.8,0,0,0,0,2.97,0,0,2.97,2.97,0,0,0.99,1.98,0,0,0,0,0,0,0,0,0,0,0,0,0.99,0,0,0,0,0,0,3.96,2.97,0.99,0,1.98,0.99,0,0,0.99,7.92,2.97,2.97,0.99,0,0.99,0,0,10.89,7.92,1.98,0,0,0.99,0,0
2801,seller,1,60,22.17,99,19.26,1,10,11.67,93.33,71.67,60,25,20,1.67,10,8.33,0,0,5,15,8.33,0,10,8.33,1.67,8.33,1.67,15,6.67,0,15,10,0,5,18.33,0,11.67,3.33,0,1.67,3.33,0,5,0,5,0,5,1.67,0,1.67,0,0,0,0,26.67,8.33,1.67,1.67,1.67,0,1.67,18.33,0,0,0,0,3.33,0,0,3.33,5,0,0,3.33,1.67,0,0,0,0,0,0,0,0,0,0,0,0,0,0,0,0,0,0,0,3.33,5,1.67,0,3.33,1.67,0,0,1.67,6.67,1.67,3.33,0,0,0,0,0,11.67,8.33,3.33,0,0,0,0,0
2801,seller,1,48,21.24,97.37,54.55,1,16,16.67,95.83,60.42,41.67,18.75,14.58,2.08,4.17,4.17,0,4.17,4.17,14.58,4.17,0,6.25,8.33,0,6.25,4.17,22.92,4.17,2.08,14.58,4.17,0,10.42,22.92,0,12.5,6.25,0,0,2.08,0,4.17,0,4.17,0,4.17,2.08,0,2.08,0,0,0,0,27.08,10.42,6.25,6.25,2.08,0,2.08,16.67,0,0,0,0,2.08,0,0,2.08,18.75,0,0,6.25,12.5,0,0,0,0,0,0,0,0,0,0,0,0,8.33,0,2.08,0,0,0,0,10.42,6.25,2.08,0,4.17,2.08,0,0,2.08,12.5,2.08,4.17,0,0,0,0,0,22.92,6.25,10.42,0,0,4.17,2.08,0
2802,buyer,1,40,11.36,1,89.39,2.86,20,22.5,82.5,70,57.5,20,12.5,12.5,0,0,0,0,7.5,17.5,10,0,5,12.5,5,7.5,2.5,20,7.5,2.5,0,0,0,0,27.5,0,15,2.5,5,5,2.5,0,5,0,2.5,0,2.5,0,0,0,0,0,0,0,0,0,0,0,0,0,0,0,0,0,0,0,0,0,0,0,0,0,0,0,0,0,0,0,0,0,0,0,0,0,0,0,0,5,0,0,0,0,0,0,0,5,0,2.5,2.5,0,0,0,5,12.5,2.5,0,0,0,0,0,0,2.5,2.5,0,0,0,0,0,0
2802,buyer,1,53,22.75,72.6,41.82,78.39,17.67,24.53,84.91,66.04,56.6,20.75,16.98,9.43,0,7.55,0,0,3.77,16.98,7.55,0,7.55,11.32,3.77,5.66,0,16.98,5.66,1.89,1.89,0,0,1.89,24.53,0,13.21,3.77,1.89,3.77,3.77,0,1.89,0,7.55,5.66,1.89,1.89,1.89,0,0,0,0,0,15.09,5.66,5.66,5.66,0,0,3.77,9.43,0,0,0,0,0,0,0,0,5.66,0,0,5.66,1.89,0,0,0,0,0,0,0,0,0,0,0,0,3.77,0,0,0,0,0,0,1.89,1.89,0,0,1.89,0,0,0,3.77,7.55,1.89,1.89,0,0,0,0,0,3.77,3.77,0,0,0,0,0,0
2802,buyer,1,41,34.12,99,1,99,20.5,21.95,92.68,70.73,56.1,21.95,19.51,7.32,0,12.2,0,0,2.44,14.63,2.44,0,12.2,9.76,0,4.88,0,17.07,9.76,2.44,2.44,0,0,2.44,14.63,0,12.2,2.44,2.44,4.88,2.44,0,0,0,14.63,12.2,2.44,4.88,4.88,0,0,0,0,0,29.27,12.2,12.2,9.76,0,0,7.32,17.07,0,0,0,0,0,0,0,0,12.2,0,0,12.2,4.88,0,0,0,0,0,0,0,0,0,0,0,0,0,0,0,0,0,0,0,4.88,0,0,0,0,0,0,0,0,0,2.44,2.44,0,0,0,0,0,2.44,2.44,0,0,0,0,0,0
2802,buyer,1,34,37.99,99,1.39,99,17,20.59,91.18,61.76,47.06,20.59,20.59,5.88,0,14.71,0,0,0,8.82,0,0,11.76,5.88,0,5.88,0,14.71,5.88,0,2.94,0,0,2.94,11.76,0,8.82,2.94,0,2.94,2.94,0,0,0,20.59,17.65,2.94,5.88,5.88,0,0,0,0,0,35.29,14.71,14.71,11.76,0,0,8.82,20.59,0,0,0,0,0,0,0,0,17.65,0,0,17.65,5.88,0,0,0,0,0,0,0,0,0,0,0,0,2.94,0,0,0,0,0,0,5.88,0,0,0,0,0,0,0,0,0,2.94,2.94,0,0,0,0,0,2.94,2.94,0,0,0,0,0,0
2802,seller,1,70,52.56,95.38,80.49,20.23,14,14.29,92.86,77.14,65.71,18.57,10,1.43,5.71,2.86,0,0,8.57,18.57,7.14,1.43,18.57,12.86,2.86,7.14,0,17.14,8.57,2.86,11.43,7.14,0,4.29,25.71,0,17.14,4.29,5.71,1.43,5.71,0,4.29,0,5.71,2.86,2.86,2.86,2.86,0,0,0,0,0,14.29,4.29,1.43,1.43,0,0,1.43,10,0,0,0,0,0,0,0,0,7.14,0,0,2.86,4.29,0,0,0,0,0,0,0,0,0,0,0,0,1.43,0,1.43,0,0,0,0,7.14,10,0,2.86,10,0,0,0,1.43,1.43,7.14,1.43,0,0,0,0,0,14.29,4.29,5.71,2.86,0,1.43,0,0
2802,seller,1,74,35.05,99,36.48,62.77,12.33,16.22,95.95,77.03,64.86,20.27,13.51,1.35,8.11,4.05,0,0,6.76,17.57,8.11,1.35,14.86,10.81,4.05,9.46,0,16.22,8.11,2.7,14.86,10.81,0,4.05,28.38,0,18.92,4.05,4.05,4.05,6.76,0,4.05,0,8.11,5.41,2.7,4.05,4.05,0,0,0,0,0,20.27,4.05,1.35,1.35,0,0,1.35,16.22,0,0,0,0,0,0,0,0,9.46,0,0,5.41,5.41,0,0,0,0,0,0,0,0,0,0,0,1.35,2.7,0,1.35,0,0,0,0,5.41,6.76,0,1.35,6.76,0,0,0,2.7,0,8.11,4.05,0,0,0,0,0,13.51,6.76,4.05,1.35,0,1.35,0,0
2802,seller,1,68,37.99,99,26.78,66.58,13.6,22.06,92.65,64.71,48.53,14.71,11.76,1.47,5.88,1.47,0,2.94,2.94,11.76,7.35,0,7.35,10.29,2.94,7.35,0,19.12,7.35,1.47,13.24,8.82,0,4.41,27.94,0,16.18,7.35,0,2.94,7.35,0,2.94,0,8.82,5.88,2.94,4.41,4.41,0,0,0,0,0,23.53,5.88,4.41,4.41,0,0,1.47,17.65,0,0,0,0,0,0,0,0,19.12,0,0,8.82,11.76,0,0,0,0,0,0,0,0,0,0,0,1.47,7.35,0,1.47,0,0,0,0,7.35,2.94,0,1.47,2.94,0,0,0,1.47,2.94,5.88,4.41,0,0,0,0,0,16.18,5.88,5.88,1.47,0,1.47,1.47,0
2804,buyer,1,22,6.68,1,50.45,86.79,22,4.55,100,81.82,68.18,27.27,18.18,13.64,4.55,0,0,0,9.09,9.09,9.09,0,9.09,13.64,0,9.09,4.55,22.73,0,0,4.55,4.55,0,0,36.36,0,22.73,0,4.55,9.09,0,0,9.09,0,4.55,4.55,0,0,0,0,0,0,0,0,13.64,9.09,0,4.55,0,0,4.55,4.55,0,0,0,0,0,0,0,0,9.09,0,0,4.55,4.55,0,0,0,0,0,0,0,0,0,0,0,4.55,4.55,0,0,0,0,0,0,4.55,0,0,0,0,0,0,0,4.55,9.09,4.55,0,4.55,0,4.55,0,0,0,0,0,0,0,0,0,0
2804,buyer,1,39,4.85,1.53,81.58,,19.5,2.56,100,87.18,69.23,30.77,17.95,12.82,2.56,2.56,0,0,12.82,7.69,5.13,0,12.82,10.26,2.56,10.26,2.56,23.08,2.56,0,2.56,2.56,0,0,30.77,0,15.38,0,2.56,5.13,0,0,7.69,0,0,0,0,0,0,0,0,0,0,0,10.26,5.13,0,0,0,0,0,5.13,0,0,0,0,0,0,0,0,10.26,0,0,2.56,7.69,0,0,0,0,0,0,0,0,0,0,0,2.56,5.13,0,0,0,0,0,0,10.26,5.13,0,0,5.13,0,0,0,2.56,10.26,5.13,0,5.13,0,5.13,0,0,2.56,2.56,0,0,0,0,0,0
2804,buyer,1,50,1,3.95,99,4.56,16.67,4,98,90,72,28,18,12,0,6,0,0,10,6,4,0,12,12,10,12,4,26,4,0,0,0,0,0,30,0,14,2,4,2,0,2,6,0,2,0,2,0,0,0,0,0,0,0,8,2,0,0,0,0,0,6,0,0,0,0,0,0,0,0,6,0,0,0,6,0,0,0,0,0,0,0,0,0,0,0,2,4,0,0,0,0,0,0,12,10,0,4,8,0,0,0,4,8,6,0,2,0,2,0,0,4,2,0,2,0,0,0,0
2804,buyer,1,63,3.98,16.63,94.6,6.51,15.75,4.76,93.65,84.13,66.67,23.81,15.87,11.11,0,4.76,0,0,7.94,11.11,6.35,0,12.7,11.11,11.11,11.11,1.59,19.05,9.52,0,1.59,0,0,1.59,22.22,0,9.52,4.76,1.59,1.59,0,1.59,1.59,0,7.94,3.17,4.76,3.17,0,3.17,0,0,0,0,9.52,4.76,1.59,1.59,0,1.59,0,4.76,0,0,0,0,0,0,0,0,6.35,0,0,3.17,3.17,0,0,0,0,0,0,0,0,0,0,0,0,1.59,0,0,0,0,0,0,9.52,7.94,0,3.17,6.35,0,0,0,1.59,3.17,6.35,1.59,3.17,0,3.17,0,0,6.35,3.17,0,1.59,0,1.59,0,0
2804,buyer,1,66,6.68,40.06,79.84,6.9,22,15.15,87.88,66.67,53.03,16.67,13.64,7.58,0,3.03,0,3.03,3.03,12.12,6.06,0,7.58,12.12,9.09,9.09,3.03,18.18,7.58,0,4.55,0,0,4.55,22.73,0,12.12,7.58,1.52,1.52,0,1.52,1.52,0,7.58,3.03,4.55,3.03,0,3.03,0,0,0,0,15.15,6.06,4.55,4.55,0,1.52,0,9.09,0,0,0,0,0,0,0,0,15.15,0,0,6.06,9.09,0,0,0,0,0,0,0,0,0,0,0,0,6.06,0,0,0,0,0,0,9.09,4.55,0,3.03,3.03,0,0,0,1.52,3.03,6.06,1.52,1.52,0,1.52,0,0,15.15,3.03,6.06,1.52,0,3.03,1.52,0
2804,seller,1,12,73.36,1,3.81,99,12,16.67,91.67,66.67,58.33,16.67,0,0,0,0,0,0,16.67,25,8.33,0,16.67,8.33,0,0,8.33,8.33,8.33,0,8.33,0,0,8.33,25,0,16.67,0,0,0,8.33,0,8.33,0,8.33,8.33,0,0,0,0,0,0,0,0,16.67,16.67,8.33,16.67,0,0,8.33,0,0,0,0,0,0,0,0,0,8.33,0,0,0,8.33,0,0,0,0,0,0,0,0,0,0,0,0,8.33,0,0,0,0,0,0,8.33,0,0,0,0,0,0,0,0,0,8.33,0,0,0,0,0,0,8.33,8.33,0,0,0,0,0,0
2804,seller,1,25,74.19,40.06,35.01,,12.5,8,92,80,68,20,12,4,0,8,0,0,8,28,16,0,12,12,0,0,4,16,12,0,4,0,0,4,28,0,16,0,0,0,4,0,12,0,0,0,0,0,0,0,0,0,0,0,16,4,4,4,0,0,0,12,0,0,0,0,0,0,0,0,8,0,0,0,8,0,0,0,0,0,0,0,0,0,0,0,0,4,0,0,0,0,0,0,4,4,0,0,0,4,0,0,0,8,8,0,0,0,0,0,0,12,8,4,0,0,0,0,0
2804,seller,1,31,51.31,40.06,17.19,97.31,10.33,6.45,87.1,77.42,61.29,19.35,9.68,3.23,0,6.45,0,0,9.68,22.58,9.68,0,9.68,12.9,0,0,3.23,19.35,12.9,3.23,0,0,0,0,25.81,0,12.9,0,0,0,3.23,0,9.68,0,6.45,6.45,0,0,0,0,0,0,0,0,12.9,3.23,0,0,0,0,0,9.68,0,0,0,0,0,0,0,0,6.45,0,0,0,6.45,0,0,0,0,0,0,0,0,0,0,0,0,0,0,0,0,0,0,0,3.23,3.23,0,0,0,3.23,0,0,0,6.45,6.45,3.23,0,0,0,0,0,16.13,9.68,6.45,0,0,0,0,0
2804,seller,1,40,47.15,94.84,15.38,99,10,12.5,92.5,72.5,57.5,22.5,17.5,5,2.5,10,0,0,5,22.5,10,0,7.5,10,0,0,2.5,20,7.5,2.5,5,2.5,0,2.5,20,0,7.5,0,0,0,0,0,7.5,0,12.5,12.5,0,0,0,0,0,0,0,0,25,10,5,5,0,0,2.5,15,0,0,0,0,0,0,0,0,10,0,0,5,5,0,0,0,0,0,0,0,0,0,0,0,0,2.5,0,0,0,0,0,0,5,2.5,0,0,0,2.5,0,0,0,7.5,2.5,5,0,0,0,0,0,15,10,5,0,0,0,0,0
2804,seller,1,28,35.59,91.33,2.36,99,7,17.86,92.86,60.71,46.43,21.43,14.29,3.57,3.57,7.14,0,0,7.14,17.86,3.57,0,7.14,7.14,0,0,3.57,17.86,3.57,3.57,7.14,3.57,0,3.57,14.29,0,3.57,0,0,0,0,0,3.57,0,21.43,21.43,0,0,0,0,0,0,0,0,25,14.29,7.14,7.14,0,0,3.57,10.71,0,0,0,0,0,0,0,0,14.29,0,0,10.71,3.57,0,0,0,0,0,0,0,0,0,0,0,0,7.14,0,0,0,0,0,0,7.14,0,0,0,0,0,0,0,0,3.57,0,7.14,0,0,0,0,0,14.29,10.71,3.57,0,0,0,0,0
2807,buyer,1,148,12.47,25.5,69.6,7.88,13.45,14.19,87.16,75,63.51,20.95,16.89,10.14,0.68,6.08,0,0,4.05,14.19,9.46,0.68,8.11,14.19,5.41,6.08,2.7,19.59,6.08,0,1.35,0.68,0.68,0,27.7,0,16.89,5.41,2.7,2.7,2.03,0.68,5.41,0,2.7,0.68,2.03,1.35,0.68,0.68,0,0,0,0,12.16,4.05,0,0,0.68,1.35,1.35,8.78,0.68,0,0,0.68,0,0,0,0,5.41,0,0,2.03,4.05,0,0.68,0.68,0.68,0,0,0,0,0,0,0,0.68,2.7,0,0,0,0,0,0,5.41,1.35,0,0,0.68,0,0,0.68,2.03,6.76,5.41,0.68,0,0,0,0,0,12.16,5.41,1.35,2.03,0,2.7,0.68,0
2807,buyer,1,210,10.84,18.49,91.58,10.73,16.15,15.71,86.67,73.33,64.29,21.9,17.62,10,0.95,6.19,0,0.48,4.29,13.33,8.1,0.48,9.52,12.38,3.81,9.52,2.86,17.14,4.76,0,1.9,0.95,0.48,0.48,28.1,0,18.1,5.71,2.38,1.9,2.86,0.48,7.62,0,1.9,0.48,1.43,0.95,0.48,0.48,0,0,0,0,12.86,4.29,0,0,0.48,1.43,1.43,9.05,0.48,0,0,0.48,0,0,0,0,5.71,0,0,3.33,2.86,0,0.48,0.48,0.48,0,0,0,0,0,0,0,0.48,1.9,0,0,0,0,0,0,3.81,2.38,0,0.48,1.9,0,0,0.48,1.9,5.71,4.29,0.95,0,0,0,0,0,10.48,5.24,1.9,0.95,0,1.9,0.48,0
2807,buyer,1,160,8.85,18.12,96.5,28.59,16,14.38,86.88,72.5,65.62,24.38,19.38,10.63,1.25,6.88,0,0.63,5,13.13,8.13,0.63,10,11.25,3.13,10.63,3.12,16.25,1.25,0,1.88,1.25,0,0.63,26.25,0,17.5,5,1.88,1.88,1.88,0.63,8.75,0,0.63,0.63,0,0.63,0.63,0,0,0,0,0,15,5.63,0,0,0,1.88,1.88,10,0,0,0,0,0,0,0,0,5.63,0,0,4.38,1.88,0,0,0,0,0,0,0,0,0,0,0,0.63,0.63,1.88,0,0,0,0,0,3.75,3.75,0,0.63,3.13,0,0,0.63,1.88,5.63,3.75,0.63,1.25,0,1.25,0,0,11.25,5,3.75,1.25,0,0.63,0.63,0
2807,seller,1,103,8.17,63.05,82.65,66.14,17.17,14.56,91.26,76.7,61.17,22.33,18.45,8.74,1.94,7.77,0,0,3.88,12.62,3.88,0,12.62,15.53,2.91,8.74,1.94,21.36,8.74,0.97,1.94,1.94,0,0,34.95,1.94,22.33,9.71,1.94,5.83,1.94,0,5.83,0,6.8,4.85,1.94,3.88,3.88,0,0,0,0,0,14.56,3.88,1.94,0,0,0.97,0,10.68,0.97,0,0,0.97,0,0,0,0,6.8,0,0,3.88,2.91,0,0,0,0,0,0,0,0,0,0,0.97,0,0.97,0,0,0,0,0,0,4.85,2.91,0,0.97,0.97,0,0,0.97,2.91,3.88,6.8,0.97,0.97,0,0.97,0,0,9.71,4.85,2.91,0,0,1.94,0,0
2807,seller,1,96,28.74,46.21,80.79,52.41,24,14.58,92.71,76.04,62.5,19.79,17.71,8.33,2.08,7.29,0,0,2.08,14.58,7.29,0,14.58,13.54,2.08,7.29,3.13,18.75,7.29,0,3.13,2.08,0,1.04,30.21,1.04,21.88,9.38,1.04,5.21,2.08,0,7.29,0,4.17,3.13,1.04,2.08,2.08,0,0,0,0,0,15.63,5.21,2.08,1.04,0,1.04,0,10.42,1.04,0,0,1.04,0,0,0,0,7.29,0,0,4.17,3.13,0,0,0,0,0,0,0,0,0,0,1.04,0,1.04,0,0,0,0,0,0,5.21,3.13,0,1.04,1.04,0,0,1.04,1.04,3.13,4.17,2.08,1.04,0,1.04,0,0,8.33,4.17,3.13,0,0,1.04,0,0
2807,seller,1,74,38.91,25.5,91.47,39.97,18.5,14.86,91.89,74.32,63.51,18.92,17.57,9.46,0,8.11,0,0,1.35,13.51,6.76,0,16.22,13.51,1.35,6.76,2.7,18.92,5.41,0,1.35,0,0,1.35,28.38,1.35,21.62,9.46,1.35,4.05,2.7,0,6.76,0,4.05,2.7,1.35,2.7,2.7,0,0,0,0,0,12.16,4.05,1.35,1.35,0,1.35,0,8.11,0,0,0,0,0,0,0,0,9.46,0,0,5.41,4.05,0,0,0,0,0,0,0,0,0,0,0,0,1.35,0,0,0,0,0,0,5.41,5.41,0,2.7,1.35,0,0,1.35,0,2.7,2.7,2.7,0,0,0,0,0,8.11,5.41,2.7,0,0,0,0,0
2808,buyer,1,104,39.14,4.48,57.98,49.66,104,14.42,84.62,68.27,58.65,19.23,9.62,7.69,0,1.92,0,0,9.62,14.42,7.69,0,13.46,14.42,0.96,4.81,1.92,18.27,4.81,0,0,0,0,0,22.12,0,10.58,0.96,0,1.92,2.88,0,5.77,0,1.92,1.92,0,0,0,0,0,0,0,0,8.65,4.81,2.88,2.88,0,0,1.92,3.85,0.96,0,0.96,0.96,0,0,0,0,3.85,0.96,0,0,2.88,0,0,0,0,0,0,0,0,0,0,0,0,2.88,0,0,0,0,0,0,2.88,4.81,0,2.88,2.88,0.96,0,0,0.96,6.73,5.77,0.96,0.96,0,0.96,0,0,0.96,0,0,0.96,0,0,0,0
2808,buyer,1,159,37.52,11.54,64.22,49.04,79.5,13.21,85.53,71.7,62.26,16.98,10.69,6.92,0,3.14,0.63,0,6.29,14.47,8.18,0.63,15.72,13.21,4.4,7.55,2.52,18.87,3.14,1.26,0.63,0,0,0.63,22.01,0,13.21,3.14,1.26,2.52,1.26,1.26,4.4,0,1.89,1.89,0,0,0,0,0,0,0,0,7.55,3.14,1.89,1.26,0,0,1.89,4.4,0,0,0,0.63,0,0,0,0,3.77,0,0,0,3.77,0,0,0,0,0,0,0,0,0,0,0,0,1.89,1.89,0.63,0,0,0,0,3.14,5.03,0.63,1.26,3.14,1.26,0.63,0,4.4,3.14,5.03,1.26,0.63,0,0.63,0,0,1.26,0.63,0,0.63,0,0,0,0
2808,buyer,1,154,12.37,26.01,64.25,71.21,51.33,15.58,90.26,75.97,65.58,20.78,14.29,8.44,0,4.55,0.65,0.65,6.49,14.29,5.19,0.65,15.58,14.29,5.84,9.74,1.95,19.48,4.55,1.95,0.65,0,0,0.65,27.92,0.65,18.83,5.19,3.25,3.25,1.95,1.95,3.25,0,3.25,3.25,0,0,0,0,0,0,0,0,9.09,2.6,1.3,1.3,0,0,2.6,6.49,0,0,0,0.65,0,0,0,0,3.9,0,0,0.65,3.25,0,0,0,0,0,0,0,0,0,0,0,0,1.95,1.95,0.65,0,0,0,0,5.19,3.9,0.65,0,1.95,1.3,0.65,0,5.19,1.3,5.19,1.95,0.65,0,0.65,0,0,1.95,0.65,0,1.3,0,0,0,0
2808,buyer,1,163,15.3,40.06,65.03,68.51,54.33,16.56,88.96,70.55,60.12,19.02,13.5,7.36,0,3.68,0.61,1.84,5.52,14.11,4.91,0.61,13.5,12.88,5.52,9.2,1.84,19.02,4.29,2.45,1.84,0,0,1.84,27.61,0.61,17.79,6.13,3.07,2.45,1.84,1.84,2.45,0,3.07,3.07,0,0,0,0,0,0,0,0,11.04,3.07,2.45,2.45,0,0,1.84,7.98,0,0,0,0.61,0,0,0,0,8.59,0,0,1.84,6.75,0,0,0,0,0,0,0,0,0,0,0,0,4.29,1.84,1.23,0,0,0,0,6.13,4.29,0.61,0,2.45,1.23,0.61,0,4.91,2.45,4.91,1.84,0,0,0,0,0,4.91,1.23,2.45,0.61,0,0,0.61,0
2808,seller,1,128,34.33,71.64,37.78,80.01,14.22,25,82.81,60.94,54.69,17.97,12.5,3.91,4.69,3.91,0,0,5.47,18.75,7.03,0,11.72,9.38,5.47,6.25,1.56,12.5,3.91,3.13,7.03,4.69,2.34,1.56,30.47,1.56,17.97,5.47,1.56,3.13,3.91,1.56,6.25,0,5.47,4.69,0.78,3.13,2.34,0.78,0,0,0,0,17.97,9.38,3.13,0.78,0,0,3.91,8.59,0,0,0,0,0,0,0,0,6.25,0,0,0.78,5.47,0,0,0,0,0,0,0,0,0,0,0,0,1.56,0,0,0,0,0,0,1.56,2.34,0,0,0.78,0,1.56,0,3.13,2.34,7.03,0.78,0,0,0,0,0,16.41,6.25,5.47,0.78,0,3.91,0,0
2808,seller,1,135,46.31,92.24,32.09,54.76,13.5,22.22,85.93,64.44,58.52,18.52,12.59,2.96,3.7,5.93,0,0,5.93,20,8.89,0,12.59,8.89,5.19,5.93,0.74,11.85,2.96,3.7,5.19,3.7,1.48,0.74,24.44,0.74,15.56,4.44,1.48,4.44,2.22,0.74,5.19,0,2.22,2.22,0,1.48,1.48,0,0,0,0,0,17.78,7.41,1.48,0,0,0,2.22,10.37,0.74,0,0,0.74,0,0,0,0,7.41,0,0,0.74,6.67,0,0,0,0,0,0,0,0,0,0,0,0,1.48,0,0.74,0,0,0,0,2.22,4.44,0,0.74,3.7,0,0.74,0,2.96,0.74,7.41,0.74,0.74,0,0.74,0,0,13.33,5.93,3.7,1.48,0,2.22,0,0
2808,seller,1,141,52.9,92.74,67.15,75.43,14.1,23.4,89.36,64.54,58.87,19.15,14.89,4.26,4.26,6.38,0,0,4.26,19.15,9.93,0,12.77,9.93,2.84,5.67,0.71,12.06,2.84,2.84,4.96,4.26,0.71,0,26.24,0,19.15,7.09,1.42,4.96,2.84,0,5.67,0,3.55,3.55,0,2.84,2.84,0,0,0,0,0,19.86,8.51,4.26,0,0,0,0.71,11.35,0.71,0,0,0.71,1.42,1.42,0,0,7.8,0,0,2.13,5.67,0,0,0,0,0,0,0,0,0,0,0,0,1.42,0,0.71,0,0,0,0,1.42,5.67,0,1.42,4.26,0.71,0.71,0,2.84,1.42,5.67,1.42,0.71,0,0.71,0,0,10.64,5.67,1.42,1.42,0,2.13,0,0
2808,seller,1,96,46.52,98.75,61.94,91.93,12,21.88,91.67,65.63,58.33,19.79,15.63,4.17,5.21,6.25,0,0,4.17,18.75,9.38,0,11.46,11.46,3.13,4.17,0,13.54,4.17,3.13,6.25,5.21,1.04,0,26.04,0,18.75,7.29,1.04,5.21,2.08,0,3.13,0,5.21,5.21,0,3.13,3.13,0,0,0,0,0,19.79,7.29,5.21,0,0,0,0,12.5,1.04,0,0,1.04,2.08,2.08,0,0,8.33,0,0,4.17,4.17,0,0,0,0,0,0,0,0,0,0,0,0,2.08,0,1.04,0,0,0,0,2.08,7.29,0,2.08,6.25,1.04,0,0,2.08,2.08,6.25,1.04,1.04,0,1.04,0,0,10.42,6.25,1.04,1.04,0,2.08,0,0
2809,buyer,1,104,31.07,40.06,81.58,20.23,14.86,15.38,93.27,76.92,62.5,22.12,16.35,8.65,2.88,4.81,0,0,5.77,15.38,8.65,0,12.5,9.62,2.88,8.65,0.96,13.46,7.69,3.85,6.73,2.88,0.96,2.88,24.04,0,17.31,4.81,0.96,2.88,3.85,0.96,5.77,0,7.69,3.85,3.85,2.88,1.92,0.96,0,0,0,0,14.42,6.73,1.92,2.88,0.96,0.96,0.96,7.69,0,0,0,0,0,0,0,0,8.65,0,0,4.81,3.85,0,0,0,0,0,0,0,0,0,0,0,0,1.92,0,1.92,0,0,0,0,1.92,6.73,0,1.92,4.81,0,0,0,0,4.81,1.92,2.88,1.92,0,1.92,0,0,8.65,5.77,1.92,0.96,0,0,0,0
2809,buyer,1,204,13.87,9.95,92.3,1.85,17,12.25,94.12,79.9,67.65,21.08,17.16,10.29,1.47,4.9,0,0.49,3.92,18.14,8.33,0.49,10.29,12.25,5.39,7.84,2.94,17.16,9.31,3.43,3.92,1.47,0.49,1.96,26.47,0.49,17.65,4.9,0.98,1.96,2.94,0.98,6.86,0,5.88,1.47,4.41,3.43,0.98,1.96,0,0,0,0,9.8,2.94,0.98,0.98,0.49,0,0.49,6.86,0,0,0,0,0,0,0,0,8.82,0,0,4.9,4.41,0,0,0,0,0,0,0,0,0,0,0,0,3.43,0,0.49,0,0,0.49,0,6.37,6.37,0.49,1.47,3.43,0.49,0,0.49,0.98,2.94,2.94,3.92,0.98,0,0.98,0,0,6.86,5.39,0.98,0.49,0,0,0,0
2809,buyer,1,231,19,28.18,84.92,11.42,19.25,10.82,93.94,77.49,67.1,20.78,16.88,9.09,1.73,5.63,0,0.43,3.9,17.75,7.79,0.43,12.12,12.12,5.19,7.36,2.6,18.61,6.49,2.6,3.03,1.73,0.43,0.87,25.54,0.43,15.58,4.33,0.87,1.73,2.16,1.3,6.06,0,5.19,2.16,3.03,3.03,1.3,1.3,0,0,0,0,11.26,3.03,0.87,0.87,0,0,0.87,8.23,0,0,0,0,0,0,0,0,7.36,0,0,4.76,3.46,0,0,0,0,0,0,0,0,0,0,0,0,3.03,0,0,0,0,0.43,0,8.23,6.49,0.43,1.3,3.03,1.3,0,0.43,1.73,2.16,5.19,4.76,1.3,0.43,0.87,0,0,6.49,4.76,1.3,0.43,0,0,0,0
2809,buyer,1,182,17.04,20.31,94.47,9.61,20.22,9.89,94.51,76.37,67.03,20.33,17.03,9.34,0.55,6.59,0,0.55,3.3,17.03,7.14,0.55,12.09,12.09,5.49,7.14,3.3,19.23,6.59,2.75,1.65,0.55,0.55,0.55,26.37,0.55,14.84,3.85,1.1,0.55,1.65,1.65,6.59,0,4.4,1.65,2.75,2.75,0.55,1.65,0,0,0,0,10.44,2.2,0.55,0.55,0,0,1.1,8.24,0,0,0,0,0,0,0,0,7.69,0,0,4.95,3.85,0,0,0,0,0,0,0,0,0,0,0,0,3.3,0,0,0,0,0.55,0,9.34,8.24,0.55,1.65,3.85,1.65,0,0.55,2.2,1.65,5.49,5.49,0.55,0.55,0,0,0,6.04,4.95,1.1,0,0,0,0,0
2809,seller,1,92,18.75,76.75,74.45,3.88,23,7.61,93.48,76.09,64.13,22.83,17.39,7.61,0,9.78,0,0,5.43,13.04,8.7,0,11.96,10.87,3.26,8.7,3.26,17.39,5.43,0,2.17,0,0,2.17,21.74,2.17,9.78,5.43,0,0,1.09,1.09,3.26,0,4.35,1.09,3.26,2.17,0,2.17,0,0,0,0,15.22,4.35,2.17,3.26,0,0,2.17,10.87,0,0,0,0,0,0,0,0,8.7,0,0,5.43,3.26,0,0,0,0,0,0,0,0,0,0,0,0,0,0,0,0,0,0,1.09,3.26,4.35,0,0,4.35,0,0,0,1.09,6.52,2.17,5.43,0,0,0,0,0,6.52,3.26,2.17,0,0,1.09,0,0
2809,seller,1,123,15.26,64.1,95.78,1,20.5,8.13,93.5,78.05,65.04,21.14,17.07,7.32,0.81,8.94,0,0,4.07,13.01,7.32,0,12.2,11.38,4.88,9.76,2.44,19.51,6.5,0,2.44,0.81,0,1.63,26.02,1.63,13.82,4.88,0,0.81,4.88,0.81,6.5,0,4.07,0,4.07,2.44,0,2.44,0,0,0,0,14.63,4.07,1.63,1.63,0,0,2.44,10.57,0,0,0,0,0,0,0,0,8.94,0,0,4.88,4.07,0,0,0,0,0,0,0,0,0,0,0,0,1.63,0,0,0,0,0.81,0.81,6.5,8.13,0.81,1.63,5.69,0.81,0,0,2.44,4.88,3.25,4.88,0,0,0,0,0,8.13,4.07,1.63,0.81,0,1.63,0,0
2809,seller,1,130,11.64,49.21,88.07,3.44,18.57,13.08,92.31,78.46,66.15,23.85,17.69,9.23,1.54,6.92,0,0,6.15,16.15,5.38,0,12.31,12.31,3.85,9.23,0.77,20,6.15,0.77,4.62,1.54,0,3.08,23.85,0,15.38,3.85,0,2.31,4.62,1.54,5.38,0,2.31,0,2.31,0.77,0,0.77,0,0,0,0,12.31,3.85,1.54,1.54,0,0,2.31,8.46,0,0,0,0,0,0,0,0,6.92,0,0,3.85,3.08,0,0,0,0,0,0,0,0,0,0,0,0,2.31,0,0,0,0,0.77,0,6.92,7.69,0.77,1.54,5.38,0.77,0,0,1.54,6.15,4.62,3.85,0,0,0,0,0,7.69,4.62,1.54,0.77,0,0.77,0,0
2811,buyer,1,162,5.51,6.03,77.17,13.6,14.73,15.43,89.51,70.99,65.43,23.46,18.52,12.35,0,5.56,0,0,4.94,17.9,8.02,1.23,7.41,14.2,4.94,6.79,3.7,17.9,2.47,1.85,3.7,0,0.62,3.09,30.86,0.62,15.43,4.32,1.85,3.7,1.23,1.23,5.56,0,1.85,0.62,1.23,0.62,0.62,0,0,0,0,0,14.2,6.79,1.85,3.09,0,0.62,1.23,7.41,1.23,0,0,1.23,1.23,0,0,1.23,5.56,0,0,2.47,3.09,0,0,0,0,0,0,0,0,0,0,1.23,0,1.23,0,0,0,0,0,0,5.56,1.85,0,0.62,1.23,0.62,0,0,1.85,6.79,4.94,3.09,0,0,0,0,0,8.02,6.17,1.23,0.62,0,0,0,0
2811,buyer,1,178,5.05,17.66,72.1,9.43,14.83,14.04,89.89,73.03,66.85,21.91,17.42,10.11,0.56,6.18,0,0,4.49,17.42,6.74,1.12,8.43,14.61,6.18,6.74,3.93,19.1,2.81,1.69,4.49,0.56,0.56,3.37,30.9,1.12,17.42,3.37,1.12,4.49,2.81,1.69,5.62,0,2.25,0.56,1.69,0.56,0.56,0,0,0,0,0,15.73,7.3,3.93,3.37,0,0.56,1.12,8.43,1.12,0,0,1.12,1.69,0.56,0,1.12,4.49,0,0,2.25,2.25,0,0,0,0,0,0,0,0,0,0,1.12,0,0.56,0,0,0,0,0,0,8.99,3.93,0,1.12,2.81,1.12,0,0,2.81,6.18,4.49,2.81,0,0,0,0,0,7.87,6.18,1.12,0.56,0,0,0,0
2811,buyer,1,117,9.08,35.18,66.8,2.7,14.63,14.53,90.6,70.94,60.68,17.95,15.38,7.69,0.85,4.27,0,1.71,2.56,15.38,5.13,0.85,8.55,14.53,5.98,5.13,4.27,22.22,3.42,2.56,6.84,0.85,0.85,5.13,29.91,1.71,17.09,3.42,0.85,4.27,2.56,1.71,4.27,0,2.56,0,2.56,0,0,0,0,0,0,0,17.09,6.84,5.98,5.13,0,0.85,0,10.26,0.85,0,0,0.85,0.85,0.85,0,0,8.55,0,0,2.56,5.98,0,0,0,0,0,0,0,0,0,0,0.85,0,3.42,0,0.85,0,0,0,0,14.53,6.84,0,1.71,5.13,1.71,0,0,2.56,5.13,5.13,2.56,0,0,0,0,0,11.11,5.98,3.42,0.85,0,0,0.85,0
2811,seller,1,134,8.9,86.37,59.19,67.25,22.33,19.4,88.06,64.18,61.94,20.15,17.91,8.21,1.49,8.21,0,0,2.24,15.67,3.73,2.24,11.19,14.93,6.72,6.72,0.75,15.67,2.24,2.99,5.22,1.49,0.75,2.99,29.85,0.75,11.19,4.48,0.75,3.73,1.49,0.75,1.49,0,2.99,2.99,0,2.99,2.99,0,0,0,0,0,16.42,6.72,0.75,2.24,0,0,0,9.7,0,0,0,0,0,0,0,0,8.21,0,0,3.73,4.48,0,0,0,0,0,0,0,0,0,0,0,1.49,2.24,0,0.75,0,0,0,0,2.99,4.48,0,2.24,4.48,0,0,0,2.24,7.46,3.73,5.97,0,0,0,0,0,10.45,3.73,5.97,0,0,0.75,0,0
2811,seller,1,140,12.97,79.51,53.28,84.26,23.33,20,87.86,65,60,22.86,18.57,9.29,2.14,7.14,0,0,4.29,18.57,5,2.14,10,12.86,5,5.71,0,15,3.57,2.86,7.14,2.14,0.71,4.29,26.43,0,11.43,2.14,0.71,5,2.86,0,2.14,0,7.14,5.71,1.43,3.57,3.57,0,0,0,0,0,17.14,7.86,2.86,4.29,0,0.71,0,9.29,0,0,0,0,0.71,0,0,0.71,5,0,0,2.14,2.86,0,0,0,0,0,0,0,0,0,0,0,2.14,2.14,0,0.71,0,0,0,0,0.71,5,0,2.86,5,0,0,0,2.14,5.71,4.29,5.71,0,0,0,0,0,7.86,3.57,3.57,0,0,0.71,0,0
2811,seller,1,106,24.95,77.12,35.26,88.29,26.5,22.64,88.68,64.15,57.55,22.64,16.98,8.49,2.83,5.66,0,0,5.66,17.92,4.72,0.94,11.32,11.32,2.83,4.72,0,14.15,4.72,1.89,9.43,2.83,0.94,5.66,22.64,0,10.38,0.94,0.94,4.72,2.83,0,1.89,0,8.49,6.6,1.89,2.83,2.83,0,0,0,0,0,17.92,9.43,3.77,5.66,0,0.94,0,8.49,0,0,0,0,0.94,0,0,0.94,3.77,0,0,1.89,1.89,0,0,0,0,0,0,0,0,0,0,0,0.94,2.83,0,0.94,0,0,0,0,0.94,5.66,0,2.83,5.66,0,0,0,0.94,5.66,4.72,4.72,0,0,0,0,0,4.72,2.83,1.89,0,0,0,0,0
2813,buyer,1,90,49.68,5.61,55.54,93.93,45,11.11,90,80,68.89,16.67,10,6.67,0,3.33,0,0,6.67,17.78,10,2.22,16.67,11.11,5.56,6.67,3.33,15.56,6.67,3.33,0,0,0,0,27.78,1.11,18.89,4.44,1.11,4.44,3.33,2.22,5.56,0,5.56,5.56,0,3.33,3.33,0,0,0,0,0,7.78,4.44,0,1.11,0,1.11,2.22,3.33,0,0,0,0,0,0,0,0,4.44,0,0,1.11,3.33,0,0,0,0,0,0,0,0,0,0,0,0,0,0,0,0,0,0,0,2.22,4.44,0,1.11,3.33,0,0,0,2.22,4.44,3.33,1.11,0,0,0,0,0,6.67,1.11,5.56,0,0,0,0,0
2813,buyer,1,88,51.97,10.07,79.84,36.46,88,13.64,90.91,79.55,67.05,17.05,12.5,9.09,0,3.41,0,0,4.55,15.91,9.09,1.14,19.32,13.64,2.27,9.09,2.27,20.45,5.68,3.41,1.14,0,0,1.14,22.73,1.14,12.5,4.55,0,2.27,2.27,1.14,3.41,0,1.14,1.14,0,0,0,0,0,0,0,0,10.23,5.68,1.14,1.14,0,1.14,2.27,4.55,0,0,0,0,0,0,0,0,7.95,0,0,4.55,4.55,0,0,0,0,0,0,0,0,0,0,0,0,0,0,1.14,0,0,0,0,5.68,5.68,0,1.14,4.55,0,0,0,2.27,4.55,2.27,3.41,0,0,0,0,0,5.68,0,3.41,0,0,1.14,1.14,0
2813,buyer,1,96,40.32,1.71,89.39,34.94,96,14.58,89.58,76.04,65.63,18.75,16.67,13.54,0,3.13,0,0,2.08,14.58,9.38,0,16.67,16.67,0,7.29,3.13,21.88,5.21,2.08,2.08,0,0,2.08,23.96,1.04,12.5,6.25,0,3.13,0,0,3.13,0,1.04,1.04,0,0,0,0,0,0,0,0,11.46,7.29,2.08,2.08,0,1.04,3.13,4.17,0,0,0,0,0,0,0,0,8.33,0,0,6.25,3.13,0,0,0,0,0,0,0,0,0,0,0,0,0,0,1.04,0,0,0,0,4.17,5.21,0,1.04,4.17,0,0,0,0,3.13,3.13,3.13,0,0,0,0,0,5.21,0,3.13,0,0,1.04,1.04,0
2813,buyer,1,91,25.43,1.33,90.28,,91,14.29,87.91,74.73,64.84,17.58,16.48,13.19,0,3.3,0,0,1.1,13.19,9.89,0,13.19,19.78,1.1,6.59,3.3,25.27,4.4,1.1,2.2,0,0,2.2,29.67,0,14.29,6.59,1.1,2.2,1.1,0,4.4,0,0,0,0,0,0,0,0,0,0,0,10.99,6.59,2.2,2.2,0,0,3.3,4.4,0,0,0,0,0,0,0,0,9.89,0,0,7.69,3.3,0,0,0,0,0,0,0,0,0,0,0,0,0,0,1.1,0,0,0,0,3.3,3.3,0,1.1,2.2,0,0,0,0,4.4,6.59,4.4,0,0,0,0,0,6.59,0,4.4,0,0,1.1,1.1,0
2813,buyer,1,75,35.86,3.18,96.32,,75,14.67,85.33,69.33,62.67,14.67,14.67,10.67,0,4,0,0,0,13.33,10.67,0,12,17.33,1.33,8,2.67,21.33,2.67,0,4,0,0,4,29.33,0,16,6.67,1.33,2.67,1.33,0,5.33,0,0,0,0,0,0,0,0,0,0,0,12,8,4,4,0,0,1.33,4,0,0,0,0,0,0,0,0,8,0,0,5.33,2.67,0,0,0,0,0,0,0,0,0,0,0,0,0,0,0,0,0,0,0,0,6.67,0,2.67,5.33,0,0,0,0,1.33,8,4,0,0,0,0,0,6.67,0,6.67,0,0,0,0,0
2813,buyer,1,43,70.9,17.05,96.19,56.53,43,13.95,86.05,60.47,58.14,9.3,9.3,6.98,0,2.33,0,0,0,13.95,11.63,0,13.95,13.95,2.33,9.3,0,16.28,0,0,4.65,0,0,4.65,23.26,0,9.3,4.65,2.33,0,2.33,0,2.33,0,2.33,2.33,0,0,0,0,0,0,0,0,11.63,9.3,4.65,4.65,0,0,0,2.33,0,0,0,0,0,0,0,0,11.63,0,0,6.98,4.65,0,0,0,0,0,0,0,0,0,0,0,0,2.33,0,0,0,0,0,0,0,11.63,0,4.65,9.3,0,0,0,0,2.33,9.3,4.65,0,0,0,0,0,6.98,0,6.98,0,0,0,0,0
2813,seller,1,87,17.79,99,28.21,9.24,17.4,17.24,95.4,81.61,68.97,20.69,18.39,2.3,12.64,3.45,0,0,2.3,13.79,11.49,0,16.09,13.79,8.05,12.64,1.15,20.69,5.75,0,14.94,12.64,0,2.3,31.03,0,18.39,5.75,1.15,2.3,4.6,0,4.6,0,5.75,2.3,3.45,2.3,0,2.3,0,0,0,0,22.99,6.9,2.3,2.3,1.15,1.15,1.15,16.09,0,0,0,0,0,0,0,0,5.75,0,0,1.15,4.6,0,1.15,0,0,0,0,0,0,0,0,1.15,0,1.15,0,0,0,0,0,0,1.15,3.45,0,0,3.45,0,0,0,1.15,4.6,5.75,3.45,0,0,0,0,0,10.34,4.6,0,0,0,5.75,0,0
2813,seller,1,67,7.22,99,8.2,42.34,22.33,16.42,94.03,82.09,70.15,23.88,20.9,1.49,11.94,7.46,0,0,2.99,14.93,10.45,0,13.43,14.93,7.46,11.94,1.49,22.39,4.48,0,16.42,11.94,0,4.48,26.87,0,16.42,4.48,1.49,2.99,5.97,0,4.48,0,4.48,2.99,1.49,1.49,0,1.49,0,0,0,0,26.87,7.46,2.99,4.48,0,1.49,0,19.4,0,0,0,0,0,0,0,0,5.97,0,0,1.49,4.48,0,0,0,0,0,0,0,0,0,0,1.49,0,2.99,0,0,0,0,0,0,2.99,2.99,0,0,2.99,0,0,0,0,1.49,7.46,4.48,0,0,0,0,0,8.96,2.99,0,0,0,5.97,0,0
2813,seller,1,63,10.19,88.15,45.24,6.51,31.5,19.05,96.83,80.95,68.25,17.46,17.46,4.76,9.52,3.17,0,0,0,14.29,11.11,0,14.29,15.87,11.11,9.52,4.76,23.81,4.76,0,15.87,9.52,1.59,4.76,33.33,0,23.81,4.76,1.59,7.94,3.17,3.17,6.35,0,4.76,1.59,3.17,1.59,0,1.59,0,0,0,0,17.46,4.76,4.76,4.76,0,0,0,12.7,0,0,0,0,0,0,0,0,3.17,0,0,1.59,1.59,0,0,0,0,0,0,0,0,0,0,1.59,0,3.17,0,0,0,0,0,0,6.35,6.35,0,3.17,6.35,0,0,0,0,1.59,9.52,3.17,0,0,0,0,0,7.94,1.59,0,0,0,6.35,0,0
2813,seller,1,54,7.9,62.05,86.01,20.23,13.5,18.52,94.44,74.07,62.96,22.22,20.37,7.41,3.7,9.26,0,0,1.85,11.11,7.41,0,12.96,16.67,9.26,0,7.41,25.93,3.7,0,9.26,3.7,1.85,3.7,38.89,0,29.63,7.41,0,9.26,1.85,9.26,7.41,0,3.7,1.85,1.85,1.85,1.85,0,0,0,0,0,20.37,5.56,3.7,3.7,0,0,1.85,12.96,0,0,0,0,0,0,0,0,3.7,0,0,1.85,1.85,0,0,0,0,0,0,0,0,0,0,0,1.85,1.85,0,0,0,0,0,0,5.56,7.41,0,3.7,7.41,0,0,0,0,5.56,9.26,7.41,0,0,0,0,0,12.96,5.56,0,0,0,7.41,0,0
2813,seller,1,67,13.11,80.84,78.08,20.23,16.75,20.9,91.04,62.69,50.75,17.91,16.42,5.97,2.99,4.48,0,2.99,1.49,8.96,4.48,0,8.96,14.93,5.97,1.49,4.48,23.88,4.48,1.49,8.96,2.99,1.49,4.48,35.82,0,23.88,8.96,0,5.97,1.49,7.46,2.99,0,2.99,1.49,1.49,1.49,1.49,0,0,0,0,0,20.9,5.97,4.48,4.48,0,0,1.49,13.43,0,0,0,0,0,0,0,0,13.43,0,0,4.48,8.96,0,0,0,0,0,0,0,0,0,0,0,1.49,5.97,0,1.49,0,0,0,0,7.46,7.46,0,2.99,7.46,0,0,0,0,7.46,7.46,5.97,0,0,0,0,0,17.91,5.97,5.97,0,0,4.48,1.49,0
2814,buyer,1,63,3.98,1,10.18,20.23,21,14.29,84.13,71.43,61.9,26.98,12.7,11.11,0,0,1.59,0,14.29,20.63,9.52,1.59,3.17,12.7,4.76,4.76,3.17,19.05,3.17,1.59,0,0,0,0,30.16,1.59,9.52,0,1.59,3.17,0,1.59,3.17,0,3.17,1.59,1.59,0,0,0,0,0,0,0,7.94,4.76,0,1.59,0,1.59,3.17,3.17,1.59,0,0,3.17,0,0,0,0,6.35,1.59,0,0,4.76,0,0,0,0,0,0,0,0,0,0,0,1.59,6.35,0,0,0,0,0,0,6.35,0,0,0,0,0,0,0,1.59,12.7,6.35,0,0,0,0,0,0,14.29,3.17,4.76,0,0,6.35,0,0
2814,buyer,1,70,4.78,1,16.97,41.28,35,12.86,90,77.14,62.86,24.29,10,8.57,0,0,1.43,0,14.29,18.57,7.14,1.43,7.14,15.71,5.71,2.86,4.29,22.86,5.71,2.86,0,0,0,0,34.29,2.86,14.29,1.43,1.43,5.71,0,1.43,4.29,0,1.43,1.43,0,0,0,0,0,0,0,0,4.29,1.43,0,0,0,0,1.43,2.86,1.43,0,0,2.86,0,0,0,0,8.57,1.43,0,0,7.14,0,0,0,0,0,0,0,0,0,0,0,1.43,4.29,0,0,0,0,0,0,8.57,2.86,0,0,2.86,0,0,0,2.86,11.43,4.29,0,1.43,0,1.43,0,0,12.86,1.43,4.29,1.43,0,5.71,0,0
2814,buyer,1,58,8.72,1,78.21,91.69,29,13.79,91.38,79.31,62.07,18.97,10.34,10.34,0,0,0,0,8.62,17.24,8.62,3.45,6.9,17.24,5.17,3.45,5.17,22.41,10.34,5.17,0,0,0,0,39.66,3.45,15.52,3.45,0,5.17,0,1.72,5.17,0,5.17,5.17,0,1.72,1.72,0,0,0,0,0,0,0,0,0,0,0,0,0,0,0,0,0,0,0,0,0,8.62,0,0,1.72,6.9,0,0,0,0,0,0,0,0,0,0,0,0,5.17,0,0,0,0,0,0,8.62,3.45,0,0,3.45,0,0,0,5.17,10.34,5.17,0,1.72,0,1.72,0,0,10.34,0,5.17,1.72,0,3.45,0,0
2814,buyer,1,46,23.51,1,85.35,97.48,23,8.7,93.48,80.43,58.7,17.39,8.7,8.7,0,0,0,0,8.7,17.39,8.7,4.35,8.7,17.39,4.35,2.17,2.17,21.74,13.04,6.52,0,0,0,0,36.96,2.17,13.04,4.35,0,4.35,0,0,4.35,0,6.52,6.52,0,2.17,2.17,0,0,0,0,0,0,0,0,0,0,0,0,0,0,0,0,0,0,0,0,0,8.7,0,0,2.17,6.52,0,0,0,0,0,0,0,0,0,0,0,0,4.35,0,0,0,0,0,0,8.7,4.35,0,0,4.35,0,0,0,6.52,8.7,6.52,0,4.35,0,4.35,0,0,6.52,0,2.17,2.17,0,2.17,0,0
2814,buyer,1,16,43.4,1.71,99,99,16,6.25,87.5,62.5,43.75,12.5,12.5,12.5,0,0,0,0,0,18.75,6.25,6.25,6.25,12.5,6.25,0,0,12.5,12.5,6.25,0,0,0,0,37.5,0,6.25,6.25,0,0,0,0,0,0,18.75,18.75,0,6.25,6.25,0,0,0,0,0,0,0,0,0,0,0,0,0,0,0,0,0,0,0,0,0,12.5,0,0,12.5,0,0,0,0,0,0,0,0,0,0,0,0,0,12.5,0,0,0,0,0,0,6.25,0,0,0,0,0,0,0,12.5,6.25,12.5,0,6.25,0,6.25,0,0,0,0,0,0,0,0,0,0
2814,seller,1,44,71.44,66.75,5.07,1,6.29,13.64,88.64,75,61.36,20.45,9.09,4.55,0,4.55,0,0,11.36,25,18.18,2.27,9.09,13.64,2.27,0,0,15.91,6.82,2.27,2.27,0,0,2.27,15.91,0,4.55,2.27,0,2.27,0,0,0,0,4.55,0,4.55,2.27,0,2.27,0,0,0,0,9.09,4.55,0,0,0,4.55,0,4.55,0,0,0,0,2.27,0,0,2.27,0,0,0,0,0,0,0,0,0,0,0,0,0,0,0,0,0,0,0,0,0,0,0,0,6.82,4.55,0,2.27,2.27,2.27,0,0,0,6.82,4.55,0,4.55,0,2.27,2.27,0,22.73,11.36,2.27,4.55,0,4.55,0,0
2814,seller,1,47,24.81,84.86,27.91,1,6.71,12.77,87.23,76.6,63.83,23.4,14.89,6.38,0,8.51,0,0,8.51,23.4,12.77,2.13,6.38,14.89,4.26,2.13,0,17.02,8.51,2.13,2.13,0,0,2.13,21.28,0,12.77,6.38,2.13,4.26,2.13,0,2.13,0,4.26,0,4.26,2.13,0,2.13,0,0,0,0,10.64,2.13,0,0,0,2.13,0,8.51,0,0,0,0,0,0,0,0,2.13,0,0,2.13,0,0,0,0,0,0,0,0,0,0,0,0,0,0,0,0,0,0,0,0,6.38,4.26,0,2.13,2.13,0,2.13,0,0,4.26,6.38,0,2.13,0,2.13,0,0,17.02,10.64,0,4.26,0,2.13,0,0
2814,seller,1,51,52.65,73.71,83.69,20.23,10.2,13.73,88.24,76.47,60.78,17.65,9.8,3.92,0,5.88,0,0,7.84,21.57,11.76,3.92,9.8,11.76,3.92,3.92,0,15.69,7.84,3.92,0,0,0,0,17.65,0,9.8,3.92,1.96,3.92,1.96,0,1.96,0,3.92,1.96,1.96,1.96,0,1.96,0,0,0,0,7.84,1.96,1.96,1.96,0,0,0,5.88,0,0,0,0,0,0,0,0,1.96,0,0,1.96,0,0,0,0,0,0,0,0,0,0,0,0,0,0,0,0,0,0,0,0,9.8,11.76,0,7.84,7.84,0,1.96,0,1.96,1.96,5.88,1.96,3.92,0,3.92,0,0,11.76,5.88,1.96,3.92,0,0,0,0
2814,seller,1,58,10.98,40.06,92,20.23,14.5,17.24,87.93,62.07,46.55,15.52,10.34,3.45,0,3.45,0,3.45,5.17,17.24,5.17,1.72,3.45,12.07,3.45,5.17,5.17,20.69,5.17,1.72,3.45,0,0,3.45,25.86,1.72,13.79,6.9,1.72,1.72,1.72,0,5.17,0,3.45,1.72,1.72,1.72,0,1.72,0,0,0,0,15.52,5.17,5.17,5.17,0,0,0,10.34,0,0,0,0,0,0,0,0,15.52,0,0,5.17,10.34,0,0,0,0,0,0,0,0,0,0,0,0,6.9,0,0,0,0,0,0,12.07,8.62,0,5.17,5.17,0,1.72,0,1.72,6.9,6.9,1.72,1.72,0,1.72,0,0,20.69,5.17,8.62,1.72,0,3.45,1.72,0
2815,buyer,1,53,75.29,13.48,29.13,78.39,10.6,16.98,92.45,69.81,54.72,11.32,9.43,5.66,0,3.77,0,0,1.89,13.21,11.32,0,13.21,9.43,3.77,5.66,1.89,13.21,9.43,5.66,7.55,0,3.77,3.77,20.75,0,9.43,1.89,0,0,1.89,1.89,5.66,0,7.55,5.66,1.89,1.89,0,1.89,0,0,0,0,9.43,5.66,1.89,1.89,0,0,1.89,3.77,0,0,0,0,0,0,0,0,5.66,0,0,1.89,3.77,0,0,0,0,0,0,0,0,0,0,0,0,7.55,0,3.77,0,0,0,1.89,1.89,1.89,0,0,1.89,0,0,0,0,1.89,5.66,5.66,0,0,0,0,0,9.43,7.55,0,1.89,0,0,0,0
2815,buyer,1,51,52.65,29.21,32.94,80.19,8.5,15.69,94.12,74.51,58.82,9.8,9.8,3.92,0,5.88,0,0,0,11.76,9.8,0,13.73,11.76,5.88,9.8,1.96,17.65,11.76,3.92,5.88,0,3.92,1.96,25.49,0,13.73,3.92,0,0,1.96,1.96,7.84,0,11.76,7.84,3.92,3.92,0,3.92,0,0,0,0,13.73,7.84,3.92,3.92,0,0,3.92,5.88,0,0,0,0,0,0,0,0,5.88,0,0,3.92,1.96,0,0,0,0,0,0,0,0,0,0,0,0,5.88,0,1.96,0,0,0,1.96,1.96,0,0,0,0,0,0,0,0,0,5.88,7.84,0,0,0,0,0,11.76,9.8,0,1.96,0,0,0,0
2815,buyer,1,47,67.32,76.11,8.74,99,7.83,21.28,95.74,70.21,57.45,8.51,8.51,2.13,0,6.38,0,0,0,10.64,8.51,2.13,17.02,8.51,8.51,10.64,0,10.64,10.64,4.26,8.51,0,4.26,4.26,19.15,0,12.77,2.13,2.13,0,2.13,4.26,4.26,0,12.77,10.64,2.13,2.13,0,2.13,0,0,0,0,14.89,8.51,6.38,6.38,0,0,2.13,6.38,0,0,0,0,0,0,0,0,6.38,0,0,2.13,4.26,0,0,0,0,0,0,0,0,0,0,0,0,6.38,0,2.13,0,0,0,0,2.13,2.13,0,0,2.13,0,0,0,0,0,4.26,2.13,0,0,0,0,0,14.89,10.64,0,2.13,0,0,2.13,0
2815,buyer,1,25,51.7,40.06,35.01,99,5,20,96,64,56,8,8,4,0,4,0,0,0,12,8,4,16,8,12,12,0,12,8,4,4,0,0,4,20,0,16,4,4,0,0,4,4,0,20,16,4,4,0,4,0,0,0,0,12,8,8,8,0,0,4,4,0,0,0,0,0,0,0,0,12,0,0,8,4,0,0,0,0,0,0,0,0,0,0,0,0,8,0,0,0,0,0,0,0,4,0,0,4,0,0,0,0,0,0,4,0,0,0,0,0,20,16,0,0,0,0,4,0
2815,seller,1,26,31.07,93.13,1,,26,15.38,88.46,65.38,57.69,26.92,23.08,11.54,3.85,7.69,0,0,3.85,15.38,11.54,0,7.69,11.54,3.85,0,0,11.54,0,3.85,11.54,7.69,0,3.85,15.38,3.85,11.54,0,0,11.54,0,0,0,0,0,0,0,0,0,0,0,0,0,0,30.77,19.23,3.85,3.85,0,0,3.85,11.54,0,0,0,0,0,0,0,0,3.85,0,0,0,3.85,0,0,0,0,0,0,0,0,0,0,0,0,0,0,0,0,0,0,0,3.85,0,0,0,0,0,0,0,0,0,11.54,0,3.85,0,3.85,0,0,7.69,0,7.69,0,0,0,0,0
2815,seller,1,33,36.2,99,1,96.12,33,15.15,93.94,72.73,57.58,24.24,21.21,6.06,3.03,12.12,0,0,3.03,15.15,9.09,3.03,12.12,9.09,6.06,3.03,0,15.15,3.03,3.03,9.09,6.06,0,3.03,15.15,3.03,6.06,0,0,6.06,0,0,0,0,6.06,6.06,0,0,0,0,0,0,0,0,30.3,15.15,6.06,6.06,0,0,6.06,15.15,0,0,0,0,0,0,0,0,6.06,0,0,0,6.06,0,0,0,0,0,0,0,0,0,0,0,0,6.06,0,0,0,0,0,0,6.06,0,0,0,0,0,0,0,3.03,0,6.06,3.03,3.03,0,3.03,0,0,12.12,0,9.09,0,0,0,3.03,0
2815,seller,1,42,23.27,99,2.36,88.66,42,21.43,92.86,57.14,42.86,16.67,16.67,2.38,0,9.52,0,4.76,0,14.29,4.76,2.38,4.76,9.52,2.38,4.76,2.38,19.05,2.38,0,4.76,0,0,4.76,23.81,4.76,7.14,4.76,0,2.38,0,0,0,0,4.76,4.76,0,0,0,0,0,0,0,0,30.95,11.9,7.14,7.14,0,0,2.38,19.05,0,0,0,0,0,0,0,0,23.81,0,0,4.76,19.05,0,0,0,0,0,0,0,0,0,0,0,0,14.29,0,0,0,0,0,0,14.29,0,0,0,0,0,0,0,2.38,4.76,4.76,2.38,2.38,0,2.38,0,0,21.43,2.38,14.29,0,0,0,4.76,0
2817,buyer,1,105,45.37,6.16,19.26,49.34,15,12.38,89.52,73.33,62.86,13.33,11.43,9.52,0.95,0.95,0,0,1.9,19.05,16.19,0.95,7.62,12.38,6.67,6.67,2.86,17.14,4.76,1.9,1.9,0.95,0,0.95,24.76,0,14.29,1.9,0.95,4.76,2.86,0,2.86,0,3.81,2.86,0.95,3.81,2.86,0.95,0,0,0,0,7.62,2.86,0.95,0.95,0,0,0.95,4.76,0,0,0,0,0,0,0,0,5.71,0,0,0.95,4.76,0,0,0,0,0,0,0,0,0,0,0.95,0,4.76,0,0,0,0,0,0,9.52,2.86,0,0,2.86,0,0,0,0.95,7.62,4.76,1.9,0,0,0,0,0,9.52,5.71,1.9,0.95,0,0.95,0,0
2817,buyer,1,127,47.69,1.65,19.52,57.15,18.14,10.24,88.98,73.23,62.99,14.96,11.02,10.24,0.79,0,0,0,3.94,18.9,14.96,0.79,9.45,12.6,4.72,7.09,2.36,17.32,5.51,0.79,2.36,0.79,0.79,0.79,23.62,0,13.39,3.15,0.79,4.72,1.57,0,3.94,0,2.36,2.36,0,2.36,2.36,0,0,0,0,0,7.09,3.94,0.79,0.79,0,0,1.57,3.15,0,0,0,0,0,0,0,0,7.87,0,0,1.57,5.51,0.79,0,0,0,0,0,0,0,0,0,0.79,0,3.94,0,0,0,0,0,0,7.87,1.57,0,0,0.79,0.79,0,0,0,6.3,5.51,1.57,0,0,0,0,0,8.66,5.51,2.36,0,0,0.79,0,0
2817,buyer,1,137,64.45,8.85,26.13,54.23,19.57,9.49,89.05,72.26,60.58,14.6,11.68,9.49,1.46,0.73,0,0,2.92,18.25,14.6,0.73,11.68,10.22,3.65,8.03,1.46,16.06,5.84,0.73,2.19,1.46,0.73,0,20.44,0,11.68,3.65,0.73,4.38,0.73,0,2.92,0,5.11,3.65,1.46,3.65,2.19,1.46,0,0,0,0,8.76,4.38,2.19,0,0,0,1.46,4.38,0,0,0,0,0,0,0,0,7.3,0,0,2.19,4.38,0.73,0,0,0,0,0,0,0,0,0,0.73,0.73,2.92,0,0,0,0,0,0,6.57,2.92,0,1.46,1.46,1.46,0,0,0,4.38,5.11,1.46,0,0,0,0,0,9.49,5.11,3.65,0,0,0.73,0,0
2817,buyer,1,124,39.23,49.66,86.48,11.91,20.67,9.68,87.1,70.97,61.29,20.16,15.32,8.87,2.42,4.03,0,0,4.84,15.32,11.29,0,11.29,10.48,3.23,8.87,0,14.52,5.65,0,3.23,2.42,0.81,0,19.35,0,10.48,5.65,0.81,1.61,1.61,0,2.42,0,5.65,2.42,3.23,4.03,0.81,3.23,0,0,0,0,9.68,3.23,1.61,0,0,0,0.81,6.45,0,0,0,0,0,0,0,0,8.06,0,0,4.03,3.23,0.81,0,0,0,0,0,0,0,0,0,0,0.81,1.61,0,0,0,0,0,0,3.23,5.65,0,3.23,4.03,1.61,0,0,1.61,2.42,4.03,4.84,0,0,0,0,0,8.87,4.84,4.03,0,0,0,0,0
2817,buyer,1,97,43.98,79.81,94.23,4.31,19.4,14.43,84.54,61.86,51.55,17.53,15.46,6.19,2.06,5.15,0,2.06,2.06,13.4,10.31,0,9.28,8.25,2.06,8.25,2.06,13.4,5.15,1.03,4.12,2.06,0,2.06,16.49,0,10.31,6.19,0,1.03,1.03,0,3.09,0,6.19,2.06,4.12,4.12,0,4.12,0,0,0,0,15.46,4.12,4.12,2.06,0,0,0,11.34,0,0,0,0,0,0,0,0,13.4,0,0,5.15,8.25,0,0,0,0,0,0,0,0,0,0,0,1.03,5.15,0,1.03,0,0,0,0,4.12,7.22,0,4.12,6.19,1.03,0,0,2.06,3.09,2.06,5.15,0,0,0,0,0,15.46,5.15,7.22,0,0,2.06,1.03,0
2817,seller,1,76,14.93,82.58,12.73,8.11,10.86,14.47,90.79,76.32,61.84,23.68,15.79,5.26,0,9.21,0,1.32,7.89,11.84,7.89,0,9.21,13.16,1.32,5.26,3.95,19.74,6.58,1.32,0,0,0,0,30.26,1.32,14.47,1.32,1.32,3.95,1.32,1.32,5.26,0,3.95,1.32,2.63,3.95,1.32,2.63,0,0,0,0,18.42,5.26,5.26,1.32,0,0,2.63,13.16,0,0,0,0,0,0,0,0,2.63,0,0,0,2.63,0,0,0,0,0,0,0,0,0,0,3.95,0,0,0,0,0,0,0,0,7.89,2.63,0,1.32,1.32,0,1.32,0,1.32,7.89,6.58,1.32,0,0,0,0,0,11.84,6.58,1.32,2.63,0,1.32,0,0
2817,seller,1,105,12.97,72.87,49.82,,13.13,10.48,86.67,70.48,61.9,21.9,15.24,4.76,0,9.52,0,0.95,6.67,15.24,9.52,0,6.67,10.48,0.95,9.52,4.76,17.14,1.9,0.95,0,0,0,0,27.62,0.95,15.24,1.9,1.9,1.9,3.81,0,8.57,0,0,0,0,0,0,0,0,0,0,0,17.14,2.86,1.9,0.95,0,0,1.9,14.29,0,0,0,0,0.95,0,0,0.95,5.71,0,0,0.95,4.76,0,0,0,0,0,0,0,0,0,0,2.86,0,0,0,0,0,0,0,0,7.62,3.81,0.95,1.9,1.9,0.95,0,0,0.95,8.57,0.95,2.86,0,0,0,0,0,10.48,6.67,2.86,0.95,0,0,0,0
2817,seller,1,117,12.67,87.78,66.8,32.04,13,8.55,86.32,69.23,62.39,23.08,18.8,6.84,0,11.11,0,0.85,4.27,17.95,9.4,1.71,6.84,11.11,1.71,8.55,3.42,16.24,1.71,2.56,0,0,0,0,24.79,0.85,11.11,1.71,0.85,0.85,3.42,0,6.84,0,0.85,0.85,0,0.85,0.85,0,0,0,0,0,17.95,2.56,1.71,0.85,0,0,1.71,15.38,0,0,0,0,0.85,0,0,0.85,7.69,0,0,1.71,5.98,0,0,0,0,0,0,0,0,0,0,1.71,0,0.85,0,0,0,0,0,0,8.55,3.42,0.85,1.71,1.71,0.85,0,0,2.56,7.69,0.85,3.42,0,0,0,0,0,10.26,7.69,2.56,0,0,0,0,0
2817,seller,1,84,10.19,74.06,92.84,57.46,9.33,8.33,86.9,67.86,58.33,23.81,20.24,9.52,0,10.71,0,0,3.57,16.67,7.14,2.38,5.95,10.71,2.38,7.14,2.38,19.05,1.19,3.57,1.19,0,1.19,0,22.62,0,9.52,2.38,1.19,0,3.57,0,5.95,0,2.38,2.38,0,1.19,1.19,0,0,0,0,0,15.48,2.38,1.19,0,0,0,1.19,13.1,0,0,0,0,1.19,0,0,1.19,9.52,0,0,3.57,5.95,0,0,0,0,0,0,0,0,0,0,0,0,3.57,0,0,0,0,0,0,11.9,7.14,2.38,1.19,3.57,2.38,0,0,3.57,4.76,2.38,3.57,0,0,0,0,0,13.1,10.71,2.38,0,0,0,0,0
2817,seller,1,39,18.87,40.06,96.61,99,6.5,10.26,89.74,66.67,53.85,25.64,23.08,15.38,0,7.69,0,0,2.56,17.95,5.13,5.13,7.69,10.26,5.13,0,0,20.51,2.56,5.13,2.56,0,2.56,0,17.95,0,2.56,2.56,0,0,0,0,0,0,7.69,7.69,0,2.56,2.56,0,0,0,0,0,10.26,2.56,2.56,0,0,0,0,7.69,0,0,0,0,0,0,0,0,12.82,0,0,7.69,5.13,0,0,0,0,0,0,0,0,0,0,0,0,10.26,0,0,0,0,0,0,15.38,7.69,2.56,0,5.13,2.56,0,0,5.13,2.56,5.13,2.56,0,0,0,0,0,12.82,12.82,0,0,0,0,0,0
2819,buyer,1,116,6.83,30.46,37.6,5.8,10.55,8.62,87.93,72.41,63.79,22.41,14.66,7.76,0,6.9,0,0,7.76,14.66,6.9,0.86,7.76,16.38,4.31,4.31,3.45,20.69,3.45,2.59,0,0,0,0,33.62,2.59,19.83,6.03,4.31,3.45,6.03,0,4.31,0,3.45,0.86,2.59,2.59,0.86,1.72,0,0.86,0,0,12.07,5.17,1.72,1.72,0,0,0.86,6.9,0,0,0,0,0,0,0,0,6.9,0,0,1.72,5.17,0,0,0,0,0,0,0,0,0,0,0,0,1.72,0,0,0,0,0,0,4.31,0.86,0,0,0.86,0,0,0,0.86,6.9,5.17,2.59,0.86,0,0.86,0,0,12.07,6.9,1.72,2.59,0,0,0.86,0
2819,buyer,1,122,6.18,40.06,80.96,31.5,12.2,5.74,90.98,78.69,67.21,23.77,14.75,8.2,0,6.56,0,0,9.02,15.57,5.74,0.82,9.84,13.93,8.2,4.92,1.64,20.49,4.1,3.28,0,0,0,0,33.61,3.28,21.31,8.2,4.92,2.46,3.28,1.64,3.28,0,4.1,2.46,1.64,3.28,1.64,1.64,0,0.82,0,0,11.48,4.92,2.46,0.82,0,0,0.82,6.56,0,0,0,0,0,0,0,0,4.92,0,0,1.64,3.28,0,0,0,0,0,0,0,0,0,0,0,0,0.82,0,0,0,0,0,0,6.56,4.92,0,0.82,3.28,0,0,0.82,1.64,6.56,3.28,3.28,1.64,0,1.64,0,0,11.48,4.92,3.28,3.28,0,0,0,0
2819,buyer,1,67,3.63,90.68,85.22,86.16,13.4,14.93,92.54,70.15,56.72,20.9,14.93,5.97,0,5.97,0,2.99,5.97,13.43,1.49,1.49,5.97,11.94,10.45,4.48,0,20.9,4.48,2.99,2.99,0,0,2.99,31.34,2.99,17.91,10.45,2.99,1.49,0,2.99,1.49,0,4.48,4.48,0,2.99,2.99,0,0,0,0,0,17.91,5.97,5.97,2.99,0,0,0,11.94,0,0,0,0,0,0,0,0,14.93,0,0,4.48,10.45,0,0,0,0,0,0,0,0,0,0,0,0,5.97,0,0,0,0,0,0,13.43,7.46,0,1.49,4.48,0,0,1.49,1.49,5.97,5.97,2.99,2.99,0,2.99,0,0,17.91,4.48,8.96,2.99,0,0,1.49,0
2819,seller,1,51,13.06,82.38,6.58,4.72,7.29,15.69,84.31,64.71,54.9,13.73,9.8,3.92,1.96,3.92,0,0,3.92,11.76,9.8,1.96,3.92,19.61,7.84,3.92,0,21.57,5.88,0,1.96,1.96,0,0,25.49,0,11.76,3.92,0,1.96,3.92,3.92,0,0,1.96,0,1.96,1.96,0,1.96,0,0,0,0,9.8,3.92,0,0,0,0,3.92,5.88,0,0,0,0,0,0,0,0,7.84,0,0,3.92,5.88,0,0,0,0,0,0,0,0,0,0,0,0,1.96,0,1.96,0,0,0,0,7.84,0,0,0,0,0,0,0,3.92,5.88,5.88,3.92,5.88,0,3.92,1.96,0,19.61,11.76,1.96,0,0,3.92,1.96,0
2819,seller,1,45,7.5,66.21,19.26,54.76,5.63,8.89,91.11,73.33,60,20,15.56,8.89,4.44,2.22,0,0,4.44,13.33,8.89,2.22,6.67,20,4.44,6.67,0,22.22,8.89,0,4.44,4.44,0,0,17.78,2.22,6.67,4.44,0,2.22,2.22,0,0,0,6.67,4.44,2.22,2.22,0,2.22,0,0,0,0,8.89,2.22,2.22,0,0,0,0,6.67,0,0,0,0,0,0,0,0,11.11,0,0,6.67,6.67,0,0,0,0,0,0,0,0,0,0,0,0,2.22,0,0,0,0,0,0,11.11,0,0,0,0,0,0,0,2.22,0,8.89,6.67,6.67,0,6.67,0,0,22.22,15.56,0,2.22,0,2.22,2.22,0
2819,seller,1,34,5.02,85.94,46.57,95.42,5.67,5.88,94.12,70.59,58.82,20.59,17.65,8.82,5.88,2.94,0,0,2.94,11.76,8.82,2.94,5.88,17.65,5.88,8.82,0,20.59,5.88,0,5.88,5.88,0,0,17.65,2.94,5.88,5.88,0,0,2.94,0,0,0,11.76,8.82,2.94,2.94,0,2.94,0,0,0,0,11.76,2.94,2.94,0,0,0,0,8.82,0,0,0,0,0,0,0,0,11.76,0,0,8.82,2.94,0,0,0,0,0,0,0,0,0,0,0,0,5.88,0,0,0,0,0,0,8.82,0,0,0,0,0,0,0,2.94,0,5.88,8.82,2.94,0,2.94,0,0,20.59,11.76,0,2.94,0,2.94,2.94,0
2820,buyer,1,61,35.92,76.91,3.62,1.32,15.25,4.92,85.25,72.13,55.74,22.95,21.31,11.48,0,9.84,0,0,1.64,11.48,9.84,0,9.84,11.48,1.64,4.92,0,18.03,8.2,0,0,0,0,0,18.03,0,9.84,1.64,0,6.56,1.64,0,1.64,0,9.84,3.28,6.56,0,0,0,0,0,0,0,16.39,6.56,0,1.64,0,4.92,1.64,9.84,0,0,0,0,0,0,0,0,6.56,0,0,1.64,4.92,0,0,0,0,0,0,0,0,0,0,4.92,1.64,1.64,0,0,0,0,0,0,4.92,0,0,0,0,0,0,0,0,8.2,0,9.84,1.64,0,1.64,0,0,13.11,3.28,6.56,1.64,1.64,0,0,0
2820,buyer,1,63,29.12,82.74,10.18,1.48,12.6,6.35,82.54,69.84,57.14,22.22,19.05,9.52,0,9.52,0,0,3.17,17.46,9.52,1.59,9.52,11.11,3.17,4.76,1.59,15.87,6.35,1.59,0,0,0,0,20.63,1.59,11.11,1.59,0,1.59,1.59,6.35,1.59,0,6.35,1.59,4.76,0,0,0,0,0,0,0,15.87,4.76,1.59,0,0,3.17,0,11.11,1.59,0,0,1.59,0,0,0,0,4.76,0,0,1.59,3.17,0,0,0,0,0,0,0,0,0,0,3.17,1.59,0,0,0,0,0,0,0,4.76,0,0,0,0,0,0,0,0,4.76,1.59,12.7,1.59,0,1.59,0,0,12.7,3.17,4.76,1.59,3.17,0,0,0
2820,buyer,1,57,31.8,78.98,8.42,1,11.4,8.77,80.7,66.67,56.14,21.05,17.54,8.77,0,8.77,0,0,3.51,19.3,10.53,1.75,8.77,10.53,3.51,5.26,1.75,15.79,5.26,1.75,0,0,0,0,21.05,1.75,12.28,1.75,0,1.75,1.75,7.02,1.75,0,5.26,0,5.26,0,0,0,0,0,0,0,15.79,5.26,1.75,0,0,3.51,0,10.53,1.75,0,0,1.75,0,0,0,0,5.26,0,0,1.75,3.51,0,0,0,0,0,0,0,0,0,0,3.51,1.75,0,0,0,0,0,0,0,1.75,0,0,0,0,0,0,0,0,5.26,1.75,12.28,0,0,0,0,0,12.28,3.51,3.51,1.75,3.51,0,0,0
2820,buyer,1,39,45.8,69.89,1,1,7.8,10.26,76.92,58.97,53.85,15.38,10.26,5.13,0,5.13,0,0,5.13,23.08,12.82,2.56,7.69,10.26,5.13,5.13,2.56,12.82,2.56,2.56,2.56,0,0,2.56,20.51,2.56,10.26,0,0,0,0,10.26,0,0,5.13,0,5.13,0,0,0,0,0,0,0,15.38,7.69,2.56,0,2.56,2.56,0,7.69,2.56,0,0,2.56,0,0,0,0,5.13,0,0,2.56,2.56,0,0,0,0,0,0,0,0,0,0,0,0,0,0,0,0,0,0,0,2.56,0,0,0,0,0,0,0,0,5.13,2.56,10.26,0,0,0,0,0,12.82,5.13,2.56,2.56,2.56,0,0,0
2820,buyer,1,27,16.08,40.06,27.44,1,13.5,29.63,81.48,33.33,25.93,7.41,7.41,0,0,0,0,7.41,0,11.11,3.7,0,0,7.41,3.7,7.41,7.41,14.81,0,0,11.11,0,0,11.11,18.52,0,14.81,7.41,0,0,0,0,7.41,0,3.7,0,3.7,0,0,0,0,0,0,0,25.93,11.11,7.41,7.41,3.7,0,0,14.81,0,0,0,0,0,0,0,0,37.04,0,0,11.11,25.93,0,0,0,0,0,0,0,0,0,0,0,0,14.81,0,0,0,0,0,0,11.11,0,0,0,0,0,0,0,0,7.41,3.7,0,0,0,0,0,0,33.33,3.7,14.81,3.7,0,7.41,3.7,0
2820,seller,1,12,1,84.23,39.59,99,12,25,83.33,58.33,50,33.33,25,8.33,0,16.67,0,0,8.33,16.67,0,0,0,8.33,0,0,8.33,16.67,0,8.33,8.33,8.33,0,0,33.33,8.33,25,8.33,0,8.33,0,0,8.33,0,8.33,8.33,0,0,0,0,0,0,0,0,25,8.33,8.33,0,0,0,0,16.67,0,0,0,0,0,0,0,0,8.33,0,0,0,8.33,0,0,0,0,0,0,0,0,0,0,0,0,0,0,0,0,0,0,0,16.67,0,0,0,0,0,0,0,0,0,8.33,0,0,0,0,0,0,0,0,0,0,0,0,0,0
2820,seller,1,23,14.64,40.06,4.38,99,23,21.74,86.96,69.57,60.87,21.74,13.04,4.35,0,8.7,0,0,8.7,21.74,8.7,0,8.7,13.04,0,8.7,4.35,13.04,8.7,4.35,4.35,4.35,0,0,30.43,4.35,21.74,4.35,0,8.7,4.35,0,8.7,0,13.04,13.04,0,0,0,0,0,0,0,0,13.04,4.35,4.35,0,0,0,0,8.7,0,0,0,0,0,0,0,0,8.7,0,0,0,8.7,0,0,0,0,0,0,0,0,0,0,0,0,0,0,0,0,4.35,0,0,13.04,0,0,0,0,0,0,0,0,0,13.04,0,0,0,0,0,0,4.35,0,0,0,0,4.35,0,0
2820,seller,1,42,13.76,67.92,12.96,98.65,42,21.43,88.1,57.14,45.24,16.67,11.9,2.38,0,4.76,0,4.76,4.76,16.67,4.76,0,4.76,11.9,0,7.14,4.76,19.05,4.76,2.38,7.14,2.38,0,4.76,30.95,2.38,19.05,7.14,0,4.76,2.38,0,7.14,0,7.14,7.14,0,0,0,0,0,0,0,0,21.43,7.14,7.14,4.76,0,0,0,14.29,0,0,0,0,0,0,0,0,21.43,0,0,4.76,16.67,0,0,0,0,0,0,0,0,0,0,0,0,9.52,0,0,0,2.38,0,0,14.29,0,0,0,0,0,0,0,0,7.14,9.52,0,0,0,0,0,0,19.05,2.38,9.52,0,0,4.76,2.38,0
2820,seller,1,38,22.98,55.75,8.42,99,19,18.42,92.11,55.26,42.11,13.16,10.53,2.63,0,2.63,0,5.26,2.63,15.79,5.26,0,5.26,10.53,0,7.89,5.26,18.42,5.26,0,7.89,2.63,0,5.26,26.32,2.63,13.16,5.26,0,2.63,2.63,0,5.26,0,10.53,10.53,0,0,0,0,0,0,0,0,21.05,7.89,7.89,5.26,0,0,0,13.16,0,0,0,0,0,0,0,0,26.32,0,0,7.89,18.42,0,0,0,0,0,0,0,0,0,0,0,0,13.16,0,0,0,2.63,0,0,13.16,0,0,0,0,0,0,0,0,7.89,7.89,0,0,0,0,0,0,21.05,2.63,10.53,0,0,5.26,2.63,0
2821,buyer,1,55,86.82,29.95,16.38,47.86,9.17,9.09,83.64,65.45,58.18,10.91,10.91,5.45,0,3.64,0,1.82,0,23.64,20,0,9.09,12.73,0,1.82,5.45,18.18,1.82,0,3.64,3.64,0,0,20,0,12.73,1.82,3.64,1.82,0,0,5.45,0,1.82,1.82,0,0,0,0,0,0,0,0,16.36,5.45,3.64,3.64,0,0,3.64,10.91,1.82,0,0,0,0,0,0,0,3.64,0,0,0,3.64,0,0,0,0,0,0,0,0,0,0,0,0,0,5.45,0,0,0,0,0,7.27,1.82,0,0,1.82,0,0,0,0,7.27,3.64,0,0,0,0,0,0,10.91,9.09,0,0,0,1.82,0,0
2821,buyer,1,91,72.2,18.04,18.53,54.36,11.38,14.29,81.32,67.03,58.24,13.19,10.99,6.59,0,3.3,0,1.1,2.2,20.88,17.58,0,8.79,13.19,1.1,4.4,3.3,18.68,3.3,0,2.2,2.2,0,0,24.18,0,15.38,3.3,1.1,4.4,1.1,0,6.59,0,2.2,2.2,0,1.1,1.1,0,0,0,0,0,12.09,3.3,2.2,1.1,0,0,2.2,8.79,1.1,0,0,0,0,0,0,0,3.3,0,0,2.2,1.1,0,0,0,0,0,0,0,0,0,0,1.1,0,0,3.3,0,0,0,0,0,5.49,1.1,0,0,1.1,0,0,0,0,7.69,3.3,0,0,0,0,0,0,12.09,8.79,1.1,0,0,2.2,0,0
2821,buyer,1,115,42.27,9.71,27.24,46.5,10.45,18.26,84.35,69.57,61.74,15.65,10.43,7.83,0,2.61,0,0,5.22,15.65,13.04,0.87,10.43,15.65,2.61,6.96,1.74,20.87,3.48,0.87,0,0,0,0,27.83,0,14.78,2.61,0.87,6.09,1.74,0,5.22,0,1.74,1.74,0,0.87,0.87,0,0,0,0,0,9.57,4.35,1.74,0.87,0,0,2.61,5.22,0,0,0,0,0,0,0,0,6.09,0,0,2.61,3.48,0,0,0,0,0,0,0,0,0,0,1.74,0,1.74,0,0,0,0,0,0,3.48,1.74,0,1.74,0.87,0,0,0,2.61,8.7,4.35,0.87,0,0,0,0,0,13.91,9.57,2.61,0,0,1.74,0,0
2821,buyer,1,127,45.33,19.93,23.69,31.01,11.55,20.47,84.25,63.78,55.12,13.39,8.66,6.3,0,0.79,0,1.57,4.72,14.96,11.81,0.79,8.66,14.96,2.36,7.09,0.79,20.47,3.94,1.57,1.57,0,0,1.57,27.56,0,13.39,3.94,0,5.51,1.57,0,3.94,0,0.79,0.79,0,0.79,0.79,0,0,0,0,0,10.24,3.94,2.36,1.57,0,0,0.79,6.3,0,0,0,0,0,0,0,0,11.81,0,0,3.94,7.87,0,0,0,0,0,0,0,0,0,0,1.57,0,4.72,0,0.79,0,0,0,0,5.51,2.36,0,1.57,1.57,0,0,0,2.36,9.45,4.72,0.79,0,0,0,0,0,16.54,8.66,5.51,0,0,1.57,0.79,0
2821,seller,1,91,14.06,14.02,18.53,20.23,15.17,20.88,82.42,74.73,62.64,16.48,9.89,5.49,0,4.4,0,0,6.59,14.29,9.89,0,7.69,14.29,4.4,9.89,3.3,20.88,5.49,0,1.1,0,0,1.1,25.27,0,14.29,2.2,0,3.3,3.3,2.2,6.59,0,2.2,1.1,1.1,0,0,0,0,0,0,0,9.89,4.4,2.2,1.1,0,0,0,5.49,0,0,0,0,1.1,0,0,1.1,2.2,0,0,1.1,1.1,0,0,0,0,0,0,0,0,0,0,0,1.1,1.1,0,0,0,0,0,0,5.49,5.49,2.2,0,1.1,2.2,0,0,1.1,4.4,8.79,1.1,0,0,0,0,0,8.79,5.49,2.2,1.1,0,0,0,0
2821,seller,1,132,32.02,17.46,24.93,30.55,18.86,24.24,84.09,71.97,60.61,15.15,9.85,6.06,0,3.79,0,0,5.3,14.39,9.85,0.76,9.85,12.12,4.55,8.33,2.27,18.18,4.55,1.52,2.27,0,0.76,1.52,25,0,14.39,3.79,0.76,3.03,1.52,1.52,5.3,0,3.79,2.27,1.52,0.76,0.76,0,0,0,0,0,12.12,6.82,4.55,2.27,0,0,0,5.3,0,0,0,0,0.76,0,0,0.76,4.55,0,0,1.52,3.03,0,0,0,0,0,0,0,0,0,0,0,0.76,1.52,0,0,0,0,0,0,5.3,3.79,1.52,0,0.76,1.52,0,0,1.52,4.55,6.82,1.52,0,0,0,0,0,7.58,5.3,1.52,0,0,0.76,0,0
2821,seller,1,161,34.72,33.05,31.91,20.23,26.83,26.09,85.71,69.57,59.01,16.15,8.7,4.97,0,3.73,0,0,7.45,13.04,6.83,0.62,12.42,12.42,2.48,6.83,3.11,18.01,4.35,1.24,3.11,0,0.62,2.48,24.84,1.24,10.56,3.73,1.24,1.24,0,0,3.73,0,3.73,1.86,1.86,0.62,0.62,0,0,0,0,0,12.42,6.21,3.73,2.48,0.62,0,0,6.83,0,0,0,0,0,0,0,0,5.59,0,0,1.24,4.35,0,0,0,0,0,0,0,0,0,0,0,0,1.86,0,0,0,0,0,0,6.21,3.73,1.24,0,1.24,1.24,0,0,3.11,5.59,4.97,3.11,0,0,0,0,0,6.21,3.73,1.86,0,0,0.62,0,0
2821,seller,1,120,47.15,45,28.56,31.71,20,27.5,85.83,65.83,57.5,15,7.5,4.17,0,3.33,0,0,7.5,13.33,6.67,0.83,13.33,11.67,2.5,5.83,2.5,15.83,3.33,1.67,3.33,0,0.83,2.5,25,1.67,10,4.17,1.67,0.83,0,0,2.5,0,4.17,2.5,1.67,0.83,0.83,0,0,0,0,0,11.67,5.83,4.17,2.5,0.83,0,0,6.67,0,0,0,0,0,0,0,0,7.5,0,0,1.67,5.83,0,0,0,0,0,0,0,0,0,0,0,0,3.33,0,0,0,0,0,0,5.83,0.83,0,0,0.83,0,0,0,4.17,5,5,4.17,0,0,0,0,0,6.67,4.17,1.67,0,0,0.83,0,0
2823,buyer,1,101,17.84,1,12.87,98.32,14.43,17.82,87.13,64.36,61.39,20.79,11.88,9.9,0,1.98,0,0,8.91,20.79,9.9,0.99,7.92,11.88,3.96,7.92,1.98,14.85,0,1.98,0.99,0,0.99,0,31.68,3.96,16.83,0.99,0.99,7.92,1.98,0,5.94,0,6.93,6.93,0,3.96,3.96,0,0,0,0,0,7.92,5.94,2.97,3.96,0,0,3.96,1.98,0,0,0,0,0,0,0,0,4.95,0.99,0,0,3.96,0,0,0,0,0,0,0,0,0,0,0,0.99,4.95,0,0,0,0,0,0,0,1.98,0,0,1.98,0,0,0,0.99,8.91,3.96,0.99,0,0,0,0,0,9.9,5.94,0.99,0.99,0,0.99,0.99,0
2823,buyer,1,147,13.2,36.16,51.8,88.66,16.33,21.09,89.8,72.11,61.22,22.45,12.24,6.8,1.36,4.08,0,0,10.2,21.09,6.8,0.68,9.52,12.93,2.72,8.84,0.68,19.05,5.44,2.04,2.72,1.36,1.36,0,27.21,1.36,17.69,4.76,1.36,6.12,2.72,0,4.08,0,6.12,5.44,0.68,2.72,2.72,0,0,0,0,0,11.56,6.12,3.4,1.36,0,0,3.4,5.44,0,0,0,0,0.68,0.68,0,0,4.08,0.68,0,1.36,2.04,0,0,0,0,0,0,0,0,0,0,0,0.68,2.04,0,0,0,0,0,0,2.04,4.08,0,1.36,3.4,0.68,0,0,4.08,6.8,3.4,1.36,0,0,0,0,0,8.84,4.08,0.68,2.04,0,0.68,1.36,0
2823,buyer,1,154,9.62,79.51,76.37,79.89,14,21.43,92.86,76.62,63.64,24.03,14.94,6.49,3.25,5.19,0,0,9.09,19.48,4.55,0,11.69,14.29,3.9,7.79,0,20.13,7.14,1.3,6.49,3.25,1.95,1.3,25.32,0,18.18,5.19,1.3,5.84,3.25,1.3,3.25,0,6.49,5.19,1.3,2.6,2.6,0,0,0,0,0,17.53,9.09,5.19,2.6,0.65,0,3.25,8.44,0,0,0,0,0.65,0.65,0,0,2.6,0,0,1.3,1.3,0,0,0,0,0,0,0,0,0,0,0,0.65,0.65,0,0,0,0,0,0,1.95,5.84,0,1.95,5.19,0.65,0,0,5.84,3.9,3.9,1.95,0,0,0,0,0,10.39,5.19,0.65,1.95,0,1.3,1.3,0
2823,buyer,1,131,14.47,94.37,84.29,78.94,14.56,23.66,93.89,72.52,55.73,21.37,15.27,5.34,3.82,4.58,0,1.53,6.11,17.56,3.82,0,9.92,12.21,3.82,6.87,0,19.85,9.16,2.29,8.4,3.82,1.53,3.05,25.19,0,16.79,6.87,0.76,4.58,2.29,1.53,2.29,0,6.87,5.34,1.53,3.05,3.05,0,0,0,0,0,21.37,9.92,6.87,3.82,0.76,0,2.29,11.45,0,0,0,0,0.76,0.76,0,0,7.63,0,0,3.05,4.58,0,0,0,0,0,0,0,0,0,0,0,0.76,3.05,0,0.76,0,0,0,0,4.58,6.11,0,2.29,5.34,0.76,0,0,6.11,6.11,2.29,1.53,0,0,0,0,0,12.98,5.34,3.82,1.53,0,0.76,1.53,0
2823,seller,1,81,26.88,26.65,52.89,8.65,11.57,12.35,92.59,74.07,60.49,22.22,16.05,9.88,0,6.17,0,0,6.17,9.88,7.41,0,14.81,12.35,3.7,7.41,1.23,20.99,4.94,1.23,1.23,0,0,1.23,23.46,0,12.35,2.47,2.47,3.7,1.23,0,3.7,0,3.7,1.23,2.47,2.47,0,2.47,0,2.47,0,0,12.35,6.17,1.23,1.23,0,0,1.23,6.17,0,0,0,0,0,0,0,0,3.7,0,0,1.23,2.47,0,0,0,0,0,0,0,0,0,0,2.47,0,2.47,2.47,0,0,0,0,0,7.41,6.17,1.23,0,2.47,2.47,1.23,0,3.7,6.17,3.7,6.17,0,0,0,0,0,18.52,6.17,4.94,2.47,0,4.94,0,0
2823,seller,1,83,38.29,33.25,49.65,20.23,11.86,12.05,92.77,74.7,60.24,21.69,16.87,9.64,1.2,6.02,0,0,4.82,10.84,7.23,0,16.87,9.64,4.82,7.23,1.2,19.28,6.02,3.61,1.2,1.2,0,0,28.92,0,19.28,2.41,2.41,6.02,3.61,2.41,4.82,0,4.82,2.41,2.41,3.61,1.2,2.41,0,2.41,0,0,10.84,3.61,0,0,0,0,0,7.23,0,0,0,0,0,0,0,0,4.82,0,0,1.2,3.61,0,0,0,0,0,0,0,0,0,0,3.61,1.2,2.41,2.41,0,0,0,0,0,9.64,4.82,1.2,0,2.41,2.41,0,0,4.82,3.61,3.61,7.23,0,0,0,0,0,18.07,6.02,4.82,2.41,0,4.82,0,0
2823,seller,1,68,33.83,85.94,18.77,85.53,9.71,7.35,97.06,77.94,63.24,23.53,17.65,7.35,1.47,8.82,0,0,5.88,11.76,5.88,0,19.12,8.82,7.35,7.35,0,17.65,5.88,7.35,2.94,1.47,0,1.47,29.41,0,20.59,0,2.94,7.35,5.88,2.94,4.41,0,7.35,5.88,1.47,5.88,4.41,1.47,0,1.47,0,0,14.71,4.41,1.47,1.47,0,0,0,10.29,0,0,0,0,0,0,0,0,4.41,0,0,0,4.41,0,0,0,0,0,0,0,0,0,0,4.41,2.94,2.94,0,0,0,0,0,0,11.76,4.41,1.47,0,2.94,1.47,0,0,5.88,0,2.94,8.82,0,0,0,0,0,17.65,5.88,2.94,2.94,1.47,4.41,0,0
2823,seller,1,32,26.1,99,15.38,99,6.4,6.25,100,71.88,56.25,28.13,21.88,6.25,3.13,12.5,0,0,6.25,15.63,3.13,0,15.63,3.13,6.25,6.25,0,12.5,6.25,12.5,6.25,3.13,0,3.13,37.5,0,28.13,0,0,9.38,9.38,6.25,6.25,0,15.63,15.63,0,9.38,9.38,0,0,0,0,0,18.75,3.13,3.13,3.13,0,0,0,15.63,0,0,0,0,0,0,0,0,6.25,0,0,3.13,3.13,0,0,0,0,0,0,0,0,0,0,3.13,6.25,6.25,0,0,0,0,0,0,12.5,3.13,0,0,3.13,0,0,0,6.25,0,3.13,6.25,0,0,0,0,0,18.75,6.25,3.13,3.13,3.13,3.13,0,0
2824,buyer,1,61,81.13,1,37.69,99,61,11.48,93.44,67.21,50.82,13.11,11.48,11.48,0,0,0,0,1.64,14.75,14.75,3.28,9.84,6.56,3.28,3.28,3.28,14.75,6.56,0,0,0,0,0,24.59,1.64,13.11,1.64,1.64,3.28,1.64,0,6.56,0,11.48,9.84,1.64,3.28,3.28,0,0,0,0,0,6.56,6.56,1.64,3.28,0,0,4.92,0,0,0,0,0,1.64,0,0,1.64,9.84,0,0,1.64,8.2,0,0,0,0,0,0,0,0,0,0,0,0,8.2,0,0,0,0,0,1.64,3.28,6.56,0,0,0,6.56,0,0,0,8.2,0,3.28,1.64,0,1.64,0,0,8.2,0,4.92,0,0,0,3.28,0
2824,buyer,1,89,62.5,1,91.95,55.18,44.5,7.87,92.13,75.28,55.06,16.85,11.24,10.11,0,1.12,0,0,5.62,16.85,13.48,2.25,10.11,7.87,2.25,4.49,4.49,20.22,5.62,1.12,1.12,0,0,1.12,26.97,1.12,10.11,1.12,0,2.25,2.25,0,6.74,0,6.74,4.49,2.25,0,0,0,0,0,0,0,5.62,4.49,1.12,1.12,0,0,3.37,1.12,0,0,0,0,2.25,0,0,2.25,5.62,0,0,1.12,4.49,0,0,0,0,0,0,0,0,0,0,1.12,0,4.49,0,0,0,0,0,1.12,4.49,8.99,0,2.25,3.37,4.49,0,0,4.49,10.11,1.12,3.37,1.12,0,1.12,0,0,10.11,1.12,6.74,0,0,0,2.25,0
2824,buyer,1,79,68.71,1,90.41,78.69,39.5,6.33,93.67,75.95,55.7,13.92,8.86,7.59,0,1.27,0,0,5.06,18.99,15.19,2.53,10.13,7.59,5.06,5.06,3.8,21.52,3.8,1.27,1.27,0,0,1.27,25.32,1.27,10.13,2.53,1.27,2.53,2.53,0,5.06,0,8.86,6.33,2.53,0,0,0,0,0,0,0,6.33,5.06,1.27,1.27,0,0,3.8,1.27,0,0,0,0,2.53,0,0,2.53,3.8,0,0,1.27,2.53,0,0,0,0,0,0,0,0,0,0,1.27,0,2.53,0,0,0,0,0,1.27,7.59,8.86,0,2.53,5.06,2.53,0,0,5.06,6.33,1.27,3.8,1.27,0,1.27,0,0,11.39,1.27,6.33,1.27,0,0,2.53,0
2824,buyer,1,65,39.7,1,95.87,43.1,21.67,6.15,92.31,80,58.46,20,12.31,10.77,0,1.54,0,0,7.69,16.92,10.77,1.54,10.77,9.23,3.08,4.62,4.62,26.15,3.08,1.54,1.54,0,0,1.54,29.23,0,13.85,3.08,1.54,6.15,1.54,0,4.62,0,7.69,4.62,3.08,0,0,0,0,0,0,0,4.62,3.08,0,0,0,0,3.08,1.54,0,0,0,0,1.54,0,0,1.54,3.08,0,0,1.54,1.54,0,0,0,0,0,0,0,0,0,0,3.08,0,4.62,0,0,0,0,0,1.54,9.23,7.69,0,3.08,6.15,0,0,0,6.15,7.69,3.08,3.08,0,0,0,0,0,10.77,1.54,6.15,1.54,0,0,1.54,0
2824,buyer,1,26,21.6,2.37,57.98,99,13,7.69,92.31,76.92,53.85,19.23,15.38,11.54,0,3.85,0,0,3.85,11.54,7.69,3.85,7.69,7.69,7.69,3.85,3.85,26.92,3.85,0,0,0,0,0,26.92,0,19.23,7.69,3.85,7.69,0,0,3.85,0,15.38,11.54,3.85,0,0,0,0,0,0,0,11.54,7.69,3.85,3.85,0,0,7.69,3.85,0,0,0,0,0,0,0,0,3.85,0,0,3.85,0,0,0,0,0,0,0,0,0,0,0,3.85,0,7.69,0,0,0,0,0,3.85,15.38,3.85,0,0,3.85,0,0,0,0,0,3.85,3.85,0,0,0,0,0,15.38,3.85,3.85,3.85,0,0,3.85,0
2824,buyer,1,18,19.76,2.75,10.18,99,9,11.11,94.44,72.22,50,22.22,16.67,11.11,0,5.56,0,0,5.56,11.11,5.56,0,5.56,11.11,0,0,5.56,27.78,5.56,0,0,0,0,0,33.33,0,22.22,5.56,0,11.11,0,0,5.56,0,22.22,16.67,5.56,0,0,0,0,0,0,0,16.67,11.11,5.56,5.56,0,0,11.11,5.56,0,0,0,0,0,0,0,0,11.11,0,0,11.11,0,0,0,0,0,0,0,0,0,0,0,5.56,0,11.11,0,0,0,0,0,5.56,5.56,0,0,0,0,0,0,0,0,0,5.56,5.56,0,0,0,0,0,11.11,5.56,5.56,0,0,0,0,0
2824,seller,1,42,13.76,99,24.32,,14,9.52,92.86,78.57,61.9,23.81,16.67,0,9.52,7.14,0,0,7.14,16.67,7.14,2.38,14.29,9.52,7.14,9.52,2.38,16.67,9.52,4.76,14.29,9.52,0,4.76,16.67,0,7.14,0,0,2.38,0,2.38,2.38,0,0,0,0,0,0,0,0,0,0,0,23.81,7.14,4.76,2.38,0,0,2.38,16.67,0,0,0,0,2.38,0,0,2.38,0,0,0,0,0,0,0,0,0,0,0,0,0,0,0,2.38,0,0,0,0,0,0,0,0,7.14,11.9,2.38,2.38,7.14,2.38,0,0,4.76,2.38,2.38,2.38,0,0,0,0,0,7.14,2.38,0,2.38,0,2.38,0,0
2824,seller,1,53,7.19,99,29.13,49.04,17.67,7.55,96.23,79.25,62.26,22.64,16.98,1.89,7.55,7.55,0,0,5.66,13.21,3.77,3.77,15.09,11.32,11.32,7.55,1.89,18.87,7.55,5.66,11.32,7.55,0,3.77,18.87,0,9.43,0,0,3.77,0,3.77,1.89,0,1.89,1.89,0,0,0,0,0,0,0,0,20.75,5.66,3.77,1.89,0,0,1.89,15.09,0,0,0,0,1.89,0,0,1.89,3.77,0,0,0,3.77,0,0,0,0,0,0,0,0,0,0,1.89,0,1.89,0,0,0,0,0,0,5.66,15.09,1.89,1.89,9.43,1.89,1.89,0,3.77,0,5.66,1.89,0,0,0,0,0,11.32,3.77,0,1.89,0,3.77,1.89,0
2824,seller,1,50,1,98.38,22.74,50.98,10,12,100,84,64,20,14,2,6,6,0,0,6,14,4,6,10,16,16,6,4,22,10,8,8,6,0,2,24,0,16,0,0,6,4,4,2,0,2,2,0,0,0,0,0,0,0,0,16,4,2,0,0,0,2,12,0,0,0,0,2,0,0,2,6,0,0,0,6,0,0,0,0,0,0,0,0,0,0,2,0,2,0,0,0,0,0,0,8,16,0,2,12,2,2,0,2,0,6,2,0,0,0,0,0,20,6,0,4,0,6,4,0
2824,seller,1,53,1,92.68,2.78,20.23,8.83,11.32,96.23,81.13,64.15,16.98,11.32,1.89,5.66,1.89,0,1.89,5.66,9.43,5.66,3.77,5.66,18.87,13.21,9.43,1.89,24.53,7.55,3.77,5.66,5.66,0,0,28.3,0,16.98,1.89,0,7.55,5.66,3.77,1.89,0,7.55,3.77,3.77,0,0,0,0,0,0,0,15.09,5.66,1.89,0,0,3.77,0,9.43,0,0,0,0,0,0,0,0,7.55,0,0,0,7.55,0,0,0,0,0,0,0,0,0,0,0,0,1.89,0,0,0,0,0,0,3.77,9.43,0,0,7.55,0,1.89,0,1.89,5.66,3.77,1.89,0,0,0,0,0,16.98,5.66,0,3.77,0,3.77,3.77,0
2824,seller,1,58,2.24,94.12,7.91,5.8,14.5,20.69,91.38,65.52,50,13.79,10.34,0,5.17,0,0,5.17,3.45,10.34,5.17,1.72,1.72,15.52,6.9,10.34,3.45,22.41,6.9,3.45,8.62,5.17,0,3.45,27.59,0,17.24,5.17,0,5.17,5.17,1.72,3.45,0,5.17,1.72,3.45,0,0,0,0,0,0,0,20.69,6.9,3.45,3.45,0,3.45,0,13.79,0,0,0,0,0,0,0,0,17.24,0,0,3.45,13.79,0,0,0,0,0,0,0,0,0,0,0,0,6.9,0,1.72,0,0,0,0,8.62,5.17,0,0,5.17,0,0,0,1.72,8.62,1.72,1.72,0,0,0,0,0,20.69,5.17,6.9,1.72,0,3.45,3.45,0
2825,buyer,1,101,12.58,1,91.66,34.12,20.2,15.84,92.08,78.22,69.31,23.76,14.85,9.9,0,1.98,0,2.97,8.91,18.81,8.91,0,13.86,10.89,6.93,8.91,3.96,17.82,2.97,1.98,0,0,0,0,29.7,0,22.77,4.95,2.97,2.97,1.98,1.98,7.92,0,6.93,3.96,2.97,2.97,1.98,0.99,0,0,0.99,0,9.9,3.96,0,0.99,0.99,0,2.97,5.94,0,0,0,0,0,0,0,0,4.95,0,0,1.98,3.96,0,0,0,0,0,0,0,0,0,0,1.98,0,2.97,0,0,0,0,0.99,0,4.95,5.94,0.99,0,2.97,0.99,0,0,2.97,2.97,3.96,4.95,0,0,0,0,0,9.9,3.96,4.95,0,0,0.99,0,0
2825,buyer,1,124,12.94,4.4,99,20.23,20.67,16.13,91.94,79.84,69.35,25,17.74,11.29,0,4.03,0,2.42,7.26,16.94,8.06,0,15.32,8.87,7.26,10.48,3.23,15.32,4.03,2.42,0,0,0,0,26.61,0,19.35,5.65,2.42,0.81,2.42,1.61,6.45,0,4.84,2.42,2.42,1.61,0.81,0.81,0,0,0.81,0,12.9,5.65,1.61,0.81,0.81,0,3.23,7.26,0,0,0,0,0,0,0,0,4.84,0,0,3.23,2.42,0,0,0,0,0,0,0,0,0,0,1.61,0,2.42,0,0,0,0,0.81,0,4.03,7.26,0.81,0.81,4.84,0.81,0,0,4.84,2.42,3.23,5.65,0.81,0,0.81,0,0,9.68,4.03,4.84,0,0,0.81,0,0
2825,buyer,1,121,11.75,30.84,99,45.06,20.17,15.7,94.21,81.82,70.25,24.79,19.01,9.92,0,6.61,0,2.48,5.79,14.88,6.61,0,17.36,8.26,9.09,11.57,2.48,15.7,4.13,2.48,0.83,0,0,0.83,23.97,0,19.01,6.61,1.65,0.83,2.48,1.65,5.79,0,6.61,4.13,2.48,1.65,0.83,0.83,0,0,0.83,0,17.36,7.44,3.31,2.48,0.83,0,4.13,9.92,0,0,0,0,0,0,0,0,4.13,0,0,3.31,1.65,0,0,0,0,0,0,0,0,0,0,1.65,0,0.83,0,0,0,0,0.83,0,4.13,6.61,0.83,0.83,4.13,0.83,0,0,4.96,0.83,2.48,5.79,0.83,0,0.83,0,0,10.74,4.13,5.79,0,0,0.83,0,0
2825,buyer,1,43,19.49,98.54,99,99,14.33,13.95,95.35,76.74,65.12,25.58,25.58,11.63,0,13.95,0,0,0,9.3,4.65,0,18.6,2.33,9.3,13.95,0,6.98,4.65,2.33,2.33,0,0,2.33,13.95,0,9.3,6.98,0,0,2.33,0,0,0,11.63,11.63,0,2.33,2.33,0,0,0,0,0,27.91,13.95,9.3,6.98,0,0,6.98,13.95,0,0,0,0,0,0,0,0,6.98,0,0,6.98,0,0,0,0,0,0,0,0,0,0,0,0,0,2.33,0,0,0,0,0,0,0,6.98,0,2.33,6.98,0,0,0,6.98,0,0,4.65,2.33,0,2.33,0,0,9.3,4.65,4.65,0,0,0,0,0
2825,seller,1,124,30.23,99,41.5,31.3,24.8,9.68,92.74,75.81,62.9,22.58,18.55,3.23,7.26,8.06,0,0,4.03,15.32,8.06,0,13.71,11.29,6.45,4.84,0,20.16,4.03,0,9.68,7.26,0.81,1.61,20.16,0,13.71,6.45,1.61,4.84,2.42,0,0,0,5.65,3.23,2.42,4.84,2.42,2.42,0,0,0,0,20.16,4.84,0,2.42,0,0,3.23,15.32,0,0,0,0,0,0,0,0,5.65,0,0,4.03,2.42,0,0,0,0,0,0,0,0,0,0,0,0.81,1.61,0,0,0,0,0,0,6.45,11.29,0.81,2.42,8.06,0.81,0,0,1.61,2.42,1.61,4.84,0,0,0,0,0,4.84,4.03,0.81,0,0,0,0,0
2825,seller,1,177,37.1,99,45.62,27.73,22.13,12.99,92.09,74.58,61.02,22.6,18.64,2.82,6.78,9.04,0,0,3.95,16.38,5.65,0,15.82,10.17,3.95,5.65,0,18.64,5.08,1.13,9.04,6.78,0.56,1.69,18.64,0,11.86,6.78,1.13,3.39,1.69,0,0,0,5.08,2.82,2.26,4.52,2.26,2.26,0,0,0,0,20.34,3.95,1.13,2.26,0,0,2.26,16.38,0,0,0,0,0,0,0,0,6.78,0,0,5.08,3.39,0,0,0,0,0,0,0,0,0,0,0,0.56,1.69,0,0.56,0,0,0,0,6.21,10.17,1.13,1.69,7.34,1.13,0,0,2.26,2.82,1.13,4.52,0,0,0,0,0,5.65,3.95,1.69,0,0,0,0,0
2825,seller,1,142,40.54,99,36.35,40.95,23.67,15.49,91.55,69.01,54.93,19.72,16.9,2.11,4.93,8.45,0,1.41,2.82,15.49,4.23,0,14.79,9.15,3.52,6.34,0,16.9,6.34,2.11,8.45,4.93,0.7,2.82,18.31,0,11.27,6.34,0.7,3.52,1.41,0,0,0,5.63,3.52,2.11,4.93,2.82,2.11,0,0,0,0,21.13,4.23,2.82,3.52,0,0,1.41,16.9,0,0,0,0,0,0,0,0,11.97,0,0,5.63,7.75,0,0,0,0,0,0,0,0,0,0,0,0.7,4.23,0,1.41,0,0,0,0,6.34,9.86,0.7,1.41,7.75,0.7,0,0,2.11,2.82,0.7,4.23,0,0,0,0,0,9.86,4.23,4.93,0,0,0,0.7,0
2826,buyer,1,93,35.37,1,51.16,99,93,17.2,92.47,72.04,56.99,19.35,12.9,11.83,0,1.08,0,0,6.45,9.68,7.53,1.08,10.75,12.9,1.08,4.3,2.15,23.66,1.08,2.15,1.08,0,0,1.08,35.48,0,24.73,2.15,4.3,12.9,2.15,2.15,3.23,0,9.68,8.6,1.08,6.45,6.45,0,0,0,0,0,8.6,7.53,0,3.23,0,0,0,1.08,0,0,0,0,0,0,0,0,3.23,0,0,1.08,2.15,0,0,0,0,0,0,0,0,0,0,3.23,0,1.08,0,0,0,0,0,0,7.53,6.45,0,2.15,5.38,0,0,0,6.45,5.38,4.3,2.15,1.08,0,1.08,0,0,2.15,0,1.08,0,0,1.08,0,0
2826,buyer,1,110,42.39,3.95,50.45,98.85,110,14.55,93.64,73.64,56.36,20,13.64,10.91,0,2.73,0,0,6.36,10.91,7.27,0.91,11.82,11.82,0.91,3.64,1.82,25.45,1.82,1.82,1.82,0,1.82,0,34.55,0,26.36,2.73,5.45,10.91,3.64,1.82,2.73,0,9.09,8.18,0.91,6.36,6.36,0,0,0,0,0,8.18,5.45,0.91,0.91,0,0,0.91,2.73,0,0,0,0,0,0,0,0,2.73,0,0,1.82,0.91,0,0,0,0,0,0,0,0,0,0,2.73,0.91,0.91,0,0,0,0,0,0,10.91,6.36,0,2.73,4.55,0,0,0,5.45,1.82,5.45,2.73,0.91,0,0.91,0,0,2.73,0,1.82,0,0,0.91,0,0
2826,buyer,1,107,49.2,29.69,54.14,94.19,107,18.69,91.59,65.42,48.6,17.76,12.15,7.48,0,2.8,0,1.87,5.61,11.21,5.61,0.93,11.21,9.35,0,4.67,1.87,22.43,1.87,0.93,3.74,0,1.87,1.87,30.84,0.93,19.63,3.74,5.61,4.67,3.74,0.93,1.87,0,5.61,5.61,0,3.74,3.74,0,0,0,0,0,13.08,6.54,2.8,2.8,0,0,0.93,6.54,0,0,0,0,0,0,0,0,10.28,0,0,3.74,6.54,0,0,0,0,0,0,0,0,0,0,1.87,0.93,4.67,0,0,0,0,0,0,13.08,5.61,0,1.87,3.74,0,0,0,4.67,3.74,6.54,2.8,0.93,0,0.93,0,0,8.41,0.93,5.61,0,0,0.93,0.93,0
2826,seller,1,75,59.67,55.96,35.01,39.67,15,21.33,89.33,70.67,57.33,16,10.67,5.33,1.33,4,0,0,5.33,16,12,1.33,10.67,13.33,1.33,4,1.33,20,4,2.67,4,1.33,0,2.67,18.67,1.33,5.33,1.33,1.33,1.33,0,0,1.33,0,1.33,1.33,0,1.33,1.33,0,0,0,0,0,8,2.67,1.33,2.67,0,0,0,5.33,0,0,0,0,0,0,0,0,2.67,0,0,1.33,1.33,0,0,0,0,0,0,0,0,0,0,0,0,5.33,0,0,0,0,0,0,8,9.33,4,1.33,5.33,0,0,0,2.67,12,1.33,6.67,0,0,0,0,0,8,6.67,1.33,0,0,0,0,0
2826,seller,1,68,37.99,40.06,36.2,20.23,11.33,22.06,89.71,72.06,60.29,17.65,11.76,5.88,0,5.88,0,0,5.88,14.71,10.29,1.47,10.29,16.18,1.47,2.94,2.94,22.06,2.94,2.94,2.94,1.47,0,1.47,22.06,1.47,5.88,1.47,1.47,0,0,0,2.94,0,2.94,1.47,1.47,1.47,0,1.47,0,0,1.47,0,8.82,2.94,1.47,2.94,0,0,0,5.88,0,0,0,0,0,0,0,0,2.94,0,0,1.47,1.47,0,0,0,0,0,0,0,0,0,0,0,0,5.88,0,0,0,0,0,0,5.88,8.82,4.41,0,4.41,0,0,0,1.47,11.76,1.47,8.82,0,0,0,0,0,8.82,8.82,0,0,0,0,0,0
2826,seller,1,35,5.94,85.08,24.32,65.27,8.75,22.86,94.29,65.71,62.86,17.14,11.43,2.86,0,8.57,0,0,5.71,11.43,8.57,2.86,5.71,22.86,2.86,5.71,2.86,22.86,0,2.86,2.86,2.86,0,0,25.71,0,5.71,2.86,0,0,0,0,2.86,0,8.57,5.71,2.86,2.86,0,2.86,0,0,2.86,0,11.43,2.86,0,2.86,0,0,0,8.57,0,0,0,0,0,0,0,0,5.71,0,0,5.71,0,0,0,0,0,0,0,0,0,0,0,0,0,8.57,0,0,0,0,0,0,5.71,5.71,2.86,0,2.86,0,0,0,2.86,8.57,2.86,8.57,0,0,0,0,0,8.57,8.57,0,0,0,0,0,0
2827,buyer,1,81,58.92,40.06,14.73,8.65,20.25,14.81,85.19,61.73,50.62,11.11,11.11,6.17,0,4.94,0,0,0,14.81,12.35,0,8.64,8.64,2.47,9.88,2.47,12.35,8.64,3.7,3.7,0,0,3.7,19.75,0,8.64,1.23,1.23,3.7,0,0,2.47,0,3.7,1.23,2.47,2.47,1.23,1.23,0,0,0,0,14.81,8.64,2.47,1.23,0,4.94,0,6.17,1.23,0,0,1.23,0,0,0,0,6.17,0,0,2.47,4.94,0,0,0,0,0,0,0,0,0,0,0,1.23,2.47,1.23,2.47,0,0,0,0,1.23,3.7,0,0,3.7,0,0,0,2.47,4.94,3.7,3.7,0,0,0,0,0,7.41,4.94,2.47,0,0,0,0,0
2827,buyer,1,112,33.11,25.62,48.09,5.5,18.67,15.18,86.61,65.18,57.14,11.61,10.71,4.46,0,6.25,0,0,0.89,13.39,8.93,0,9.82,13.39,2.68,8.93,4.46,16.96,6.25,1.79,3.57,0.89,0,2.68,27.68,0,16.07,3.57,2.68,3.57,1.79,0,7.14,0,5.36,1.79,3.57,2.68,0.89,1.79,0,0,0,0,16.96,9.82,2.68,1.79,0,4.46,0.89,7.14,0.89,0,0,0.89,0,0,0,0,7.14,0.89,0,3.57,3.57,0,0,0,0,0,0,0,0,0,0,0,0.89,1.79,0.89,0.89,0,0,0.89,0,3.57,5.36,0.89,0,4.46,0,0,0,1.79,3.57,4.46,4.46,0,0,0,0,0,6.25,5.36,0.89,0,0,0,0,0
2827,buyer,1,127,25.62,49.43,49.93,1,18.14,17.32,90.55,70.08,55.91,13.39,11.81,3.94,0,7.09,0,0.79,1.57,12.6,7.09,0,8.66,12.6,3.15,8.66,3.15,17.32,10.24,3.94,3.94,0.79,0,3.15,30.71,0,18.11,3.94,3.15,4.72,2.36,0,6.3,0,7.09,1.57,5.51,3.94,0.79,3.15,0,0,0.79,0,18.11,10.24,2.36,3.15,0,3.15,0.79,7.87,0,0,0,0,0,0,0,0,9.45,0.79,0,3.94,5.51,0,0,0,0,0,0,0,0,0,0,0,0.79,0.79,1.57,1.57,0,0,0.79,0,4.72,7.09,0.79,0,5.51,0.79,0,0,3.15,3.94,6.3,2.36,0,0,0,0,0,6.3,5.51,0.79,0,0,0,0,0
2827,buyer,1,105,16.28,24.76,80.49,1,15,17.14,88.57,70.48,57.14,16.19,12.38,4.76,0,6.67,0,0.95,3.81,15.24,5.71,0,7.62,13.33,2.86,5.71,4.76,17.14,10.48,3.81,2.86,0.95,0,1.9,34.29,0.95,20,5.71,2.86,2.86,2.86,0.95,7.62,0,7.62,0.95,6.67,3.81,0,3.81,0,0,0.95,0,16.19,8.57,1.9,2.86,0,1.9,0.95,7.62,0,0,0,0,0,0,0,0,9.52,0.95,0,3.81,4.76,0,0,0,0,0,0,0,0,0,0,0,0,0.95,0.95,1.9,0,0,0.95,0,5.71,7.62,0.95,0,5.71,0.95,0,0,1.9,3.81,6.67,3.81,0,0,0,0,0,7.62,6.67,0.95,0,0,0,0,0
2827,buyer,1,60,18.61,59.9,51.55,1,12,18.33,91.67,71.67,51.67,18.33,13.33,5,0,6.67,0,1.67,5,16.67,5,0,6.67,10,3.33,5,3.33,15,15,6.67,3.33,0,0,3.33,31.67,1.67,16.67,5,1.67,3.33,1.67,1.67,3.33,0,8.33,0,8.33,5,0,5,0,0,1.67,0,16.67,8.33,1.67,3.33,1.67,0,0,8.33,0,0,0,0,0,0,0,0,11.67,0,0,5,6.67,0,0,0,0,0,0,0,0,0,0,0,0,0,1.67,3.33,0,0,0,0,5,6.67,0,0,5,1.67,0,0,3.33,3.33,8.33,3.33,0,0,0,0,0,8.33,6.67,1.67,0,0,0,0,0
2827,buyer,1,57,41.78,21.77,70.28,1,28.5,14.04,89.47,64.91,54.39,10.53,7.02,3.51,0,3.51,0,0,3.51,21.05,7.02,0,10.53,10.53,3.51,7.02,5.26,10.53,10.53,5.26,5.26,1.75,0,3.51,28.07,5.26,12.28,5.26,1.75,0,0,1.75,1.75,0,8.77,1.75,7.02,5.26,0,5.26,0,0,0,0,8.77,5.26,1.75,1.75,1.75,0,0,3.51,0,0,0,0,0,0,0,0,12.28,0,0,7.02,3.51,1.75,0,0,0,0,0,0,0,0,0,0,0,1.75,0,3.51,0,0,0,0,5.26,8.77,0,0,8.77,0,0,0,1.75,5.26,3.51,3.51,0,0,0,0,0,5.26,3.51,1.75,0,0,0,0,0
2827,buyer,1,62,46.42,76.43,47.26,1.4,31,19.35,88.71,54.84,45.16,8.06,8.06,1.61,0,3.23,0,3.23,0,14.52,4.84,0,9.68,9.68,3.23,8.06,3.23,12.9,6.45,4.84,8.06,1.61,0,6.45,22.58,3.23,9.68,4.84,1.61,0,0,0,1.61,0,6.45,1.61,4.84,3.23,0,3.23,0,0,0,0,17.74,8.06,4.84,4.84,1.61,0,0,9.68,0,0,0,0,0,0,0,0,20.97,0,0,8.06,11.29,1.61,0,0,0,0,0,0,0,0,0,0,0,8.06,0,3.23,0,0,0,0,8.06,8.06,0,0,8.06,0,0,0,1.61,8.06,3.23,1.61,0,0,0,0,0,12.9,3.23,6.45,0,0,1.61,1.61,0
2827,buyer,1,62,46.42,76.43,47.26,1.4,20.67,19.35,88.71,54.84,45.16,8.06,8.06,1.61,0,3.23,0,3.23,0,14.52,4.84,0,9.68,9.68,3.23,8.06,3.23,12.9,6.45,4.84,8.06,1.61,0,6.45,22.58,3.23,9.68,4.84,1.61,0,0,0,1.61,0,6.45,1.61,4.84,3.23,0,3.23,0,0,0,0,17.74,8.06,4.84,4.84,1.61,0,0,9.68,0,0,0,0,0,0,0,0,20.97,0,0,8.06,11.29,1.61,0,0,0,0,0,0,0,0,0,0,0,8.06,0,3.23,0,0,0,0,8.06,8.06,0,0,8.06,0,0,0,1.61,8.06,3.23,1.61,0,0,0,0,0,12.9,3.23,6.45,0,0,1.61,1.61,0
2827,buyer,1,44,20.83,86.82,50.45,3.56,22,27.27,86.36,36.36,22.73,9.09,9.09,0,0,0,0,9.09,0,9.09,0,0,0,9.09,0,4.55,4.55,18.18,4.55,4.55,11.36,0,0,11.36,22.73,0,13.64,9.09,0,0,0,0,4.55,0,2.27,0,2.27,0,0,0,0,0,0,0,29.55,11.36,9.09,9.09,2.27,0,0,18.18,0,0,0,0,0,0,0,0,38.64,0,0,11.36,27.27,0,0,0,0,0,0,0,0,0,0,0,0,18.18,0,4.55,0,0,0,0,13.64,4.55,0,0,4.55,0,0,0,0,9.09,4.55,0,0,0,0,0,0,31.82,4.55,18.18,0,0,4.55,4.55,0
2827,seller,1,50,7.03,74.29,63.35,50.98,16.67,6,96,84,68,30,24,12,0,12,0,0,6,14,10,0,8,16,2,6,0,26,6,0,2,0,0,2,32,0,18,4,2,6,2,0,6,0,10,6,4,8,4,4,0,0,0,0,18,6,2,2,0,2,0,12,0,0,0,0,0,0,0,0,6,0,0,2,4,0,0,0,0,0,0,0,0,0,0,0,0,0,0,0,0,0,0,0,6,2,0,0,2,0,0,0,2,2,10,2,0,0,0,0,0,14,2,6,2,0,4,0,0
2827,seller,1,47,15.79,84.86,27.91,83.95,23.5,10.64,91.49,80.85,63.83,21.28,19.15,8.51,0,10.64,0,0,2.13,12.77,8.51,0,8.51,19.15,2.13,4.26,0,25.53,12.77,2.13,2.13,0,0,2.13,27.66,0,14.89,4.26,0,6.38,2.13,0,4.26,0,12.77,8.51,4.26,8.51,4.26,4.26,0,0,0,0,14.89,4.26,2.13,2.13,0,2.13,0,10.64,0,0,0,0,0,0,0,0,6.38,0,0,2.13,4.26,0,0,0,0,0,0,0,0,0,0,0,0,0,0,0,0,0,2.13,0,4.26,2.13,0,0,2.13,0,0,0,2.13,0,8.51,2.13,0,0,0,0,0,10.64,2.13,6.38,0,0,2.13,0,0
2827,seller,1,55,6.68,99,16.38,76.62,18.33,14.55,90.91,78.18,61.82,23.64,23.64,9.09,5.45,9.09,0,0,0,12.73,3.64,0,7.27,14.55,3.64,5.45,0,20,10.91,5.45,9.09,5.45,0,3.64,20,0,12.73,5.45,0,5.45,1.82,0,1.82,0,10.91,7.27,3.64,7.27,3.64,3.64,0,0,0,0,18.18,3.64,3.64,3.64,0,0,0,14.55,0,0,0,0,0,0,0,0,9.09,0,0,5.45,3.64,0,0,0,0,0,0,0,0,0,0,0,0,0,0,0,0,0,1.82,0,5.45,1.82,0,0,1.82,0,0,0,0,0,5.45,1.82,1.82,0,1.82,0,0,9.09,3.64,3.64,0,0,1.82,0,0
2827,seller,1,48,5.64,99,1.63,20.23,24,25,83.33,54.17,41.67,14.58,14.58,2.08,6.25,2.08,0,4.17,0,14.58,0,0,0,12.5,4.17,6.25,0,16.67,8.33,6.25,12.5,6.25,0,6.25,18.75,0,8.33,6.25,0,2.08,0,0,0,0,4.17,2.08,2.08,2.08,0,2.08,0,0,0,0,22.92,6.25,6.25,6.25,0,0,0,16.67,0,0,0,0,0,0,0,0,25,0,0,8.33,16.67,0,0,0,0,0,0,0,0,0,0,0,0,8.33,0,0,0,0,2.08,0,8.33,0,0,0,0,0,0,0,0,4.17,6.25,0,2.08,0,2.08,0,0,18.75,4.17,10.42,0,0,2.08,2.08,0
2827,seller,1,51,5.84,96.5,46.57,4.72,12.75,25.49,86.27,54.9,45.1,17.65,17.65,5.88,5.88,1.96,0,3.92,0,13.73,1.96,0,1.96,9.8,5.88,5.88,1.96,13.73,3.92,3.92,11.76,5.88,0,5.88,23.53,1.96,13.73,7.84,0,0,0,1.96,1.96,0,1.96,0,1.96,1.96,0,1.96,0,0,0,0,21.57,5.88,5.88,5.88,0,0,0,15.69,0,0,0,0,0,0,0,0,23.53,0,0,9.8,13.73,0,0,0,0,0,0,0,0,0,0,0,0,7.84,0,0,0,0,0,0,11.76,0,0,0,0,0,0,0,1.96,5.88,3.92,0,1.96,0,1.96,0,0,21.57,9.8,7.84,0,0,1.96,1.96,0
2827,seller,1,36,14.43,72.07,59.49,2.17,12,27.78,86.11,47.22,38.89,13.89,13.89,5.56,0,2.78,0,5.56,0,8.33,2.78,0,2.78,11.11,5.56,2.78,2.78,16.67,2.78,0,8.33,0,0,8.33,27.78,2.78,16.67,8.33,0,0,0,2.78,2.78,0,2.78,0,2.78,0,0,0,0,0,0,0,22.22,8.33,5.56,5.56,2.78,0,0,13.89,0,0,0,0,0,0,0,0,27.78,0,0,11.11,16.67,0,0,0,0,0,0,0,0,0,0,0,0,11.11,0,0,0,0,0,0,13.89,0,0,0,0,0,0,0,2.78,8.33,2.78,0,0,0,0,0,0,25,11.11,11.11,0,0,0,2.78,0
2827,seller,1,36,10.19,40.06,77.17,2.17,18,27.78,86.11,47.22,38.89,13.89,13.89,5.56,0,2.78,0,5.56,0,8.33,2.78,0,2.78,11.11,5.56,2.78,5.56,16.67,2.78,0,8.33,0,0,8.33,27.78,2.78,19.44,8.33,0,0,0,2.78,5.56,0,2.78,0,2.78,0,0,0,0,0,0,0,22.22,8.33,5.56,5.56,2.78,0,0,13.89,0,0,0,0,0,0,0,0,27.78,0,0,11.11,16.67,0,0,0,0,0,0,0,0,0,0,0,0,11.11,0,0,0,0,0,0,13.89,0,0,0,0,0,0,0,2.78,8.33,2.78,0,0,0,0,0,0,27.78,11.11,11.11,0,0,2.78,2.78,0
2827,seller,1,26,31.07,62.84,81.58,1,13,26.92,84.62,38.46,26.92,11.54,11.54,3.85,0,0,0,7.69,0,7.69,0,0,3.85,7.69,0,3.85,3.85,19.23,0,0,11.54,0,0,11.54,19.23,0,11.54,7.69,0,0,0,0,3.85,0,3.85,0,3.85,0,0,0,0,0,0,0,26.92,11.54,7.69,7.69,3.85,0,0,15.38,0,0,0,0,0,0,0,0,34.62,0,0,11.54,23.08,0,0,0,0,0,0,0,0,0,0,0,0,15.38,0,0,0,0,0,0,11.54,7.69,0,3.85,3.85,0,0,0,0,7.69,3.85,0,0,0,0,0,0,30.77,7.69,15.38,0,0,3.85,3.85,0
2828,buyer,1,139,1.73,24.66,64.34,12.67,19.86,7.91,92.81,76.26,60.43,25.9,15.83,10.07,2.16,3.6,0,0,10.07,15.11,5.04,0.72,6.47,8.63,10.07,8.63,2.88,17.99,5.04,1.44,3.6,2.16,0.72,0.72,24.46,0,10.79,1.44,1.44,2.16,0.72,2.16,2.88,0,6.47,2.88,3.6,0.72,0,0.72,0,0,0,0,15.11,8.63,3.6,2.16,0,1.44,1.44,7.19,1.44,0,0,1.44,0,0,0,0,2.88,0,0,0.72,2.16,0,0.72,0,0,0,0,0,0,0,0,1.44,0,1.44,0,0,0,0.72,0,0,10.07,4.32,0,1.44,2.88,0,0,0,3.6,5.04,8.63,0,0,0,0,0,0,17.27,3.6,6.47,1.44,0,5.04,0.72,0
2828,buyer,1,161,2.89,29.72,44.75,2.89,13.42,11.8,93.17,78.26,63.35,24.84,14.91,8.7,2.48,3.73,0,0,9.94,14.29,6.21,1.24,8.07,11.8,6.21,9.94,3.11,19.88,5.59,1.24,4.35,2.48,1.24,0.62,28.57,0,14.91,1.86,2.48,4.35,1.24,1.24,3.73,0,6.21,1.86,4.35,1.24,0.62,0.62,0,0,0,0,13.04,6.21,2.48,0.62,0,1.24,0.62,7.45,1.24,0,0,1.24,0,0,0,0,3.11,0,0,0.62,2.48,0,0.62,0,0,0,0,0,0,0,0,0.62,0,1.86,0,0,0,0.62,0,0,7.45,4.35,0,1.24,2.48,0.62,0,0,3.73,7.45,7.45,0,0,0,0,0,0,16.77,5.59,3.73,1.86,0,5.59,0,0
2828,buyer,1,136,1.87,17.98,51.9,20.23,12.36,11.76,91.91,75.74,63.97,25,15.44,9.56,2.94,2.94,0,0,9.56,14.71,5.88,0.74,8.09,13.97,5.88,9.56,3.68,21.32,3.68,0,5.15,2.94,1.47,0.74,29.41,0,15.44,1.47,2.21,5.15,1.47,0.74,4.41,0,4.41,2.21,2.21,0.74,0.74,0,0,0,0,0,12.5,5.88,2.94,0.74,0,0,0,7.35,1.47,0,0,1.47,0,0,0,0,2.94,0,0,0,2.94,0,0.74,0,0,0,0,0,0,0,0,0.74,0,1.47,0,0,0,0.74,0,0,8.09,4.41,0,0.74,2.94,0.74,0,0,4.41,5.88,8.82,0,0,0,0,0,0,19.12,5.88,4.41,2.21,0,6.62,0,0
2828,buyer,1,70,2.97,2.47,80.49,7.42,8.75,17.14,92.86,78.57,65.71,20,12.86,10,1.43,1.43,0,0,7.14,14.29,7.14,2.86,5.71,14.29,4.29,11.43,4.29,21.43,4.29,2.86,2.86,1.43,1.43,0,34.29,1.43,17.14,1.43,2.86,7.14,1.43,0,4.29,0,4.29,1.43,2.86,1.43,1.43,0,0,0,0,0,7.14,2.86,0,0,0,0,0,4.29,1.43,0,0,1.43,0,0,0,0,2.86,0,0,0,2.86,0,0,0,0,0,0,0,0,0,0,0,0,1.43,0,0,0,0,0,0,5.71,7.14,0,2.86,2.86,1.43,0,0,8.57,14.29,5.71,0,0,0,0,0,0,20,10,4.29,1.43,0,4.29,0,0
2828,buyer,1,46,28.85,40.06,85.35,1,11.5,19.57,91.3,73.91,58.7,19.57,15.22,8.7,0,6.52,0,0,4.35,19.57,10.87,2.17,6.52,6.52,6.52,6.52,2.17,19.57,0,4.35,2.17,0,2.17,0,32.61,6.52,13.04,2.17,2.17,6.52,2.17,0,2.17,0,4.35,0,4.35,2.17,0,2.17,0,0,0,0,13.04,6.52,0,0,0,0,0,6.52,0,0,0,0,0,0,0,0,4.35,0,0,2.17,4.35,0,0,0,0,0,0,0,0,0,0,2.17,0,0,0,0,0,0,0,0,10.87,6.52,0,4.35,4.35,0,0,0,8.7,6.52,6.52,0,0,0,0,0,0,21.74,6.52,10.87,2.17,0,2.17,0,0
2828,buyer,1,60,26.1,84.23,51.55,1.23,15,25,90,61.67,48.33,16.67,13.33,5,0,5,0,3.33,3.33,16.67,6.67,1.67,5,8.33,5,5,1.67,20,0,3.33,5,0,1.67,3.33,33.33,5,13.33,5,1.67,5,1.67,0,1.67,0,3.33,0,3.33,1.67,0,1.67,0,0,0,0,18.33,6.67,3.33,3.33,0,0,0,11.67,0,0,0,0,0,0,0,0,16.67,0,0,5,13.33,0,0,0,0,0,0,0,0,0,0,1.67,0,6.67,0,0,0,0,0,0,13.33,5,0,3.33,3.33,0,0,0,5,8.33,6.67,0,0,0,0,0,0,23.33,5,13.33,1.67,0,1.67,1.67,0
2828,seller,1,118,1.18,55.22,65.66,1,16.86,8.47,94.92,81.36,70.34,24.58,16.95,7.63,5.93,3.39,0,0,7.63,12.71,5.93,0.85,7.63,19.49,7.63,3.39,5.08,25.42,5.08,2.54,7.63,5.93,0,1.69,34.75,0.85,16.1,2.54,5.08,3.39,2.54,1.69,3.39,0,4.24,0,4.24,0,0,0,0,0,0,0,14.41,5.08,1.69,2.54,0,0,1.69,9.32,0,0,0,0,0,0,0,0,1.69,0,0,0.85,0.85,0,0,0,0,0,0,0,0,0,0,0,0,0,0,0,0,0,0,0,11.86,8.47,0.85,0,7.63,0,0,0,2.54,5.93,14.41,0,0,0,0,0,0,12.71,4.24,4.24,1.69,0,1.69,0.85,0
2828,seller,1,127,1,44.72,55.61,1,18.14,7.87,96.06,81.89,71.65,25.2,18.11,8.66,7.09,2.36,0,0,7.09,11.81,5.51,0.79,7.87,20.47,7.87,3.15,6.3,26.77,3.94,1.57,8.66,7.09,0,1.57,32.28,0.79,14.96,2.36,3.15,3.94,2.36,1.57,3.15,0,3.94,0,3.94,0,0,0,0,0,0,0,14.17,4.72,0.79,1.57,0,0,2.36,9.45,0,0,0,0,0,0,0,0,2.36,0,0,0.79,1.57,0,0,0,0,0,0,0,0,0,0,0,0,0,1.57,0,0,0,0,0,12.6,7.09,0.79,0,6.3,0,0,0,2.36,4.72,15.75,0,0,0,0,0,0,13.39,4.72,4.72,0.79,0,3.15,0,0
2828,seller,1,107,1,56.79,40.7,5.11,15.29,6.54,96.26,84.11,71.96,27.1,17.76,7.48,7.48,2.8,0,0,9.35,11.21,5.61,1.87,8.41,23.36,6.54,1.87,6.54,29.91,4.67,2.8,8.41,7.48,0.93,0,28.04,0,8.41,0.93,1.87,2.8,0,0,3.74,0,1.87,0,1.87,0,0,0,0,0,0,0,14.95,4.67,1.87,0,0,0,2.8,10.28,0,0,0,0,0,0,0,0,2.8,0,0,0.93,1.87,0,0,0,0,0,0,0,0,0,0,0,0,0,1.87,0,0,0,0,0,14.95,4.67,0.93,0,3.74,0,0,0,3.74,4.67,17.76,0,0,0,0,0,0,18.69,4.67,5.61,1.87,0,6.54,0,0
2828,seller,1,55,1,50.89,37.49,,13.75,3.64,98.18,83.64,76.36,27.27,18.18,7.27,5.45,5.45,0,0,9.09,10.91,5.45,1.82,10.91,25.45,7.27,1.82,9.09,29.09,3.64,1.82,7.27,5.45,1.82,0,27.27,0,9.09,1.82,0,3.64,0,0,3.64,0,0,0,0,0,0,0,0,0,0,0,14.55,3.64,1.82,0,0,0,1.82,10.91,0,0,0,0,0,0,0,0,5.45,0,0,1.82,3.64,0,0,0,0,0,0,0,0,0,0,0,1.82,0,3.64,0,0,0,0,0,12.73,0,0,0,0,0,0,0,7.27,3.64,14.55,0,0,0,0,0,0,27.27,3.64,9.09,3.64,0,10.91,0,0
2828,seller,1,74,2.77,32.46,20.17,2.35,14.8,5.41,95.95,83.78,74.32,25.68,17.57,9.46,1.35,6.76,0,0,8.11,13.51,6.76,1.35,13.51,20.27,5.41,5.41,5.41,24.32,5.41,2.7,2.7,1.35,1.35,0,27.03,2.7,8.11,0,1.35,4.05,0,0,2.7,0,2.7,0,2.7,0,0,0,0,0,0,0,13.51,5.41,1.35,0,0,1.35,0,8.11,0,0,0,0,0,0,0,0,4.05,0,0,2.7,2.7,0,0,0,0,0,0,0,0,0,0,0,2.7,0,0,0,0,0,0,0,6.76,1.35,0,0,1.35,0,0,0,4.05,2.7,9.46,2.7,1.35,0,1.35,0,0,18.92,4.05,5.41,2.7,0,6.76,0,0
2828,seller,1,58,6.83,40.06,7.91,5.8,14.5,6.9,94.83,79.31,70.69,24.14,17.24,10.34,1.72,5.17,0,0,6.9,12.07,6.9,0,13.79,17.24,5.17,6.9,3.45,22.41,3.45,1.72,1.72,1.72,0,0,24.14,3.45,6.9,0,1.72,5.17,0,0,0,0,5.17,1.72,3.45,0,0,0,0,0,0,0,12.07,5.17,0,0,0,1.72,0,6.9,0,0,0,0,0,0,0,0,5.17,0,0,3.45,3.45,0,0,0,0,0,0,0,0,0,0,0,3.45,1.72,0,0,0,0,0,0,3.45,1.72,0,0,1.72,0,0,0,3.45,1.72,8.62,3.45,1.72,0,1.72,0,0,12.07,3.45,3.45,1.72,0,3.45,0,0
2832,buyer,1,109,26.68,66.98,91.51,2.23,27.25,7.34,97.25,78.9,67.89,27.52,24.77,13.76,1.83,9.17,0,0,2.75,11.93,7.34,0,16.51,9.17,4.59,5.5,1.83,19.27,0.92,1.83,3.67,1.83,0,1.83,19.27,1.83,8.26,1.83,1.83,1.83,1.83,0,2.75,0,2.75,0,2.75,0,0,0,0,0,0,0,17.43,5.5,1.83,1.83,0,2.75,0,11.93,0,0,0,0,0,0,0,0,6.42,0,0,2.75,4.59,0,0,0,0,0,0,0,0,0,0,2.75,0,4.59,0,0,0,0,0,0,8.26,7.34,0,0.92,7.34,0,0,0,0.92,5.5,2.75,6.42,0,0,0,0,0,5.5,3.67,1.83,0,0,0,0,0
2832,buyer,1,119,23.59,45.04,98.54,6.01,19.83,6.72,95.8,78.15,66.39,26.05,23.53,14.29,1.68,5.88,0,1.68,2.52,10.92,6.72,0,16.81,9.24,5.04,7.56,1.68,19.33,1.68,2.52,4.2,1.68,0,2.52,17.65,1.68,5.88,2.52,0.84,0.84,0.84,0,1.68,0,1.68,0,1.68,0,0,0,0,0,0,0,16.81,5.88,2.52,2.52,0,1.68,0,10.92,0,0,0,0,0,0,0,0,7.56,0,0,2.52,5.04,0,0,0,0,0,0,0,0,0,0,1.68,0,5.88,0,0.84,0,0,0,0,8.4,8.4,0,1.68,8.4,0,0,0,2.52,5.04,2.52,6.72,0,0,0,0,0,7.56,5.04,2.52,0,0,0,0,0
2832,buyer,1,73,70.16,1.8,99,2.26,18.25,12.33,95.89,72.6,61.64,17.81,17.81,15.07,0,0,0,2.74,0,13.7,10.96,0,17.81,6.85,4.11,8.22,1.37,15.07,4.11,2.74,4.11,0,0,4.11,16.44,1.37,6.85,4.11,0,1.37,1.37,0,1.37,0,2.74,0,2.74,0,0,0,0,0,0,0,13.7,8.22,4.11,4.11,0,2.74,0,5.48,0,0,0,0,0,0,0,0,12.33,0,0,6.85,5.48,0,0,0,0,0,0,0,0,0,0,0,0,6.85,0,1.37,0,0,0,0,6.85,6.85,0,1.37,6.85,0,0,0,5.48,2.74,2.74,4.11,1.37,0,1.37,0,0,9.59,4.11,5.48,0,0,0,0,0
2832,buyer,1,43,43.84,9.66,99,3.38,14.33,9.3,95.35,72.09,60.47,18.6,18.6,13.95,0,0,0,4.65,0,11.63,9.3,0,16.28,6.98,6.98,11.63,0,16.28,4.65,2.33,4.65,0,0,4.65,16.28,0,4.65,4.65,0,0,0,0,0,0,2.33,0,2.33,0,0,0,0,0,0,0,13.95,6.98,2.33,2.33,2.33,0,0,6.98,0,0,0,0,0,0,0,0,16.28,0,0,11.63,4.65,0,0,0,0,0,0,0,0,0,0,0,0,6.98,0,2.33,0,0,0,0,6.98,9.3,0,2.33,9.3,0,0,0,9.3,2.33,0,6.98,2.33,0,2.33,0,0,9.3,4.65,4.65,0,0,0,0,0
2832,buyer,1,30,15.41,59.9,63.35,1.23,30,26.67,90,43.33,33.33,10,10,3.33,0,0,0,6.67,0,10,3.33,0,0,10,3.33,6.67,3.33,16.67,6.67,3.33,10,0,0,10,20,0,10,6.67,0,0,0,0,3.33,0,3.33,0,3.33,0,0,0,0,0,0,0,23.33,10,6.67,6.67,3.33,0,0,13.33,0,0,0,0,0,0,0,0,36.67,0,0,16.67,20,0,0,0,0,0,0,0,0,0,0,0,0,13.33,0,3.33,0,0,0,0,10,3.33,0,0,3.33,0,0,0,3.33,6.67,3.33,3.33,3.33,0,3.33,0,0,26.67,3.33,16.67,0,0,3.33,3.33,0
2832,seller,1,26,53.56,,2.93,99,26,11.54,80.77,57.69,42.31,7.69,0,0,0,0,0,0,7.69,19.23,11.54,0,3.85,7.69,7.69,7.69,0,15.38,3.85,0,0,0,0,0,26.92,3.85,15.38,7.69,3.85,0,3.85,0,0,0,7.69,7.69,0,3.85,3.85,0,0,0,0,0,7.69,7.69,0,0,0,0,3.85,0,0,0,0,0,0,0,0,0,7.69,0,0,0,7.69,0,0,0,0,0,0,0,0,0,0,0,0,3.85,0,0,0,0,0,0,19.23,3.85,0,0,0,0,0,3.85,0,0,7.69,3.85,7.69,0,7.69,0,0,7.69,0,7.69,0,0,0,0,0
2832,seller,1,27,33.38,80.61,2.63,99,27,11.11,77.78,62.96,44.44,14.81,3.7,0,3.7,0,0,0,11.11,18.52,7.41,0,7.41,11.11,3.7,7.41,0,18.52,7.41,0,3.7,3.7,0,0,25.93,3.7,11.11,7.41,3.7,0,0,0,0,0,7.41,7.41,0,3.7,3.7,0,0,0,0,0,7.41,3.7,0,0,0,0,3.7,3.7,0,0,0,0,0,0,0,0,3.7,0,0,0,3.7,0,0,0,0,0,0,0,0,0,0,0,0,3.7,0,0,0,0,0,0,22.22,3.7,0,0,0,0,0,3.7,0,0,11.11,3.7,11.11,0,11.11,0,0,3.7,0,3.7,0,0,0,0,0
2832,seller,1,36,10.19,92.24,39.59,,36,19.44,80.56,47.22,30.56,13.89,8.33,0,2.78,0,0,5.56,5.56,11.11,0,0,2.78,11.11,2.78,5.56,2.78,19.44,8.33,2.78,8.33,2.78,0,5.56,27.78,0,16.67,11.11,2.78,0,0,0,2.78,0,0,0,0,0,0,0,0,0,0,0,22.22,8.33,5.56,5.56,0,0,2.78,13.89,0,0,0,0,0,0,0,0,22.22,0,0,5.56,16.67,0,0,0,0,0,0,0,0,0,0,0,0,11.11,0,2.78,0,0,0,0,13.89,5.56,0,0,2.78,0,0,2.78,0,5.56,11.11,0,5.56,0,5.56,0,0,19.44,2.78,11.11,0,0,2.78,2.78,0
2832,seller,1,28,18.12,97.11,24.32,75.77,14,21.43,85.71,42.86,28.57,14.29,10.71,0,3.57,0,0,7.14,3.57,10.71,0,0,3.57,10.71,0,3.57,3.57,17.86,7.14,3.57,10.71,3.57,0,7.14,21.43,0,10.71,7.14,0,0,0,0,3.57,0,3.57,3.57,0,0,0,0,0,0,0,0,25,7.14,7.14,7.14,0,0,0,17.86,0,0,0,0,0,0,0,0,32.14,0,0,10.71,21.43,0,0,0,0,0,0,0,0,0,0,0,0,17.86,0,3.57,0,0,0,0,14.29,3.57,0,0,3.57,0,0,0,0,7.14,7.14,0,3.57,0,3.57,0,0,25,3.57,14.29,0,0,3.57,3.57,0
2835,buyer,1,59,84.11,3.75,30.14,99,19.67,22.03,77.97,59.32,47.46,13.56,10.17,8.47,0,0,1.69,0,3.39,13.56,11.86,0,10.17,5.08,3.39,3.39,0,13.56,3.39,0,5.08,0,5.08,5.08,20.34,0,10.17,1.69,1.69,3.39,0,0,3.39,0,11.86,10.17,1.69,3.39,3.39,0,0,0,0,0,5.08,3.39,0,1.69,0,1.69,1.69,1.69,0,0,0,1.69,0,0,0,0,3.39,3.39,0,0,0,0,0,0,0,0,0,0,0,0,0,0,0,5.08,0,0,0,0,0,0,3.39,1.69,0,1.69,1.69,0,0,0,3.39,10.17,0,0,0,0,0,0,0,10.17,5.08,5.08,0,0,0,0,0
2835,buyer,1,72,87.49,9.74,15.38,99,18,22.22,77.78,58.33,48.61,12.5,9.72,6.94,0,0,2.78,0,2.78,13.89,11.11,0,12.5,6.94,2.78,2.78,0,13.89,4.17,0,5.56,0,5.56,5.56,20.83,0,9.72,1.39,1.39,4.17,0,0,2.78,0,9.72,9.72,0,4.17,4.17,0,0,0,0,0,2.78,0,0,0,0,0,0,2.78,0,0,0,2.78,0,0,0,0,4.17,4.17,0,0,0,0,0,0,0,0,0,0,0,0,0,0,0,4.17,0,0,0,0,0,0,2.78,2.78,0,1.39,2.78,0,0,0,4.17,9.72,0,0,0,0,0,0,0,8.33,5.56,2.78,0,0,0,0,0
2835,buyer,1,71,73.06,6.39,16.15,99,17.75,21.13,74.65,57.75,47.89,9.86,7.04,5.63,0,0,1.41,0,2.82,14.08,9.86,0,8.45,8.45,2.82,4.23,1.41,14.08,7.04,0,5.63,1.41,4.23,4.23,21.13,0,11.27,1.41,0,4.23,1.41,0,4.23,0,8.45,8.45,0,4.23,4.23,0,0,0,0,0,2.82,1.41,1.41,0,0,0,0,2.82,0,0,0,1.41,0,0,0,0,4.23,4.23,0,0,0,0,0,0,0,0,0,0,0,0,0,0,0,2.82,0,0,0,0,0,0,2.82,2.82,0,1.41,2.82,0,0,0,2.82,7.04,1.41,0,0,0,0,0,0,11.27,5.63,2.82,0,0,2.82,0,0
2835,buyer,1,50,51.7,7.28,7.03,95.9,16.67,18,72,58,48,10,8,4,0,0,4,0,2,16,8,0,8,8,6,2,6,14,8,0,6,2,4,4,20,2,10,2,0,2,2,0,4,0,6,6,0,2,2,0,0,0,0,0,6,2,2,0,0,0,0,6,0,0,0,4,0,0,0,0,4,4,0,0,0,0,0,0,0,0,0,0,0,0,0,0,0,2,0,0,0,0,0,0,2,4,0,0,2,0,2,0,4,4,4,0,0,0,0,0,0,14,6,2,0,0,6,0,0
2835,buyer,1,31,17.22,1.48,17.19,70.91,15.5,16.13,67.74,58.06,48.39,9.68,6.45,3.23,0,0,3.23,0,3.23,16.13,6.45,0,3.23,6.45,9.68,3.23,9.68,12.9,6.45,0,6.45,3.23,3.23,3.23,22.58,3.23,12.9,3.23,0,0,3.23,0,6.45,0,3.23,3.23,0,0,0,0,0,0,0,0,6.45,3.23,3.23,0,0,0,0,6.45,0,0,0,3.23,0,0,0,0,3.23,3.23,0,0,0,0,0,0,0,0,0,0,0,0,0,0,0,0,0,0,0,0,0,0,3.23,3.23,0,0,0,0,3.23,0,3.23,3.23,6.45,0,0,0,0,0,0,19.35,6.45,3.23,0,0,9.68,0,0
2835,buyer,1,12,1,1,39.59,,6,8.33,75,75,58.33,25,16.67,8.33,0,0,8.33,0,8.33,8.33,0,0,8.33,8.33,16.67,0,16.67,25,0,0,0,0,0,0,25,8.33,8.33,8.33,0,0,0,0,0,0,0,0,0,0,0,0,0,0,0,0,8.33,0,0,0,0,0,0,8.33,0,0,0,8.33,0,0,0,0,0,0,0,0,0,0,0,0,0,0,0,0,0,0,0,0,0,0,0,0,0,0,0,0,8.33,8.33,0,0,0,0,8.33,0,8.33,8.33,8.33,0,0,0,0,0,0,25,8.33,8.33,0,0,8.33,0,0
2835,buyer,1,51,4.31,1,99,80.19,25.5,9.8,90.2,74.51,64.71,23.53,13.73,13.73,0,0,0,0,9.8,11.76,5.88,0,7.84,11.76,3.92,5.88,7.84,17.65,3.92,0,3.92,0,0,3.92,29.41,0,17.65,1.96,1.96,0,3.92,1.96,9.8,0,3.92,3.92,0,0,0,0,0,0,0,0,0,0,0,0,0,0,0,0,0,0,0,0,0,0,0,0,3.92,0,1.96,0,1.96,0,0,0,0,0,0,0,0,0,0,0,0,3.92,0,0,0,0,0,0,7.84,5.88,0,1.96,5.88,0,0,0,0,5.88,3.92,1.96,0,0,0,0,0,11.76,3.92,5.88,0,0,1.96,0,0
2835,buyer,1,56,5.64,1,99,92.84,18.67,8.93,91.07,75,64.29,25,16.07,12.5,0,3.57,0,0,8.93,12.5,5.36,0,8.93,10.71,3.57,5.36,7.14,17.86,3.57,0,3.57,0,0,3.57,28.57,0,16.07,1.79,1.79,0,3.57,1.79,8.93,0,5.36,5.36,0,0,0,0,0,0,0,0,5.36,1.79,1.79,1.79,0,0,1.79,3.57,0,0,0,0,0,0,0,0,3.57,0,1.79,0,1.79,0,0,0,0,0,0,0,0,0,0,0,0,3.57,0,0,0,0,0,0,8.93,5.36,0,1.79,5.36,0,0,0,1.79,5.36,3.57,1.79,0,0,0,0,0,12.5,5.36,5.36,0,0,1.79,0,0
2835,buyer,1,56,5.64,1,99,98.65,14,7.14,94.64,75,64.29,25,16.07,12.5,0,3.57,0,0,8.93,12.5,5.36,0,8.93,10.71,3.57,5.36,7.14,17.86,3.57,0,3.57,0,0,3.57,28.57,0,16.07,1.79,1.79,0,3.57,1.79,8.93,0,7.14,7.14,0,0,0,0,0,0,0,0,5.36,1.79,1.79,1.79,0,0,1.79,3.57,0,0,0,0,0,0,0,0,5.36,0,1.79,1.79,1.79,0,0,0,0,0,0,0,0,0,0,0,0,5.36,0,0,0,0,0,0,8.93,5.36,0,1.79,5.36,0,0,0,1.79,5.36,3.57,1.79,0,0,0,0,0,12.5,5.36,5.36,0,0,1.79,0,0
2835,seller,1,61,50.51,99,1,20.23,30.5,16.39,85.25,67.21,60.66,22.95,13.11,0,4.92,8.2,0,0,9.84,16.39,6.56,0,14.75,8.2,0,4.92,1.64,11.48,6.56,0,8.2,6.56,0,1.64,27.87,0,18.03,1.64,0,4.92,3.28,0,8.2,0,3.28,1.64,1.64,1.64,0,1.64,0,0,0,0,26.23,13.11,6.56,3.28,0,0,6.56,14.75,0,0,0,0,1.64,0,0,1.64,0,0,0,0,0,0,0,0,0,0,0,0,0,0,0,0,0,3.28,0,0,0,0,0,0,1.64,1.64,0,0,0,0,1.64,0,0,6.56,3.28,0,0,0,0,0,0,6.56,1.64,4.92,0,0,0,0,0
2835,seller,1,63,42.52,98.31,1.7,6.51,31.5,15.87,85.71,68.25,65.08,22.22,12.7,0,4.76,7.94,0,0,9.52,17.46,7.94,0,14.29,11.11,1.59,4.76,1.59,12.7,4.76,0,7.94,6.35,0,1.59,31.75,0,22.22,3.17,1.59,6.35,3.17,0,9.52,0,1.59,0,1.59,1.59,0,1.59,0,0,0,0,22.22,9.52,4.76,1.59,0,0,4.76,14.29,0,0,0,0,1.59,0,0,1.59,0,0,0,0,0,0,0,0,0,0,0,0,0,0,0,0,0,3.17,0,0,0,0,0,0,3.17,0,0,0,0,0,0,0,0,6.35,3.17,0,0,0,0,0,0,4.76,1.59,1.59,1.59,0,0,0,0
2835,seller,1,42,29.12,99,2.36,,14,16.67,88.1,69.05,66.67,26.19,16.67,0,2.38,14.29,0,0,9.52,11.9,7.14,0,14.29,14.29,2.38,2.38,0,14.29,4.76,0,4.76,4.76,0,0,33.33,0,26.19,4.76,2.38,9.52,0,0,11.9,0,0,0,0,0,0,0,0,0,0,0,26.19,9.52,4.76,0,0,0,4.76,19.05,0,0,0,0,0,0,0,0,0,0,0,0,0,0,0,0,0,0,0,0,0,0,0,0,0,7.14,0,0,0,0,0,0,7.14,0,0,0,0,0,0,0,0,7.14,0,0,0,0,0,0,0,9.52,2.38,0,4.76,0,2.38,0,0
2835,seller,1,29,28.28,99,1,,9.67,10.34,86.21,65.52,65.52,24.14,13.79,0,0,13.79,0,0,10.34,13.79,10.34,0,10.34,17.24,3.45,0,0,17.24,0,0,0,0,0,0,31.03,0,24.14,3.45,3.45,10.34,0,0,10.34,0,0,0,0,0,0,0,0,0,0,0,24.14,6.9,6.9,0,0,0,6.9,17.24,0,0,0,0,0,0,0,0,0,0,0,0,0,0,0,0,0,0,0,0,0,0,0,0,0,6.9,0,0,0,0,0,0,10.34,0,0,0,0,0,0,0,0,6.9,0,0,0,0,0,0,0,13.79,0,0,10.34,0,3.45,0,0
2835,seller,1,34,64.21,24.36,46.57,,11.33,11.76,82.35,67.65,61.76,20.59,14.71,8.82,0,5.88,0,0,5.88,17.65,14.71,0,11.76,11.76,0,2.94,2.94,14.71,2.94,0,2.94,0,0,2.94,20.59,0,14.71,2.94,0,2.94,2.94,0,8.82,0,0,0,0,0,0,0,0,0,0,0,17.65,5.88,5.88,2.94,0,0,2.94,11.76,0,0,0,0,0,0,0,0,0,0,0,0,0,0,0,0,0,0,0,0,0,0,0,0,0,2.94,0,0,0,0,0,0,8.82,0,0,0,0,0,0,0,0,8.82,2.94,0,0,0,0,0,0,14.71,0,2.94,5.88,0,5.88,0,0
2835,seller,1,52,59.28,13.12,19.9,49.66,17.33,9.62,82.69,69.23,63.46,17.31,11.54,5.77,1.92,1.92,1.92,0,5.77,19.23,13.46,0,13.46,11.54,0,3.85,7.69,13.46,3.85,0,9.62,5.77,1.92,3.85,21.15,0,15.38,1.92,0,1.92,3.85,0,9.62,0,1.92,1.92,0,0,0,0,0,0,0,0,17.31,5.77,5.77,1.92,0,0,1.92,13.46,0,0,0,1.92,0,0,0,0,0,0,0,0,0,0,0,0,0,0,0,0,0,0,0,0,0,0,0,0,0,0,0,0,3.85,0,0,0,0,0,0,0,0,5.77,3.85,0,0,0,0,0,0,9.62,1.92,3.85,1.92,0,1.92,0,0
2835,seller,1,62,36.92,7.14,35.88,99,31,11.29,83.87,72.58,61.29,20.97,14.52,8.06,1.61,3.23,1.61,0,6.45,16.13,9.68,0,11.29,9.68,0,4.84,6.45,16.13,4.84,0,9.68,4.84,1.61,4.84,24.19,0,17.74,1.61,1.61,1.61,8.06,0,9.68,0,8.06,8.06,0,4.84,4.84,0,0,0,0,0,14.52,4.84,4.84,3.23,0,0,0,11.29,0,0,0,1.61,0,0,0,0,0,0,0,0,0,0,0,0,0,0,0,0,0,0,0,0,1.61,0,0,0,0,0,0,0,4.84,0,0,0,0,0,0,0,0,6.45,4.84,1.61,0,0,0,0,0,11.29,1.61,6.45,0,1.61,1.61,0,0
2835,seller,1,64,19.03,31.33,15.38,99,21.33,17.19,84.38,60.94,50,17.19,12.5,3.13,1.56,3.13,1.56,3.13,4.69,14.06,4.69,0,7.81,9.38,0,4.69,9.38,17.19,3.13,0,10.94,4.69,1.56,6.25,26.56,1.56,18.75,3.13,1.56,1.56,6.25,0,9.38,0,7.81,7.81,0,4.69,4.69,0,0,0,0,0,20.31,6.25,6.25,4.69,0,0,0,15.63,0,0,0,1.56,0,0,0,0,12.5,0,0,3.13,9.38,0,0,0,0,0,0,0,0,0,0,0,1.56,6.25,0,0,0,0,0,0,9.38,0,0,0,0,0,0,0,0,6.25,4.69,1.56,0,0,0,0,0,20.31,3.13,10.94,0,1.56,3.13,1.56,0
2837,buyer,1,34,79.1,57.59,83.69,95.42,17,11.76,85.29,73.53,52.94,17.65,11.76,5.88,0,5.88,0,0,5.88,11.76,8.82,2.94,14.71,5.88,2.94,2.94,0,17.65,5.88,2.94,0,0,0,0,20.59,0,11.76,2.94,2.94,2.94,2.94,0,2.94,0,11.76,8.82,2.94,2.94,2.94,0,0,0,0,0,17.65,11.76,8.82,5.88,0,0,8.82,5.88,0,0,0,0,0,0,0,0,2.94,0,0,0,2.94,0,0,0,0,0,0,0,0,0,0,0,2.94,0,0,0,0,0,0,0,2.94,8.82,0,2.94,5.88,0,0,0,5.88,2.94,2.94,2.94,0,0,0,0,0,2.94,2.94,0,0,0,0,0,0
2837,buyer,1,37,73.93,40.06,94.68,93.12,18.5,10.81,91.89,78.38,56.76,18.92,13.51,8.11,0,5.41,0,0,5.41,8.11,5.41,5.41,18.92,8.11,2.7,2.7,0,18.92,5.41,5.41,0,0,0,0,21.62,0,8.11,2.7,2.7,0,2.7,0,2.7,0,10.81,8.11,2.7,2.7,2.7,0,0,0,0,0,16.22,10.81,8.11,5.41,0,0,8.11,5.41,0,0,0,0,0,0,0,0,2.7,0,0,0,2.7,0,0,0,0,0,0,0,0,0,0,0,0,2.7,0,0,0,0,0,0,5.41,8.11,0,2.7,5.41,0,0,0,5.41,5.41,2.7,5.41,0,0,0,0,0,5.41,2.7,0,0,0,0,2.7,0
2837,buyer,1,28,26.1,40.06,89.39,99,9.33,10.71,96.43,85.71,64.29,25,17.86,10.71,0,7.14,0,0,7.14,10.71,3.57,3.57,14.29,10.71,3.57,3.57,0,21.43,7.14,7.14,0,0,0,0,28.57,3.57,7.14,3.57,0,0,3.57,0,3.57,0,14.29,14.29,0,3.57,3.57,0,0,0,0,0,17.86,10.71,10.71,7.14,0,0,7.14,7.14,0,0,0,0,0,0,0,0,3.57,0,0,0,3.57,0,0,0,0,0,0,0,0,0,0,0,0,3.57,0,3.57,0,0,0,0,10.71,3.57,0,0,3.57,0,0,0,3.57,3.57,3.57,7.14,3.57,0,3.57,0,0,14.29,7.14,3.57,0,0,0,3.57,0
2837,buyer,1,37,51.04,71.32,20.17,93.12,18.5,21.62,89.19,56.76,37.84,13.51,13.51,5.41,0,2.7,0,5.41,0,10.81,2.7,2.7,8.11,8.11,0,2.7,2.7,18.92,5.41,5.41,5.41,0,0,5.41,21.62,2.7,8.11,5.41,0,0,0,0,2.7,0,5.41,5.41,0,0,0,0,0,0,0,0,21.62,8.11,8.11,8.11,0,0,2.7,13.51,0,0,0,0,0,0,0,0,24.32,0,0,5.41,18.92,0,0,0,0,0,0,0,0,0,0,0,0,13.51,0,2.7,0,0,0,0,13.51,0,0,0,0,0,0,0,0,8.11,2.7,2.7,2.7,0,2.7,0,0,27.03,5.41,13.51,0,0,2.7,5.41,0
2837,seller,1,92,34.72,59.46,60.36,53.96,11.5,15.22,90.22,70.65,54.35,19.57,17.39,10.87,0,6.52,0,0,2.17,13.04,8.7,1.09,13.04,13.04,3.26,7.61,0,22.83,5.43,3.26,4.35,0,1.09,3.26,21.74,0,11.96,6.52,0,3.26,0,0,0,0,6.52,4.35,2.17,3.26,3.26,0,0,0,0,0,14.13,6.52,4.35,3.26,0,0,1.09,7.61,0,0,0,0,0,0,0,0,4.35,0,0,2.17,2.17,0,0,0,0,0,0,0,0,0,0,0,0,1.09,0,0,0,0,0,0,6.52,6.52,1.09,1.09,3.26,1.09,1.09,0,1.09,3.26,7.61,4.35,0,0,0,0,0,18.48,6.52,1.09,1.09,1.09,7.61,1.09,0
2837,seller,1,104,44.86,34.58,64.67,65.7,11.56,15.38,92.31,71.15,55.77,19.23,14.42,9.62,0,4.81,0,0,4.81,14.42,10.58,2.88,12.5,13.46,2.88,5.77,0,23.08,5.77,1.92,4.81,0,0.96,3.85,24.04,1.92,13.46,6.73,0,2.88,0,0,1.92,0,6.73,4.81,1.92,2.88,2.88,0,0,0,0,0,11.54,5.77,2.88,2.88,0,0,0.96,5.77,0,0,0,0,0,0,0,0,4.81,0,0,0.96,3.85,0,0,0,0,0,0,0,0,0,0,0,0,0.96,0,0,0,0,0,0,6.73,4.81,0.96,0,3.85,0.96,0,0,0.96,1.92,5.77,3.85,0,0,0,0,0,21.15,7.69,2.88,0.96,0,6.73,2.88,0
2837,seller,1,101,46.17,82.68,47.84,90.14,10.1,18.81,93.07,68.32,53.47,20.79,14.85,6.93,0,7.92,0,0,5.94,15.84,9.9,3.96,10.89,12.87,1.98,2.97,0,20.79,5.94,2.97,2.97,0,0,2.97,23.76,1.98,13.86,6.93,0,2.97,0,0,1.98,0,6.93,5.94,0.99,2.97,2.97,0,0,0,0,0,14.85,5.94,2.97,2.97,0,0,0.99,8.91,0,0,0,0,0,0,0,0,7.92,0,0,2.97,6.93,0,0,0,0,0,0,0,0,0,0,0,0,0,0,0,0,0,0,0,4.95,5.94,0,0,3.96,1.98,0,0,0.99,2.97,4.95,0.99,0,0,0,0,0,21.78,6.93,2.97,0.99,1.98,5.94,2.97,0
2837,seller,1,64,52.84,91.85,32.54,96.74,8,18.75,95.31,67.19,53.13,20.31,14.06,4.69,0,9.38,0,0,6.25,17.19,9.38,6.25,10.94,10.94,3.13,1.56,0,18.75,6.25,3.13,3.13,0,0,3.13,25,3.13,15.63,6.25,0,4.69,0,0,3.13,0,6.25,6.25,0,0,0,0,0,0,0,0,15.63,6.25,3.13,3.13,0,0,1.56,9.38,0,0,0,0,0,0,0,0,9.38,0,0,4.69,7.81,0,0,0,0,0,0,0,0,0,0,0,0,1.56,0,0,0,0,0,0,4.69,7.81,0,0,4.69,3.13,0,0,1.56,1.56,4.69,0,0,0,0,0,0,21.88,6.25,3.13,1.56,3.13,3.13,4.69,0
2846,buyer,1,45,22.17,2.75,93.95,20.23,15,13.33,93.33,71.11,57.78,15.56,15.56,13.33,0,2.22,0,0,0,13.33,11.11,2.22,6.67,17.78,6.67,4.44,0,24.44,6.67,4.44,0,0,0,0,28.89,0,13.33,4.44,0,4.44,2.22,2.22,2.22,0,13.33,6.67,6.67,6.67,2.22,4.44,0,0,2.22,0,11.11,8.89,4.44,4.44,0,2.22,4.44,2.22,0,0,0,0,0,0,0,0,6.67,0,0,4.44,2.22,0,0,0,0,0,0,0,0,0,0,0,0,4.44,0,2.22,0,0,0,0,2.22,8.89,0,0,8.89,0,0,0,2.22,11.11,4.44,2.22,0,0,0,0,0,13.33,2.22,4.44,4.44,0,2.22,0,0
2846,buyer,1,62,32.41,59.25,79.1,44.38,20.67,11.29,90.32,74.19,59.68,14.52,14.52,8.06,0,6.45,0,0,0,14.52,11.29,3.23,8.06,16.13,6.45,4.84,0,24.19,6.45,6.45,0,0,0,0,22.58,0,9.68,4.84,0,3.23,1.61,0,1.61,0,8.06,4.84,3.23,4.84,1.61,3.23,0,0,0,0,11.29,4.84,4.84,3.23,0,0,3.23,6.45,0,0,0,0,0,0,0,0,6.45,0,0,3.23,3.23,0,0,0,0,0,0,0,0,0,0,0,0,3.23,0,3.23,0,0,0,0,4.84,8.06,0,0,8.06,0,0,0,3.23,6.45,1.61,4.84,0,0,0,0,0,8.06,0,3.23,4.84,0,0,0,0
2846,buyer,1,87,20.17,67.03,35.63,74.09,21.75,14.94,87.36,78.16,64.37,19.54,16.09,9.2,0,6.9,0,0,3.45,14.94,9.2,1.15,11.49,16.09,6.9,5.75,0,24.14,5.75,2.3,0,0,0,0,24.14,0,13.79,4.6,1.15,4.6,3.45,1.15,1.15,0,8.05,5.75,2.3,4.6,2.3,2.3,0,0,0,0,11.49,3.45,3.45,2.3,0,0,2.3,8.05,1.15,0,0,1.15,0,0,0,0,3.45,0,0,2.3,1.15,0,0,0,0,0,0,0,0,0,0,0,1.15,1.15,0,1.15,0,0,0,0,3.45,4.6,0,0,4.6,0,0,0,1.15,5.75,2.3,4.6,0,0,0,0,0,6.9,2.3,2.3,2.3,0,0,0,0
2846,buyer,1,81,23.88,80.61,14.73,77.5,20.25,13.58,87.65,81.48,66.67,20.99,16.05,8.64,0,7.41,0,0,4.94,16.05,8.64,1.23,13.58,17.28,6.17,3.7,0,24.69,6.17,2.47,0,0,0,0,22.22,1.23,9.88,2.47,1.23,3.7,2.47,1.23,0,0,6.17,4.94,1.23,3.7,2.47,1.23,0,0,0,0,9.88,1.23,1.23,1.23,0,0,1.23,8.64,1.23,0,0,1.23,0,0,0,0,2.47,0,0,1.23,1.23,0,0,0,0,0,0,0,0,0,0,0,1.23,1.23,0,1.23,0,0,0,0,4.94,3.7,0,0,3.7,0,0,0,1.23,6.17,2.47,4.94,1.23,0,1.23,0,0,4.94,2.47,1.23,1.23,0,0,0,0
2846,buyer,1,55,8.65,61.66,9.55,98.85,18.33,12.73,89.09,87.27,69.09,27.27,20,12.73,0,7.27,0,0,7.27,14.55,5.45,0,14.55,18.18,5.45,3.64,0,25.45,5.45,0,0,0,0,0,25.45,3.64,12.73,1.82,1.82,5.45,3.64,1.82,0,0,7.27,7.27,0,3.64,3.64,0,0,0,0,0,12.73,3.64,1.82,1.82,0,0,1.82,9.09,1.82,0,0,1.82,0,0,0,0,0,0,0,0,0,0,0,0,0,0,0,0,0,0,0,0,1.82,0,0,0,0,0,0,0,5.45,1.82,0,0,1.82,0,0,0,0,5.45,3.64,3.64,5.45,0,5.45,0,0,5.45,3.64,1.82,0,0,0,0,0
2846,buyer,1,17,7.78,93.56,1.39,99,17,0,100,88.24,58.82,29.41,23.53,11.76,0,11.76,0,0,5.88,5.88,0,0,11.76,17.65,0,0,0,23.53,5.88,0,0,0,0,0,17.65,11.76,5.88,0,0,5.88,0,0,0,0,17.65,17.65,0,5.88,5.88,0,0,0,0,0,23.53,11.76,5.88,5.88,0,0,5.88,11.76,0,0,0,0,0,0,0,0,5.88,0,0,5.88,0,0,0,0,0,0,0,0,0,0,0,0,0,5.88,0,0,0,0,0,0,11.76,0,0,0,0,0,0,0,0,0,0,0,17.65,0,17.65,0,0,5.88,0,5.88,0,0,0,0,0
2846,seller,1,65,35.28,96.64,30.98,1,32.5,18.46,80,69.23,56.92,13.85,9.23,1.54,6.15,1.54,0,0,4.62,13.85,10.77,0,7.69,12.31,3.08,10.77,0,15.38,9.23,0,9.23,6.15,1.54,1.54,16.92,1.54,4.62,1.54,0,3.08,0,0,0,0,6.15,0,6.15,1.54,0,1.54,0,0,0,0,15.38,7.69,3.08,3.08,0,4.62,0,7.69,0,0,0,0,0,0,0,0,1.54,0,0,1.54,0,0,0,0,0,0,0,0,0,0,0,0,0,1.54,0,0,0,0,0,0,4.62,9.23,0,1.54,9.23,0,0,0,4.62,1.54,7.69,3.08,1.54,0,1.54,0,0,6.15,3.08,3.08,0,0,0,0,0
2846,seller,1,57,27.21,99,22.93,1,14.25,19.3,78.95,68.42,54.39,15.79,8.77,0,5.26,3.51,0,0,7.02,15.79,10.53,0,7.02,12.28,3.51,10.53,0,14.04,8.77,0,7.02,5.26,1.75,0,21.05,3.51,5.26,3.51,0,1.75,0,0,0,0,7.02,0,7.02,3.51,0,3.51,0,0,0,0,12.28,3.51,0,0,0,3.51,0,8.77,0,0,0,0,0,0,0,0,3.51,0,0,3.51,0,0,0,0,0,0,0,0,0,0,0,0,0,1.75,0,0,0,0,0,0,5.26,8.77,0,0,8.77,0,0,0,3.51,1.75,8.77,1.75,3.51,0,3.51,0,0,10.53,5.26,1.75,1.75,0,1.75,0,0
2846,seller,1,59,29.33,99,20.4,1,14.75,13.56,86.44,72.88,52.54,20.34,13.56,0,6.78,6.78,0,0,6.78,18.64,10.17,0,6.78,10.17,3.39,6.78,0,15.25,10.17,0,8.47,6.78,1.69,0,22.03,3.39,8.47,5.08,0,3.39,0,0,0,0,8.47,1.69,6.78,5.08,1.69,3.39,0,0,0,0,18.64,5.08,0,0,0,3.39,1.69,13.56,0,0,0,0,0,0,0,0,5.08,0,0,5.08,0,0,0,0,0,0,0,0,0,0,0,0,0,1.69,0,1.69,0,0,0,0,6.78,6.78,0,1.69,5.08,0,0,0,5.08,1.69,6.78,1.69,5.08,0,5.08,0,0,10.17,3.39,1.69,3.39,0,1.69,0,0
2846,seller,1,45,22.17,99,19.26,85.84,9,15.56,91.11,77.78,53.33,26.67,20,0,4.44,15.56,0,0,6.67,20,8.89,0,6.67,11.11,2.22,2.22,0,17.78,8.89,0,4.44,4.44,0,0,17.78,2.22,11.11,6.67,0,4.44,0,0,0,0,8.89,6.67,2.22,4.44,2.22,2.22,0,0,0,0,26.67,6.67,2.22,2.22,0,0,4.44,20,0,0,0,0,0,0,0,0,4.44,0,0,4.44,0,0,0,0,0,0,0,0,0,0,0,0,0,0,0,2.22,0,0,0,0,11.11,6.67,0,4.44,4.44,0,0,0,2.22,2.22,6.67,0,8.89,0,8.89,0,0,13.33,4.44,0,6.67,0,2.22,0,0
2846,seller,1,54,33.38,99,39.59,93.93,13.5,20.37,90.74,64.81,42.59,20.37,16.67,0,3.7,9.26,0,3.7,3.7,16.67,5.56,0,5.56,9.26,0,1.85,1.85,20.37,5.56,1.85,7.41,3.7,0,3.7,18.52,0,11.11,7.41,0,1.85,0,0,1.85,0,5.56,5.56,0,1.85,1.85,0,0,0,0,0,29.63,9.26,5.56,5.56,0,0,3.7,20.37,0,0,0,0,0,0,0,0,16.67,0,0,5.56,11.11,0,0,0,0,0,0,0,0,0,0,0,0,7.41,0,3.7,0,0,0,0,12.96,5.56,0,3.7,3.7,0,0,0,1.85,7.41,3.7,0,5.56,0,5.56,0,0,18.52,3.7,7.41,3.7,0,1.85,1.85,0
2848,buyer,1,86,13.03,1,29.27,36.9,14.33,13.95,86.05,70.93,62.79,23.26,10.47,9.3,0,1.16,0,0,12.79,13.95,9.3,1.16,9.3,13.95,1.16,8.14,3.49,17.44,5.81,2.33,0,0,0,0,29.07,0,13.95,2.33,1.16,3.49,5.81,1.16,4.65,0,3.49,2.33,1.16,2.33,2.33,0,0,0,0,0,3.49,2.33,1.16,0,0,0,1.16,1.16,0,0,0,0,1.16,0,0,1.16,6.98,0,0,1.16,5.81,0,0,0,0,0,0,0,0,0,0,0,0,3.49,0,2.33,0,0,0,2.33,1.16,4.65,2.33,0,2.33,2.33,0,0,0,12.79,2.33,0,0,0,0,0,0,10.47,6.98,0,0,0,2.33,1.16,0
2848,buyer,1,103,21.01,2.28,65.99,1.89,11.44,16.5,87.38,70.87,59.22,20.39,11.65,9.71,0.97,0.97,0,0,8.74,16.5,8.74,0.97,9.71,14.56,0.97,7.77,1.94,20.39,7.77,1.94,0.97,0.97,0,0,32.04,0,19.42,4.85,3.88,2.91,3.88,3.88,3.88,0,2.91,0,2.91,0,0,0,0,0,0,0,3.88,1.94,0.97,0,0,0,0.97,1.94,0,0,0,0,0.97,0,0,0.97,6.8,0,0,1.94,4.85,0,0,0,0,0,0,0,0,0,0,0,0,3.88,0,1.94,0,0,0,1.94,0.97,4.85,1.94,0.97,1.94,1.94,0,0,1.94,8.74,4.85,3.88,0,0,0,0,0,11.65,8.74,0,0,0,1.94,0.97,0
2848,buyer,1,92,41.01,14.23,80.34,1.34,11.5,19.57,89.13,65.22,50,16.3,11.96,8.7,1.09,0,0,2.17,4.35,15.22,6.52,1.09,10.87,13.04,0,7.61,0,20.65,9.78,3.26,3.26,1.09,0,2.17,28.26,0,17.39,6.52,3.26,2.17,1.09,3.26,3.26,0,3.26,0,3.26,0,0,0,0,0,0,0,8.7,3.26,3.26,2.17,0,0,0,5.43,0,0,0,0,0,0,0,0,14.13,0,0,4.35,9.78,0,0,0,0,0,0,0,0,0,0,0,0,6.52,0,3.26,0,0,0,2.17,3.26,6.52,2.17,1.09,3.26,2.17,0,0,2.17,6.52,5.43,4.35,0,0,0,0,0,16.3,8.7,4.35,0,0,1.09,2.17,0
2848,seller,1,74,18.51,14.33,20.17,7.88,74,12.16,83.78,71.62,64.86,17.57,10.81,5.41,0,5.41,0,0,6.76,16.22,9.46,0,10.81,12.16,5.41,9.46,4.05,13.51,5.41,0,0,0,0,0,28.38,0,18.92,1.35,1.35,2.7,8.11,0,6.76,0,4.05,1.35,2.7,4.05,1.35,2.7,0,0,1.35,0,8.11,2.7,0,0,0,0,0,5.41,0,0,0,0,0,0,0,0,4.05,0,0,1.35,2.7,0,0,0,0,0,0,0,0,0,0,0,0,0,0,0,0,0,0,0,4.05,2.7,1.35,0,1.35,0,0,0,1.35,2.7,8.11,0,0,0,0,0,0,5.41,0,4.05,0,0,1.35,0,0
2848,seller,1,52,26.1,51.52,19.9,20.23,52,11.54,82.69,71.15,61.54,19.23,11.54,3.85,0,7.69,0,0,7.69,19.23,11.54,0,7.69,9.62,3.85,7.69,3.85,11.54,7.69,0,0,0,0,0,25,0,15.38,1.92,0,1.92,7.69,0,5.77,0,3.85,1.92,1.92,3.85,1.92,1.92,0,0,1.92,0,9.62,1.92,0,0,0,0,0,7.69,0,0,0,0,0,0,0,0,3.85,0,0,1.92,1.92,0,0,0,0,0,0,0,0,0,0,0,0,0,0,0,0,0,0,0,7.69,3.85,1.92,0,1.92,0,0,0,1.92,1.92,9.62,0,1.92,0,1.92,0,0,7.69,0,5.77,0,0,1.92,0,0
2848,seller,1,39,38.2,81.78,30.98,60.52,39,10.26,87.18,69.23,58.97,17.95,12.82,2.56,0,10.26,0,0,5.13,17.95,12.82,0,7.69,7.69,5.13,7.69,2.56,10.26,7.69,0,0,0,0,0,23.08,0,12.82,2.56,0,2.56,2.56,0,7.69,0,7.69,5.13,2.56,5.13,2.56,2.56,0,0,2.56,0,12.82,2.56,0,0,0,0,0,10.26,0,0,0,0,0,0,0,0,7.69,0,0,5.13,2.56,0,0,0,0,0,0,0,0,0,0,0,0,2.56,0,0,0,0,0,0,7.69,5.13,2.56,0,2.56,0,0,0,2.56,2.56,10.26,0,2.56,0,2.56,0,0,5.13,0,5.13,0,0,0,0,0
2849,buyer,1,84,5.14,47.11,64.98,20.23,21,9.52,90.48,77.38,64.29,23.81,15.48,9.52,0,5.95,0,0,8.33,13.1,5.95,0,13.1,15.48,4.76,13.1,0,19.05,9.52,1.19,0,0,0,0,23.81,0,11.9,5.95,0,4.76,1.19,0,1.19,0,11.9,5.95,5.95,5.95,1.19,4.76,0,0,0,0,8.33,2.38,0,1.19,0,1.19,1.19,5.95,0,0,0,0,0,0,0,0,10.71,0,0,7.14,4.76,0,0,0,0,0,0,0,0,0,0,1.19,0,1.19,0,0,0,0,0,0,4.76,4.76,0,1.19,4.76,0,0,0,2.38,3.57,9.52,2.38,0,0,0,0,0,9.52,3.57,1.19,1.19,0,3.57,0,0
2849,buyer,1,103,2.83,40.06,77.76,49.98,17.17,8.74,93.2,79.61,68.93,22.33,15.53,8.74,0,5.83,0,0.97,6.8,12.62,6.8,0,10.68,21.36,2.91,11.65,0.97,24.27,7.77,0.97,0.97,0.97,0.97,0,27.18,0.97,13.59,4.85,0.97,4.85,0.97,0,2.91,0,9.71,5.83,3.88,6.8,2.91,3.88,0,0,0,0,8.74,1.94,0,0,0,0,0.97,6.8,0,0,0,0,0,0,0,0,6.8,0,0,4.85,2.91,0,0,0,0,0,0,0,0,0,0,0,0,0,0,0,0,0,0,0,3.88,5.83,0,2.91,5.83,0,0,0,1.94,3.88,8.74,7.77,0,0,0,0,0,8.74,4.85,0,0.97,0,2.91,0,0
2849,buyer,1,84,6.16,47.11,79.29,75.77,16.8,15.48,91.67,67.86,57.14,17.86,14.29,5.95,0,4.76,0,3.57,3.57,11.9,5.95,0,7.14,17.86,2.38,8.33,3.57,22.62,5.95,1.19,3.57,1.19,1.19,2.38,25,1.19,13.1,4.76,1.19,2.38,0,0,4.76,0,8.33,5.95,2.38,5.95,3.57,2.38,0,0,0,0,15.48,4.76,2.38,2.38,0,0,1.19,10.71,0,0,0,0,0,0,0,0,14.29,0,0,5.95,9.52,0,0,0,0,0,0,0,0,0,0,0,0,4.76,0,1.19,0,0,0,0,7.14,5.95,0,2.38,5.95,0,0,0,1.19,4.76,4.76,8.33,0,0,0,0,0,15.48,4.76,4.76,1.19,0,3.57,1.19,0
2849,seller,1,54,44.1,92.24,27.44,20.23,54,11.11,90.74,75.93,57.41,14.81,9.26,1.85,1.85,5.56,0,0,5.56,18.52,11.11,3.7,9.26,14.81,3.7,5.56,0,20.37,11.11,3.7,3.7,1.85,1.85,0,27.78,1.85,11.11,0,0,7.41,0,1.85,1.85,0,7.41,3.7,3.7,0,0,0,0,0,0,0,14.81,7.41,1.85,0,0,3.7,1.85,7.41,0,0,0,0,0,0,0,0,1.85,0,0,0,1.85,0,0,0,0,0,0,0,0,0,0,3.7,0,3.7,0,0,0,0,0,0,7.41,9.26,0,5.56,7.41,0,1.85,0,5.56,5.56,5.56,1.85,1.85,0,1.85,0,0,3.7,0,1.85,0,0,1.85,0,0
2849,seller,1,60,44.66,49.98,74.02,45.29,60,10,88.33,78.33,58.33,11.67,5,1.67,1.67,1.67,0,0,6.67,16.67,10,1.67,11.67,11.67,5,10,1.67,16.67,10,3.33,3.33,1.67,1.67,0,26.67,5,10,0,0,5,0,1.67,1.67,0,5,3.33,1.67,0,0,0,0,0,0,0,8.33,5,0,0,0,1.67,1.67,3.33,0,0,0,0,0,0,0,0,0,0,0,0,0,0,0,0,0,0,0,0,0,0,0,1.67,0,0,0,0,0,0,0,0,10,13.33,0,3.33,13.33,0,0,0,6.67,5,6.67,0,5,0,5,0,0,1.67,0,1.67,0,0,0,0,0
2849,seller,1,43,37.02,27.38,82.44,20.23,43,9.3,88.37,74.42,58.14,11.63,4.65,2.33,2.33,0,0,0,6.98,16.28,9.3,0,11.63,11.63,4.65,11.63,2.33,16.28,9.3,2.33,2.33,2.33,0,0,23.26,4.65,6.98,0,0,2.33,0,0,2.33,0,4.65,2.33,2.33,0,0,0,0,0,0,0,9.3,6.98,0,0,0,2.33,2.33,2.33,0,0,0,0,0,0,0,0,2.33,0,0,2.33,0,0,0,0,0,0,0,0,0,0,0,0,0,2.33,0,0,0,0,0,0,9.3,13.95,0,2.33,13.95,0,0,0,4.65,6.98,9.3,0,4.65,0,4.65,0,0,0,0,0,0,0,0,0,0
2851,buyer,1,145,30.06,8.17,15.01,40.45,29,17.24,86.9,69.66,60.69,17.24,10.34,8.28,0,1.38,0.69,0,6.9,20,10.34,0.69,11.03,11.72,5.52,8.28,2.07,14.48,5.52,0.69,1.38,0.69,0.69,0,26.9,0.69,16.55,2.76,1.38,4.83,0.69,4.14,3.45,0,6.9,4.14,2.76,4.14,2.76,0.69,0,0,0,0,11.72,6.9,2.76,1.38,0.69,0.69,2.76,4.83,2.07,0,0,2.76,0,0,0,0,3.45,0,0,2.07,2.07,0,0,0,0,0,0,0,0,0,0,0.69,0.69,0.69,0,0,0,0,0.69,0,2.76,2.76,0,0.69,0.69,0.69,0,0.69,2.07,4.14,4.83,2.07,0.69,0.69,0,0,0,7.59,2.07,3.45,1.38,0,0.69,0,0
2851,buyer,1,168,39.01,33.33,18.08,37.34,18.67,19.05,88.69,68.45,58.93,16.07,9.52,5.95,0,3.57,0,0,6.55,20.83,10.12,0.6,10.71,11.9,4.17,7.74,1.19,14.29,6.55,1.19,2.98,0.6,1.19,1.19,25.6,0.6,16.07,3.57,2.38,3.57,0.6,2.98,3.57,0,5.95,3.57,2.38,3.57,2.38,0.6,0,0,0,0,10.71,4.76,2.38,0.6,0.6,0.6,1.19,5.95,1.19,0,0,1.19,0,0,0,0,5.95,0,0,2.98,4.76,0,0.6,0,0,0,0,0,0,0,0,0,0.6,0.6,0,0,0,0,2.38,0,2.98,3.57,0,0.6,1.19,1.19,0,0.6,1.79,2.98,4.17,2.98,1.19,1.19,0,0,0,10.71,3.57,2.38,2.98,0,0.6,1.19,0
2851,buyer,1,169,44.63,33.37,17.72,66.85,16.9,17.75,89.35,71.6,60.95,15.98,11.24,7.1,0,4.14,0,0,4.73,19.53,11.24,0,11.83,14.2,2.96,7.69,0.59,17.75,5.92,0.59,3.55,0.59,1.18,1.78,26.63,0.59,16.57,4.14,1.78,4.73,1.18,2.37,3.55,0,5.33,4.14,1.18,3.55,2.37,0.59,0,0,0,0,10.06,4.14,1.18,0.59,0.59,0.59,1.18,5.92,0.59,0,0,0.59,0,0,0,0,5.92,0,0,3.55,4.14,0,0.59,0,0,0,0,0,0,0,0,0,0.59,0.59,0,0,0,0,2.37,0,4.14,4.14,0,1.18,1.18,1.18,0,0.59,0.59,3.55,4.73,4.14,1.78,1.18,0.59,0,0,8.88,4.14,1.18,2.37,0,0,1.18,0
2851,buyer,1,98,53.8,58.29,10.56,82.06,16.33,15.31,91.84,70.41,58.16,15.31,13.27,7.14,0,6.12,0,0,2.04,18.37,11.22,0,11.22,14.29,1.02,7.14,0,18.37,7.14,1.02,5.1,0,2.04,3.06,22.45,0,15.31,4.08,2.04,5.1,1.02,1.02,3.06,0,6.12,5.1,1.02,2.04,2.04,0,0,0,0,0,9.18,2.04,1.02,1.02,0,0,0,7.14,0,0,0,0,0,0,0,0,10.2,0,0,6.12,6.12,0,1.02,0,0,0,0,0,0,0,0,0,1.02,1.02,0,0,0,0,3.06,0,5.1,3.06,0,1.02,1.02,1.02,0,0,0,1.02,3.06,5.1,2.04,1.02,1.02,0,0,11.22,4.08,2.04,3.06,0,0,2.04,0
2851,seller,1,219,17.73,9.98,86.51,26.18,27.38,18.72,91.78,73.52,62.56,15.53,10.05,5.02,0.91,4.11,0,0,5.48,18.26,10.05,0.46,10.05,17.35,4.57,5.94,5.48,21,6.85,0.91,1.83,1.37,0,0.46,34.7,1.83,20.09,4.57,1.37,3.65,5.02,1.37,7.31,0,5.02,2.74,2.28,3.65,1.37,1.83,0,0.46,0.46,0,11.42,5.48,1.37,0.91,0.46,0,1.37,5.94,0.46,0,0,0.46,0,0,0,0,4.11,0,0,1.83,2.28,0,0,0,0,0,0,0,0,0,0,0,0,0,0,0,0,0,0,0,4.11,9.59,0,0.91,7.31,1.37,0,0,2.74,7.31,7.31,1.37,0,0,0,0,0,12.33,3.65,1.83,0,0,6.39,0.46,0
2851,seller,1,243,19.33,26.65,67.21,20.23,24.3,20.99,90.95,75.31,62.96,17.28,10.7,4.12,1.65,4.94,0,0,6.58,17.28,9.47,0.41,10.7,17.28,3.7,5.35,4.53,22.22,6.58,0.82,2.06,2.06,0,0,36.63,1.23,22.63,5.35,1.23,4.12,5.35,2.06,7.82,0,3.29,1.65,1.65,2.88,0.82,1.65,0,0,0.41,0,10.7,3.29,0.41,0,0.41,0,1.23,7.41,0.41,0,0,0.41,0,0,0,0,3.29,0,0,2.06,1.23,0,0,0,0,0,0,0,0,0,0,0,0,0.41,0,0.41,0,0,0,0,4.94,7.82,0,0.82,4.53,2.06,0,0.41,2.06,6.17,9.47,0.82,0.41,0.41,0,0,0,12.76,4.12,1.65,0,0,5.76,1.23,0
2851,seller,1,184,21.04,43.25,40.88,27.42,23,21.74,90.76,71.2,59.24,16.85,10.33,3.8,1.63,3.8,0,1.09,6.52,16.3,8.15,0,10.33,16.3,3.26,5.43,3.8,21.74,5.43,0,3.26,2.17,0,1.09,32.61,2.17,19.02,4.89,1.09,3.26,2.72,2.72,5.98,0,3.8,2.17,1.63,3.26,1.09,1.63,0,0,0.54,0,13.59,4.89,1.63,1.09,0.54,0,1.63,8.7,0.54,0,0,0.54,0,0,0,0,7.61,0,0,2.72,4.89,0,0,0,0,0,0,0,0,0,0,0,0,2.72,0,0.54,0,0,0,0,6.52,6.52,0,0.54,3.8,1.63,0,0.54,1.09,3.8,10.87,0.54,0.54,0.54,0,0,0,14.13,4.35,4.35,0,0,3.8,1.63,0
2852,buyer,1,38,9.05,1,97.49,20.23,38,21.05,92.11,71.05,52.63,26.32,18.42,15.79,0,2.63,0,0,7.89,18.42,5.26,5.26,5.26,7.89,2.63,2.63,5.26,13.16,10.53,10.53,0,0,0,0,26.32,0,7.89,0,0,0,0,2.63,5.26,0,10.53,5.26,5.26,5.26,2.63,2.63,2.63,0,0,0,7.89,5.26,0,2.63,0,2.63,2.63,2.63,0,0,0,0,0,0,0,0,2.63,0,0,0,2.63,0,0,0,0,0,0,0,0,0,0,0,0,7.89,0,0,0,0,0,0,5.26,7.89,0,0,5.26,2.63,0,0,2.63,10.53,7.89,0,0,0,0,0,0,7.89,0,0,0,0,7.89,0,0
2852,buyer,1,26,2.59,1,94.47,1,26,26.92,92.31,73.08,53.85,30.77,15.38,15.38,0,0,0,0,15.38,19.23,3.85,3.85,3.85,7.69,3.85,3.85,3.85,19.23,7.69,7.69,3.85,0,3.85,0,30.77,0,7.69,0,0,0,0,3.85,3.85,0,3.85,0,3.85,3.85,0,3.85,3.85,0,0,0,0,0,0,0,0,0,0,0,0,0,0,0,0,0,0,0,7.69,0,0,3.85,3.85,0,0,0,0,0,0,0,0,0,0,0,0,7.69,0,0,0,0,0,0,7.69,7.69,0,0,3.85,3.85,0,0,3.85,11.54,11.54,0,0,0,0,0,0,7.69,0,0,0,0,7.69,0,0
2852,buyer,1,23,2.08,1,98.67,1,23,21.74,100,78.26,56.52,34.78,21.74,21.74,0,0,0,0,13.04,13.04,4.35,0,4.35,8.7,4.35,4.35,0,26.09,4.35,4.35,4.35,0,4.35,0,34.78,0,17.39,8.7,0,8.7,0,4.35,0,0,4.35,0,4.35,4.35,0,4.35,4.35,0,0,0,0,0,0,0,0,0,0,0,0,0,0,0,0,0,0,0,13.04,0,0,4.35,8.7,0,0,0,0,0,0,0,0,0,0,0,0,8.7,0,0,0,0,0,0,4.35,8.7,0,0,4.35,4.35,0,0,4.35,8.7,8.7,0,0,0,0,0,0,4.35,0,0,0,0,4.35,0,0
2852,buyer,1,30,10.19,10.48,82.8,,30,20,90,50,33.33,16.67,13.33,6.67,0,0,0,6.67,3.33,13.33,3.33,0,0,10,0,3.33,6.67,23.33,3.33,3.33,10,0,3.33,6.67,30,0,23.33,13.33,0,6.67,0,0,6.67,0,0,0,0,0,0,0,0,0,0,0,20,6.67,6.67,6.67,0,0,0,13.33,0,0,0,0,0,0,0,0,33.33,0,0,10,23.33,0,0,0,0,0,0,0,0,0,0,0,0,13.33,0,3.33,0,0,0,0,10,3.33,0,0,3.33,0,0,0,0,6.67,6.67,0,0,0,0,0,0,26.67,3.33,13.33,0,0,6.67,3.33,0
2852,seller,1,34,22.63,99,1.39,95.42,17,14.71,94.12,73.53,58.82,26.47,23.53,5.88,8.82,8.82,0,0,2.94,11.76,8.82,0,8.82,14.71,0,0,2.94,26.47,2.94,0,11.76,8.82,2.94,0,26.47,0,14.71,2.94,0,8.82,0,2.94,0,0,5.88,5.88,0,2.94,2.94,0,0,0,0,0,35.29,17.65,0,2.94,0,0,8.82,17.65,0,0,0,0,2.94,0,0,2.94,2.94,2.94,0,0,0,0,0,0,0,0,0,0,0,0,0,0,0,0,0,0,0,0,0,0,8.82,5.88,2.94,2.94,2.94,2.94,0,0,0,2.94,17.65,0,0,0,0,0,0,11.76,2.94,8.82,0,0,0,0,0
2852,seller,1,29,28.28,99,2.1,20.23,14.5,13.79,93.1,75.86,58.62,27.59,27.59,6.9,3.45,17.24,0,0,0,13.79,10.34,0,6.9,13.79,0,0,0,24.14,6.9,0,6.9,3.45,3.45,0,24.14,0,24.14,6.9,0,13.79,0,3.45,0,0,6.9,3.45,3.45,6.9,3.45,3.45,0,0,0,0,31.03,10.34,0,0,0,0,3.45,20.69,0,0,0,0,0,0,0,0,6.9,3.45,0,3.45,0,0,0,0,0,0,0,0,0,0,0,0,0,0,0,0,0,0,0,0,10.34,6.9,3.45,3.45,3.45,3.45,0,0,0,0,13.79,0,3.45,0,3.45,0,0,10.34,3.45,6.9,0,0,0,0,0
2852,seller,1,21,29.12,99,5.94,20.23,10.5,9.52,90.48,71.43,52.38,23.81,23.81,4.76,4.76,14.29,0,0,0,14.29,9.52,0,4.76,14.29,0,0,0,19.05,14.29,0,9.52,4.76,4.76,0,23.81,0,23.81,9.52,0,14.29,0,0,0,0,9.52,4.76,4.76,9.52,4.76,4.76,0,0,0,0,23.81,4.76,0,0,0,0,0,19.05,0,0,0,0,0,0,0,0,9.52,4.76,0,4.76,0,0,0,0,0,0,0,0,0,0,0,0,0,0,0,0,0,0,0,0,14.29,4.76,0,4.76,4.76,0,0,0,0,0,14.29,0,9.52,0,9.52,0,0,9.52,4.76,4.76,0,0,0,0,0
2852,seller,1,10,15.41,99,1,20.23,10,10,90,60,30,20,20,0,0,20,0,0,0,10,0,0,0,10,0,0,0,10,30,0,0,0,0,0,20,0,20,10,0,10,0,0,0,0,20,10,10,10,0,10,0,0,0,0,20,0,0,0,0,0,0,20,0,0,0,0,0,0,0,0,20,0,0,20,0,0,0,0,0,0,0,0,0,0,0,0,0,10,0,0,0,0,0,0,20,0,0,0,0,0,0,0,0,0,10,0,20,0,20,0,0,0,0,0,0,0,0,0,0
2853,seller,1,124,8.49,54.49,74.65,20.23,31,14.52,91.13,75,61.29,25,15.32,7.26,1.61,6.45,0,0,9.68,18.55,5.65,0,8.87,12.9,2.42,5.65,3.23,19.35,6.45,2.42,5.65,1.61,0,4.03,29.84,0.81,12.1,2.42,0.81,1.61,1.61,0.81,4.03,0,3.23,1.61,1.61,1.61,0,1.61,0.81,0,0,0,16.94,7.26,3.23,1.61,0,0.81,2.42,8.87,0,0,0,0,0.81,0,0,0.81,4.03,0,0,2.42,1.61,0,0,0,0,0,0,0,0,0,0,0,0,0,0,0.81,0,0,0,0,4.84,5.65,0.81,0.81,4.03,0,0.81,0,4.84,4.84,9.68,2.42,0.81,0,0.81,0,0,6.45,3.23,3.23,0,0,0,0,0
2853,seller,1,167,17.78,61.41,57.5,20.23,33.4,12.57,89.82,73.05,61.08,20.96,13.17,5.99,1.8,4.79,0.6,0,7.78,17.96,7.19,1.2,10.18,11.38,3.59,7.78,2.4,17.37,5.39,2.99,4.79,1.8,0,2.99,26.95,0.6,10.18,1.8,1.2,1.8,1.2,0.6,2.99,0,2.4,1.2,1.2,1.2,0,1.2,1.2,0,0,0,14.97,5.99,1.8,0.6,0,0.6,2.4,8.38,0,0,0.6,0,1.2,0,0,1.2,4.79,0,0,2.99,1.8,0,0,0,0,0,0,0,0,0,0,0,0,1.2,0,0.6,0,0,0,0,7.19,5.39,0.6,0.6,4.19,0.6,0,0,5.99,4.19,8.98,2.4,0.6,0,0.6,0,0,5.99,2.4,2.99,0.6,0,0,0,0
2853,seller,1,179,14.14,66.34,52.29,27.64,29.83,10.61,91.06,73.18,62.01,18.99,11.73,4.47,1.68,5.03,0.56,0,7.26,17.32,7.26,1.12,11.17,12.29,5.03,10.06,2.79,16.76,5.59,3.35,3.91,1.68,0,2.23,27.37,1.68,10.61,1.68,1.68,2.23,1.12,0,3.35,0,2.79,1.68,1.12,1.12,0,1.12,1.12,0,0,0,15.08,6.15,1.68,0.56,0,0.56,2.79,8.38,0,0,0.56,0,2.23,0,0,2.23,5.03,0,0,3.35,1.68,0,0,0,0,0,0,0,0,0,0,0,0,2.23,0,0.56,0,0,0,0,8.38,6.7,0,0.56,5.59,0.56,0.56,0,5.59,1.68,8.94,4.47,0.56,0,0.56,0,0,6.15,2.23,2.79,1.12,0,0,0,0
2853,seller,1,178,24.07,82.46,8.84,27.68,29.67,6.18,88.76,74.72,64.04,17.98,10.67,2.81,1.12,6.18,0.56,0,7.3,17.98,7.87,1.12,13.48,11.8,5.06,10.11,2.25,16.85,5.06,3.93,3.37,1.12,1.12,1.12,21.91,1.69,8.43,0.56,1.12,3.93,0,0.56,2.81,0,2.81,1.69,1.12,1.12,0,1.12,1.12,0,0,0,12.92,3.93,0.56,0,0,0,2.25,8.43,0,0,0.56,0,2.25,0,0,2.25,5.06,0,0,2.25,2.81,0,0,0,0,0,0,0,0,0,0,0,0,2.81,0,0,0,0.56,0,0,8.99,6.18,0,0.56,4.49,0.56,0.56,0,3.93,1.69,7.3,2.81,0.56,0,0.56,0,0,5.62,1.12,1.69,1.69,0,0,1.12,0
2853,seller,1,163,9.65,68.7,20.08,28.42,32.6,7.36,88.34,74.23,64.42,20.25,11.66,3.07,0.61,7.98,0,0,8.59,19.63,7.36,0,10.43,12.27,5.52,9.82,3.68,17.18,4.91,3.07,3.68,0.61,1.23,1.84,26.99,2.45,14.11,1.84,0.61,4.91,0,1.84,6.13,0,1.84,1.23,0.61,0.61,0,0.61,0.61,0,0,0,12.88,3.07,1.23,0,0,0,1.23,9.2,0,0,0,0,1.84,0,0,1.84,4.29,0,0,1.84,3.07,0,0,0,0,0,0,0,0,0,0,0,0,2.45,0,0,0,0.61,0,0,7.98,6.13,0,1.23,4.29,0,0.61,0,1.84,3.07,6.75,2.45,0.61,0,0.61,0,0,5.52,1.23,1.84,1.23,0,0,1.23,0
2853,seller,1,121,14.39,73.22,11.74,20.23,40.33,7.44,85.95,71.9,62.81,23.14,14.88,4.96,0,9.92,0,0,8.26,20.66,7.44,0,9.92,10.74,3.31,7.44,3.31,16.53,4.96,1.65,4.96,0,1.65,3.31,24.79,0.83,15.7,1.65,0,6.61,0,2.48,6.61,0,1.65,0.83,0.83,0.83,0,0.83,0.83,0,0,0,14.05,2.48,1.65,0,0,0,0,10.74,0,0,0,0,0.83,0,0,0.83,4.13,0,0,1.65,3.31,0,0,0,0,0,0,0,0,0,0,0,0,1.65,0,0,0,0.83,0,0,4.96,4.96,0,1.65,2.48,0.83,0,0,0.83,4.13,7.44,0,0,0,0,0,0,4.13,0.83,0.83,0.83,0,0,1.65,0
2853,seller,1,57,4.76,70.59,45.82,,57,10.53,87.72,66.67,57.89,24.56,15.79,5.26,0,10.53,0,0,8.77,19.3,5.26,0,5.26,8.77,5.26,7.02,3.51,14.04,3.51,0,7.02,1.75,0,5.26,29.82,3.51,19.3,3.51,0,5.26,0,3.51,8.77,0,0,0,0,0,0,0,0,0,0,0,17.54,5.26,3.51,1.75,0,0,1.75,12.28,0,0,0,0,0,0,0,0,1.75,0,0,1.75,1.75,0,0,0,0,0,0,0,0,0,0,0,0,1.75,0,0,0,0,0,0,7.02,7.02,0,1.75,3.51,1.75,0,0,0,7.02,5.26,0,1.75,0,1.75,0,0,1.75,0,1.75,0,0,0,0,0
2853,seller,1,63,3.06,40.06,34.16,6.51,63,15.87,90.48,74.6,65.08,23.81,19.05,9.52,1.59,7.94,0,0,4.76,12.7,4.76,0,6.35,15.87,3.17,6.35,3.17,17.46,7.94,1.59,11.11,3.17,1.59,6.35,26.98,3.17,14.29,1.59,0,6.35,1.59,0,6.35,0,1.59,0,1.59,1.59,0,1.59,1.59,0,0,0,15.87,6.35,3.17,1.59,0,0,1.59,9.52,0,0,0,0,0,0,0,0,3.17,0,0,0,3.17,0,0,0,0,0,0,0,0,0,0,0,0,0,0,0,0,0,0,0,1.59,6.35,0,0,3.17,3.17,0,0,1.59,0,15.87,0,1.59,0,1.59,0,0,1.59,0,1.59,0,0,0,0,0
2853,seller,1,75,10.19,14.57,44.33,7.99,75,16,93.33,72,62.67,20,16,9.33,1.33,5.33,0,0,4,12,6.67,0,9.33,16,2.67,6.67,4,18.67,8,1.33,8,2.67,1.33,4,25.33,2.67,10.67,1.33,0,4,1.33,0,5.33,0,1.33,0,1.33,1.33,0,1.33,1.33,0,0,0,16,9.33,2.67,1.33,0,0,4,6.67,0,0,0,0,1.33,0,0,1.33,2.67,0,0,0,2.67,0,0,0,0,0,0,0,0,0,0,2.67,0,0,4,0,0,0,0,0,2.67,4,0,0,2.67,1.33,0,0,2.67,0,14.67,5.33,2.67,0,2.67,0,0,1.33,0,1.33,0,0,0,0,0
2854,buyer,1,96,43.4,11.66,47.01,34.94,24,15.63,90.63,70.83,61.46,19.79,12.5,8.33,0,3.13,1.04,0,7.29,19.79,10.42,2.08,11.46,11.46,2.08,5.21,2.08,16.67,6.25,4.17,1.04,0,0,1.04,27.08,2.08,12.5,2.08,4.17,1.04,0,1.04,4.17,0,1.04,1.04,0,0,0,0,0,0,0,0,10.42,5.21,1.04,4.17,0,1.04,1.04,5.21,1.04,0,0,2.08,2.08,0,0,2.08,4.17,0,0,2.08,3.13,0,0,0,0,0,0,0,0,0,0,0,0,0,0,1.04,0,0,0,0,5.21,1.04,0,0,1.04,0,0,0,4.17,10.42,3.13,2.08,1.04,0,1.04,0,0,4.17,4.17,0,0,0,0,0,0
2854,buyer,1,186,28.14,16.34,69.74,9.78,23.25,16.67,90.32,76.34,62.37,17.74,12.37,8.06,0,3.23,0.54,0.54,5.38,18.28,8.6,1.61,12.37,10.75,6.45,9.14,1.08,16.67,7.53,4.84,0.54,0.54,0,0,25.27,1.08,10.75,2.69,2.15,1.08,1.08,1.08,4.3,0,2.15,0.54,1.61,1.08,0,1.08,0.54,0,0,0,9.68,3.76,2.15,2.15,0,1.08,0,5.38,0.54,0,0,1.08,1.61,0,0,1.61,4.3,0,0,2.15,3.76,0,0,0,0,0,0,0,0,0,0,0.54,0,1.61,0,0.54,0,0,0,0,8.06,1.61,0,0.54,1.61,0,0,0,5.38,4.3,5.38,3.23,1.08,0,1.08,0,0,4.84,4.84,0,0,0,0,0,0
2854,buyer,1,172,26.1,21.86,79.57,20.23,19.11,16.28,93.02,77.91,63.37,17.44,11.63,7.56,0,3.49,0,0.58,5.81,18.02,8.14,1.74,12.79,11.05,7.56,9.3,0.58,16.86,8.14,5.23,0.58,0.58,0,0,25.58,1.16,9.88,2.33,2.33,1.16,1.16,1.16,3.49,0,3.49,1.74,1.74,1.16,0,1.16,0.58,0,0,0,9.88,4.65,2.91,2.91,0,1.16,0.58,4.65,0,0,0,0,1.74,0,0,1.74,4.65,0,0,2.33,4.07,0,0,0,0,0,0,0,0,0,0,0.58,0,1.74,0,0.58,0,0,0,0,9.3,2.33,0,1.16,2.33,0,0,0,6.98,3.49,5.81,3.49,1.16,0,1.16,0,0,5.23,5.23,0,0,0,0,0,0
2854,buyer,1,150,15.41,40.06,85.71,20.23,21.43,17.33,92,80,63.33,16.67,11.33,6,1.33,3.33,0,0.67,5.33,16,6.67,0.67,12.67,10,12,10,0.67,16.67,8,4.67,2.67,2,0,0.67,28,0.67,12,4,2,1.33,1.33,2.67,4,0,4,2,2,1.33,0,1.33,0.67,0,0,0,10.67,4,3.33,2.67,0,0.67,0.67,6,0,0,0,0,0.67,0,0,0.67,4,0,0,2,3.33,0,0,0,0,0,0,0,0,0,0,0.67,0,2,0,0.67,0,0,0,0,9.33,4,0,2,2.67,0,0.67,0,6.67,2,7.33,3.33,1.33,0,1.33,0,0,4.67,4.67,0,0,0,0,0,0
2854,buyer,1,61,19.57,95.74,87.98,71.67,30.5,21.31,90.16,63.93,49.18,14.75,9.84,1.64,3.28,1.64,0,3.28,4.92,14.75,3.28,0,8.2,8.2,11.48,4.92,0,16.39,6.56,3.28,8.2,3.28,0,4.92,32.79,1.64,14.75,8.2,4.92,0,0,3.28,1.64,0,3.28,3.28,0,0,0,0,0,0,0,0,18.03,6.56,6.56,6.56,0,0,1.64,11.48,0,0,0,0,0,0,0,0,13.11,0,0,3.28,9.84,0,0,0,0,0,0,0,0,0,0,0,0,6.56,0,1.64,0,0,0,0,11.48,6.56,0,3.28,3.28,0,1.64,0,6.56,4.92,8.2,1.64,1.64,0,1.64,0,0,11.48,3.28,6.56,0,0,0,1.64,0
2854,seller,1,139,20.69,44.31,14.25,53.69,23.17,15.83,89.21,69.78,59.71,19.42,10.79,5.04,0.72,5.04,0,0,8.63,18.71,6.47,0,10.79,13.67,3.6,4.32,3.6,18.71,5.04,4.32,5.04,2.16,2.16,0.72,25.9,2.16,15.83,1.44,0.72,6.47,1.44,2.16,5.76,0,2.16,2.16,0,0.72,0.72,0,0,0,0,0,15.11,5.76,2.16,0.72,0,0,1.44,9.35,2.88,0,0,2.16,1.44,0.72,0,0.72,2.16,0,0,0.72,1.44,0,1.44,1.44,0,0,0,0,0,0,0,0.72,0,0.72,0,1.44,0,0,0,0,5.76,6.47,0,0,3.6,0.72,0.72,1.44,2.88,5.04,3.6,0.72,0,0,0,0,0,9.35,2.88,1.44,1.44,0,3.6,0,0
2854,seller,1,202,26.73,66.27,14.85,34.12,25.25,12.87,90.1,71.78,61.39,19.31,13.37,5.45,1.49,6.44,0,0,5.94,17.82,6.93,0,12.87,12.87,2.97,5.45,3.96,19.8,3.96,3.96,7.43,3.47,3.47,0.5,24.26,1.98,15.35,1.49,0.99,5.94,1.49,2.48,4.95,0,2.48,1.49,0.5,1.49,0.5,0.5,0.5,0,0,0,15.35,4.46,1.98,0,0,0,0.5,10.89,2.48,0,0,1.49,1.49,0.5,0,0.99,3.47,0,0,0.5,2.97,0,0.99,0.99,0,0,0,0,0,0,0,0.5,0.5,0,0,0.99,0,0,0,0,6.44,3.96,0,0.5,1.98,0.5,0.5,0.99,3.96,2.97,3.96,0.99,0,0,0,0,0,7.92,3.47,0.5,0.5,0,3.47,0,0
2854,seller,1,232,30.53,80.28,31.84,25.82,23.2,12.5,90.09,72.84,62.07,17.67,12.93,4.31,3.45,5.17,0,0,4.74,16.81,6.03,0,13.79,12.93,2.59,6.9,3.02,19.83,5.6,4.31,7.76,4.31,3.02,0.43,23.71,1.72,15.09,3.45,1.72,4.74,0.86,1.29,4.74,0,4.31,2.16,1.72,2.16,0.43,1.29,0.86,0,0,0,15.09,3.88,1.72,0,0,0,0.43,10.78,1.29,0,0,0.86,1.29,0.43,0,0.86,3.45,0,0.43,0.43,2.59,0,0.43,0.43,0,0,0,0,0,0,0,0.43,0.43,0,0,0.86,0,0,0.43,0,6.9,5.17,0,1.29,3.45,0,0.43,0.86,3.02,3.02,4.31,0.86,0,0,0,0,0,6.03,3.02,0,1.29,0,1.72,0,0
2854,seller,1,200,31.28,96.24,35.01,10.35,25,12,91,73,61.5,19.5,14,4.5,4.5,5,0,0,5.5,17,5.5,0,14.5,11.5,2,8.5,1.5,18,7,2.5,9,6.5,2,0.5,21.5,0.5,13,3.5,2,3.5,1,1,3,0,6.5,2.5,3.5,3.5,0.5,2.5,1.5,0,0.5,0,16.5,4,2.5,0.5,0,0,1,13,1.5,0,0,0.5,0.5,0,0,0.5,3,0,0.5,0.5,2,0,0,0,0,0,0,0,0,0,0,0,0.5,0,0,0,0,0,0.5,0,7.5,6,0,2,4,0,1,0.5,2.5,2,5.5,1,0,0,0,0,0,7,3,1,1,0,2,0,0
2854,seller,1,124,32.41,98.45,41.5,11.91,20.67,12.1,90.32,70.97,58.06,19.35,12.9,4.03,5.65,3.23,0,0,6.45,18.55,4.03,0,13.71,10.48,1.61,8.87,0,15.32,10.48,2.42,8.06,7.26,0,0.81,19.35,0,12.9,4.84,2.42,3.23,0.81,0,2.42,0,8.87,4.03,4.84,4.03,0.81,3.23,1.61,0,0.81,0,17.74,4.84,3.23,0.81,0,0,1.61,13.71,1.61,0,0,0.81,0,0,0,0,2.42,0,0.81,1.61,0,0,0,0,0,0,0,0,0,0,0,0,0,0.81,0,0,0,0,0.81,0,8.06,8.87,0,2.42,5.65,0,1.61,0.81,0.81,0.81,6.45,0,0,0,0,0,0,7.26,2.42,1.61,1.61,0,1.61,0,0
2855,buyer,1,43,24.69,17.05,69.5,99,43,13.95,90.7,76.74,65.12,13.95,9.3,4.65,2.33,2.33,0,0,4.65,16.28,11.63,0,9.3,16.28,6.98,6.98,2.33,25.58,2.33,0,2.33,2.33,0,0,41.86,0,23.26,2.33,4.65,9.3,6.98,0,6.98,0,9.3,9.3,0,6.98,6.98,0,0,0,0,0,9.3,4.65,0,2.33,0,0,4.65,4.65,0,0,0,0,0,0,0,0,2.33,0,0,0,2.33,0,0,0,0,0,0,0,0,0,0,0,2.33,0,0,0,0,2.33,0,0,4.65,6.98,2.33,4.65,4.65,0,0,0,6.98,4.65,13.95,2.33,0,0,0,0,0,9.3,0,9.3,0,0,0,0,0
2855,buyer,1,58,24.02,9.86,43.66,74.09,58,22.41,94.83,65.52,60.34,15.52,8.62,6.9,0,1.72,0,0,6.9,18.97,8.62,0,10.34,13.79,3.45,10.34,1.72,17.24,1.72,1.72,3.45,0,1.72,1.72,34.48,0,25.86,5.17,8.62,6.9,5.17,0,3.45,0,3.45,3.45,0,3.45,3.45,0,0,0,0,0,6.9,3.45,1.72,0,0,0,1.72,3.45,0,0,0,0,0,0,0,0,13.79,0,0,10.34,6.9,0,0,0,0,0,0,0,0,0,0,0,0,0,0,0,0,3.45,0,0,3.45,3.45,0,1.72,3.45,0,0,0,3.45,1.72,8.62,0,0,0,0,0,0,5.17,0,5.17,0,0,0,0,0
2855,buyer,1,75,43.65,10.48,53.97,92.7,75,25.33,96,68,57.33,14.67,10.67,8,0,2.67,0,0,4,16,9.33,0,12,12,2.67,9.33,1.33,18.67,4,1.33,4,0,1.33,2.67,30.67,0,24,5.33,6.67,6.67,4,0,4,0,5.33,5.33,0,4,4,0,0,0,0,0,13.33,9.33,5.33,2.67,0,0,4,4,0,0,0,0,0,0,0,0,10.67,0,0,8,5.33,0,0,0,0,0,0,0,0,0,0,0,0,1.33,0,0,0,2.67,0,0,4,4,0,1.33,4,0,0,0,2.67,2.67,6.67,0,0,0,0,0,0,6.67,0,6.67,0,0,0,0,0
2855,buyer,1,68,46.7,57.59,57.19,95.42,68,25,98.53,72.06,58.82,17.65,14.71,8.82,0,5.88,0,0,2.94,13.24,5.88,0,17.65,8.82,4.41,10.29,0,16.18,5.88,1.47,5.88,1.47,1.47,2.94,23.53,0,20.59,7.35,5.88,4.41,2.94,0,1.47,0,8.82,7.35,1.47,2.94,1.47,1.47,0,0,0,0,19.12,11.76,8.82,4.41,0,0,4.41,7.35,0,0,0,0,0,0,0,0,11.76,0,0,10.29,4.41,0,0,0,0,0,0,0,0,0,0,0,0,2.94,0,0,0,1.47,0,0,4.41,4.41,0,0,4.41,0,0,0,1.47,1.47,4.41,0,0,0,0,0,0,5.88,0,5.88,0,0,0,0,0
2855,buyer,1,46,28.85,28.14,92.58,99,46,21.74,97.83,80.43,60.87,17.39,15.22,8.7,0,6.52,0,0,2.17,10.87,4.35,0,17.39,8.7,8.7,10.87,0,19.57,10.87,0,6.52,2.17,2.17,2.17,26.09,0,19.57,8.7,4.35,2.17,2.17,0,6.52,0,15.22,13.04,2.17,4.35,2.17,2.17,0,0,0,0,23.91,17.39,10.87,6.52,0,0,8.7,6.52,0,0,0,0,0,0,0,0,6.52,0,0,6.52,0,0,0,0,0,0,0,0,0,0,0,0,0,4.35,0,0,0,0,0,0,6.52,4.35,0,0,4.35,0,0,0,0,2.17,4.35,2.17,2.17,0,2.17,0,0,8.7,0,8.7,0,0,0,0,0
2855,buyer,1,48,2.87,28.59,99,96.74,48,14.58,97.92,81.25,66.67,25,18.75,10.42,0,8.33,0,0,6.25,12.5,2.08,0,12.5,10.42,6.25,12.5,2.08,20.83,6.25,0,6.25,2.08,2.08,2.08,22.92,0,16.67,10.42,2.08,0,2.08,0,6.25,0,10.42,8.33,2.08,2.08,0,2.08,0,0,0,0,20.83,12.5,6.25,4.17,0,0,6.25,8.33,0,0,0,0,0,0,0,0,10.42,0,0,8.33,2.08,0,0,0,0,0,0,0,0,0,0,0,0,6.25,0,0,0,0,0,0,8.33,4.17,0,0,4.17,0,0,0,2.08,0,4.17,2.08,2.08,0,2.08,0,0,10.42,0,10.42,0,0,0,0,0
2855,buyer,1,55,2.01,40.06,95.15,47.86,55,23.64,90.91,61.82,50.91,20,14.55,7.27,0,3.64,0,3.64,5.45,12.73,1.82,0,1.82,12.73,3.64,9.09,1.82,21.82,3.64,0,7.27,0,1.82,5.45,27.27,0,16.36,10.91,1.82,0,1.82,0,5.45,0,1.82,1.82,0,0,0,0,0,0,0,0,21.82,10.91,5.45,5.45,0,0,3.64,10.91,0,0,0,0,0,0,0,0,21.82,0,0,9.09,12.73,0,0,0,0,0,0,0,0,0,0,0,0,10.91,0,0,0,0,0,0,10.91,1.82,0,0,1.82,0,0,0,1.82,3.64,5.45,1.82,1.82,0,1.82,0,0,18.18,1.82,14.55,0,0,0,1.82,0
2855,seller,1,104,15.75,34.58,81.58,10.65,17.33,23.08,85.58,69.23,61.54,19.23,13.46,5.77,1.92,5.77,0,0,5.77,18.27,5.77,0,12.5,11.54,4.81,7.69,4.81,15.38,3.85,0.96,2.88,1.92,0,0.96,24.04,2.88,12.5,3.85,0,1.92,0.96,0,6.73,0,4.81,1.92,2.88,1.92,0.96,0.96,0,0.96,0,0,17.31,8.65,0.96,0.96,0.96,0,4.81,8.65,0,0,0,0,0,0,0,0,2.88,0,0,0.96,2.88,0,0,0,0,0,0,0,0,0,0,0,0,0,0,0,0,0,0,0,7.69,6.73,0,0.96,5.77,0,0,0.96,1.92,2.88,4.81,0.96,0,0,0,0,0,9.62,5.77,3.85,0,0,0,0,0
2855,seller,1,119,41.7,45.04,58.66,20.23,17,21.85,87.39,70.59,61.34,15.97,11.76,5.04,1.68,5.04,0,0,4.2,15.97,6.72,0,15.97,10.08,5.88,6.72,3.36,15.13,4.2,0.84,2.52,1.68,0,0.84,20.17,2.52,9.24,1.68,0.84,1.68,1.68,0,5.04,0,5.04,2.52,2.52,2.52,1.68,0.84,0,0.84,0,0,18.49,10.92,1.68,0.84,0.84,0,5.04,7.56,0,0,0,0,0,0,0,0,2.52,0,0,0.84,2.52,0,0,0,0,0,0,0,0,0,0,0,0,0.84,0,0,0,0,0.84,0,5.88,9.24,0,1.68,7.56,0,0,0.84,0,2.52,6.72,0.84,0,0,0,0,0,8.4,5.88,2.52,0,0,0,0,0
2855,seller,1,100,42.65,29.01,49.13,34.28,20,20,93,75,64,15,11,6,1,4,0,0,4,15,7,0,18,11,8,7,3,16,6,0,4,1,1,2,19,2,8,1,1,2,2,0,4,0,5,3,2,2,2,0,0,0,0,0,18,12,3,2,1,0,4,6,0,0,0,0,0,0,0,0,2,0,0,1,2,0,0,0,0,0,0,0,0,0,0,0,0,1,0,0,0,0,1,0,6,10,0,2,7,0,0,1,0,1,8,2,0,0,0,0,0,8,5,3,0,0,0,0,0
2855,seller,1,84,83.77,67.92,84.92,75.77,16.8,25,96.43,76.19,64.29,14.29,11.9,4.76,1.19,4.76,0,1.19,2.38,10.71,7.14,0,25,10.71,5.95,4.76,0,17.86,4.76,0,7.14,1.19,1.19,4.76,21.43,0,14.29,3.57,3.57,0,4.76,0,3.57,0,3.57,3.57,0,1.19,1.19,0,0,0,0,0,20.24,13.1,3.57,3.57,0,0,4.76,7.14,0,0,0,0,0,0,0,0,2.38,0,0,1.19,1.19,0,0,0,0,0,0,0,0,0,0,0,0,2.38,0,0,0,0,1.19,0,2.38,11.9,1.19,3.57,8.33,0,0,0,0,0,4.76,7.14,0,0,0,0,0,9.52,5.95,3.57,0,0,0,0,0
2855,seller,1,54,79.79,62.05,92.16,48.44,13.5,25.93,98.15,77.78,66.67,16.67,12.96,5.56,1.85,3.7,0,1.85,3.7,12.96,7.41,1.85,24.07,12.96,3.7,3.7,0,20.37,5.56,1.85,11.11,1.85,1.85,7.41,24.07,0,18.52,5.56,3.7,0,5.56,0,3.7,0,1.85,1.85,0,0,0,0,0,0,0,0,20.37,12.96,5.56,5.56,0,0,5.56,7.41,0,0,0,0,0,0,0,0,1.85,0,0,1.85,0,0,0,0,0,0,0,0,0,0,0,0,0,1.85,0,0,0,0,0,0,1.85,11.11,1.85,3.7,7.41,0,0,0,0,0,1.85,9.26,0,0,0,0,0,11.11,7.41,3.7,0,0,0,0,0
2855,seller,1,94,64.38,40.06,97.25,20.23,15.67,27.66,94.68,71.28,61.7,20.21,15.96,9.57,0,5.32,0,1.06,4.26,14.89,5.32,1.06,20.21,11.7,1.06,4.26,0,18.09,4.26,1.06,7.45,0,0,7.45,21.28,0,15.96,7.45,2.13,0,3.19,0,2.13,0,2.13,1.06,1.06,0,0,0,0,0,0,0,21.28,14.89,4.26,4.26,1.06,0,6.38,6.38,0,0,0,0,0,0,0,0,2.13,0,0,1.06,1.06,0,0,0,0,0,0,0,0,0,0,0,0,2.13,0,0,0,0,0,0,5.32,7.45,1.06,1.06,6.38,0,0,0,2.13,2.13,1.06,5.32,0,0,0,0,0,9.57,6.38,3.19,0,0,0,0,0
2855,seller,1,60,49.68,30.77,89.39,20.23,12,25,93.33,66.67,56.67,21.67,16.67,11.67,0,5,0,0,5,16.67,3.33,1.67,16.67,10,0,5,0,16.67,5,1.67,8.33,0,0,8.33,15,0,8.33,6.67,0,0,0,0,0,0,3.33,1.67,1.67,0,0,0,0,0,0,0,20,15,5,5,1.67,0,5,5,0,0,0,0,0,0,0,0,3.33,0,0,1.67,1.67,0,0,0,0,0,0,0,0,0,0,0,0,3.33,0,0,0,0,0,0,6.67,3.33,0,0,3.33,0,0,0,3.33,3.33,1.67,1.67,0,0,0,0,0,8.33,6.67,1.67,0,0,0,0,0
2856,buyer,1,102,37.99,1.57,32.94,10.51,14.57,15.69,89.22,68.63,60.78,19.61,10.78,10.78,0,0,0,0,8.82,19.61,10.78,0.98,9.8,15.69,1.96,2.94,0.98,20.59,3.92,1.96,3.92,0.98,0.98,1.96,28.43,0.98,11.76,2.94,1.96,1.96,0,0.98,1.96,0,2.94,0.98,1.96,0,0,0,0,0,0,0,3.92,2.94,0,1.96,0,0,1.96,0.98,0.98,0,0,0.98,0,0,0,0,9.8,0,0,0.98,8.82,0,0,0,0,0,0,0,0,0,0,0,0,7.84,0,0,0,0,0,1.96,10.78,4.9,2.94,0,1.96,1.96,0,0,0,8.82,8.82,0.98,0,0,0,0,0,6.86,6.86,0,0,0,0,0,0
2856,buyer,1,96,37.3,2.44,26.04,4.22,16,13.54,89.58,69.79,60.42,20.83,10.42,9.38,0,1.04,0,0,10.42,20.83,10.42,1.04,9.38,13.54,2.08,2.08,2.08,18.75,4.17,2.08,5.21,1.04,2.08,2.08,29.17,1.04,14.58,3.13,2.08,3.13,0,1.04,3.13,0,2.08,0,2.08,0,0,0,0,0,0,0,6.25,4.17,0,1.04,0,0,2.08,2.08,1.04,0,0,1.04,0,0,0,0,9.38,0,0,1.04,8.33,0,0,0,0,0,0,0,0,0,0,0,0,7.29,0,0,0,1.04,0,0,9.38,3.13,1.04,0,2.08,0,0,0,0,7.29,8.33,1.04,0,0,0,0,0,6.25,5.21,0,1.04,0,0,0,0
2856,buyer,1,130,21.6,5.04,41.41,12.23,14.44,10,93.08,74.62,66.92,22.31,13.08,9.23,1.54,2.31,0,0,9.23,20,6.92,0.77,12.31,13.85,2.31,4.62,3.08,19.23,2.31,1.54,6.92,3.08,2.31,1.54,26.92,0.77,13.85,1.54,1.54,3.08,0.77,0.77,6.15,0,2.31,0.77,1.54,0,0,0,0,0,0,0,13.08,7.69,0.77,0.77,0,0,3.08,5.38,1.54,0,0,1.54,0,0,0,0,8.46,0,0,2.31,6.15,0,0,0,0,0,0,0,0,0,0,0,0,4.62,0,0,0,0.77,0,0.77,8.46,2.31,0,0.77,2.31,0,0,0,0,4.62,6.92,2.31,0.77,0,0.77,0,0,7.69,5.38,0,1.54,0,0,0.77,0
2856,buyer,1,100,17.28,9.6,49.13,67.48,14.29,7,96,77,69,23,14,9,2,3,0,0,9,20,6,1,13,14,2,6,3,19,4,1,7,3,2,2,23,0,13,2,2,3,1,0,6,0,3,3,0,2,2,0,0,0,0,0,15,9,1,1,0,0,3,6,1,0,0,1,0,0,0,0,8,0,0,3,5,0,0,0,0,0,0,0,0,0,0,0,0,3,0,0,0,1,0,1,8,3,0,2,2,0,0,0,0,2,8,2,1,0,1,0,0,8,5,0,2,0,0,1,0
2856,buyer,1,116,8.72,35.14,56.1,46.24,14.5,6.03,93.97,76.72,68.97,23.28,15.52,8.62,2.59,4.31,0,0,7.76,20.69,6.03,0.86,11.21,13.79,5.17,7.76,1.72,18.1,4.31,0.86,6.9,3.45,1.72,1.72,23.28,0,12.93,3.45,1.72,2.59,1.72,0,5.17,0,3.45,2.59,0.86,2.59,1.72,0.86,0,0,0,0,13.79,6.03,0.86,0.86,0,0,1.72,7.76,0.86,0,0,0.86,0,0,0,0,9.48,0,0,4.31,5.17,0,0,0,0,0,0,0,0,0,0,0,0,1.72,0,0,0,0,0,0.86,6.9,2.59,0,1.72,1.72,0,0,0,0.86,1.72,7.76,2.59,0.86,0,0.86,0,0,7.76,6.03,0,0.86,0,0,0.86,0
2856,buyer,1,64,5.64,94.84,23.08,43.51,16,12.5,87.5,62.5,54.69,20.31,14.06,4.69,1.56,4.69,0,3.13,6.25,18.75,4.69,1.56,4.69,12.5,6.25,7.81,0,17.19,4.69,1.56,6.25,1.56,1.56,3.13,21.88,0,9.38,6.25,0,1.56,1.56,0,1.56,0,4.69,3.13,1.56,4.69,3.13,1.56,0,0,0,0,15.63,3.13,3.13,3.13,0,0,0,12.5,0,0,0,0,0,0,0,0,18.75,0,0,6.25,12.5,0,0,0,0,0,0,0,0,0,0,0,0,6.25,0,0,0,0,0,0,6.25,1.56,0,1.56,0,0,0,0,1.56,3.13,7.81,1.56,0,0,0,0,0,14.06,6.25,6.25,0,0,0,1.56,0
2856,seller,1,70,39.7,32.05,16.97,41.28,70,11.43,90,72.86,61.43,12.86,11.43,7.14,0,4.29,0,0,1.43,14.29,8.57,0,14.29,12.86,7.14,8.57,1.43,15.71,8.57,1.43,7.14,0,4.29,2.86,21.43,1.43,4.29,1.43,0,0,0,0,1.43,0,1.43,1.43,0,0,0,0,0,0,0,0,10,5.71,1.43,1.43,0,0,2.86,4.29,0,0,0,0,0,0,0,0,10,0,0,2.86,7.14,0,0,0,0,0,0,0,0,0,0,0,0,1.43,0,0,0,0,0,0,4.29,1.43,0,0,0,0,1.43,0,2.86,8.57,8.57,0,0,0,0,0,0,5.71,1.43,4.29,0,0,0,0,0
2856,seller,1,89,45.71,27.77,20.01,9.43,22.25,15.73,91.01,71.91,59.55,15.73,10.11,5.62,0,3.37,0,1.12,5.62,14.61,6.74,0,14.61,13.48,3.37,5.62,1.12,17.98,8.99,2.25,5.62,0,4.49,2.25,24.72,1.12,11.24,3.37,1.12,2.25,0,0,3.37,0,1.12,0,1.12,0,0,0,0,0,0,0,10.11,5.62,1.12,0,0,1.12,2.25,4.49,0,0,0,0,0,0,0,0,11.24,0,0,5.62,7.87,0,0,0,0,0,0,0,0,0,0,0,0,1.12,0,0,0,0,0,0,7.87,3.37,0,0,1.12,1.12,1.12,0,2.25,4.49,8.99,0,0,0,0,0,0,6.74,4.49,2.25,0,0,0,0,0
2856,seller,1,87,37.7,40.06,28.21,9.24,17.4,14.94,94.25,72.41,60.92,19.54,12.64,6.9,0,4.6,0,1.15,6.9,16.09,5.75,0,14.94,12.64,3.45,5.75,0,17.24,8.05,2.3,5.75,0,3.45,3.45,22.99,1.15,12.64,4.6,1.15,3.45,1.15,0,3.45,0,1.15,0,1.15,0,0,0,0,0,0,0,13.79,8.05,2.3,1.15,0,1.15,2.3,5.75,0,0,0,0,0,0,0,0,10.34,0,0,5.75,6.9,0,0,0,0,0,0,0,0,0,0,0,0,1.15,0,0,0,0,0,0,8.05,3.45,0,0,1.15,1.15,1.15,0,2.3,2.3,8.05,2.3,0,0,0,0,0,8.05,5.75,2.3,0,0,0,0,0
2856,seller,1,73,20.57,48.19,37.99,20.23,14.6,16.44,95.89,71.23,60.27,21.92,13.7,6.85,0,5.48,0,1.37,8.22,16.44,4.11,0,12.33,13.7,1.37,6.85,0,17.81,8.22,2.74,5.48,0,2.74,4.11,26.03,1.37,16.44,5.48,1.37,4.11,1.37,1.37,4.11,0,2.74,1.37,1.37,0,0,0,0,0,0,0,13.7,6.85,1.37,1.37,0,1.37,2.74,6.85,0,0,0,0,0,0,0,0,10.96,0,0,6.85,6.85,0,0,0,0,0,0,0,0,0,0,0,0,1.37,0,0,0,0,0,0,9.59,2.74,0,0,1.37,1.37,0,0,2.74,2.74,6.85,5.48,0,0,0,0,0,9.59,6.85,2.74,0,0,0,0,0
2856,seller,1,31,4.68,11.07,97.57,70.91,10.33,9.68,93.55,70.97,64.52,29.03,22.58,16.13,3.23,3.23,0,0,6.45,19.35,6.45,0,6.45,16.13,3.23,3.23,0,19.35,3.23,0,6.45,3.23,0,3.23,22.58,0,16.13,6.45,0,3.23,3.23,3.23,3.23,0,3.23,3.23,0,0,0,0,0,0,0,0,12.9,6.45,3.23,3.23,0,0,0,6.45,0,0,0,0,0,0,0,0,9.68,0,0,6.45,3.23,0,0,0,0,0,0,0,0,0,0,0,0,0,0,0,0,0,0,0,6.45,3.23,0,3.23,3.23,0,0,0,0,0,3.23,19.35,0,0,0,0,0,16.13,6.45,6.45,3.23,0,0,0,0
2856,seller,1,20,8.11,15.75,98.38,99,6.67,10,90,65,55,25,20,15,5,0,0,0,5,15,5,0,5,15,5,0,0,20,5,0,5,5,0,0,20,0,10,5,0,0,0,5,0,0,10,10,0,0,0,0,0,0,0,0,5,0,0,0,0,0,0,5,0,0,0,0,0,0,0,0,15,0,0,10,5,0,0,0,0,0,0,0,0,0,0,0,0,5,0,0,0,0,0,0,10,5,0,5,5,0,0,0,0,0,0,20,0,0,0,0,0,20,5,10,5,0,0,0,0
2857,buyer,1,151,18.31,10.6,75.12,1,21.57,9.27,92.05,72.19,58.94,26.49,16.56,11.92,0.66,3.31,0.66,0,9.93,17.88,7.95,0.66,9.27,8.61,2.65,7.28,0.66,15.23,6.62,0.66,3.31,1.32,0.66,1.32,24.5,0.66,11.92,2.65,1.99,2.65,1.99,0,3.97,0,6.62,1.32,5.3,1.32,0.66,0.66,0,0,0,0,11.92,5.96,0,0.66,0,1.99,3.31,5.96,0.66,0,0,1.32,1.99,0,0,1.99,7.95,0,0,3.31,5.3,0,0.66,0.66,0.66,0,0,0,0,0,0,0.66,0.66,1.32,0.66,0,0,0,1.99,0,6.62,4.64,1.32,0,2.65,0.66,0,0,3.97,4.64,4.64,3.97,0,0,0,0,0,11.92,4.64,5.3,0,0,1.99,0,0
2857,buyer,1,162,40.44,11.88,69.87,8.65,20.25,11.73,90.74,69.75,59.26,22.84,12.96,9.88,0.62,2.47,0,0,9.88,17.9,7.41,0,14.81,8.02,3.09,7.41,0.62,14.2,4.32,0.62,4.94,1.23,0.62,3.09,23.46,0.62,11.11,1.85,2.47,3.09,1.23,0,3.09,0,4.94,1.85,3.09,1.23,1.23,0,0,0,0,0,9.26,4.94,0,0,0,1.23,2.47,4.32,0,0,0,0,2.47,0,0,2.47,6.79,0,0.62,3.09,4.32,0,0.62,0,0,0,0,0,0,0,0,0.62,0,0.62,0.62,0,0,0,1.23,0,4.94,4.94,0.62,1.85,3.09,0.62,0,0,4.32,3.7,5.56,3.09,0,0,0,0,0,12.35,4.94,5.56,0,0,1.23,0.62,0
2857,buyer,1,147,46.58,19.33,61.49,29.39,24.5,15.65,90.48,66.67,59.86,19.73,10.88,8.16,2.04,0.68,0,0,8.84,19.05,7.48,0,14.97,9.52,4.08,6.8,0,12.93,3.4,1.36,6.8,2.72,0,4.08,23.81,0,12.93,3.4,3.4,3.4,1.36,0,2.72,0,3.4,2.04,1.36,2.04,1.36,0.68,0,0,0,0,8.16,4.08,0.68,0.68,0,0,2.04,4.08,0,0,0,0,2.72,0,0,2.72,6.8,0,0.68,3.4,4.08,0,1.36,0,0,0,0,0,0,0,0,0,0,1.36,0.68,0,0,0,0,0,3.4,3.4,0,2.04,2.04,0.68,0,0,4.76,2.72,4.76,2.72,0,0,0,0,0,10.88,3.4,5.44,0.68,0,0,1.36,0
2857,buyer,1,84,70.33,27.1,48.09,37.34,16.8,16.67,90.48,65.48,59.52,16.67,9.52,7.14,2.38,0,0,0,7.14,19.05,8.33,0,17.86,9.52,4.76,4.76,0,13.1,2.38,2.38,8.33,2.38,0,5.95,17.86,0,9.52,3.57,2.38,3.57,0,0,1.19,0,5.95,3.57,2.38,3.57,2.38,1.19,0,0,0,0,8.33,4.76,1.19,1.19,1.19,0,1.19,3.57,0,0,0,0,1.19,0,0,1.19,7.14,0,1.19,3.57,3.57,0,2.38,0,0,0,0,0,0,0,0,0,0,2.38,0,0,0,0,0,0,2.38,4.76,0,3.57,3.57,0,0,0,2.38,2.38,4.76,0,0,0,0,0,0,13.1,3.57,5.95,1.19,0,0,2.38,0
2857,buyer,1,52,36.37,93.13,11.63,1,26,25,86.54,51.92,44.23,17.31,11.54,3.85,3.85,0,0,3.85,5.77,17.31,5.77,0,5.77,9.62,3.85,1.92,0,15.38,1.92,1.92,11.54,3.85,0,7.69,19.23,0,11.54,9.62,1.92,1.92,0,0,0,0,3.85,0,3.85,1.92,0,1.92,0,0,0,0,19.23,7.69,5.77,5.77,1.92,0,0,11.54,0,0,0,0,0,0,0,0,21.15,0,0,7.69,13.46,0,1.92,0,0,0,0,0,0,0,0,0,0,11.54,0,0,0,0,0,0,5.77,0,0,0,0,0,0,0,0,3.85,3.85,0,0,0,0,0,0,19.23,1.92,11.54,1.92,0,0,3.85,0
2857,buyer,1,25,39.7,98.38,3.34,1,12.5,28,84,28,20,8,8,0,0,0,0,8,0,8,0,0,0,8,0,4,0,16,0,0,16,0,0,16,20,0,8,8,0,0,0,0,0,0,8,0,8,0,0,0,0,0,0,0,32,16,8,8,8,0,0,16,0,0,0,0,0,0,0,0,40,0,0,16,24,0,0,0,0,0,0,0,0,0,0,0,0,16,0,0,0,0,0,0,12,0,0,0,0,0,0,0,0,8,4,0,0,0,0,0,0,24,4,16,0,0,0,4,0
2857,buyer,1,45,7.5,66.21,77.17,20.23,15,24.44,91.11,55.56,46.67,13.33,13.33,2.22,4.44,2.22,0,4.44,0,13.33,0,0,4.44,11.11,2.22,8.89,4.44,15.56,8.89,4.44,15.56,4.44,0,11.11,31.11,0,20,6.67,2.22,0,2.22,0,11.11,0,4.44,2.22,2.22,0,0,0,0,0,0,0,26.67,11.11,8.89,8.89,2.22,0,0,15.56,0,0,0,0,0,0,0,0,20,0,0,6.67,13.33,0,0,0,0,0,0,0,0,0,0,0,0,8.89,0,0,0,0,0,2.22,6.67,2.22,0,0,2.22,0,0,0,0,4.44,6.67,0,0,0,0,0,0,26.67,6.67,15.56,0,0,2.22,2.22,0
2857,buyer,1,47,20.01,11.27,99,53.17,11.75,27.66,100,68.09,61.7,17.02,12.77,4.26,4.26,4.26,0,0,4.26,21.28,4.26,0,10.64,8.51,2.13,10.64,4.26,10.64,8.51,6.38,17.02,6.38,0,10.64,31.91,0,25.53,8.51,2.13,0,4.26,0,14.89,0,6.38,4.26,2.13,0,0,0,0,0,0,0,25.53,17.02,8.51,8.51,2.13,0,4.26,8.51,0,0,0,0,0,0,0,0,4.26,2.13,0,2.13,0,0,0,0,0,0,0,0,0,0,0,0,0,0,0,0,0,0,0,2.13,0,10.64,0,0,6.38,4.26,0,0,0,0,6.38,0,0,0,0,0,0,23.4,8.51,12.77,0,0,2.13,0,0
2857,buyer,1,66,17.69,31.58,97.32,67.94,13.2,30.3,93.94,59.09,51.52,15.15,12.12,3.03,3.03,3.03,0,3.03,3.03,18.18,3.03,0,7.58,9.09,1.52,9.09,4.55,13.64,6.06,4.55,13.64,4.55,0,9.09,30.3,0,22.73,9.09,1.52,0,3.03,0,12.12,0,3.03,3.03,0,0,0,0,0,0,0,0,25.76,13.64,9.09,9.09,0,0,3.03,12.12,0,0,0,0,0,0,0,0,13.64,1.52,0,3.03,9.09,0,0,0,0,0,0,0,0,0,0,0,0,6.06,0,0,0,0,0,1.52,4.55,7.58,0,0,4.55,3.03,0,0,0,3.03,6.06,0,0,0,0,0,0,27.27,7.58,15.15,0,0,3.03,1.52,0
2857,seller,1,88,14.21,98.96,2.02,20.23,8.8,19.32,86.36,68.18,56.82,23.86,13.64,2.27,4.55,6.82,0,0,10.23,19.32,5.68,0,9.09,11.36,4.55,3.41,2.27,18.18,4.55,0,4.55,4.55,0,0,20.45,0,10.23,4.55,0,3.41,1.14,1.14,2.27,0,4.55,2.27,2.27,2.27,1.14,1.14,0,0,0,0,23.86,11.36,4.55,2.27,0,0,5.68,12.5,1.14,0,0,1.14,3.41,0,0,3.41,4.55,0,0,1.14,3.41,0,2.27,1.14,1.14,0,0,0,0,0,0,0,0,1.14,0,0,0,0,0,0,1.14,4.55,0,0,1.14,1.14,2.27,0,0,5.68,6.82,1.14,0,0,0,0,0,14.77,7.95,3.41,2.27,1.14,0,0,0
2857,seller,1,142,10.51,99,8.52,40.95,11.83,23.24,86.62,66.9,57.04,21.83,14.08,1.41,7.75,4.23,0,0.7,7.75,17.61,4.23,0,9.15,10.56,5.63,6.34,2.11,17.61,2.82,0,7.75,7.75,0,0,24.65,0,13.38,4.23,0,2.82,1.41,2.82,2.82,0,4.23,2.82,1.41,1.41,0.7,0.7,0,0,0,0,23.94,10.56,3.52,2.11,0,0,7.04,13.38,0,0,0,0,3.52,0,0,3.52,7.04,0,0,2.82,4.93,0,0,0,0,0,0,0,0,0,0,0,0.7,2.11,0,0,0,0,0.7,0,2.11,7.04,0.7,0.7,3.52,0.7,0.7,0.7,0.7,4.93,5.63,2.82,0,0,0,0,0,11.97,7.75,3.52,0.7,0,0,0,0
2857,seller,1,146,11.81,99,14.66,40.28,13.27,26.03,85.62,60.96,52.05,18.49,13.01,0.68,7.53,2.74,0,2.05,5.48,16.44,3.42,0,8.22,10.27,5.48,6.85,2.74,17.12,2.05,0,8.9,7.53,0,1.37,25.34,0,14.38,5.48,0,2.05,1.37,2.74,3.42,0,4.11,2.74,1.37,1.37,0.68,0.68,0,0,0,0,25.34,10.96,4.11,3.42,0,0,6.85,14.38,0,0,0,0,3.42,0,0,3.42,12.33,0,0,4.11,8.9,0,0,0,0,0,0,0,0,0,0,0,0.68,4.11,0,0,0,0,0.68,0,3.42,5.48,0.68,0.68,3.42,0,0,0.68,0.68,4.79,5.48,2.74,0,0,0,0,0,14.38,7.53,5.48,0,0,0.68,0.68,0
2857,seller,1,93,21.69,99,22.62,35.47,13.29,24.73,87.1,58.06,47.31,15.05,11.83,0,7.53,1.08,0,3.23,3.23,12.9,2.15,0,9.68,8.6,5.38,7.53,2.15,17.2,2.15,0,10.75,7.53,0,3.23,24.73,0,15.05,5.38,0,1.08,2.15,3.23,3.23,0,5.38,3.23,2.15,1.08,0,1.08,0,0,0,0,25.81,10.75,4.3,4.3,1.08,0,6.45,15.05,0,0,0,0,2.15,0,0,2.15,16.13,0,0,6.45,10.75,0,0,0,0,0,0,0,0,0,0,0,1.08,6.45,0,0,0,0,1.08,0,5.38,7.53,1.08,1.08,4.3,0,0,1.08,1.08,4.3,4.3,3.23,0,0,0,0,0,15.05,6.45,6.45,0,0,1.08,1.08,0
2857,seller,1,44,20.83,86.82,20.79,3.56,22,31.82,81.82,31.82,22.73,9.09,9.09,0,0,0,0,9.09,0,9.09,0,0,0,9.09,0,4.55,4.55,18.18,0,0,11.36,0,0,11.36,22.73,0,13.64,9.09,0,0,0,0,4.55,0,2.27,0,2.27,0,0,0,0,0,0,0,29.55,11.36,9.09,9.09,2.27,0,0,18.18,0,0,0,0,0,0,0,0,38.64,0,0,11.36,27.27,0,0,0,0,0,0,0,0,0,0,0,0,18.18,0,0,0,0,0,0,13.64,0,0,0,0,0,0,0,0,9.09,4.55,0,0,0,0,0,0,31.82,4.55,18.18,0,0,4.55,4.55,0
2857,seller,1,61,35.92,76.91,61.1,6.23,15.25,29.51,88.52,49.18,40.98,11.48,8.2,0,4.92,0,0,3.28,3.28,14.75,3.28,0,8.2,11.48,3.28,3.28,3.28,16.39,4.92,0,9.84,4.92,0,4.92,31.15,1.64,19.67,6.56,0,1.64,3.28,0,8.2,0,1.64,0,1.64,0,0,0,0,0,0,0,22.95,9.84,3.28,3.28,1.64,0,3.28,13.11,0,0,0,0,0,0,0,0,19.67,0,0,6.56,14.75,0,0,0,0,0,0,0,0,0,0,0,0,6.56,0,0,0,0,1.64,0,6.56,4.92,0,1.64,3.28,0,0,0,1.64,3.28,4.92,4.92,0,0,0,0,0,18.03,6.56,8.2,0,0,1.64,1.64,0
2857,seller,1,96,34.33,80.13,47.01,20.23,16,26.04,91.67,59.38,50,12.5,9.38,0,5.21,2.08,0,2.08,3.13,16.67,5.21,0,10.42,12.5,4.17,4.17,4.17,17.71,5.21,0,8.33,5.21,0,3.13,33.33,2.08,21.88,5.21,1.04,3.13,4.17,0,8.33,0,4.17,2.08,2.08,2.08,0,2.08,0,0,0,0,20.83,8.33,3.13,3.13,0,0,3.13,12.5,0,0,0,0,0,0,0,0,13.54,0,0,4.17,10.42,0,0,0,0,0,0,0,0,0,0,0,0,4.17,0,0,0,0,2.08,0,8.33,5.21,0,1.04,4.17,0,0,0,2.08,2.08,5.21,5.21,0,0,0,0,0,15.63,6.25,5.21,0,0,2.08,2.08,0
2857,seller,1,77,41.25,76.62,50.45,39.1,12.83,23.38,94.81,64.94,55.84,12.99,9.09,0,6.49,2.6,0,0,3.9,18.18,6.49,0,12.99,12.99,5.19,3.9,3.9,16.88,6.49,0,7.79,6.49,0,1.3,35.06,2.6,23.38,3.9,1.3,3.9,5.19,0,9.09,0,6.49,3.9,2.6,2.6,0,2.6,0,0,0,0,18.18,7.79,1.3,1.3,0,0,3.9,10.39,0,0,0,0,0,0,0,0,7.79,0,0,3.9,5.19,0,0,0,0,0,0,0,0,0,0,0,0,1.3,0,0,0,0,2.6,0,6.49,6.49,0,1.3,5.19,0,0,0,2.6,0,5.19,6.49,0,0,0,0,0,10.39,6.49,1.3,0,0,1.3,1.3,0
2858,buyer,1,220,10.4,40.06,40.67,3.56,22,15,91.36,73.64,63.18,23.64,16.36,8.18,0.45,6.82,0.91,0,7.27,15.91,5.45,0.45,10,11.36,1.36,9.09,3.18,20,2.73,0.91,3.64,0.91,1.36,1.36,25.91,0.91,16.36,1.82,2.27,3.18,2.27,0.45,5.91,0.45,2.27,0,2.27,1.82,0,1.82,0,0,0.45,0,15,5.45,1.36,2.27,0.45,0,1.82,10,0.45,0,0.45,1.82,1.82,0,0,1.82,4.55,0,0,2.27,3.64,0,0,0,0,0,0,0,0,0,0,0,0.91,1.82,0,0,0,0,0,0,5.45,4.09,0,0.91,3.18,0.45,0,0,0.91,4.09,4.55,4.09,0,0,0,0,0,7.73,4.55,1.82,0,0,0,1.36,0
2858,buyer,1,248,7.58,61.62,33.2,20.23,22.55,13.31,91.94,75.81,63.31,24.19,18.15,8.06,0.81,8.06,0.81,0.4,6.05,14.11,4.03,0.4,10.48,10.89,2.02,10.08,2.82,20.97,3.63,0.81,3.63,0.81,1.21,1.61,26.21,0,17.34,2.02,2.82,4.03,2.42,0.4,5.65,0.4,4.84,2.42,2.42,3.23,1.21,2.02,0,0,0.4,0,15.73,4.44,2.02,2.02,0.4,0,1.21,11.29,0.4,0,0,1.21,1.21,0,0,1.21,5.65,0,0,2.82,4.44,0,0,0,0,0,0,0,0,0,0,0,1.61,2.02,0,0,0,0,0,0,6.85,4.44,0,0.4,3.63,0.81,0,0,0.81,2.42,4.84,4.84,0,0,0,0,0,7.26,4.03,2.42,0,0,0,0.81,0
2858,buyer,1,205,6.93,71.12,49.48,50.14,20.5,13.66,93.66,76.59,62.93,24.88,19.02,7.8,0.98,9.76,0,0.49,5.85,15.61,3.9,0,9.76,9.27,2.93,9.27,3.41,20,4.39,2.44,4.88,0.98,1.46,2.44,26.83,0.49,18.05,1.95,2.44,3.41,2.44,0.49,6.34,0.49,5.85,3.9,1.95,3.41,1.95,1.46,0,0,0,0,17.56,5.37,2.93,2.93,0.49,0,1.95,12.2,0,0,0,0,0.98,0,0,0.98,5.85,0,0,2.93,4.88,0,0,0,0,0,0,0,0,0,0,0,1.46,1.46,0,0,0,0,0,0,8.29,4.88,0,0.49,3.9,0.98,0,0,0.98,1.95,4.39,5.85,0,0,0,0,0,7.8,4.88,2.44,0,0,0,0.49,0
2858,buyer,1,76,17.38,90.88,12.73,99,19,11.84,93.42,72.37,56.58,18.42,17.11,5.26,1.32,9.21,0,1.32,1.32,14.47,6.58,0,7.89,7.89,3.95,10.53,2.63,19.74,5.26,3.95,5.26,1.32,0,3.95,26.32,1.32,17.11,1.32,2.63,3.95,3.95,0,5.26,0,13.16,11.84,1.32,6.58,5.26,1.32,0,0,0,0,21.05,7.89,6.58,6.58,0,0,3.95,13.16,0,0,0,0,0,0,0,0,7.89,0,0,3.95,5.26,0,0,0,0,0,0,0,0,0,0,0,2.63,2.63,0,0,0,0,0,0,10.53,3.95,0,0,2.63,1.32,0,0,1.32,0,2.63,6.58,0,0,0,0,0,6.58,3.95,2.63,0,0,0,0,0
2858,seller,1,247,24.87,37.72,28.44,20.23,20.58,10.53,88.66,76.11,63.56,18.62,12.55,6.48,0.81,5.26,0,0,6.07,12.55,6.48,0.4,14.98,10.53,6.07,7.29,4.45,20.24,4.45,1.62,4.05,1.21,1.62,1.62,21.05,2.83,10.53,2.43,0,4.05,1.62,0,2.83,0,6.48,3.24,3.24,3.24,1.62,1.62,0,0,0,0,12.96,6.07,0.4,1.21,0.4,2.43,2.43,7.29,0,0,0.4,0.4,0.4,0,0,0.4,5.26,0.4,0,2.02,3.24,0,0,0,0,0,0,0,0,0,0,0,0.81,2.02,0,0,0,0,0,0,6.07,5.26,0,0,5.26,0,0,0,2.02,6.07,1.62,1.62,0,0,0,0,0,9.72,4.86,2.83,0,0,1.62,0.4,0
2858,seller,1,251,12.9,49.54,29.42,11.99,16.73,11.95,90.84,78.09,63.75,21.12,14.34,7.57,1.59,5.18,0,0,6.77,11.55,5.18,0.4,13.15,10.76,6.77,7.97,3.19,22.31,4.38,1.99,5.18,1.99,1.99,1.59,21.12,2.39,9.56,1.59,1.2,3.59,1.59,0,1.99,0,4.78,1.99,2.79,2.39,0.4,1.99,0,0,0.4,0,12.75,5.18,0.8,0.8,0.4,1.99,1.59,7.57,0,0,0,0,0,0,0,0,5.98,0.4,0,3.19,3.98,0,0,0,0,0,0,0,0,0,0,0.4,1.59,1.99,0,0,0,0,0,0,9.16,5.18,0,0,4.78,0.4,0,0,2.79,5.18,2.79,2.39,0,0,0,0,0,9.56,5.98,1.99,0,0,1.59,0,0
2858,seller,1,179,8.54,72.23,52.29,14.15,14.92,12.85,93.3,75.42,59.78,22.35,16.76,7.82,2.23,5.59,0,1.12,5.59,11.17,5.59,0,9.5,11.17,5.59,7.26,3.35,22.91,4.47,1.12,5.03,2.23,0.56,2.23,24.02,1.68,11.17,3.35,1.68,3.35,1.12,0,2.23,0,3.91,1.68,2.23,2.23,0.56,1.68,0,0,0.56,0,16.76,5.59,2.23,2.23,0,1.12,1.12,11.17,0,0,0,0,0,0,0,0,10.06,0,0,4.47,7.26,0,0,0,0,0,0,0,0,0,0,0.56,2.23,3.35,0,0.56,0,0,0,0,9.5,6.15,0,0,5.59,0.56,0,0,2.79,6.15,3.35,2.79,0,0,0,0,0,12.85,6.7,3.35,0,0,2.23,0.56,0
2859,buyer,1,56,51.48,1.71,60.9,75.77,11.2,12.5,92.86,75,60.71,14.29,8.93,7.14,0,1.79,0,0,5.36,14.29,8.93,1.79,14.29,10.71,3.57,7.14,3.57,12.5,10.71,0,1.79,0,0,1.79,23.21,3.57,8.93,1.79,0,0,1.79,0,5.36,0,7.14,5.36,1.79,0,0,0,0,0,0,0,8.93,7.14,3.57,5.36,0,0,1.79,1.79,0,0,0,0,0,0,0,0,5.36,0,0,1.79,3.57,0,0,0,0,0,0,0,0,0,0,0,0,3.57,0,0,0,0,0,0,5.36,3.57,0,0,3.57,0,0,0,1.79,0,10.71,0,1.79,0,1.79,0,0,12.5,3.57,3.57,3.57,0,0,1.79,0
2859,buyer,1,54,38.62,8.59,52.89,48.44,13.5,11.11,94.44,77.78,62.96,14.81,9.26,5.56,1.85,1.85,0,0,5.56,12.96,9.26,3.7,12.96,11.11,3.7,9.26,3.7,14.81,9.26,0,3.7,1.85,0,1.85,22.22,3.7,9.26,1.85,1.85,0,0,0,5.56,0,5.56,3.7,1.85,0,0,0,0,0,0,0,7.41,3.7,1.85,1.85,0,0,0,3.7,0,0,0,0,0,0,0,0,5.56,0,0,3.7,1.85,0,0,0,0,0,0,0,0,0,0,0,0,1.85,0,0,0,0,0,0,7.41,3.7,0,0,3.7,0,0,0,1.85,0,9.26,0,1.85,0,1.85,0,0,12.96,5.56,1.85,1.85,0,0,3.7,0
2859,buyer,1,59,53.96,6.34,41.6,91.11,11.8,6.78,94.92,77.97,57.63,13.56,8.47,5.08,1.69,1.69,0,0,5.08,15.25,11.86,3.39,10.17,11.86,1.69,6.78,3.39,18.64,11.86,0,3.39,1.69,0,1.69,25.42,3.39,13.56,3.39,1.69,1.69,1.69,0,6.78,0,11.86,8.47,3.39,3.39,1.69,1.69,0,0,0,0,6.78,3.39,3.39,3.39,0,0,1.69,3.39,0,0,0,0,0,0,0,0,6.78,0,0,5.08,1.69,0,0,0,0,0,0,0,0,0,0,0,1.69,1.69,0,0,0,0,0,0,6.78,3.39,0,0,3.39,0,0,0,0,0,6.78,6.78,1.69,0,1.69,0,0,13.56,6.78,3.39,0,0,0,3.39,0
2859,buyer,1,29,37.7,78.45,2.1,99,7.25,0,96.55,75.86,48.28,17.24,10.34,3.45,3.45,3.45,0,0,6.9,13.79,10.34,3.45,3.45,13.79,0,3.45,0,27.59,10.34,0,3.45,3.45,0,0,20.69,0,13.79,3.45,3.45,3.45,3.45,0,3.45,0,17.24,13.79,3.45,6.9,3.45,3.45,0,0,0,0,10.34,3.45,3.45,3.45,0,0,3.45,6.9,0,0,0,0,0,0,0,0,10.34,0,0,10.34,0,0,0,0,0,0,0,0,0,0,0,0,3.45,3.45,0,0,0,0,0,0,10.34,0,0,0,0,0,0,0,0,0,3.45,13.79,3.45,0,3.45,0,0,17.24,10.34,3.45,0,0,0,3.45,0
2859,seller,1,102,24.9,12.77,39.59,1,51,17.65,96.08,77.45,61.76,19.61,10.78,6.86,0.98,2.94,0,0,8.82,14.71,7.84,2.94,12.75,11.76,5.88,5.88,2.94,19.61,6.86,1.96,4.9,0.98,0,3.92,26.47,0.98,10.78,1.96,0,2.94,0,1.96,4.9,0,3.92,0,3.92,0,0,0,0,0,0,0,11.76,6.86,0.98,0.98,0,0.98,2.94,4.9,0,0,0,0,0,0,0,0,7.84,0,0,1.96,5.88,0,0,0,0,0,0,0,0,0,0,0.98,0,2.94,0,0.98,0,0,0,0,5.88,3.92,0,0.98,2.94,0,0,0,1.96,8.82,6.86,0,0,0,0,0,0,8.82,0.98,2.94,0,0,1.96,2.94,0
2859,seller,1,87,54.87,7.18,28.21,1.05,43.5,13.79,95.4,75.86,58.62,18.39,10.34,8.05,0,2.3,0,0,8.05,16.09,9.2,4.6,13.79,10.34,3.45,3.45,2.3,19.54,6.9,2.3,3.45,0,0,3.45,22.99,1.15,10.34,2.3,0,4.6,0,1.15,3.45,0,5.75,1.15,4.6,0,0,0,0,0,0,0,9.2,5.75,1.15,1.15,0,1.15,1.15,3.45,0,0,0,0,0,0,0,0,5.75,0,0,1.15,4.6,0,0,0,0,0,0,0,0,0,0,1.15,0,3.45,0,1.15,0,0,0,0,6.9,4.6,0,1.15,3.45,0,0,0,1.15,8.05,6.9,0,0,0,0,0,0,10.34,1.15,3.45,0,0,1.15,4.6,0
2859,seller,1,85,18.81,9.45,38.22,3.29,42.5,16.47,91.76,64.71,50.59,18.82,10.59,7.06,0,1.18,0,2.35,8.24,14.12,4.71,3.53,8.24,11.76,3.53,3.53,3.53,22.35,3.53,1.18,4.71,0,0,4.71,25.88,1.18,12.94,3.53,0,4.71,0,1.18,4.71,0,4.71,1.18,3.53,0,0,0,0,0,0,0,12.94,5.88,2.35,2.35,0,1.18,1.18,7.06,0,0,0,0,0,0,0,0,11.76,0,0,2.35,9.41,0,0,0,0,0,0,0,0,0,0,1.18,0,7.06,0,1.18,0,0,0,0,9.41,4.71,0,1.18,3.53,0,0,0,1.18,10.59,5.88,0,0,0,0,0,0,17.65,2.35,8.24,0,0,2.35,4.71,0
2860,buyer,1,36,41.36,13.82,77.17,64,18,22.22,91.67,69.44,47.22,19.44,16.67,11.11,0,5.56,0,0,2.78,16.67,11.11,0,2.78,2.78,0,8.33,2.78,11.11,11.11,11.11,8.33,0,0,8.33,13.89,0,11.11,2.78,2.78,2.78,0,0,2.78,0,2.78,2.78,0,0,0,0,0,0,0,0,13.89,5.56,5.56,5.56,0,0,0,5.56,0,0,0,0,0,0,0,0,8.33,0,0,2.78,5.56,0,0,0,0,0,0,0,0,0,0,0,2.78,2.78,0,5.56,0,0,2.78,0,5.56,8.33,0,2.78,5.56,0,0,0,0,2.78,2.78,0,0,0,0,0,0,11.11,2.78,5.56,0,2.78,0,0,0
2860,buyer,1,37,35.05,14.33,87,93.12,18.5,21.62,94.59,64.86,43.24,21.62,16.22,10.81,0,5.41,0,0,5.41,13.51,5.41,0,5.41,2.7,0,5.41,2.7,10.81,10.81,8.11,5.41,0,0,5.41,18.92,0,10.81,2.7,2.7,2.7,0,0,2.7,0,5.41,5.41,0,2.7,2.7,0,0,0,0,0,13.51,5.41,5.41,5.41,0,0,0,5.41,0,0,0,0,0,0,0,0,5.41,0,0,2.7,2.7,0,0,0,0,0,0,0,0,0,0,0,2.7,5.41,0,2.7,0,0,2.7,0,10.81,10.81,5.41,0,5.41,0,0,0,5.41,0,2.7,5.41,0,0,0,0,0,5.41,2.7,2.7,0,0,0,0,0
2860,buyer,1,28,11.88,40.06,89.39,98.65,14,25,92.86,60.71,39.29,21.43,14.29,7.14,3.57,3.57,0,0,7.14,10.71,0,0,3.57,7.14,0,3.57,3.57,14.29,10.71,3.57,7.14,3.57,0,3.57,25,3.57,10.71,3.57,3.57,0,0,0,3.57,0,7.14,7.14,0,3.57,3.57,0,0,0,0,0,14.29,3.57,3.57,3.57,0,0,0,7.14,0,0,0,0,0,0,0,0,3.57,0,0,3.57,0,0,0,0,0,0,0,0,0,0,0,0,0,7.14,0,0,0,0,3.57,0,17.86,10.71,7.14,0,3.57,0,0,0,7.14,0,3.57,7.14,3.57,0,3.57,0,0,7.14,3.57,3.57,0,0,0,0,0
2860,buyer,1,18,33.38,40.06,96.01,99,18,11.11,94.44,50,33.33,22.22,16.67,11.11,5.56,0,0,0,5.56,11.11,0,0,5.56,5.56,0,0,0,11.11,5.56,0,11.11,5.56,0,5.56,16.67,5.56,0,0,0,0,0,0,0,0,11.11,11.11,0,5.56,5.56,0,0,0,0,0,11.11,5.56,5.56,5.56,0,0,0,5.56,0,0,0,0,0,0,0,0,5.56,0,0,5.56,0,0,0,0,0,0,0,0,0,0,0,0,0,11.11,0,0,0,0,0,0,16.67,16.67,11.11,0,5.56,0,0,0,11.11,0,0,11.11,5.56,0,5.56,0,0,0,0,0,0,0,0,0,0
2860,seller,1,57,4.76,94.48,87.88,92.27,28.5,21.05,92.98,70.18,64.91,24.56,19.3,7.02,3.51,8.77,0,0,5.26,17.54,8.77,1.75,7.02,14.04,7.02,7.02,1.75,17.54,1.75,0,8.77,5.26,0,3.51,22.81,0,14.04,7.02,1.75,1.75,1.75,0,3.51,0,5.26,5.26,0,0,0,0,0,0,0,0,21.05,8.77,5.26,5.26,0,0,1.75,12.28,0,0,0,0,0,0,0,0,10.53,0,0,3.51,7.02,0,0,0,0,0,0,0,0,0,0,0,0,1.75,0,0,0,1.75,0,0,1.75,3.51,0,0,3.51,0,0,0,5.26,5.26,1.75,3.51,0,0,0,0,0,14.04,0,8.77,1.75,0,1.75,1.75,0
2860,seller,1,56,5.64,99,89.39,47.3,56,17.86,96.43,73.21,66.07,25,19.64,5.36,5.36,8.93,0,0,5.36,17.86,8.93,1.79,8.93,16.07,5.36,7.14,1.79,19.64,1.79,0,8.93,5.36,1.79,1.79,23.21,1.79,8.93,5.36,0,0,0,0,3.57,0,1.79,1.79,0,0,0,0,0,0,0,0,17.86,3.57,1.79,1.79,0,0,1.79,14.29,0,0,0,0,0,0,0,0,12.5,0,0,5.36,7.14,0,0,0,0,0,0,0,0,0,0,0,0,1.79,0,0,0,1.79,0,0,7.14,3.57,0,0,3.57,0,0,0,7.14,5.36,3.57,1.79,1.79,0,1.79,0,0,16.07,0,8.93,1.79,0,3.57,1.79,0
2860,seller,1,43,8.25,99,22.48,56.53,21.5,18.6,93.02,60.47,51.16,18.6,16.28,2.33,4.65,4.65,0,4.65,2.33,16.28,4.65,0,4.65,16.28,2.33,4.65,2.33,23.26,0,0,11.63,4.65,2.33,4.65,23.26,4.65,6.98,6.98,0,0,0,0,0,0,2.33,2.33,0,0,0,0,0,0,0,0,25.58,6.98,6.98,6.98,0,0,2.33,18.6,0,0,0,0,0,0,0,0,23.26,0,0,9.3,13.95,0,0,0,0,0,0,0,0,0,0,0,0,9.3,0,0,0,0,0,0,18.6,0,0,0,0,0,0,0,4.65,4.65,6.98,0,2.33,0,2.33,0,0,25.58,2.33,16.28,2.33,0,2.33,2.33,0
2861,buyer,1,86,11.27,1,5.5,36.9,21.5,15.12,88.37,69.77,60.47,20.93,15.12,11.63,0,0,3.49,0,5.81,15.12,10.47,0,5.81,15.12,4.65,4.65,3.49,22.09,2.33,0,1.16,0,0,1.16,33.72,0,20.93,2.33,1.16,9.3,2.33,1.16,4.65,0,3.49,2.33,1.16,3.49,2.33,1.16,0,0,0,0,5.81,1.16,1.16,1.16,0,0,0,4.65,1.16,0,0,4.65,0,0,0,0,5.81,0,0,1.16,4.65,0,0,0,0,0,0,0,0,0,0,2.33,2.33,4.65,3.49,0,0,0,0,0,6.98,3.49,0,0,2.33,1.16,0,0,1.16,6.98,10.47,2.33,0,0,0,0,0,6.98,4.65,1.16,0,0,1.16,0,0
2861,buyer,1,134,4.07,2.02,64.38,3.67,14.89,17.16,87.31,70.9,61.19,23.13,18.66,12.69,0,3.73,2.24,0,4.48,14.18,6.72,0,6.72,14.93,5.22,5.97,3.73,20.9,4.48,0,0,0,0,0,33.58,0,20.9,3.73,2.24,4.48,2.24,1.49,5.97,0,3.73,0.75,2.99,1.49,0,1.49,0,0,0,0,11.19,4.48,0.75,1.49,0,0.75,0.75,6.72,0.75,0,0,2.99,0.75,0,0,0.75,5.22,0,0,1.49,3.73,0,0,0,0,0,0,0,0,0,0,1.49,0.75,2.99,2.24,0,0,0,0,0,5.22,2.99,0,0,2.24,0.75,0,0,2.24,8.96,6.72,2.24,0,0,0,0,0,7.46,6.72,0,0,0,0.75,0,0
2861,buyer,1,178,4.64,6.44,53.04,1.17,13.69,17.42,89.89,73.6,61.24,24.16,20.22,13.48,0,5.06,1.69,0,3.93,14.61,6.18,0,8.99,11.8,5.62,8.99,3.37,19.1,6.74,0,1.12,0,0,1.12,30.9,0,21.35,4.49,2.81,5.62,1.69,1.69,4.49,0,4.49,0.56,3.93,2.25,0,2.25,0,0,0,0,12.92,5.06,1.69,2.25,0,0.56,1.12,7.87,1.12,0,0,2.81,0.56,0,0,0.56,6.18,0,0,2.25,3.93,0,0,0,0,0,0,0,0,0,0,1.69,1.12,2.25,1.69,0,0,0,0,0,5.62,1.69,0,0,1.12,0.56,0,0,2.25,5.06,5.06,3.37,0,0,0,0,0,9.55,7.3,0,0,0,2.25,0,0
2861,buyer,1,189,4.36,5.43,87.05,1,15.75,15.87,89.95,74.07,62.96,23.28,19.05,12.7,0,6.35,0,0,4.23,15.34,5.29,0,9.52,12.7,5.29,8.99,3.7,18.52,7.41,0,1.59,0,0.53,1.06,32.28,0,22.22,6.35,3.17,4.23,1.59,1.59,5.82,0,5.29,0.53,4.76,3.17,0,3.17,0,0,0,0,12.17,5.29,1.59,2.12,0,0.53,1.59,6.88,0.53,0,0,0.53,0.53,0,0,0.53,6.88,0,0,4.23,3.17,0,0.53,0,0,0,0,0,0,0,0,0.53,0.53,1.06,0,0,0,0,0,0,3.7,2.12,0,0,1.06,0.53,0,0.53,2.65,4.76,2.65,3.17,0.53,0,0.53,0,0,8.99,6.35,0,0,0,2.65,0,0
2861,buyer,1,138,5.49,10.88,78.48,1,17.25,15.94,89.86,68.84,57.25,21.01,16.67,10.14,0,5.07,0,1.45,4.35,15.94,5.07,0,7.97,10.87,5.07,9.42,4.35,17.39,7.25,0.72,3.62,0,0.72,2.9,31.16,0,21.74,7.25,2.9,4.35,1.45,1.45,5.8,0,3.62,0,3.62,2.9,0,2.9,0,0,0,0,13.04,4.35,2.9,2.9,0,0,1.45,8.7,0.72,0,0,0.72,0,0,0,0,12.32,0,0,5.8,7.25,0,0.72,0,0,0,0,0,0,0,0,0.72,0.72,3.62,0,0.72,0,0,0,0,5.8,2.9,0,0,1.45,0.72,0,0.72,2.17,2.9,3.62,3.62,0.72,0,0.72,0,0,13.77,5.8,2.9,0,0,4.35,0.72,0
2861,seller,1,77,15.64,47.76,17.57,20.23,15.4,14.29,90.91,66.23,59.74,16.88,14.29,6.49,0,7.79,0,0,2.6,16.88,9.09,0,6.49,14.29,3.9,6.49,3.9,14.29,6.49,0,3.9,0,2.6,1.3,25.97,3.9,15.58,5.19,0,5.19,1.3,0,3.9,0,5.19,2.6,2.6,2.6,0,2.6,0,0,0,0,12.99,5.19,1.3,2.6,0,0,1.3,7.79,0,0,0,0,0,0,0,0,10.39,0,0,6.49,3.9,0,0,0,0,0,0,0,0,0,0,0,0,3.9,0,0,0,0,0,0,1.3,2.6,0,0,2.6,0,0,0,0,2.6,2.6,1.3,0,0,0,0,0,6.49,3.9,0,0,2.6,0,0,0
2861,seller,1,111,23.42,25.5,42.77,5.43,22.2,19.82,91.89,69.37,60.36,18.02,11.71,6.31,0,5.41,0,0,6.31,18.92,8.11,0,9.01,14.41,3.6,4.5,2.7,17.12,5.41,0.9,4.5,0,1.8,2.7,28.83,2.7,14.41,4.5,0,2.7,0.9,0.9,4.5,0,7.21,2.7,4.5,1.8,0,1.8,0,0,0,0,13.51,8.11,3.6,0.9,0,1.8,2.7,5.41,0,0,0,0,0.9,0,0,0.9,8.11,0,0,4.5,3.6,0,0,0,0,0,0,0,0,0,0,0,0,2.7,0,0,0,0,0.9,0,1.8,3.6,0,0,3.6,0,0,0,0.9,4.5,4.5,1.8,0,0,0,0,0,4.5,2.7,0,0,1.8,0,0,0
2861,seller,1,92,23.51,8.12,74.45,3.88,23,20.65,90.22,69.57,61.96,18.48,11.96,8.7,0,3.26,0,0,6.52,18.48,6.52,0,11.96,14.13,5.43,5.43,1.09,17.39,3.26,1.09,5.43,0,2.17,3.26,30.43,3.26,13.04,4.35,0,1.09,0,1.09,4.35,0,6.52,2.17,4.35,1.09,0,1.09,0,0,0,0,13.04,9.78,4.35,1.09,0,2.17,3.26,3.26,0,0,0,0,1.09,0,0,1.09,6.52,0,0,3.26,3.26,0,0,0,0,0,0,0,0,0,0,0,0,0,0,0,0,0,1.09,0,2.17,4.35,0,0,4.35,0,0,0,1.09,4.35,7.61,1.09,0,0,0,0,0,6.52,2.17,2.17,0,2.17,0,0,0
2861,seller,1,138,11.2,4.76,88.15,41.62,17.25,20.29,87.68,71.74,64.49,20.29,14.49,10.14,0,4.35,0,0,5.8,18.12,5.8,0,11.59,11.59,6.52,10.14,1.45,15.94,2.9,0.72,2.9,0,0.72,2.17,27.54,0.72,15.94,5.8,0,1.45,0.72,1.45,6.52,0,5.8,3.62,2.17,0,0,0,0,0,0,0,13.04,8.7,3.62,1.45,0,1.45,2.9,4.35,0,0,0,0,0.72,0,0,0.72,7.25,0,0,4.35,2.9,0,0,0,0,0,0,0,0,0,0,0,0,0.72,0,0,0,0,0.72,0,3.62,3.62,0,0,2.9,0,0,0.72,0.72,2.9,7.97,1.45,0,0,0,0,0,8.7,2.9,2.9,0,2.9,0,0,0
2861,seller,1,85,5.51,9.45,92.05,88.2,12.14,18.82,84.71,68.24,63.53,22.35,18.82,11.76,0,7.06,0,0,3.53,16.47,4.71,0,10.59,9.41,5.88,14.12,1.18,12.94,2.35,0,1.18,0,0,1.18,24.71,0,18.82,7.06,0,2.35,1.18,1.18,8.24,0,4.71,4.71,0,0,0,0,0,0,0,0,12.94,5.88,2.35,2.35,0,0,1.18,7.06,0,0,0,0,0,0,0,0,9.41,0,0,7.06,2.35,0,0,0,0,0,0,0,0,0,0,0,0,2.35,0,0,0,0,0,0,3.53,2.35,0,0,1.18,0,0,1.18,0,0,8.24,1.18,0,0,0,0,0,11.76,3.53,4.71,0,3.53,0,0,0
2862,buyer,1,61,45.55,40.06,61.1,20.23,12.2,13.11,90.16,68.85,55.74,18.03,14.75,8.2,0,6.56,0,0,3.28,14.75,9.84,0,9.84,13.11,1.64,3.28,1.64,16.39,8.2,3.28,3.28,0,3.28,0,24.59,0,11.48,3.28,1.64,1.64,1.64,0,4.92,0,6.56,3.28,3.28,3.28,3.28,0,0,0,0,0,14.75,6.56,0,0,0,1.64,1.64,8.2,0,0,0,0,3.28,0,0,3.28,6.56,0,0,1.64,4.92,0,0,0,0,0,0,0,0,0,0,0,0,1.64,0,1.64,0,0,0,0,3.28,4.92,0,0,3.28,1.64,0,0,1.64,4.92,6.56,0,0,0,0,0,0,8.2,8.2,0,0,0,0,0,0
2862,buyer,1,84,53.29,9.23,64.98,8.95,14,17.86,86.9,69.05,59.52,16.67,15.48,9.52,0,5.95,0,0,1.19,15.48,10.71,0,11.9,11.9,2.38,3.57,3.57,14.29,7.14,1.19,2.38,0,2.38,0,23.81,2.38,9.52,2.38,1.19,0,2.38,0,5.95,0,3.57,1.19,2.38,1.19,1.19,0,0,0,0,0,10.71,4.76,0,0,0,0,3.57,5.95,0,0,0,0,7.14,0,0,7.14,4.76,0,0,2.38,2.38,0,0,0,0,0,0,0,0,0,0,0,0,1.19,0,0,0,0,0,0,1.19,3.57,0,0,1.19,1.19,1.19,0,1.19,5.95,5.95,1.19,0,0,0,0,0,8.33,7.14,1.19,0,0,0,0,0
2862,buyer,1,79,50.32,11.43,85.92,8.44,11.29,18.99,87.34,69.62,56.96,18.99,18.99,12.66,1.27,5.06,0,0,0,15.19,10.13,0,10.13,11.39,1.27,2.53,2.53,15.19,8.86,1.27,2.53,1.27,1.27,0,24.05,2.53,10.13,3.8,1.27,1.27,2.53,0,3.8,0,6.33,2.53,3.8,1.27,1.27,0,0,0,0,0,11.39,5.06,0,0,0,0,2.53,6.33,0,0,0,0,6.33,0,0,6.33,7.59,0,0,3.8,3.8,0,0,0,0,0,0,0,0,0,0,0,0,1.27,0,0,0,1.27,0,0,3.8,3.8,0,1.27,2.53,0,1.27,0,1.27,5.06,5.06,2.53,0,0,0,0,0,11.39,8.86,2.53,0,0,0,0,0
2862,buyer,1,63,61.53,11.37,90.66,6.51,10.5,19.05,85.71,71.43,57.14,19.05,19.05,12.7,1.59,4.76,0,0,0,15.87,11.11,0,11.11,9.52,1.59,1.59,3.17,15.87,7.94,1.59,1.59,1.59,0,0,20.63,3.17,7.94,3.17,0,1.59,1.59,0,3.17,0,4.76,1.59,3.17,0,0,0,0,0,0,0,11.11,4.76,0,0,0,0,3.17,6.35,0,0,0,0,6.35,0,0,6.35,6.35,0,0,3.17,3.17,0,0,0,0,0,0,0,0,0,0,0,0,1.59,0,0,0,1.59,0,0,4.76,6.35,0,3.17,3.17,0,1.59,0,1.59,4.76,3.17,3.17,0,0,0,0,0,12.7,9.52,3.17,0,0,0,0,0
2862,seller,1,47,55.01,40.06,4.07,83.95,47,19.15,82.98,59.57,53.19,12.77,12.77,6.38,2.13,2.13,0,2.13,0,17.02,10.64,0,10.64,10.64,2.13,8.51,2.13,14.89,4.26,0,2.13,2.13,0,0,14.89,0,6.38,0,0,2.13,0,0,4.26,0,4.26,4.26,0,2.13,2.13,0,0,0,0,0,12.77,4.26,2.13,4.26,0,0,2.13,8.51,0,0,0,0,6.38,0,0,6.38,4.26,0,0,4.26,2.13,0,0,0,0,0,0,0,0,0,0,0,0,2.13,0,0,0,0,0,0,8.51,4.26,0,0,0,4.26,0,0,0,6.38,6.38,0,0,0,0,0,0,4.26,0,4.26,0,0,0,0,0
2862,seller,1,57,47.02,9.55,22.93,46.76,57,19.3,84.21,61.4,57.89,14.04,14.04,8.77,1.75,1.75,0,1.75,0,17.54,10.53,0,14.04,8.77,3.51,12.28,3.51,10.53,3.51,0,1.75,1.75,0,0,17.54,0,5.26,0,0,0,0,0,5.26,0,1.75,1.75,0,1.75,1.75,0,0,0,0,0,12.28,5.26,0,0,0,0,1.75,7.02,0,0,0,0,7.02,0,0,7.02,5.26,0,0,3.51,3.51,0,0,0,0,0,0,0,0,0,0,0,0,1.75,0,0,0,0,0,0,5.26,0,0,0,0,0,0,0,0,8.77,3.51,1.75,0,0,0,0,0,3.51,0,3.51,0,0,0,0,0
2862,seller,1,54,28.44,8.59,39.59,77.5,54,16.67,88.89,68.52,61.11,14.81,14.81,7.41,0,5.56,0,1.85,0,18.52,11.11,0,11.11,9.26,3.7,11.11,7.41,12.96,5.56,0,0,0,0,0,27.78,1.85,9.26,1.85,0,0,0,0,7.41,0,3.7,3.7,0,1.85,1.85,0,0,0,0,0,20.37,11.11,3.7,1.85,0,0,3.7,9.26,0,0,0,0,3.7,0,0,3.7,5.56,0,0,1.85,5.56,0,0,0,0,0,0,0,0,0,0,0,0,1.85,0,0,0,0,0,0,5.56,0,0,0,0,0,0,0,0,7.41,5.56,3.7,0,0,0,0,0,5.56,0,5.56,0,0,0,0,0
2863,buyer,1,77,1,1,99,,25.67,12.99,93.51,79.22,66.23,24.68,11.69,9.09,1.3,1.3,0,0,12.99,11.69,6.49,1.3,2.6,12.99,9.09,10.39,5.19,18.18,2.6,3.9,2.6,1.3,1.3,0,36.36,0,12.99,2.6,0,2.6,0,0,7.79,0,0,0,0,0,0,0,0,0,0,0,7.79,5.19,1.3,1.3,0,0,3.9,2.6,0,0,0,0,1.3,0,0,1.3,0,0,0,0,0,0,2.6,0,0,0,0,0,0,1.3,0,0,0,5.19,0,0,0,0,0,0,6.49,5.19,0,0,5.19,0,0,0,10.39,10.39,5.19,0,1.3,1.3,0,0,0,6.49,3.9,1.3,0,0,1.3,0,0
2863,buyer,1,84,1,3.12,97.09,37.34,16.8,14.29,92.86,76.19,64.29,25,13.1,8.33,1.19,3.57,0,0,11.9,11.9,5.95,1.19,3.57,13.1,7.14,9.52,4.76,19.05,2.38,3.57,2.38,1.19,1.19,0,34.52,0,13.1,2.38,1.19,2.38,0,0,7.14,0,1.19,1.19,0,0,0,0,0,0,0,0,10.71,5.95,2.38,2.38,0,0,4.76,4.76,0,0,0,0,1.19,0,0,1.19,1.19,0,0,0,1.19,0,2.38,0,0,0,0,0,0,1.19,0,0,0,4.76,0,0,0,0,0,0,4.76,3.57,0,0,3.57,0,0,0,9.52,9.52,4.76,2.38,0,0,0,0,0,8.33,5.95,1.19,0,0,1.19,0,0
2863,buyer,1,76,1.7,55.75,70.28,39.38,15.2,19.74,86.84,63.16,53.95,21.05,11.84,3.95,1.32,3.95,0,2.63,9.21,11.84,3.95,0,2.63,13.16,5.26,7.89,3.95,21.05,1.32,0,5.26,1.32,1.32,2.63,28.95,0,13.16,5.26,1.32,1.32,0,0,5.26,0,1.32,1.32,0,0,0,0,0,0,0,0,18.42,7.89,5.26,5.26,0,0,3.95,10.53,0,0,0,0,0,0,0,0,11.84,0,0,2.63,9.21,0,1.32,0,0,0,0,0,0,0,0,0,0,7.89,0,0,0,0,0,0,5.26,3.95,0,0,3.95,0,0,0,3.95,6.58,6.58,2.63,0,0,0,0,0,15.79,6.58,6.58,0,0,1.32,1.32,0
2863,seller,1,100,7.03,45.97,98.38,10.35,25,23,93,71,55,24,20,10,1,9,0,0,4,14,4,0,9,7,7,8,3,14,8,4,4,3,1,0,28,1,14,5,2,1,1,1,6,0,7,3,4,1,0,1,0,1,0,0,21,11,4,2,0,1,4,10,0,0,0,0,1,0,0,1,10,0,0,5,6,0,1,0,0,0,0,0,0,1,0,0,0,1,0,1,0,0,1,0,7,6,0,1,4,0,0,0,5,2,7,1,1,1,0,0,0,12,4,5,0,0,3,0,0
2863,seller,1,102,5.84,45.85,98.64,10.51,20.4,22.55,94.12,72.55,56.86,24.51,21.57,10.78,0.98,9.8,0,0,2.94,13.73,4.9,0,8.82,7.84,6.86,8.82,2.94,15.69,7.84,3.92,3.92,2.94,0.98,0,29.41,0.98,15.69,4.9,2.94,0.98,0.98,0.98,6.86,0,6.86,2.94,3.92,0.98,0,0.98,0,0.98,0,0,19.61,8.82,2.94,0.98,0,0.98,2.94,10.78,0,0,0,0,0.98,0,0,0.98,9.8,0,0,4.9,5.88,0,0.98,0,0,0,0,0,0,0.98,0,0,0,0.98,0,0.98,0,0,0.98,0,6.86,4.9,0,0.98,2.94,0,0,0,4.9,1.96,5.88,1.96,0,0,0,0,0,10.78,3.92,3.92,0,0,2.94,0,0
2863,seller,1,77,11.4,82.18,95.15,20.23,15.4,20.78,97.4,71.43,53.25,23.38,22.08,9.09,1.3,11.69,0,0,1.3,11.69,5.19,0,10.39,7.79,6.49,7.79,2.6,16.88,9.09,3.9,5.19,3.9,1.3,0,25.97,0,15.58,5.19,3.9,1.3,1.3,0,6.49,0,10.39,5.19,5.19,1.3,0,1.3,0,1.3,0,0,22.08,9.09,3.9,1.3,0,1.3,1.3,12.99,0,0,0,0,1.3,0,0,1.3,11.69,0,0,6.49,6.49,0,1.3,0,0,0,0,0,0,1.3,0,0,0,2.6,0,1.3,0,0,1.3,0,9.09,5.19,0,1.3,2.6,0,0,0,3.9,0,6.49,2.6,0,0,0,0,0,11.69,5.19,2.6,0,0,3.9,0,0
2864,buyer,1,77,37.45,1,68.52,79.89,11,12.99,88.31,74.03,62.34,20.78,16.88,14.29,0,2.6,0,0,3.9,16.88,11.69,2.6,11.69,7.79,7.79,5.19,2.6,16.88,6.49,5.19,1.3,0,0,1.3,20.78,0,14.29,1.3,0,9.09,1.3,0,5.19,0,6.49,5.19,1.3,2.6,2.6,0,0,0,0,0,10.39,5.19,0,1.3,0,1.3,2.6,5.19,0,0,0,0,0,0,0,0,6.49,0,0,1.3,5.19,0,0,0,0,0,0,0,0,0,0,0,5.19,6.49,0,0,0,0,0,0,3.9,5.19,0,2.6,2.6,0,0,0,3.9,7.79,2.6,0,0,0,0,0,0,16.88,9.09,1.3,0,0,6.49,0,0
2864,buyer,1,93,44.83,8.31,73.05,35.47,10.33,15.05,91.4,75.27,61.29,20.43,18.28,12.9,1.08,4.3,0,0,2.15,15.05,10.75,1.08,13.98,8.6,6.45,5.38,2.15,16.13,9.68,4.3,3.23,1.08,0,2.15,19.35,0,13.98,3.23,1.08,7.53,1.08,0,4.3,0,7.53,4.3,3.23,2.15,2.15,0,0,0,0,0,11.83,5.38,1.08,1.08,0,1.08,1.08,6.45,0,0,0,0,0,0,0,0,8.6,0,0,3.23,5.38,0,0,0,0,0,0,0,0,0,0,3.23,3.23,3.23,0,1.08,0,0,0,0,6.45,5.38,0,2.15,3.23,0,0,0,3.23,4.3,3.23,2.15,0,0,0,0,0,13.98,9.68,0,0,0,4.3,0,0
2864,buyer,1,94,33.06,18.61,77.82,9.87,11.75,19.15,89.36,65.96,52.13,18.09,17.02,9.57,1.06,4.26,0,2.13,1.06,12.77,7.45,0,10.64,8.51,5.32,4.26,4.26,15.96,8.51,3.19,5.32,1.06,0,4.26,20.21,0,14.89,5.32,1.06,4.26,1.06,0,6.38,0,5.32,2.13,3.19,0,0,0,0,0,0,0,15.96,5.32,3.19,3.19,0,1.06,0,10.64,0,0,0,0,0,0,0,0,15.96,0,0,5.32,10.64,0,0,0,0,0,0,0,0,0,0,3.19,0,7.45,0,1.06,0,0,0,0,9.57,3.19,0,1.06,2.13,0,0,0,2.13,3.19,4.26,2.13,0,0,0,0,0,19.15,8.51,4.26,0,0,5.32,1.06,0
2864,seller,1,156,21.6,86.44,53.41,49.66,13,17.95,87.18,71.79,57.69,21.79,16.03,3.85,8.33,3.85,0,0,5.77,17.31,8.33,0,10.26,8.97,6.41,5.77,2.56,17.95,6.41,0.64,10.9,8.97,1.28,1.28,32.69,1.28,21.79,6.41,0.64,3.85,3.85,0.64,9.62,0,3.21,2.56,0.64,0.64,0,0.64,0,0,0.64,0,21.15,8.97,1.92,0.64,0,0,3.85,12.82,0,0,0,0,1.92,0,0,1.92,5.13,0,0,1.28,3.85,0,0,0,0,0,0,0,0,0,0,0,1.28,0.64,0,0,0,0,0,0,5.13,0.64,0,0,0,0,0,0,2.56,1.92,9.62,0,0.64,0,0.64,0,0,19.87,6.41,6.41,1.28,0,5.77,0,0
2864,seller,1,160,26.1,72.42,78.67,38.3,13.33,15.63,90.63,75.63,59.38,21.88,17.5,5.63,7.5,4.38,0,0,4.38,17.5,8.75,0,11.25,8.75,5.63,6.25,2.5,19.38,6.88,1.88,10.63,8.13,1.25,1.25,33.75,1.25,22.5,6.88,0.63,4.38,4.38,0,10.63,0,1.25,1.25,0,0,0,0,0,0,0,0,21.25,9.38,3.13,0,0,0,2.5,12.5,0,0,0,0,1.88,0.63,0,1.25,7.5,0,0,2.5,5,0,0,0,0,0,0,0,0,0,0,0,1.88,0.63,0,0.63,0,0,0,0,5.63,1.88,0,0,0.63,0,0,0,3.13,1.88,9.38,0,0.63,0,0.63,0,0,18.75,5.63,5.63,1.88,0,5.63,0,0
2864,seller,1,112,30.7,56.04,92.08,47.3,12.44,15.18,92.86,76.79,59.82,21.43,16.96,6.25,7.14,3.57,0,0,4.46,17.86,10.71,0,10.71,9.82,5.36,6.25,1.79,20.54,8.04,2.68,9.82,7.14,1.79,0.89,33.04,0.89,23.21,8.93,0.89,4.46,2.68,0,11.61,0,1.79,1.79,0,0,0,0,0,0,0,0,19.64,8.93,3.57,0,0,0,2.68,11.61,0,0,0,0,1.79,0.89,0,0.89,8.93,0,0,4.46,4.46,0,0,0,0,0,0,0,0,0,0,0,1.79,1.79,0,0.89,0,0,0,0,6.25,2.68,0,0,0.89,0,0,0,2.68,1.79,8.93,0,0.89,0,0.89,0,0,19.64,5.36,6.25,1.79,0,6.25,0,0
2867,buyer,1,195,45.8,37.12,21.89,43.1,24.38,18.46,89.23,66.15,60,18.46,9.74,4.62,0,4.62,0.51,0,8.72,20.51,11.79,0,11.28,11.28,2.05,7.18,2.05,13.85,4.62,1.03,4.1,1.54,0.51,2.05,26.15,0,12.82,2.05,3.08,2.56,1.54,0,5.13,0,3.59,2.56,1.03,0.51,0.51,0,0,0,0,0,14.87,7.69,1.03,1.03,0,0,4.62,6.67,0.51,0,0,0.51,3.08,0,0,3.08,5.13,0,0,2.56,2.56,0,0,0,0,0,0,0,0,0,0,0,0,0.51,0,1.03,0,0,0,0,2.56,2.56,0,0.51,2.05,0.51,0,0,2.56,7.18,5.13,2.05,0,0,0,0,0,6.67,3.08,1.54,0,1.03,0.51,0.51,0
2867,buyer,1,193,56.18,52.42,15.1,52.22,24.13,18.65,90.16,66.32,59.59,16.58,8.29,3.11,0,4.66,0.52,0,8.29,18.13,10.36,0,13.99,12.95,1.55,6.22,1.55,16.58,4.15,1.04,4.15,1.55,0.52,2.07,25.91,0,14.51,2.07,3.11,3.11,2.59,0.52,4.66,0,4.15,3.11,1.04,0.52,0.52,0,0,0,0,0,16.06,8.81,1.55,1.04,0,0,4.66,6.74,0.52,0,0,0.52,2.07,0,0,2.07,6.74,0,0,3.63,3.11,0,0,0,0,0,0,0,0,0,0,0,0,0.52,0,1.04,0,0,0,0,2.59,3.63,0,0.52,3.11,0.52,0,0,2.59,5.18,5.18,3.63,0,0,0,0,0,6.74,3.11,1.55,0,1.04,0.52,0.52,0
2867,buyer,1,115,47.48,60.74,38.57,61.25,23,18.26,87.83,59.13,52.17,15.65,8.7,2.61,0,4.35,0,1.74,6.96,15.65,7.83,0,11.3,11.3,1.74,6.09,1.74,14.78,3.48,1.74,3.48,0,0.87,2.61,22.61,0,13.91,4.35,0.87,1.74,2.61,0.87,4.35,0,4.35,3.48,0.87,0.87,0.87,0,0,0,0,0,17.39,9.57,3.48,2.61,0,0,4.35,7.83,0,0,0,0,1.74,0,0,1.74,13.04,0,0,6.09,6.96,0,0,0,0,0,0,0,0,0,0,0,0,3.48,0,1.74,0,0,0,0,3.48,5.22,0,0.87,4.35,0.87,0,0,1.74,4.35,3.48,4.35,0,0,0,0,0,12.17,3.48,5.22,0,0.87,1.74,0.87,0
2867,buyer,1,57,57.59,70.59,22.93,92.27,14.25,24.56,87.72,52.63,42.11,12.28,7.02,0,0,3.51,0,3.51,5.26,12.28,3.51,0,12.28,12.28,0,1.75,3.51,19.3,3.51,1.75,3.51,0,0,3.51,19.3,0,15.79,3.51,0,1.75,3.51,1.75,5.26,0,5.26,5.26,0,0,0,0,0,0,0,0,22.81,12.28,5.26,5.26,0,0,5.26,10.53,0,0,0,0,0,0,0,0,22.81,0,0,10.53,12.28,0,0,0,0,0,0,0,0,0,0,0,0,8.77,0,1.75,0,0,0,0,7.02,5.26,0,0,5.26,0,0,0,1.75,3.51,1.75,5.26,0,0,0,0,0,19.3,5.26,8.77,0,0,3.51,1.75,0
2867,seller,1,146,16.41,99,42.81,29.46,24.33,17.81,93.15,70.55,62.33,21.92,19.18,2.74,6.85,8.9,0,0,2.74,13.7,6.85,0,10.27,10.96,3.42,8.22,2.05,15.75,2.74,1.37,11.64,6.85,0,4.79,24.66,0.68,15.07,5.48,0,3.42,2.05,2.74,4.11,0,4.79,2.74,2.05,2.05,1.37,0.68,0,0.68,0,0,23.97,6.85,0.68,2.05,0,0,3.42,17.12,0,0,0,0,0,0,0,0,6.16,0,0,4.11,3.42,0,0.68,0,0,0,0,0.68,0,0,0.68,0,0,0,0,1.37,0,0,0,0,2.74,7.53,0.68,0.68,4.79,1.37,0,0,2.74,5.48,3.42,0.68,0.68,0,0.68,0,0,8.9,4.11,4.79,0,0,0,0,0
2867,seller,1,131,14.47,99,35.21,30.64,21.83,20.61,93.89,71.76,61.83,22.14,19.08,2.29,7.63,8.4,0,0,3.05,12.98,6.11,0,9.92,11.45,3.82,7.63,1.53,16.79,3.82,1.53,10.69,7.63,0,3.05,26.72,0.76,16.79,5.34,0.76,3.82,2.29,3.82,3.82,0,5.34,3.05,2.29,2.29,1.53,0.76,0,0.76,0,0,26.72,9.16,1.53,2.29,0,0,5.34,17.56,0,0,0,0,0,0,0,0,6.87,0,0,4.58,3.82,0,0.76,0,0,0,0,0.76,0,0,0.76,0,0,0.76,0,1.53,0,0,0,0,3.05,6.87,0.76,0.76,4.58,0.76,0,0,3.05,3.05,3.82,1.53,0.76,0,0.76,0,0,9.16,4.58,4.58,0,0,0,0,0
2867,seller,1,53,15.07,99,10.87,49.04,13.25,18.87,92.45,69.81,54.72,24.53,22.64,1.89,11.32,7.55,0,0,1.89,9.43,3.77,0,9.43,9.43,3.77,5.66,0,16.98,5.66,1.89,13.21,11.32,0,1.89,24.53,1.89,18.87,3.77,1.89,5.66,3.77,3.77,3.77,0,5.66,3.77,1.89,1.89,1.89,0,0,0,0,0,33.96,11.32,1.89,1.89,1.89,0,5.66,22.64,0,0,0,0,0,0,0,0,9.43,0,0,7.55,5.66,0,0,0,0,0,0,0,0,0,0,0,0,1.89,0,1.89,0,0,0,0,1.89,7.55,1.89,1.89,3.77,0,0,0,1.89,0,3.77,3.77,1.89,0,1.89,0,0,13.21,5.66,7.55,0,0,0,0,0
2867,seller,1,36,33.38,99,3.81,20.23,18,27.78,88.89,50,33.33,13.89,13.89,0,2.78,5.56,0,5.56,0,8.33,0,0,5.56,8.33,2.78,2.78,0,19.44,5.56,2.78,11.11,2.78,0,8.33,22.22,0,11.11,5.56,2.78,0,0,2.78,0,0,5.56,2.78,2.78,0,0,0,0,0,0,0,36.11,16.67,8.33,8.33,2.78,0,8.33,19.44,0,0,0,0,0,0,0,0,25,0,0,8.33,16.67,0,0,0,0,0,0,0,0,0,0,0,0,13.89,0,2.78,0,0,0,0,11.11,2.78,0,0,2.78,0,0,0,0,5.56,2.78,2.78,0,0,0,0,0,22.22,5.56,13.89,0,0,0,2.78,0
2868,buyer,1,26,4.85,1,98.89,1,13,23.08,80.77,65.38,53.85,19.23,19.23,15.38,0,3.85,0,0,0,11.54,7.69,0,3.85,11.54,11.54,7.69,0,11.54,3.85,0,0,0,0,0,46.15,3.85,23.08,3.85,7.69,0,3.85,0,11.54,0,3.85,0,3.85,3.85,0,3.85,0,0,3.85,0,11.54,3.85,0,0,0,0,3.85,7.69,3.85,0,0,3.85,0,0,0,0,0,0,0,0,0,0,0,0,0,0,0,0,0,0,0,0,0,3.85,0,0,0,0,0,0,7.69,0,0,0,0,0,0,0,0,7.69,7.69,3.85,7.69,3.85,3.85,0,0,19.23,3.85,3.85,3.85,0,7.69,0,0
2868,buyer,1,75,25.29,14.57,93.95,2.44,15,22.67,89.33,69.33,57.33,21.33,17.33,12,0,5.33,0,0,4,17.33,9.33,0,9.33,8,5.33,9.33,0,10.67,6.67,1.33,1.33,0,0,1.33,32,1.33,21.33,8,4,4,2.67,0,5.33,0,10.67,4,6.67,5.33,4,1.33,0,0,1.33,0,13.33,6.67,2.67,1.33,0,0,1.33,6.67,1.33,0,0,1.33,0,0,0,0,4,0,0,2.67,1.33,0,0,0,0,0,0,0,0,0,0,0,2.67,2.67,0,1.33,0,0,0,0,5.33,2.67,0,0,2.67,0,0,0,2.67,2.67,2.67,4,2.67,0,2.67,0,0,16,5.33,5.33,1.33,0,4,0,0
2868,buyer,1,124,14.28,23.05,96.64,6.37,17.71,22.58,92.74,70.16,56.45,21.77,17.74,12.1,2.42,3.23,0,0,4.03,17.74,8.06,0,7.26,7.26,6.45,10.48,0,12.1,7.26,1.61,3.23,2.42,0,0.81,29.84,0.81,20.97,8.06,4.03,4.03,1.61,0.81,4.03,0,9.68,4.03,5.65,4.84,3.23,1.61,0,0,0.81,0,14.52,7.26,3.23,0.81,0,0,1.61,7.26,1.61,0,0,1.61,0,0,0,0,7.26,0,0,4.03,3.23,0,0.81,0.81,0.81,0,0,0,0,0,0,0,1.61,3.23,0,0.81,0,0,0,0,3.23,5.65,0,0.81,4.03,0.81,0,0,3.23,4.03,2.42,2.42,1.61,0,1.61,0,0,12.9,4.84,4.84,0.81,0,2.42,0,0
2868,buyer,1,171,14.68,27.31,95.52,9.1,17.1,19.88,94.74,73.1,56.14,22.22,18.13,11.7,2.92,3.51,0,0,4.09,17.54,7.6,0,7.02,8.77,3.51,9.36,1.17,16.96,7.6,2.92,4.68,3.51,0.58,0.58,28.65,0,21.05,7.6,3.51,5.85,2.92,0.58,3.51,0,8.77,3.51,4.68,4.09,2.92,0.58,0,0,0,0,15.79,8.19,2.92,0.58,0.58,0,1.75,7.6,1.17,0,0,1.17,0,0,0,0,8.19,0,0,4.09,4.09,0,0.58,0.58,0.58,0,0,0,0,0,0,0.58,1.75,2.34,0,2.34,0,0,0,0,2.92,7.6,0,1.17,5.85,0.58,0,0,3.51,2.92,4.68,2.92,1.17,0,1.17,0,0,12.87,5.26,5.26,0.58,0,1.75,0,0
2868,buyer,1,132,8.29,27.64,98.07,12.34,16.5,18.18,95.45,75,56.82,22.73,18.94,12.12,4.55,2.27,0,0,3.79,15.91,6.06,0,6.82,10.61,3.79,9.09,1.52,21.21,6.82,3.03,6.06,5.3,0.76,0,29.55,0,20.45,6.06,3.79,5.3,3.79,0.76,3.79,0,6.06,2.27,3.03,3.03,1.52,0.76,0,0,0,0,15.15,6.82,2.27,0,0.76,0,1.52,8.33,1.52,0,0,1.52,0,0,0,0,8.33,0,0,3.79,4.55,0,0.76,0.76,0.76,0,0,0,0,0,0,2.27,0.76,2.27,0,2.27,0,0,0,0,1.52,9.85,0,2.27,6.82,0.76,0,0,3.79,3.79,6.06,4.55,0.76,0,0.76,0,0,12.12,5.3,4.55,0.76,0,1.52,0,0
2868,buyer,1,83,17.44,9.01,99,8.85,13.83,15.66,93.98,77.11,56.63,22.89,19.28,13.25,3.61,2.41,0,0,3.61,14.46,6.02,0,9.64,12.05,0,7.23,2.41,25.3,6.02,3.61,6.02,4.82,1.2,0,28.92,0,19.28,3.61,2.41,6.02,6.02,0,4.82,0,4.82,1.2,2.41,2.41,1.2,0,0,0,0,0,13.25,6.02,1.2,0,1.2,0,1.2,7.23,1.2,0,0,1.2,0,0,0,0,6.02,0,0,2.41,3.61,0,0,0,0,0,0,0,0,0,0,3.61,1.2,1.2,0,3.61,0,0,0,0,2.41,12.05,0,3.61,8.43,0,0,0,3.61,2.41,7.23,7.23,1.2,0,1.2,0,0,14.46,7.23,4.82,0,0,2.41,0,0
2868,seller,1,75,16.64,97.44,13.33,62.2,18.75,13.33,90.67,76,60,18.67,16,5.33,6.67,4,0,0,2.67,17.33,5.33,0,10.67,12,9.33,5.33,0,16,9.33,8,6.67,6.67,0,0,20,1.33,10.67,5.33,1.33,2.67,0,0,1.33,0,10.67,6.67,4,1.33,0,1.33,0,0,1.33,0,17.33,6.67,2.67,4,0,0,4,10.67,0,0,0,0,1.33,0,0,1.33,4,0,0,1.33,2.67,0,0,0,0,0,0,0,0,0,0,0,0,1.33,0,0,0,0,0,0,5.33,6.67,0,0,2.67,0,1.33,2.67,0,2.67,9.33,0,1.33,0,1.33,0,0,6.67,2.67,2.67,1.33,0,0,0,0
2868,seller,1,165,14.87,71.57,33.4,5.35,23.57,16.97,90.91,75.76,61.82,19.39,15.15,6.67,4.24,4.24,0,0,4.24,16.36,4.85,0,12.73,12.12,8.48,5.45,2.42,15.15,8.48,4.85,6.06,4.85,0,1.21,23.64,1.82,11.52,4.24,0.61,1.82,0,1.21,3.03,0,8.48,3.03,4.85,1.21,0,0.61,0,0,0.61,0,16.36,8.48,2.42,2.42,0,1.82,3.64,9.09,0,0,0,0,0.61,0,0,0.61,4.85,0,0,2.42,2.42,0,0,0,0,0,0,0,0,0,0,0.61,0,0.61,0,0.61,0,0,0,0,5.45,7.88,1.82,0,3.64,0,0.61,1.82,0,4.24,6.67,1.82,1.82,0,0.61,0.61,0.61,7.27,2.42,3.64,1.21,0,0,0,0
2868,seller,1,218,11.26,82.2,29.4,15.13,24.22,17.89,89.45,74.77,61.93,19.27,13.76,5.05,5.5,3.21,0,0,5.5,16.97,4.59,0,11.93,12.84,9.63,5.05,2.29,15.14,8.72,4.13,8.26,6.42,0,1.83,23.85,1.38,12.39,4.13,0.92,2.29,0.46,1.38,3.21,0,7.34,3.21,3.67,0.92,0,0,0,0,0,0,15.6,6.88,1.83,0.92,0,1.38,2.75,9.63,0.46,0,0,0.46,0.46,0,0,0.46,5.05,0,0,3.21,2.29,0,0,0,0,0,0,0,0,0,0,0.46,0,0,0,0.92,0,0,0,0,5.05,7.8,1.83,0.46,4.13,0,0,1.38,0.46,3.21,7.34,2.29,1.38,0,0.46,0.46,0.46,7.34,3.21,3.67,0.46,0,0,0,0
2868,seller,1,275,15.73,55.23,40.01,9.67,27.5,18.91,91.27,76,64,17.09,11.27,4.36,3.27,3.64,0,0,5.82,18.18,6.55,1.45,11.27,13.82,7.64,6.18,2.91,17.09,7.64,4.73,5.82,4,0,1.82,27.27,1.82,13.45,2.55,1.45,2.55,1.82,1.45,5.09,0,4.36,1.45,2.55,0.73,0,0,0,0,0,0,14.91,7.64,1.09,1.09,0,1.09,2.91,8,0.36,0,0,0.36,0,0,0,0,6.18,0,0,4.36,2.55,0,0,0,0,0,0,0,0,0,0,0.73,0,0,0,1.09,0,0,0,0,4,7.27,1.45,0.73,4.73,0,0,0.36,1.82,3.27,6.55,2.55,1.45,0,0.73,0.36,0.36,7.64,2.91,4.36,0.36,0,0,0,0
2868,seller,1,211,14.82,62.54,26.69,10.76,30.14,18.48,91.94,76.78,63.98,16.11,9.48,2.84,3.32,2.84,0,0.47,6.64,18.48,7.11,1.9,9.95,14.69,7.11,6.64,2.84,18.96,8.06,5.21,5.69,3.79,0,1.9,28.44,1.9,15.17,2.84,2.37,3.32,2.84,0.95,5.21,0,3.79,1.42,2.37,0.47,0,0,0,0,0,0,15.64,7.11,0.47,0.47,0,1.42,2.37,8.53,0.47,0,0,0.47,0,0,0,0,6.16,0,0,4.74,2.37,0,0,0,0,0,0,0,0,0,0,0.47,0,0,0,0.95,0,0,0,0,3.32,6.64,0.95,0.95,3.79,0,0,0.95,2.37,2.37,8.53,1.9,0.95,0,0.95,0,0,7.58,2.84,4.74,0,0,0,0,0
2869,buyer,1,83,73.1,40.06,74.14,37.57,20.75,12.05,96.39,81.93,62.65,15.66,9.64,6.02,2.41,1.2,0,0,6.02,16.87,10.84,0,15.66,13.25,3.61,2.41,0,24.1,12.05,0,3.61,2.41,1.2,0,20.48,0,15.66,7.23,0,3.61,2.41,0,3.61,0,6.02,3.61,2.41,1.2,1.2,0,0,0,0,0,9.64,2.41,0,1.2,0,1.2,1.2,6.02,0,0,0,0,0,0,0,0,6.02,0,0,3.61,2.41,0,0,0,0,0,0,0,0,0,0,1.2,0,1.2,0,0,0,0,0,2.41,13.25,12.05,2.41,2.41,6.02,2.41,0,2.41,0,6.02,6.02,1.2,0,0,0,0,0,8.43,3.61,3.61,1.2,0,0,0,0
2869,buyer,1,125,22.79,9.09,91.26,70.53,15.63,11.2,95.2,83.2,65.6,20,14.4,10.4,0.8,3.2,0,0,5.6,15.2,7.2,0.8,12.8,15.2,4,7.2,0,22.4,12.8,1.6,2.4,0.8,0.8,0.8,24,0,18.4,7.2,0.8,3.2,4,0,6.4,0,6.4,4.8,1.6,1.6,1.6,0,0,0,0,0,7.2,1.6,0.8,0.8,0,0.8,0,5.6,0,0,0,0,0,0,0,0,4,0,0,2.4,1.6,0,0,0,0,0,0,0,0,0,0,0,0,1.6,0,0,0,0,0,1.6,7.2,8,1.6,1.6,3.2,1.6,0,1.6,0,4,7.2,1.6,0,0,0,0,0,8.8,4.8,2.4,1.6,0,0,0,0
2869,buyer,1,114,14.18,21.77,84.38,85.27,14.25,14.91,93.86,75.44,59.65,19.3,15.79,9.65,0.88,3.51,0,1.75,3.51,14.04,4.39,0.88,10.53,14.04,4.39,7.89,0,21.05,11.4,1.75,4.39,0.88,0.88,2.63,24.56,0,19.3,7.89,0.88,3.51,3.51,0,6.14,0,6.14,5.26,0.88,1.75,1.75,0,0,0,0,0,10.53,2.63,2.63,2.63,0,0,0,7.89,0,0,0,0,0,0,0,0,10.53,0,0,4.39,6.14,0,0,0,0,0,0,0,0,0,0,0,0,4.39,0,0,0,0,0,1.75,7.02,7.02,1.75,0.88,2.63,1.75,0,1.75,0,1.75,7.02,1.75,0,0,0,0,0,13.16,5.26,5.26,1.75,0,0,0.88,0
2869,seller,1,67,63.7,12.5,2.69,99,9.57,11.94,88.06,71.64,59.7,14.93,8.96,7.46,0,1.49,0,0,5.97,17.91,13.43,0,11.94,19.4,0,2.99,0,23.88,7.46,0,5.97,1.49,1.49,2.99,23.88,0,17.91,5.97,1.49,7.46,4.48,0,1.49,0,11.94,11.94,0,7.46,7.46,0,0,0,0,0,8.96,7.46,2.99,2.99,0,0,1.49,1.49,0,0,0,0,0,0,0,0,4.48,0,0,1.49,2.99,0,0,0,0,0,0,0,0,0,0,0,0,0,0,0,0,0,0,0,1.49,0,0,0,0,0,0,0,0,2.99,4.48,1.49,0,0,0,0,0,17.91,5.97,2.99,4.48,0,2.99,1.49,0
2869,seller,1,76,56.29,14.81,12.73,99,9.5,17.11,86.84,67.11,57.89,13.16,7.89,6.58,0,1.32,0,0,5.26,21.05,11.84,0,10.53,17.11,1.32,5.26,0,19.74,6.58,3.95,5.26,0,1.32,3.95,22.37,1.32,15.79,5.26,1.32,6.58,2.63,0,1.32,0,13.16,13.16,0,6.58,6.58,0,0,0,0,0,11.84,10.53,2.63,7.89,0,0,0,1.32,0,0,0,0,0,0,0,0,6.58,0,0,2.63,3.95,0,0,0,0,0,0,0,0,0,0,0,0,0,0,0,0,0,0,0,1.32,0,0,0,0,0,0,0,5.26,2.63,2.63,1.32,0,0,0,0,0,18.42,6.58,2.63,2.63,1.32,2.63,2.63,0
2869,seller,1,50,39.7,7.28,63.35,99,7.14,22,88,62,56,14,8,8,0,0,0,0,6,24,10,0,8,16,2,6,0,16,6,6,6,0,2,4,18,2,12,8,0,4,0,0,0,0,14,14,0,4,4,0,0,0,0,0,14,14,4,12,0,0,0,0,0,0,0,0,0,0,0,0,10,0,0,6,4,0,0,0,0,0,0,0,0,0,0,0,0,2,0,0,0,0,0,0,0,0,0,0,0,0,0,0,8,0,2,2,0,0,0,0,0,22,8,4,2,2,2,4,0
2871,buyer,1,23,8.37,99,1,20.23,11.5,17.39,100,78.26,65.22,17.39,8.7,0,4.35,4.35,0,0,8.7,8.7,8.7,0,8.7,21.74,8.7,4.35,0,26.09,8.7,0,8.7,4.35,0,4.35,21.74,0,8.7,0,0,8.7,0,0,0,0,8.7,4.35,4.35,0,0,0,0,0,0,0,26.09,17.39,0,8.7,0,4.35,8.7,8.7,0,0,0,0,0,0,0,0,8.7,0,0,4.35,4.35,0,0,0,0,0,0,0,0,0,0,0,0,0,0,0,0,0,0,0,8.7,4.35,0,0,4.35,0,0,0,0,0,13.04,8.7,4.35,0,4.35,0,0,13.04,0,4.35,8.7,0,0,0,0
2871,buyer,1,33,1.5,94.21,1.51,1.71,11,12.12,100,78.79,66.67,24.24,15.15,6.06,3.03,6.06,0,0,9.09,12.12,6.06,0,9.09,21.21,12.12,3.03,0,24.24,9.09,0,6.06,3.03,0,3.03,21.21,0,6.06,0,0,6.06,0,0,0,0,3.03,0,3.03,0,0,0,0,0,0,0,21.21,12.12,3.03,3.03,0,3.03,3.03,9.09,0,0,0,0,0,0,0,0,12.12,0,0,3.03,9.09,0,0,0,0,0,0,0,0,0,0,0,0,0,0,0,0,0,0,0,12.12,6.06,0,0,6.06,0,0,0,0,0,12.12,9.09,3.03,0,3.03,0,0,18.18,3.03,6.06,6.06,0,3.03,0,0
2871,buyer,1,29,3,96.58,7.91,20.23,9.67,10.34,100,75.86,65.52,24.14,17.24,6.9,0,10.34,0,0,6.9,17.24,6.9,0,10.34,17.24,13.79,3.45,0,17.24,13.79,3.45,6.9,3.45,0,3.45,17.24,0,0,0,0,0,0,0,0,0,6.9,3.45,3.45,0,0,0,0,0,0,0,24.14,13.79,3.45,6.9,0,3.45,0,10.34,0,0,0,0,0,0,0,0,13.79,0,0,3.45,10.34,0,0,0,0,0,0,0,0,0,0,0,0,0,0,0,0,0,0,0,10.34,3.45,0,0,3.45,0,0,0,0,0,13.79,3.45,3.45,0,3.45,0,0,24.14,6.9,6.9,3.45,0,6.9,0,0
2871,buyer,1,17,1,93.56,46.57,99,5.67,5.88,100,64.71,58.82,29.41,23.53,11.76,0,11.76,0,0,5.88,17.65,0,0,5.88,17.65,17.65,0,0,17.65,11.76,5.88,5.88,5.88,0,0,17.65,0,0,0,0,0,0,0,0,0,11.76,11.76,0,0,0,0,0,0,0,0,23.53,11.76,5.88,5.88,0,0,0,11.76,0,0,0,0,0,0,0,0,17.65,0,0,5.88,11.76,0,0,0,0,0,0,0,0,0,0,0,0,5.88,0,0,0,0,0,0,11.76,5.88,0,0,5.88,0,0,0,0,0,11.76,5.88,0,0,0,0,0,29.41,11.76,5.88,0,0,11.76,0,0
2871,seller,1,47,48.6,18.61,16.56,83.95,23.5,17.02,93.62,72.34,65.96,17.02,14.89,8.51,2.13,4.26,0,0,2.13,17.02,14.89,0,12.77,12.77,2.13,8.51,4.26,19.15,0,0,6.38,2.13,0,4.26,19.15,0,6.38,0,0,0,2.13,0,4.26,0,4.26,4.26,0,0,0,0,0,0,0,0,12.77,6.38,0,4.26,0,0,4.26,6.38,0,0,0,0,0,0,0,0,10.64,0,0,6.38,4.26,0,0,0,0,0,0,0,0,0,0,0,0,2.13,0,2.13,0,0,0,0,0,2.13,0,0,0,2.13,0,0,0,10.64,4.26,0,0,0,0,0,0,2.13,2.13,0,0,0,0,0,0
2871,seller,1,50,39.7,40.06,13.33,81.12,25,16,94,76,68,18,16,8,2,6,0,0,2,18,14,0,12,12,4,8,4,20,2,2,6,2,0,4,18,0,6,0,0,0,2,0,4,0,4,4,0,0,0,0,0,0,0,0,14,6,2,4,0,0,4,8,0,0,0,0,0,0,0,0,10,0,0,6,4,0,0,0,0,0,0,0,0,0,0,0,0,2,0,2,0,0,0,0,0,2,0,0,0,2,0,0,0,10,4,0,0,0,0,0,0,2,2,0,0,0,0,0,0
2871,seller,1,45,33.38,98.14,10.18,54.76,45,17.78,86.67,57.78,46.67,15.56,13.33,2.22,0,6.67,0,4.44,2.22,15.56,6.67,0,6.67,8.89,2.22,6.67,2.22,17.78,4.44,4.44,4.44,0,0,4.44,17.78,0,6.67,4.44,0,0,0,0,2.22,0,2.22,2.22,0,0,0,0,0,0,0,0,22.22,6.67,6.67,6.67,0,0,2.22,15.56,0,0,0,0,0,0,0,0,17.78,0,0,4.44,13.33,0,0,0,0,0,0,0,0,0,0,0,0,8.89,0,2.22,0,0,0,0,6.67,4.44,0,0,2.22,2.22,0,0,0,11.11,2.22,0,0,0,0,0,0,13.33,2.22,8.89,0,0,0,2.22,0
2872,buyer,1,22,1,40.06,20.79,1,11,13.64,90.91,77.27,68.18,27.27,13.64,9.09,4.55,0,0,0,13.64,13.64,0,0,4.55,18.18,13.64,4.55,0,22.73,9.09,4.55,9.09,4.55,4.55,0,31.82,0,18.18,9.09,4.55,9.09,0,0,0,0,13.64,4.55,9.09,4.55,0,4.55,0,0,0,0,13.64,9.09,0,4.55,0,0,4.55,4.55,0,0,0,0,0,0,0,0,0,0,0,0,0,0,0,0,0,0,0,0,0,0,0,0,0,4.55,0,0,0,0,0,0,0,0,0,0,0,0,0,0,4.55,9.09,9.09,0,0,0,0,0,0,9.09,0,4.55,4.55,0,0,0,0
2872,buyer,1,36,1,56.63,10.18,93.93,18,22.22,94.44,66.67,61.11,25,13.89,2.78,2.78,8.33,0,0,11.11,16.67,2.78,0,5.56,16.67,5.56,5.56,8.33,19.44,2.78,2.78,5.56,2.78,2.78,0,27.78,0,27.78,5.56,5.56,11.11,0,0,11.11,0,11.11,8.33,2.78,2.78,0,2.78,0,0,0,0,27.78,13.89,8.33,0,0,0,2.78,13.89,0,0,0,0,0,0,0,0,8.33,0,2.78,5.56,2.78,0,0,0,0,0,0,0,0,0,0,0,0,0,0,0,0,0,0,0,5.56,0,0,0,0,0,0,0,2.78,0,8.33,0,2.78,0,2.78,0,0,11.11,0,8.33,2.78,0,0,0,0
2872,buyer,1,40,3.8,40.06,1,99,40,25,95,60,57.5,22.5,15,5,2.5,7.5,0,0,7.5,17.5,5,0,7.5,15,2.5,5,7.5,15,2.5,2.5,5,2.5,0,2.5,22.5,0,22.5,0,2.5,12.5,0,0,10,0,15,12.5,2.5,7.5,5,2.5,0,0,0,0,27.5,15,10,2.5,0,0,2.5,12.5,0,0,0,0,0,0,0,0,12.5,0,2.5,10,2.5,0,0,0,0,0,0,0,0,0,0,0,0,0,0,0,0,0,0,0,5,0,0,0,0,0,0,0,2.5,0,5,0,2.5,0,2.5,0,0,7.5,0,7.5,0,0,0,0,0
2872,buyer,1,53,5.44,51.31,10.87,99,53,26.42,92.45,49.06,43.4,18.87,15.09,3.77,1.89,5.66,0,3.77,3.77,16.98,3.77,0,3.77,11.32,0,5.66,9.43,15.09,0,0,7.55,1.89,0,5.66,26.42,1.89,20.75,3.77,1.89,7.55,0,0,9.43,0,9.43,9.43,0,3.77,3.77,0,0,0,0,0,30.19,13.21,11.32,5.66,0,0,1.89,16.98,0,0,0,0,0,0,0,0,24.53,0,1.89,11.32,13.21,0,0,0,0,0,0,0,0,0,0,0,0,7.55,0,0,0,0,0,0,11.32,0,0,0,0,0,0,0,1.89,3.77,3.77,0,1.89,0,1.89,0,0,16.98,1.89,11.32,0,0,1.89,1.89,0
2872,seller,1,37,7.95,98.5,1,62.77,18.5,10.81,89.19,81.08,70.27,16.22,8.11,0,5.41,2.7,0,0,8.11,18.92,10.81,0,8.11,21.62,5.41,10.81,0,24.32,0,10.81,5.41,5.41,0,0,27.03,0,16.22,2.7,2.7,10.81,0,5.41,2.7,0,2.7,2.7,0,0,0,0,0,0,0,0,13.51,2.7,0,0,0,0,0,10.81,0,0,0,0,0,0,0,0,8.11,0,0,2.7,8.11,0,0,0,0,0,0,0,0,0,0,0,0,0,0,0,0,0,0,0,2.7,0,0,0,0,0,0,0,0,8.11,10.81,2.7,2.7,0,0,2.7,0,8.11,0,5.41,2.7,0,0,0,0
2872,seller,1,37,3.48,83.39,9.25,62.77,18.5,13.51,94.59,89.19,75.68,24.32,13.51,5.41,5.41,2.7,0,0,10.81,16.22,8.11,0,10.81,18.92,5.41,10.81,0,27.03,0,13.51,5.41,5.41,0,0,27.03,0,16.22,5.41,2.7,5.41,0,0,5.41,0,2.7,2.7,0,0,0,0,0,0,0,0,13.51,2.7,0,0,0,0,0,10.81,0,0,0,0,0,0,0,0,8.11,0,0,2.7,8.11,0,0,0,0,0,0,0,0,0,0,0,0,0,0,0,0,0,0,0,2.7,0,0,0,0,0,0,0,0,0,10.81,5.41,0,0,0,0,0,8.11,0,5.41,2.7,0,0,0,0
2872,seller,1,41,6.47,40.06,14.11,99,20.5,12.2,97.56,85.37,70.73,24.39,14.63,7.32,4.88,2.44,0,0,9.76,19.51,9.76,0,9.76,17.07,2.44,9.76,2.44,24.39,0,12.2,4.88,4.88,0,0,21.95,0,14.63,2.44,0,4.88,0,0,7.32,0,9.76,9.76,0,0,0,0,0,0,0,0,12.2,2.44,0,0,0,0,0,9.76,0,0,0,0,0,0,0,0,7.32,0,0,2.44,7.32,0,0,0,0,0,0,0,0,0,0,0,0,0,0,0,0,0,0,0,4.88,0,0,0,0,0,0,0,0,0,7.32,9.76,2.44,0,2.44,0,0,9.76,2.44,7.32,0,0,0,0,0
2872,seller,1,18,4.55,1,99,99,9,16.67,100,72.22,55.56,33.33,16.67,16.67,0,0,0,0,16.67,16.67,5.56,0,5.56,11.11,0,0,5.56,22.22,0,5.56,0,0,0,0,22.22,0,16.67,5.56,0,0,0,0,11.11,0,22.22,22.22,0,0,0,0,0,0,0,0,0,0,0,0,0,0,0,0,0,0,0,0,0,0,0,0,5.56,0,0,5.56,0,0,0,0,0,0,0,0,0,0,0,0,0,5.56,0,0,0,0,0,0,5.56,0,0,0,0,0,0,0,0,0,0,16.67,5.56,0,5.56,0,0,16.67,5.56,11.11,0,0,0,0,0
2873,buyer,1,89,21.5,13.62,72.1,55.18,29.67,13.48,96.63,77.53,65.17,23.6,15.73,10.11,0,3.37,0,2.25,7.87,13.48,4.49,0,16.85,11.24,4.49,6.74,2.25,16.85,6.74,1.12,4.49,1.12,0,3.37,19.1,0,7.87,0,2.25,2.25,1.12,0,2.25,0,4.49,3.37,1.12,1.12,1.12,0,0,0,0,0,6.74,1.12,1.12,0,0,0,0,5.62,0,0,0,0,0,0,0,0,4.49,0,0,0,4.49,0,0,0,0,0,0,0,0,0,0,0,0,4.49,0,1.12,0,1.12,0,0,10.11,10.11,2.25,1.12,6.74,1.12,0,0,3.37,3.37,2.25,5.62,2.25,0,2.25,0,0,10.11,4.49,4.49,0,0,1.12,0,0
2873,buyer,1,66,24.27,23.94,29.49,42.71,22,15.15,95.45,77.27,59.09,16.67,12.12,7.58,0,3.03,0,1.52,4.55,12.12,6.06,0,13.64,13.64,4.55,9.09,1.52,21.21,10.61,1.52,6.06,0,0,6.06,21.21,0,7.58,0,1.52,3.03,1.52,0,1.52,0,4.55,3.03,1.52,1.52,1.52,0,0,0,0,0,9.09,3.03,1.52,1.52,0,0,1.52,4.55,0,0,0,0,0,0,0,0,3.03,0,0,1.52,1.52,0,0,0,0,0,0,0,0,0,0,0,0,1.52,0,1.52,0,0,0,1.52,12.12,9.09,1.52,1.52,6.06,1.52,0,0,1.52,1.52,3.03,9.09,4.55,0,4.55,0,0,10.61,4.55,4.55,0,0,1.52,0,0
2873,buyer,1,61,55.44,40.06,27.07,71.67,20.33,11.48,93.44,77.05,60.66,13.11,8.2,4.92,0,1.64,0,1.64,4.92,13.11,8.2,0,16.39,11.48,6.56,8.2,0,19.67,8.2,1.64,4.92,0,0,4.92,14.75,0,1.64,0,0,1.64,0,0,0,0,3.28,3.28,0,0,0,0,0,0,0,0,9.84,4.92,3.28,1.64,0,0,1.64,3.28,0,0,0,0,0,0,0,0,3.28,0,0,1.64,1.64,0,0,0,0,0,0,0,0,0,0,0,0,1.64,0,1.64,0,0,0,1.64,11.48,13.11,3.28,1.64,8.2,3.28,0,0,1.64,0,1.64,11.48,4.92,0,4.92,0,0,8.2,4.92,3.28,0,0,0,0,0
2873,buyer,1,45,53.05,77.41,32.09,54.76,22.5,17.78,91.11,60,42.22,6.67,6.67,2.22,0,0,0,4.44,0,13.33,6.67,0,6.67,11.11,4.44,6.67,0,22.22,6.67,2.22,6.67,0,0,6.67,24.44,0,4.44,4.44,0,0,0,0,0,0,2.22,2.22,0,0,0,0,0,0,0,0,22.22,11.11,8.89,6.67,0,0,2.22,8.89,0,0,0,0,0,0,0,0,20,0,0,6.67,13.33,0,0,0,0,0,0,0,0,0,0,0,0,8.89,0,2.22,0,0,0,2.22,13.33,8.89,2.22,0,6.67,2.22,0,0,2.22,6.67,2.22,8.89,4.44,0,4.44,0,0,17.78,4.44,11.11,0,0,0,2.22,0
2873,seller,1,94,39.08,99,12.21,35.29,11.75,25.53,84.04,61.7,55.32,14.89,11.7,0,7.45,4.26,0,0,3.19,17.02,8.51,1.06,10.64,14.89,3.19,5.32,1.06,18.09,4.26,2.13,8.51,7.45,0,1.06,26.6,1.06,12.77,3.19,1.06,5.32,1.06,0,3.19,0,5.32,3.19,2.13,1.06,1.06,0,0,0,0,0,13.83,2.13,1.06,2.13,0,0,1.06,11.7,0,0,0,0,0,0,0,0,1.06,0,0,0,1.06,0,0,0,0,0,0,0,0,0,0,2.13,1.06,7.45,0,0,0,0,0,0,2.13,8.51,2.13,1.06,6.38,0,0,0,3.19,6.38,2.13,7.45,0,0,0,0,0,12.77,8.51,3.19,0,0,1.06,0,0
2873,seller,1,89,52.52,99,20.01,9.43,14.83,25.84,82.02,60.67,56.18,16.85,13.48,0,7.87,5.62,0,0,3.37,17.98,10.11,1.12,12.36,12.36,1.12,6.74,1.12,14.61,2.25,1.12,10.11,7.87,0,2.25,24.72,0,12.36,4.49,0,3.37,1.12,1.12,3.37,0,1.12,0,1.12,0,0,0,0,0,0,0,17.98,3.37,2.25,2.25,0,0,1.12,14.61,0,0,0,0,0,0,0,0,2.25,0,0,1.12,2.25,0,0,0,0,0,0,0,0,0,0,0,0,6.74,0,0,0,0,0,1.12,2.25,6.74,2.25,1.12,4.49,0,0,0,3.37,4.49,3.37,3.37,0,0,0,0,0,10.11,6.74,2.25,0,0,1.12,0,0
2873,seller,1,83,52.72,99,6.2,37.57,13.83,20.48,81.93,62.65,60.24,13.25,10.84,0,6.02,4.82,0,0,2.41,18.07,12.05,1.2,12.05,14.46,3.61,8.43,0,15.66,1.2,1.2,7.23,6.02,0,1.2,25.3,0,10.84,3.61,0,1.2,1.2,2.41,2.41,0,1.2,1.2,0,1.2,1.2,0,0,0,0,0,19.28,6.02,3.61,3.61,0,0,1.2,12.05,0,0,0,0,0,0,0,0,3.61,0,0,2.41,2.41,0,0,0,0,0,0,0,0,0,0,0,0,3.61,0,0,0,0,0,1.2,1.2,2.41,1.2,0,1.2,0,0,0,3.61,2.41,3.61,4.82,0,0,0,0,0,8.43,7.23,1.2,0,0,0,0,0
2873,seller,1,53,27.3,99,10.87,78.39,10.6,16.98,88.68,64.15,62.26,15.09,13.21,0,7.55,5.66,0,0,1.89,18.87,11.32,1.89,9.43,15.09,5.66,9.43,0,16.98,0,1.89,9.43,7.55,0,1.89,30.19,0,13.21,5.66,0,0,1.89,3.77,1.89,0,3.77,3.77,0,1.89,1.89,0,0,0,0,0,24.53,7.55,3.77,3.77,0,0,1.89,15.09,0,0,0,0,0,0,0,0,7.55,0,0,5.66,3.77,0,0,0,0,0,0,0,0,0,0,0,0,1.89,0,0,0,0,0,1.89,1.89,1.89,1.89,0,0,0,0,0,3.77,1.89,5.66,5.66,0,0,0,0,0,7.55,7.55,0,0,0,0,0,0
2874,buyer,1,71,44.73,9.49,16.15,64.63,10.14,16.9,91.55,64.79,57.75,14.08,5.63,4.23,0,1.41,0,0,8.45,19.72,15.49,0,5.63,15.49,2.82,5.63,1.41,18.31,4.23,0,1.41,0,0,1.41,26.76,0,16.9,5.63,2.82,5.63,0,0,5.63,0,2.82,2.82,0,0,0,0,0,0,0,0,15.49,12.68,5.63,7.04,0,0,7.04,2.82,0,0,0,0,2.82,0,0,2.82,5.63,0,0,2.82,2.82,0,0,0,0,0,0,0,0,0,0,0,0,4.23,0,0,0,0,0,0,5.63,2.82,0,0,1.41,1.41,0,0,1.41,8.45,7.04,0,0,0,0,0,0,11.27,4.23,1.41,5.63,0,0,0,0
2874,buyer,1,111,35.05,17.62,25.05,47.58,10.09,13.51,91.89,71.17,61.26,15.32,8.11,4.5,0.9,2.7,0,0,7.21,18.92,12.61,0,8.11,14.41,2.7,8.11,1.8,18.02,5.41,0.9,2.7,0.9,0,1.8,25.23,0,15.32,4.5,1.8,4.5,1.8,0,6.31,0,3.6,2.7,0.9,0.9,0,0.9,0,0,0,0,13.51,9.01,4.5,4.5,0,0,3.6,4.5,0,0,0,0,1.8,0,0,1.8,5.41,0,0,2.7,2.7,0,0,0,0,0,0,0,0,0,0,0.9,0,3.6,0,0.9,0,0,0,0,6.31,3.6,0,0,2.7,0.9,0,0,0.9,5.41,5.41,2.7,1.8,0,1.8,0,0,11.71,4.5,0.9,5.41,0,0.9,0,0
2874,buyer,1,93,48.05,33.95,12.67,35.47,9.3,11.83,91.4,72.04,60.22,15.05,9.68,5.38,1.08,3.23,0,0,5.38,19.35,11.83,0,9.68,12.9,1.08,8.6,1.08,15.05,6.45,1.08,3.23,1.08,0,2.15,19.35,0,11.83,3.23,1.08,4.3,2.15,0,4.3,0,3.23,2.15,1.08,1.08,0,1.08,0,0,0,0,13.98,8.6,4.3,3.23,0,0,2.15,5.38,0,0,0,0,1.08,0,0,1.08,5.38,0,0,3.23,2.15,0,0,0,0,0,0,0,0,0,0,1.08,0,2.15,0,1.08,0,0,0,0,8.6,4.3,0,0,3.23,1.08,0,0,0,2.15,4.3,3.23,4.3,0,4.3,0,0,10.75,4.3,0,5.38,0,1.08,0,0
2874,buyer,1,68,26.1,66.03,26.78,41.97,13.6,14.71,88.24,66.18,51.47,16.18,11.76,4.41,1.47,2.94,0,2.94,4.41,14.71,4.41,0,8.82,10.29,1.47,8.82,1.47,16.18,4.41,1.47,5.88,1.47,0,4.41,20.59,0,10.29,4.41,0,1.47,2.94,0,4.41,0,4.41,2.94,1.47,1.47,0,1.47,0,0,0,0,17.65,7.35,4.41,4.41,0,0,0,10.29,0,0,0,0,0,0,0,0,14.71,0,0,4.41,10.29,0,0,0,0,0,0,0,0,0,0,1.47,0,7.35,0,1.47,0,0,0,0,10.29,2.94,0,0,2.94,0,0,0,0,2.94,2.94,4.41,5.88,0,5.88,0,0,16.18,4.41,5.88,2.94,0,1.47,1.47,0
2874,seller,1,91,28.19,53.18,13.68,99,15.17,14.29,92.31,70.33,60.44,19.78,15.38,8.79,0,6.59,0,0,4.4,12.09,6.59,1.1,10.99,14.29,4.4,3.3,0,17.58,8.79,3.3,5.49,1.1,2.2,2.2,21.98,0,13.19,3.3,1.1,7.69,3.3,0,2.2,0,9.89,8.79,1.1,3.3,2.2,1.1,0,0,0,0,16.48,8.79,4.4,5.49,0,0,4.4,6.59,0,0,0,0,0,0,0,0,6.59,0,0,3.3,4.4,0,0,0,0,0,0,0,0,0,0,0,1.1,5.49,0,0,0,1.1,0,0,1.1,4.4,1.1,1.1,2.2,1.1,0,0,2.2,4.4,5.49,1.1,0,0,0,0,0,12.09,3.3,5.49,2.2,0,0,1.1,0
2874,seller,1,165,41.51,33.21,19.26,47.86,20.63,12.12,92.12,72.73,61.21,15.76,12.12,7.27,0.61,4.24,0,0,3.64,12.12,6.67,1.21,15.76,13.33,4.85,6.67,1.21,18.79,7.27,3.64,6.06,1.21,1.82,3.03,20.61,0.61,10.91,3.03,1.21,5.45,1.82,0,2.42,0,6.67,4.24,2.42,3.03,1.82,1.21,0,0.61,0,0,12.73,6.67,3.03,4.24,0.61,0,1.82,4.85,0,0,0,0,0,0,0,0,6.67,0,0,2.42,4.85,0,0,0,0,0,0,0,0,0,0,0,0.61,4.24,0,0,0,0.61,0.61,0,6.06,4.85,0.61,0.61,2.42,0.61,0.61,0.61,3.03,3.03,6.67,0,0,0,0,0,0,9.09,3.64,3.03,1.21,0,0,1.21,0
2874,seller,1,146,38.1,22.14,17.7,63.38,18.25,11.64,92.47,75.34,62.33,14.38,11.64,7.53,0.68,3.42,0,0,2.74,10.96,6.16,1.37,16.44,14.38,5.48,7.53,1.37,20.55,8.22,4.11,6.16,1.37,2.05,2.74,19.86,0.68,11.64,2.74,1.37,6.16,2.05,0,2.74,0,8.22,5.48,2.74,4.79,3.42,1.37,0,0.68,0,0,10.96,5.48,2.74,3.42,0.68,0,0.68,4.11,0,0,0,0,0,0,0,0,6.16,0,0,2.74,4.11,0,0,0,0,0,0,0,0,0,0,0,0.68,2.74,0,0,0,0.68,0.68,0,6.16,4.79,0,0.68,2.74,0,1.37,0.68,2.74,0.68,7.53,0,0,0,0,0,0,8.9,4.79,2.74,0.68,0,0,0.68,0
2874,seller,1,93,38.45,18.43,17.19,70.91,15.5,8.6,93.55,76.34,61.29,13.98,9.68,6.45,1.08,2.15,0,0,4.3,10.75,5.38,1.08,18.28,12.9,6.45,8.6,2.15,21.51,6.45,3.23,6.45,2.15,1.08,3.23,20.43,1.08,9.68,3.23,2.15,4.3,1.08,0,2.15,0,9.68,6.45,3.23,5.38,4.3,1.08,0,1.08,0,0,9.68,5.38,2.15,3.23,1.08,0,0,3.23,0,0,0,0,0,0,0,0,6.45,0,0,2.15,4.3,0,0,0,0,0,0,0,0,0,0,0,1.08,3.23,0,0,0,0,1.08,0,9.68,5.38,0,0,2.15,0,2.15,1.08,3.23,1.08,9.68,0,0,0,0,0,0,8.6,4.3,2.15,1.08,0,0,1.08,0
2875,buyer,1,95,1.84,11.47,70.28,9.95,11.88,13.68,95.79,73.68,62.11,18.95,14.74,10.53,0,3.16,0,0,4.21,13.68,6.32,1.05,6.32,14.74,11.58,9.47,2.11,22.11,4.21,2.11,1.05,1.05,0,0,25.26,2.11,10.53,1.05,3.16,4.21,2.11,0,3.16,0,5.26,2.11,3.16,1.05,1.05,0,0,0,0,0,13.68,7.37,1.05,0,0,1.05,4.21,6.32,0,0,0,0,1.05,0,0,1.05,9.47,0,0,4.21,7.37,0,0,0,0,0,0,0,0,0,0,2.11,0,4.21,0,0,0,0,0,0,12.63,5.26,0,2.11,3.16,0,0,0,5.26,4.21,7.37,1.05,0,0,0,0,0,14.74,4.21,4.21,3.16,1.05,2.11,0,0
2875,buyer,1,118,1.41,35.22,71.12,31.93,13.11,13.56,94.92,75.42,66.1,21.19,16.95,9.32,0,5.93,0,0,4.24,12.71,5.93,1.69,7.63,15.25,11.02,8.47,3.39,21.19,2.54,2.54,1.69,0.85,0,0.85,26.27,1.69,12.71,3.39,4.24,3.39,1.69,0,4.24,0,4.24,2.54,1.69,1.69,1.69,0,0,0,0,0,19.49,9.32,2.54,0.85,0,1.69,4.24,10.17,0,0,0,0,0.85,0,0,0.85,6.78,0,0,3.39,5.93,0,0,0,0,0,0,0,0,0,0,1.69,0,3.39,0,0,0,0,0,0,11.86,3.39,0,0.85,2.54,0,0,0,4.24,3.39,5.93,0.85,0,0,0,0,0,11.86,3.39,2.54,2.54,1.69,1.69,0,0
2875,buyer,1,126,1.78,44.76,56.69,43.94,11.45,18.25,94.44,74.6,63.49,23.02,17.46,7.94,0.79,7.14,0,0,5.56,12.7,3.97,0.79,7.94,13.49,7.94,6.35,5.56,20.63,3.17,0.79,4.76,1.59,0.79,2.38,24.6,0.79,12.7,2.38,2.38,2.38,2.38,0,6.35,0,4.76,3.17,1.59,0.79,0.79,0,0,0,0,0,21.43,8.73,3.17,1.59,0,1.59,4.76,12.7,0,0,0,0,1.59,0,0,1.59,7.94,0,0,5.56,5.56,0,0,0,0,0,0,0,0,0,0,0.79,0.79,3.97,0,0,0,0,0,0,7.14,2.38,0,0.79,1.59,0,0,0,2.38,1.59,7.94,0.79,0,0,0,0,0,11.9,1.59,1.59,5.56,1.59,1.59,0,0
2875,buyer,1,86,4.92,33.48,61.77,56.53,9.56,18.6,95.35,73.26,62.79,24.42,20.93,10.47,1.16,8.14,0,0,3.49,12.79,4.65,1.16,8.14,11.63,4.65,3.49,6.98,18.6,2.33,1.16,8.14,1.16,1.16,5.81,25.58,0,16.28,4.65,2.33,3.49,1.16,0,6.98,0,4.65,3.49,1.16,2.33,1.16,1.16,0,0,0,0,23.26,9.3,5.81,4.65,0,1.16,2.33,13.95,0,0,0,0,1.16,0,0,1.16,8.14,0,0,6.98,4.65,0,0,0,0,0,0,0,0,0,0,1.16,1.16,3.49,0,0,0,0,0,0,9.3,0,0,0,0,0,0,0,1.16,1.16,6.98,1.16,0,0,0,0,0,10.47,2.33,0,6.98,1.16,0,0,0
2875,buyer,1,75,7.03,19.67,35.01,39.67,9.38,22.67,93.33,61.33,50.67,18.67,16,8,1.33,4,0,2.67,2.67,13.33,2.67,0,5.33,10.67,2.67,4,8,18.67,2.67,0,10.67,1.33,1.33,8,25.33,1.33,14.67,4,0,2.67,1.33,0,6.67,0,4,2.67,1.33,1.33,0,1.33,0,0,0,0,21.33,8,6.67,6.67,0,0,1.33,13.33,0,0,0,0,1.33,0,0,1.33,18.67,0,0,9.33,12,0,0,0,0,0,0,0,0,0,0,0,1.33,9.33,0,0,0,0,0,0,10.67,0,0,0,0,0,0,0,0,2.67,8,1.33,0,0,0,0,0,18.67,2.67,5.33,8,0,1.33,1.33,0
2875,seller,1,77,52.96,95.56,24.32,20.23,9.63,24.68,90.91,70.13,58.44,12.99,7.79,0,6.49,1.3,0,0,5.19,18.18,9.09,0,14.29,12.99,5.19,3.9,3.9,19.48,5.19,0,9.09,6.49,2.6,0,29.87,2.6,11.69,3.9,3.9,0,1.3,2.6,1.3,0,5.19,2.6,2.6,0,0,0,0,0,0,0,14.29,3.9,0,0,0,1.3,2.6,10.39,0,0,0,0,1.3,0,0,1.3,11.69,0,0,6.49,7.79,0,0,0,0,0,0,0,0,0,0,0,0,1.3,0,0,0,0,0,0,7.79,10.39,0,1.3,7.79,1.3,0,0,0,10.39,3.9,2.6,0,0,0,0,0,14.29,10.39,2.6,0,0,1.3,0,0
2875,seller,1,85,70.62,97.99,63.35,20.23,10.63,23.53,91.76,67.06,56.47,12.94,9.41,0,7.06,2.35,0,0,3.53,17.65,9.41,0,15.29,8.24,7.06,2.35,3.53,14.12,3.53,1.18,9.41,7.06,2.35,0,27.06,1.18,14.12,5.88,3.53,0,1.18,1.18,3.53,0,4.71,2.35,2.35,1.18,1.18,0,0,0,0,0,18.82,5.88,0,0,0,1.18,2.35,12.94,0,0,0,0,1.18,0,0,1.18,9.41,0,0,5.88,7.06,0,0,0,0,0,0,0,0,0,0,0,0,1.18,0,0,0,0,0,0,8.24,11.76,0,1.18,9.41,1.18,0,0,0,7.06,4.71,1.18,0,0,0,0,0,14.12,9.41,3.53,0,0,1.18,0,0
2875,seller,1,79,65.25,99,47.11,2.78,13.17,20.25,92.41,67.09,55.7,16.46,13.92,0,8.86,5.06,0,0,2.53,16.46,8.86,0,13.92,7.59,5.06,3.8,1.27,12.66,6.33,1.27,13.92,8.86,3.8,1.27,22.78,0,13.92,6.33,2.53,1.27,1.27,0,5.06,0,5.06,1.27,3.8,2.53,1.27,1.27,0,0,0,0,26.58,8.86,1.27,1.27,0,1.27,2.53,17.72,0,0,0,0,2.53,0,0,2.53,8.86,0,0,6.33,6.33,0,0,0,0,0,0,0,0,0,0,0,0,0,0,0,0,0,0,0,6.33,8.86,0,1.27,6.33,1.27,0,0,0,5.06,6.33,0,0,0,0,0,0,10.13,7.59,2.53,0,0,0,0,0
2875,seller,1,80,32.63,99,45.52,90.5,13.33,23.75,90,66.25,57.5,17.5,15,0,8.75,6.25,0,0,2.5,20,6.25,0,11.25,7.5,6.25,6.25,2.5,12.5,3.75,2.5,13.75,8.75,2.5,2.5,22.5,2.5,12.5,6.25,1.25,2.5,2.5,0,3.75,0,7.5,6.25,1.25,6.25,5,1.25,0,0,0,0,26.25,8.75,5,2.5,0,0,0,17.5,0,0,0,0,1.25,0,0,1.25,5,0,0,5,3.75,0,0,0,0,0,0,0,0,0,0,0,1.25,2.5,0,0,0,0,0,0,7.5,7.5,0,0,7.5,0,0,0,2.5,0,6.25,2.5,0,0,0,0,0,7.5,6.25,1.25,0,0,0,0,0
2875,seller,1,59,14.51,99,12.81,98.08,14.75,23.73,89.83,66.1,57.63,20.34,16.95,0,10.17,6.78,0,0,3.39,20.34,5.08,0,8.47,8.47,5.08,8.47,1.69,13.56,5.08,1.69,16.95,10.17,3.39,3.39,20.34,3.39,10.17,5.08,1.69,3.39,3.39,0,1.69,0,10.17,8.47,1.69,6.78,5.08,1.69,0,0,0,0,27.12,8.47,6.78,3.39,0,0,0,18.64,0,0,0,0,1.69,0,0,1.69,6.78,0,0,6.78,3.39,0,0,0,0,0,0,0,0,0,0,0,1.69,5.08,0,0,0,0,0,0,5.08,5.08,0,0,5.08,0,0,0,3.39,0,5.08,3.39,0,0,0,0,0,5.08,5.08,0,0,0,0,0,0
2878,buyer,1,50,12.09,40.06,22.74,20.23,16.67,14,96,74,68,18,12,6,0,6,0,0,6,22,12,0,6,18,4,8,2,20,6,4,8,0,0,8,32,6,10,2,2,4,0,0,4,0,4,2,2,0,0,0,0,0,0,0,18,12,4,8,0,2,4,6,0,0,0,0,0,0,0,0,8,0,0,0,8,0,0,0,0,0,0,0,0,0,0,0,0,4,0,0,0,0,0,0,2,4,0,0,4,0,0,0,2,8,8,0,0,0,0,0,0,4,2,0,2,0,0,0,0
2878,buyer,1,51,2.23,63.27,32.94,20.23,12.75,9.8,98.04,78.43,68.63,19.61,13.73,5.88,0,7.84,0,0,5.88,19.61,7.84,1.96,5.88,21.57,5.88,7.84,1.96,25.49,5.88,5.88,5.88,0,0,5.88,35.29,5.88,11.76,3.92,1.96,3.92,0,0,3.92,0,3.92,1.96,1.96,0,0,0,0,0,0,0,15.69,7.84,3.92,3.92,0,1.96,3.92,7.84,0,0,0,0,0,0,0,0,5.88,0,0,0,5.88,0,0,0,0,0,0,0,0,0,0,0,0,3.92,0,0,0,0,0,0,1.96,3.92,0,0,3.92,0,0,0,1.96,7.84,9.8,0,0,0,0,0,0,7.84,3.92,0,1.96,0,0,1.96,0
2878,buyer,1,60,6.39,69.2,12.08,45.29,20,18.33,93.33,60,50,16.67,13.33,5,0,5,0,3.33,3.33,16.67,5,1.67,3.33,16.67,1.67,6.67,3.33,25,1.67,5,8.33,0,0,8.33,31.67,5,10,5,0,1.67,0,0,3.33,0,1.67,1.67,0,0,0,0,0,0,0,0,20,8.33,6.67,6.67,0,0,3.33,11.67,0,0,0,0,0,0,0,0,18.33,0,0,3.33,15,0,0,0,0,0,0,0,0,0,0,0,0,10,0,0,0,0,0,0,5,0,0,0,0,0,0,0,0,10,8.33,0,0,0,0,0,0,16.67,5,6.67,0,0,1.67,3.33,0
2878,seller,1,56,26.1,99,15.38,75.77,11.2,21.43,92.86,73.21,55.36,19.64,17.86,5.36,1.79,10.71,0,0,1.79,16.07,3.57,0,12.5,8.93,5.36,7.14,0,17.86,7.14,5.36,3.57,1.79,0,1.79,25,3.57,12.5,3.57,0,3.57,0,1.79,1.79,0,3.57,3.57,0,0,0,0,0,0,0,0,28.57,14.29,5.36,5.36,0,1.79,7.14,14.29,0,0,0,0,0,0,0,0,3.57,0,0,1.79,3.57,0,0,0,0,0,0,0,0,0,0,0,0,0,0,0,0,0,0,0,1.79,8.93,3.57,0,3.57,1.79,1.79,0,1.79,3.57,5.36,0,0,0,0,0,0,14.29,7.14,3.57,1.79,0,1.79,0,0
2878,seller,1,81,40.44,99,10.18,38.04,10.13,23.46,90.12,70.37,55.56,19.75,18.52,6.17,1.23,11.11,0,0,1.23,16.05,4.94,1.23,13.58,7.41,3.7,7.41,0,16.05,4.94,3.7,3.7,1.23,0,2.47,23.46,2.47,14.81,2.47,1.23,3.7,3.7,1.23,2.47,0,3.7,2.47,1.23,1.23,0,1.23,0,0,0,0,27.16,13.58,7.41,6.17,0,1.23,4.94,13.58,0,0,0,0,0,0,0,0,3.7,0,0,1.23,3.7,0,0,0,0,0,0,0,0,0,0,0,0,0,0,0,0,0,0,0,1.23,6.17,2.47,0,2.47,1.23,1.23,0,1.23,3.7,4.94,0,0,0,0,0,0,13.58,7.41,2.47,1.23,0,1.23,1.23,0
2878,seller,1,51,46.7,96.5,3.12,50.31,10.2,17.65,90.2,68.63,54.9,21.57,19.61,7.84,0,11.76,0,0,1.96,13.73,5.88,1.96,15.69,7.84,3.92,5.88,0,15.69,3.92,1.96,3.92,0,0,3.92,17.65,0,13.73,0,1.96,5.88,5.88,0,1.96,0,5.88,3.92,1.96,1.96,0,1.96,0,0,0,0,25.49,13.73,9.8,7.84,0,0,1.96,11.76,0,0,0,0,0,0,0,0,3.92,0,0,1.96,1.96,0,0,0,0,0,0,0,0,0,0,0,0,1.96,0,0,0,0,0,0,1.96,7.84,1.96,0,3.92,1.96,1.96,0,0,1.96,7.84,0,0,0,0,0,0,13.73,5.88,1.96,1.96,0,1.96,1.96,0
2879,buyer,1,73,2.52,6.83,67.02,99,12.17,15.07,94.52,65.75,57.53,21.92,16.44,10.96,0,5.48,0,0,5.48,5.48,1.37,0,6.85,12.33,2.74,12.33,1.37,17.81,4.11,0,1.37,0,0,1.37,39.73,0,26.03,6.85,1.37,9.59,1.37,0,6.85,0,9.59,9.59,0,8.22,8.22,0,0,0,0,0,10.96,5.48,0,1.37,0,1.37,2.74,5.48,0,0,0,0,0,0,0,0,12.33,0,0,6.85,5.48,0,0,0,0,0,0,0,0,0,0,0,0,5.48,0,0,0,0,0,0,2.74,1.37,0,1.37,1.37,0,0,0,2.74,8.22,2.74,1.37,0,0,0,0,0,9.59,8.22,1.37,0,0,0,0,0
2879,buyer,1,59,1,2.09,30.14,98.08,11.8,13.56,94.92,76.27,62.71,23.73,15.25,10.17,0,5.08,0,0,8.47,5.08,0,1.69,5.08,15.25,1.69,13.56,3.39,23.73,5.08,1.69,0,0,0,0,40.68,0,28.81,5.08,0,13.56,1.69,0,8.47,0,6.78,6.78,0,6.78,6.78,0,0,0,0,0,8.47,3.39,0,0,0,0,1.69,5.08,0,0,0,0,0,0,0,0,8.47,0,0,3.39,5.08,0,0,0,0,0,0,0,0,0,0,0,0,3.39,0,0,0,0,0,0,5.08,1.69,0,1.69,1.69,0,0,0,1.69,8.47,1.69,3.39,0,0,0,0,0,8.47,8.47,0,0,0,0,0,0
2879,buyer,1,44,1,2.53,20.79,86.79,11,13.64,95.45,77.27,63.64,27.27,18.18,11.36,0,6.82,0,0,9.09,6.82,0,2.27,4.55,13.64,4.55,9.09,4.55,22.73,4.55,2.27,0,0,0,0,40.91,0,31.82,6.82,0,13.64,2.27,0,9.09,0,4.55,4.55,0,4.55,4.55,0,0,0,0,0,9.09,2.27,0,0,0,0,0,6.82,0,0,0,0,0,0,0,0,11.36,0,0,4.55,6.82,0,0,0,0,0,0,0,0,0,0,0,0,4.55,0,0,0,0,0,0,6.82,0,0,0,0,0,0,0,0,4.55,2.27,4.55,0,0,0,0,0,9.09,6.82,0,2.27,0,0,0,0
2879,buyer,1,33,1,1,71.27,,8.25,12.12,93.94,81.82,66.67,27.27,15.15,12.12,0,3.03,0,0,12.12,6.06,0,3.03,6.06,15.15,3.03,9.09,9.09,24.24,6.06,3.03,0,0,0,0,42.42,0,33.33,6.06,0,12.12,6.06,0,15.15,0,0,0,0,0,0,0,0,0,0,0,6.06,3.03,0,0,0,0,0,3.03,0,0,0,0,0,0,0,0,9.09,0,0,3.03,6.06,0,0,0,0,0,0,0,0,0,0,0,0,3.03,0,0,0,0,0,0,6.06,0,0,0,0,0,0,0,0,6.06,3.03,6.06,0,0,0,0,0,9.09,6.06,0,3.03,0,0,0,0
2879,buyer,1,28,4.26,1,99,,9.33,14.29,92.86,78.57,64.29,32.14,21.43,17.86,0,3.57,0,0,10.71,7.14,0,3.57,14.29,7.14,7.14,3.57,3.57,25,0,3.57,0,0,0,0,25,0,14.29,7.14,0,3.57,3.57,0,7.14,0,0,0,0,0,0,0,0,0,0,0,10.71,7.14,0,0,0,0,3.57,3.57,0,0,0,0,0,0,0,0,7.14,0,0,3.57,3.57,0,0,0,0,0,0,0,0,0,0,0,0,0,0,0,0,0,0,7.14,3.57,14.29,7.14,0,3.57,10.71,0,0,0,10.71,3.57,0,0,0,0,0,0,10.71,7.14,0,3.57,0,0,0,0
2879,buyer,1,46,2.08,1,99,,11.5,10.87,89.13,80.43,65.22,30.43,23.91,19.57,2.17,2.17,0,0,6.52,13.04,2.17,2.17,8.7,10.87,2.17,4.35,6.52,28.26,0,2.17,4.35,2.17,2.17,0,30.43,0,19.57,8.7,2.17,2.17,2.17,0,8.7,0,0,0,0,0,0,0,0,0,0,0,8.7,4.35,0,0,0,0,2.17,4.35,0,0,0,0,0,0,0,0,2.17,0,0,2.17,0,0,0,0,0,0,0,0,0,0,0,0,0,0,0,0,0,0,0,4.35,4.35,8.7,4.35,0,2.17,6.52,0,0,0,6.52,4.35,6.52,0,0,0,0,0,8.7,8.7,0,0,0,0,0,0
2879,seller,1,101,2.04,24.22,97.24,1,50.5,7.92,97.03,82.18,68.32,26.73,16.83,6.93,0,9.9,0,0,9.9,14.85,3.96,0,12.87,12.87,3.96,8.91,7.92,23.76,2.97,0,0,0,0,0,30.69,0.99,15.84,4.95,1.98,1.98,1.98,0,7.92,0,3.96,0,3.96,1.98,0,1.98,0,0,0,0,21.78,11.88,0,1.98,0,0,5.94,9.9,0,0,0,0,0,0,0,0,7.92,0,0,3.96,4.95,0,0,0,0,0,0,0,0,0,0,0,0,2.97,0,0,0,0,0,0,7.92,9.9,0,3.96,4.95,0.99,0,0,1.98,9.9,6.93,0.99,0,0,0,0,0,1.98,0.99,0.99,0,0,0,0,0
2879,seller,1,115,1.81,2.58,96.08,1,38.33,6.96,96.52,82.61,67.83,24.35,16.52,8.7,0,7.83,0,0,7.83,18.26,6.09,0,10.43,15.65,3.48,8.7,8.7,25.22,5.22,0.87,0.87,0,0,0.87,34.78,2.61,19.13,4.35,1.74,4.35,2.61,0,9.57,0,3.48,0,3.48,1.74,0,1.74,0,0,0,0,20,12.17,0.87,1.74,0,0,4.35,7.83,0,0,0,0,0,0,0,0,8.7,0,0,3.48,6.09,0,0,0,0,0,0,0,0,0,0,0,0,0.87,0,0,0,0,0,0,8.7,8.7,0,3.48,4.35,0.87,0,0,1.74,7.83,9.57,1.74,0,0,0,0,0,4.35,1.74,2.61,0,0,0,0,0
2879,seller,1,95,8.42,6.45,70.28,,47.5,6.32,94.74,76.84,67.37,17.89,13.68,7.37,0,6.32,0,0,4.21,17.89,9.47,0,9.47,18.95,4.21,7.37,5.26,25.26,3.16,1.05,3.16,0,0,3.16,34.74,5.26,16.84,2.11,1.05,6.32,4.21,0,8.42,0,0,0,0,0,0,0,0,0,0,0,14.74,8.42,1.05,0,0,0,2.11,6.32,0,0,0,0,0,0,0,0,10.53,0,0,2.11,8.42,0,0,0,0,0,0,0,0,0,0,0,0,1.05,0,0,0,0,0,0,7.37,7.37,0,2.11,5.26,0,0,0,2.11,4.21,11.58,3.16,0,0,0,0,0,4.21,1.05,3.16,0,0,0,0,0
2879,seller,1,87,6.28,22.04,43.66,,29,6.9,96.55,81.61,68.97,22.99,19.54,10.34,0,9.2,0,0,3.45,14.94,9.2,0,10.34,18.39,5.75,4.6,4.6,25.29,5.75,1.15,5.75,0,1.15,4.6,34.48,6.9,13.79,1.15,0,5.75,4.6,0,6.9,0,0,0,0,0,0,0,0,0,0,0,19.54,10.34,3.45,0,0,0,1.15,9.2,0,0,0,0,0,0,0,0,5.75,0,0,0,5.75,0,0,0,0,0,0,0,0,0,0,0,0,0,0,0,0,0,0,0,5.75,4.6,1.15,0,2.3,0,0,1.15,2.3,3.45,14.94,2.3,0,0,0,0,0,8.05,2.3,5.75,0,0,0,0,0
2879,seller,1,69,4.38,31.94,65.33,,34.5,8.7,97.1,82.61,71.01,23.19,20.29,10.14,0,10.14,0,0,2.9,10.14,7.25,0,11.59,18.84,7.25,4.35,4.35,26.09,4.35,0,5.8,0,1.45,4.35,34.78,7.25,13.04,1.45,0,4.35,4.35,0,7.25,0,0,0,0,0,0,0,0,0,0,0,21.74,11.59,4.35,0,0,0,1.45,10.14,0,0,0,0,0,0,0,0,4.35,0,0,0,4.35,0,0,0,0,0,0,0,0,0,0,0,0,0,0,0,0,0,0,0,4.35,7.25,1.45,0,4.35,0,0,1.45,1.45,2.9,15.94,1.45,0,0,0,0,0,5.8,1.45,4.35,0,0,0,0,0
2879,seller,1,45,3.8,40.06,99,,22.5,8.89,100,88.89,71.11,31.11,28.89,15.56,0,13.33,0,0,2.22,6.67,4.44,0,15.56,13.33,6.67,4.44,4.44,24.44,6.67,0,4.44,0,2.22,2.22,33.33,6.67,11.11,2.22,0,2.22,2.22,0,6.67,0,0,0,0,0,0,0,0,0,0,0,28.89,15.56,6.67,0,0,0,2.22,13.33,0,0,0,0,0,0,0,0,2.22,0,0,0,2.22,0,0,0,0,0,0,0,0,0,0,0,0,0,0,0,0,0,0,0,4.44,11.11,2.22,2.22,4.44,0,0,2.22,2.22,4.44,15.56,0,0,0,0,0,0,8.89,4.44,4.44,0,0,0,0,0
2881,buyer,1,23,1,1,92.58,84.9,23,21.74,100,78.26,60.87,30.43,21.74,17.39,0,4.35,0,0,8.7,17.39,0,0,8.7,13.04,0,4.35,8.7,13.04,8.7,4.35,4.35,0,0,4.35,39.13,8.7,8.7,0,0,0,0,0,8.7,0,4.35,4.35,0,4.35,4.35,0,0,0,0,0,8.7,4.35,0,0,0,0,4.35,4.35,0,0,0,0,4.35,0,0,4.35,0,0,0,0,0,0,0,0,0,0,0,0,0,0,0,0,0,8.7,0,0,0,0,0,0,8.7,4.35,0,0,0,4.35,0,0,0,13.04,8.7,0,8.7,4.35,4.35,0,0,21.74,4.35,8.7,0,0,8.7,0,0
2881,buyer,1,31,1,11.07,35.88,70.91,7.75,12.9,96.77,80.65,67.74,32.26,19.35,12.9,0,6.45,0,0,12.9,16.13,0,0,9.68,12.9,9.68,9.68,3.23,16.13,9.68,3.23,0,0,0,0,29.03,3.23,6.45,0,0,3.23,0,0,3.23,0,3.23,3.23,0,0,0,0,0,0,0,0,9.68,3.23,3.23,3.23,0,0,3.23,6.45,0,0,0,0,3.23,0,0,3.23,0,0,0,0,0,0,0,0,0,0,0,0,0,0,0,0,0,3.23,0,0,0,0,0,0,6.45,6.45,0,0,0,3.23,3.23,0,3.23,6.45,6.45,3.23,6.45,0,6.45,0,0,19.35,9.68,3.23,3.23,0,3.23,0,0
2881,buyer,1,27,1,8.59,27.44,77.5,5.4,7.41,96.3,88.89,74.07,29.63,18.52,14.81,0,3.7,0,0,11.11,14.81,0,0,7.41,18.52,18.52,14.81,0,22.22,11.11,3.7,0,0,0,0,29.63,3.7,7.41,0,0,3.7,0,3.7,0,0,3.7,3.7,0,0,0,0,0,0,0,0,7.41,3.7,3.7,3.7,0,0,3.7,3.7,0,0,0,0,0,0,0,0,0,0,0,0,0,0,0,0,0,0,0,0,0,0,0,0,0,0,0,0,0,0,0,0,7.41,3.7,0,0,0,0,3.7,0,3.7,0,7.41,7.41,7.41,0,7.41,0,0,25.93,14.81,3.7,3.7,0,3.7,0,0
2881,buyer,1,29,1,3.55,67.94,74.09,5.8,6.9,96.55,89.66,79.31,31.03,20.69,17.24,0,3.45,0,0,10.34,13.79,0,0,6.9,17.24,20.69,13.79,0,20.69,10.34,3.45,0,0,0,0,27.59,0,6.9,0,0,3.45,0,3.45,0,0,3.45,3.45,0,0,0,0,0,0,0,0,6.9,3.45,3.45,3.45,0,0,3.45,3.45,0,0,0,0,0,0,0,0,0,0,0,0,0,0,0,0,0,0,0,0,0,0,0,0,0,0,0,0,0,0,0,0,3.45,3.45,0,0,0,0,3.45,0,6.9,0,3.45,13.79,3.45,0,3.45,0,0,17.24,13.79,0,3.45,0,0,0,0
2881,buyer,1,19,1,40.06,33.61,20.23,6.33,31.58,100,84.21,73.68,31.58,21.05,15.79,0,5.26,0,0,10.53,10.53,0,0,0,15.79,26.32,10.53,0,21.05,5.26,0,5.26,0,0,5.26,42.11,5.26,21.05,0,5.26,5.26,0,10.53,0,0,10.53,5.26,5.26,0,0,0,0,0,0,0,15.79,5.26,5.26,5.26,0,0,0,10.53,0,0,0,0,0,0,0,0,0,0,0,0,0,0,0,0,0,0,0,0,0,0,0,0,0,5.26,0,0,0,0,0,0,0,0,0,0,0,0,0,0,5.26,0,5.26,15.79,0,0,0,0,0,15.79,10.53,5.26,0,0,0,0,0
2881,buyer,1,17,1,99,12.44,95.42,8.5,29.41,100,82.35,58.82,35.29,23.53,11.76,0,11.76,0,0,11.76,11.76,0,0,0,5.88,17.65,5.88,0,17.65,11.76,0,5.88,0,0,5.88,35.29,5.88,17.65,0,5.88,5.88,0,5.88,0,0,17.65,11.76,5.88,0,0,0,0,0,0,0,29.41,11.76,11.76,11.76,0,0,5.88,17.65,0,0,0,0,0,0,0,0,0,0,0,0,0,0,0,0,0,0,0,0,0,0,0,0,0,5.88,0,0,0,0,0,0,5.88,0,0,0,0,0,0,0,5.88,0,5.88,11.76,5.88,0,5.88,0,0,23.53,11.76,11.76,0,0,0,0,0
2881,buyer,1,33,4.19,99,1.51,67.94,16.5,30.3,90.91,51.52,36.36,18.18,15.15,3.03,0,6.06,0,6.06,3.03,12.12,0,0,0,6.06,6.06,6.06,3.03,18.18,3.03,0,9.09,0,0,9.09,30.3,6.06,15.15,6.06,3.03,3.03,0,3.03,0,0,9.09,6.06,3.03,0,0,0,0,0,0,0,33.33,12.12,12.12,12.12,0,0,3.03,21.21,0,0,0,0,0,0,0,0,24.24,0,0,6.06,18.18,0,0,0,0,0,0,0,0,0,0,0,0,15.15,0,0,0,0,0,0,15.15,0,0,0,0,0,0,0,0,6.06,6.06,0,3.03,0,3.03,0,0,27.27,6.06,18.18,0,0,0,3.03,0
2881,seller,1,51,46.7,82.38,6.58,50.31,8.5,21.57,90.2,78.43,58.82,21.57,13.73,5.88,0,7.84,0,0,7.84,13.73,7.84,1.96,11.76,11.76,0,3.92,0,19.61,7.84,1.96,1.96,1.96,0,0,19.61,0,13.73,1.96,0,5.88,1.96,0,1.96,0,1.96,1.96,0,0,0,0,0,0,0,0,13.73,5.88,3.92,1.96,0,0,1.96,7.84,0,0,0,0,0,0,0,0,1.96,0,0,0,1.96,0,0,0,0,0,0,0,0,0,0,0,0,5.88,0,0,0,0,0,0,7.84,7.84,0,0,5.88,0,1.96,0,0,3.92,5.88,0,3.92,0,3.92,0,0,13.73,5.88,1.96,5.88,0,0,0,0
2881,seller,1,76,36.67,77.01,25.39,39.38,10.86,21.05,88.16,76.32,60.53,21.05,11.84,5.26,0,6.58,0,0,9.21,13.16,7.89,2.63,11.84,11.84,2.63,5.26,0,19.74,5.26,2.63,1.32,1.32,0,0,18.42,0,9.21,0,0,5.26,1.32,0,1.32,0,1.32,1.32,0,0,0,0,0,0,0,0,9.21,2.63,2.63,1.32,0,0,0,6.58,0,0,0,0,0,0,0,0,1.32,0,0,0,1.32,0,0,0,0,0,0,0,0,0,0,0,0,5.26,0,0,0,0,0,0,9.21,11.84,0,2.63,7.89,0,1.32,0,2.63,2.63,3.95,3.95,2.63,0,2.63,0,0,10.53,5.26,1.32,3.95,0,0,0,0
2881,seller,1,86,14.99,87.48,45.11,56.53,12.29,18.6,89.53,77.91,65.12,24.42,16.28,6.98,0,9.3,0,0,8.14,13.95,5.81,2.33,11.63,13.95,3.49,5.81,0,22.09,3.49,2.33,1.16,0,1.16,0,24.42,0,18.6,3.49,0,8.14,5.81,0,2.33,0,4.65,3.49,1.16,4.65,3.49,1.16,0,0,0,0,11.63,2.33,2.33,1.16,0,0,0,9.3,0,0,0,0,0,0,0,0,1.16,0,0,1.16,0,0,0,0,0,0,0,0,0,0,0,0,1.16,2.33,0,1.16,0,0,0,0,9.3,11.63,0,2.33,8.14,0,1.16,0,2.33,1.16,3.49,4.65,1.16,0,1.16,0,0,9.3,5.81,0,2.33,0,1.16,0,0
2881,seller,1,81,4.11,92.24,61.67,96.49,13.5,16.05,87.65,75.31,65.43,27.16,18.52,7.41,1.23,9.88,0,0,8.64,13.58,4.94,1.23,9.88,13.58,6.17,6.17,1.23,22.22,2.47,2.47,2.47,1.23,1.23,0,28.4,0,18.52,4.94,0,7.41,7.41,0,2.47,0,8.64,7.41,1.23,7.41,6.17,1.23,0,0,0,0,16.05,4.94,4.94,2.47,0,0,1.23,11.11,0,0,0,0,0,0,0,0,2.47,0,0,1.23,1.23,0,0,0,0,0,0,0,0,0,0,0,2.47,1.23,0,1.23,0,0,0,0,6.17,8.64,0,2.47,6.17,0,0,0,3.7,1.23,4.94,6.17,0,0,0,0,0,12.35,4.94,1.23,2.47,0,3.7,0,0
2881,seller,1,66,3.27,94.21,71.27,99,11,10.61,92.42,78.79,66.67,31.82,24.24,10.61,1.52,12.12,0,0,7.58,15.15,4.55,0,10.61,12.12,4.55,6.06,1.52,22.73,3.03,1.52,3.03,1.52,1.52,0,28.79,0,21.21,7.58,0,6.06,9.09,0,3.03,0,13.64,12.12,1.52,10.61,9.09,1.52,0,0,0,0,19.7,6.06,6.06,3.03,0,0,3.03,13.64,0,0,0,0,0,0,0,0,6.06,0,0,3.03,3.03,0,0,0,0,0,0,0,0,0,0,0,3.03,1.52,0,1.52,0,0,0,0,6.06,6.06,1.52,1.52,3.03,0,0,0,1.52,1.52,4.55,4.55,0,0,0,0,0,15.15,7.58,1.52,1.52,0,4.55,0,0
2881,seller,1,58,16.68,99,97.87,99,11.6,6.9,94.83,75.86,63.79,27.59,22.41,8.62,3.45,10.34,0,0,5.17,13.79,6.9,0,13.79,8.62,6.9,5.17,1.72,20.69,1.72,1.72,3.45,3.45,0,0,17.24,0,5.17,3.45,0,1.72,1.72,0,0,0,15.52,15.52,0,5.17,5.17,0,0,0,0,0,25.86,12.07,5.17,10.34,0,0,3.45,13.79,0,0,0,0,1.72,0,0,1.72,5.17,0,0,1.72,3.45,0,0,0,0,0,0,0,0,0,0,0,1.72,1.72,0,0,0,0,0,0,8.62,12.07,3.45,1.72,5.17,3.45,0,0,12.07,0,6.9,5.17,0,0,0,0,0,13.79,5.17,1.72,1.72,1.72,3.45,0,0
2881,seller,1,36,33.38,99,99,99,9,5.56,100,69.44,55.56,25,22.22,8.33,2.78,11.11,0,0,2.78,13.89,8.33,0,11.11,5.56,5.56,5.56,0,19.44,0,0,2.78,2.78,0,0,11.11,0,2.78,2.78,0,0,0,0,0,0,19.44,19.44,0,2.78,2.78,0,0,0,0,0,27.78,13.89,2.78,13.89,0,0,2.78,13.89,0,0,0,0,2.78,0,0,2.78,8.33,0,0,5.56,2.78,0,0,0,0,0,0,0,0,0,0,0,0,5.56,0,0,0,0,0,0,13.89,16.67,5.56,2.78,5.56,5.56,0,0,16.67,0,2.78,5.56,0,0,0,0,0,8.33,5.56,0,0,2.78,0,0,0
2889,buyer,1,193,6.77,34.16,71.46,76.5,27.57,15.03,92.23,77.72,67.36,25.39,16.58,9.84,2.07,3.63,1.04,0,8.81,16.06,4.66,1.04,11.4,9.84,6.22,9.84,1.04,15.54,4.66,4.15,3.63,2.07,0,1.55,19.69,0,11.92,4.15,1.55,1.55,3.11,0.52,4.15,0,5.7,4.66,1.04,1.04,0.52,0.52,0,0,0.52,0,13.99,5.7,2.59,2.07,0,0,4.15,8.29,0.52,0,0,1.55,0,0,0,0,6.74,0.52,0,2.07,4.15,0,0,0,0,0,0,0,0,0,0,0.52,0,1.55,0,0,0,0,0,1.04,6.22,4.66,1.04,1.04,3.11,1.55,0,0,1.55,3.11,3.11,2.59,0,0,0,0,0,7.25,2.59,2.07,1.04,0,0.52,1.04,0
2889,buyer,1,171,8.01,64.26,85.61,66.32,28.5,14.04,94.15,77.19,67.25,24.56,18.13,9.94,3.51,4.09,0.58,0,6.43,17.54,4.68,1.17,11.11,8.77,7.02,9.94,0.58,14.62,4.68,5.26,5.26,3.51,0,1.75,18.71,0.58,12.28,5.85,1.75,1.17,2.34,0.58,2.92,0,4.09,3.51,0.58,1.17,1.17,0,0,0,0,0,15.79,5.85,1.75,1.17,0,0,4.68,9.94,0.58,0,0,1.17,0,0,0,0,7.02,0,0,2.92,4.09,0,0,0,0,0,0,0,0,0,0,0.58,0,1.17,0,0,0,0,0,1.17,8.77,6.43,1.17,1.17,4.09,1.75,0,0.58,1.75,2.34,1.75,2.92,0,0,0,0,0,7.6,1.75,3.51,1.75,0,0.58,0,0
2889,buyer,1,105,22.17,81.48,84.92,99,21,10.48,94.29,77.14,62.86,23.81,19.05,8.57,2.86,7.62,0,0,4.76,17.14,5.71,1.9,12.38,7.62,4.76,7.62,0.95,16.19,4.76,5.71,4.76,2.86,0,1.9,20.95,0.95,11.43,2.86,1.9,0.95,1.9,0,3.81,0,7.62,7.62,0,2.86,2.86,0,0,0,0,0,19.05,8.57,2.86,2.86,0,0,6.67,10.48,0,0,0,0,0,0,0,0,3.81,0,0,1.9,1.9,0,0,0,0,0,0,0,0,0,0,0.95,0,0.95,0,0,0,0,0,0,14.29,5.71,0,0.95,4.76,0,0,0.95,3.81,0.95,2.86,5.71,0,0,0,0,0,9.52,1.9,5.71,1.9,0,0,0,0
2889,buyer,1,63,47.27,88.15,84.92,99,15.75,7.94,95.24,71.43,57.14,19.05,15.87,6.35,3.17,6.35,0,0,3.17,17.46,6.35,0,12.7,7.94,3.17,4.76,1.59,15.87,4.76,6.35,4.76,3.17,0,1.59,22.22,1.59,9.52,3.17,1.59,0,0,0,1.59,0,11.11,11.11,0,4.76,4.76,0,0,0,0,0,15.87,6.35,1.59,1.59,0,0,4.76,9.52,0,0,0,0,0,0,0,0,6.35,0,0,3.17,3.17,0,0,0,0,0,0,0,0,0,0,0,0,3.17,0,0,0,0,0,0,17.46,9.52,0,1.59,7.94,0,0,1.59,3.17,1.59,3.17,4.76,0,0,0,0,0,11.11,3.17,6.35,1.59,0,0,0,0
2889,seller,1,63,3.98,40.06,45.24,97.05,5.73,22.22,96.83,82.54,66.67,23.81,12.7,4.76,1.59,6.35,0,0,11.11,11.11,1.59,1.59,12.7,14.29,7.94,1.59,6.35,28.57,1.59,1.59,3.17,1.59,0,1.59,36.51,3.17,26.98,1.59,1.59,6.35,7.94,3.17,4.76,0,9.52,7.94,1.59,4.76,3.17,1.59,1.59,0,0,0,14.29,6.35,4.76,6.35,0,0,4.76,7.94,0,0,0,0,1.59,0,0,1.59,0,0,0,0,0,0,0,0,0,0,0,0,0,0,0,1.59,0,1.59,0,0,0,0,0,0,11.11,9.52,0,3.17,7.94,1.59,0,0,1.59,4.76,4.76,4.76,0,0,0,0,0,20.63,15.87,3.17,1.59,0,0,0,0
2889,seller,1,73,6.08,14.07,47.74,63.38,8.11,17.81,97.26,84.93,68.49,20.55,12.33,6.85,0,5.48,0,0,8.22,13.7,5.48,1.37,10.96,16.44,6.85,4.11,5.48,28.77,4.11,1.37,1.37,0,0,1.37,36.99,2.74,27.4,4.11,2.74,6.85,6.85,1.37,4.11,0,8.22,5.48,2.74,5.48,4.11,1.37,1.37,0,0,0,9.59,4.11,2.74,2.74,0,0,2.74,5.48,0,0,0,0,0,0,0,0,2.74,0,0,1.37,1.37,0,0,0,0,0,0,0,0,0,0,2.74,0,1.37,0,0,0,0,0,0,10.96,5.48,0,1.37,5.48,0,0,0,2.74,2.74,5.48,6.85,0,0,0,0,0,15.07,12.33,2.74,0,0,0,0,0
2889,seller,1,73,12.85,25.32,47.74,7.77,12.17,20.55,94.52,72.6,56.16,15.07,9.59,4.11,0,2.74,0,2.74,5.48,13.7,5.48,1.37,8.22,13.7,5.48,5.48,5.48,24.66,5.48,2.74,2.74,0,0,2.74,32.88,2.74,19.18,5.48,1.37,4.11,2.74,0,4.11,0,4.11,1.37,2.74,2.74,1.37,1.37,1.37,0,0,0,12.33,4.11,2.74,2.74,0,0,1.37,8.22,0,0,0,0,0,0,0,0,13.7,0,0,4.11,9.59,0,0,0,0,0,0,0,0,0,0,2.74,0,6.85,0,1.37,0,0,0,0,13.7,5.48,0,0,5.48,0,0,0,2.74,4.11,6.85,4.11,0,0,0,0,0,17.81,8.22,8.22,0,0,0,1.37,0
