kodis-id,buyer or seller,concatenated utterances
2523,buyer," I would like a refund on the kobe bryant jersey, because I received one that does not even have his name or number on it.  I have screenshots of the product and product description when I placed the order, the website was changed after my purchase was made. I am not complaining about the quality of the product I received, I am asking for a refund because I was sent a product that I did not match what I purchased.  Where would like them sent? The fact is that the product I purchased was a kobe bryant jersey and that is not what I received."
2523,buyer," I have screenshots of the product and product description when I placed the order, the website was changed after my purchase was made. I am not complaining about the quality of the product I received, I am asking for a refund because I was sent a product that I did not match what I purchased.  Where would like them sent? The fact is that the product I purchased was a kobe bryant jersey and that is not what I received.  Past transactions with others are irrelevant. If you have a kobe bryant, I would gladly sent this one back for that. If you do not have one, I will send this one back and expect a refund. It is that simple."
2523,buyer," Where would like them sent? The fact is that the product I purchased was a kobe bryant jersey and that is not what I received.  Past transactions with others are irrelevant. If you have a kobe bryant, I would gladly sent this one back for that. If you do not have one, I will send this one back and expect a refund. It is that simple.  Thank you for the reminder. I can also call my credit card company, and have the charges reversed as I was sold a product that is not the one that was shown on the website."
2523,buyer," Past transactions with others are irrelevant. If you have a kobe bryant, I would gladly sent this one back for that. If you do not have one, I will send this one back and expect a refund. It is that simple.  Thank you for the reminder. I can also call my credit card company, and have the charges reversed as I was sold a product that is not the one that was shown on the website.  Call it what you'd like, liar seems fairly extreme, but I simply have no reason to order a non-kobe bryant jersey and you sent the wrong product. It is a simple as me returning the product, and receiving either the bryant jersey or reimbursing my money. It is either that or this can be escalated and I will resolve it myself through my payment processor. You can take it or leave it, that is your choice."
2523,buyer," Thank you for the reminder. I can also call my credit card company, and have the charges reversed as I was sold a product that is not the one that was shown on the website.  Call it what you'd like, liar seems fairly extreme, but I simply have no reason to order a non-kobe bryant jersey and you sent the wrong product. It is a simple as me returning the product, and receiving either the bryant jersey or reimbursing my money. It is either that or this can be escalated and I will resolve it myself through my payment processor. You can take it or leave it, that is your choice.  I Walk Away."
2523,seller, Unfortunately that is not true. All our merchandise is good quality and it comes exactly as described on our website.  i would like to  those screenshots because this doesn't  sound like something we do.  We thrive on keeping our  customers happy with their orders  and I see that this is not your first attempt to obtain something from other sellers.
2523,seller, i would like to  those screenshots because this doesn't  sound like something we do.  We thrive on keeping our  customers happy with their orders  and I see that this is not your first attempt to obtain something from other sellers.  i will have to remind you that all sales are final and we won't give you a refund.
2523,seller, We thrive on keeping our  customers happy with their orders  and I see that this is not your first attempt to obtain something from other sellers.  i will have to remind you that all sales are final and we won't give you a refund.  I am sorry to hear that you are willing to lie  and not accept something that you agreed on when you made the purchase.  
2523,seller," i will have to remind you that all sales are final and we won't give you a refund.  I am sorry to hear that you are willing to lie  and not accept something that you agreed on when you made the purchase.    Submitted agreement: Buyer gets partial refund, seller kept their review, buyer retracted their review, seller didn't apologize, and buyer didn't apologize."
2525,buyer," Hello. I would like to reach an agreement here.   I purchased the Kobe jersey for my sick nephew. I could have gotten it elsewhere for less, but you promised fast delivery. However, I got a jersey for another random player. Now the listing has changed. You have left me a slanderous review as well. I am willing to take my poor review down and I do not need an apology - however I do want a refund.   I believe this is an acceptable solution. "
2525,buyer," I purchased the Kobe jersey for my sick nephew. I could have gotten it elsewhere for less, but you promised fast delivery. However, I got a jersey for another random player. Now the listing has changed. You have left me a slanderous review as well. I am willing to take my poor review down and I do not need an apology - however I do want a refund.   I believe this is an acceptable solution.   I do not require that you apolagize to me if you do not require I apolagize to you. This part of the deal is not so important to me"
2525,buyer, I believe this is an acceptable solution.   I do not require that you apolagize to me if you do not require I apolagize to you. This part of the deal is not so important to me  
2525,buyer," I do not require that you apolagize to me if you do not require I apolagize to you. This part of the deal is not so important to me    Submitted agreement: Buyer gets full refund, seller retracted their review, buyer retracted their review, seller did apologize, and buyer did apologize."
2525,seller," Hello, can you tell me more about the issue that you have?   I am sorry about your nephew. That is awful to hear. The listing was for a random player not specifically a Kobe jersey. It is unfortunate that there was miscommunication there. I am willing to give a refund and take down my review if you are willing to take down your review and send the jersey back to me.   I am glad that you feel that way. I am willing to cover the cost of shipping it back. Are there any other issues that you have? "
2525,seller," I am sorry about your nephew. That is awful to hear. The listing was for a random player not specifically a Kobe jersey. It is unfortunate that there was miscommunication there. I am willing to give a refund and take down my review if you are willing to take down your review and send the jersey back to me.   I am glad that you feel that way. I am willing to cover the cost of shipping it back. Are there any other issues that you have?   I understand, I will offer an apology due to the nature of the situation regarding your nephew. I can understand your frustration so it is optional if you want to return the apology, "
2525,seller," I am glad that you feel that way. I am willing to cover the cost of shipping it back. Are there any other issues that you have?   I understand, I will offer an apology due to the nature of the situation regarding your nephew. I can understand your frustration so it is optional if you want to return the apology,   Yes this is agreeable. "
2525,seller," I understand, I will offer an apology due to the nature of the situation regarding your nephew. I can understand your frustration so it is optional if you want to return the apology,   Yes this is agreeable.   Accept Deal"
2526,buyer," I would like a refund  In that case, I would like to keep my review  Instead of a discount I would prefer to keep the review up so that others know not to take your product descriptions at face value"
2526,buyer," In that case, I would like to keep my review  Instead of a discount I would prefer to keep the review up so that others know not to take your product descriptions at face value  Except the description was not honestly indicated on my purhcase, so I would like to keep my review on your site or have you retract your review of me."
2526,buyer," Instead of a discount I would prefer to keep the review up so that others know not to take your product descriptions at face value  Except the description was not honestly indicated on my purhcase, so I would like to keep my review on your site or have you retract your review of me.  Submitted agreement: Buyer gets no refund, seller kept their review, buyer kept their review, seller did apologize, and buyer didn't apologize."
2526,seller," Our website clearly says all sales are final and no refunds issued.  I  cannot offer a refund, however, I'll give you 50% off your next purchase.  I have no issue with being entirely honest with my buyers. I'm sorry for the misunderstanding, however, product descriptions are as indicated on all productsf  for sale."
2526,seller," I  cannot offer a refund, however, I'll give you 50% off your next purchase.  I have no issue with being entirely honest with my buyers. I'm sorry for the misunderstanding, however, product descriptions are as indicated on all productsf  for sale.  My apologies, but you were looking for a Kobe jersey, not an authentic Lakers jersey. Which the description indicated. Therefore, your review is entirely erroneous. Which is why I hope you will remove it, Sir."
2526,seller," I have no issue with being entirely honest with my buyers. I'm sorry for the misunderstanding, however, product descriptions are as indicated on all productsf  for sale.  My apologies, but you were looking for a Kobe jersey, not an authentic Lakers jersey. Which the description indicated. Therefore, your review is entirely erroneous. Which is why I hope you will remove it, Sir.  Accept Deal"
2527,buyer," Hello, I'd like to receive a refund. I'm happy to return the product.  Even if you sent the wrong product?   Thank you, I really appreciate it. When I receive the full refund, I'll also be happy to retract the bad review if you will also retract the review you left for me?"
2527,buyer," Even if you sent the wrong product?   Thank you, I really appreciate it. When I receive the full refund, I'll also be happy to retract the bad review if you will also retract the review you left for me?  Thank you! Will you also retract the bad review you left me? I will do the same for you."
2527,buyer," Thank you, I really appreciate it. When I receive the full refund, I'll also be happy to retract the bad review if you will also retract the review you left for me?  Thank you! Will you also retract the bad review you left me? I will do the same for you.  If you apologize to me as well - then yes! "
2527,buyer," Thank you! Will you also retract the bad review you left me? I will do the same for you.  If you apologize to me as well - then yes!   Thanks, I'm happy we could reach an agreement."
2527,buyer," If you apologize to me as well - then yes!   Thanks, I'm happy we could reach an agreement.  Accept Deal"
2527,seller," please goods sold are not returnable  I apologize for the inconvenience, we'll gladly facilitate a refund for the incorrect product sent.  you will get your refund as soon as possible"
2527,seller," I apologize for the inconvenience, we'll gladly facilitate a refund for the incorrect product sent.  you will get your refund as soon as possible  Sure, will need an apology as well."
2527,seller," you will get your refund as soon as possible  Sure, will need an apology as well.  Sure, i will"
2527,seller," Sure, will need an apology as well.  Sure, i will  Submitted agreement: Buyer gets full refund, seller retracted their review, buyer retracted their review, seller did apologize, and buyer did apologize."
2528,buyer," I would like to request a refund for receiving a jersey falsely advertised, please.  The listing for the jersey stated it was a Bryant jersey, I received a Lakers jersey but it does not have Bryant on it.   I will accept that offer."
2528,buyer," The listing for the jersey stated it was a Bryant jersey, I received a Lakers jersey but it does not have Bryant on it.   I will accept that offer.  I will remove it now.  Thank you for your assistance."
2528,buyer," I will accept that offer.  I will remove it now.  Thank you for your assistance.  Submitted agreement: Buyer gets full refund, seller kept their review, buyer retracted their review, seller didn't apologize, and buyer didn't apologize."
2528,seller," What was this issue with your purchase?  Our store doesn't sell Kobe Bryant jerseys. I believe you purchased a generic Lakers jersey and falsely thought it was a Kobe jersey. That said, I am willing to offer a refund in exchange for you deleting your negative review.  Great! Once the negative review is removed I will process your refund."
2528,seller," Our store doesn't sell Kobe Bryant jerseys. I believe you purchased a generic Lakers jersey and falsely thought it was a Kobe jersey. That said, I am willing to offer a refund in exchange for you deleting your negative review.  Great! Once the negative review is removed I will process your refund.  Have a nice day!"
2528,seller, Great! Once the negative review is removed I will process your refund.  Have a nice day!  Accept Deal
2531,buyer, Hello I would like to receive a refund as this purchase is not what I received. I would like an authentic jersey.  I would like a full refund please and an apology.  This jersey quality is not up to par and I worked hard to earn this money to get a legitimate jersey.
2531,buyer, I would like a full refund please and an apology.  This jersey quality is not up to par and I worked hard to earn this money to get a legitimate jersey.  It is not authentic and my review of you will stand. Please we need to agree with issue and refund and we can remove the ratings and reviews okay.
2531,buyer," This jersey quality is not up to par and I worked hard to earn this money to get a legitimate jersey.  It is not authentic and my review of you will stand. Please we need to agree with issue and refund and we can remove the ratings and reviews okay.  Submitted agreement: Buyer gets full refund, seller retracted their review, buyer retracted their review, seller didn't apologize, and buyer didn't apologize."
2531,buyer," It is not authentic and my review of you will stand. Please we need to agree with issue and refund and we can remove the ratings and reviews okay.  Submitted agreement: Buyer gets full refund, seller retracted their review, buyer retracted their review, seller didn't apologize, and buyer didn't apologize.  ok i will accept the condition"
2531,buyer," Submitted agreement: Buyer gets full refund, seller retracted their review, buyer retracted their review, seller didn't apologize, and buyer didn't apologize.  ok i will accept the condition  Accept Deal"
2531,seller, where you specific  am sorry but can i know the reason  well am sorry to hear that but our product are autentic
2531,seller, am sorry but can i know the reason  well am sorry to hear that but our product are autentic  okay but on an account make sure the jersey is intact cause there will be a penalty if there's any fault
2531,seller, well am sorry to hear that but our product are autentic  okay but on an account make sure the jersey is intact cause there will be a penalty if there's any fault  Reject Deal
2531,seller, okay but on an account make sure the jersey is intact cause there will be a penalty if there's any fault  Reject Deal  am sorry for any inconvenience but can only give you refund if you accept the condition
2531,seller," Reject Deal  am sorry for any inconvenience but can only give you refund if you accept the condition  Submitted agreement: Buyer gets full refund, seller retracted their review, buyer retracted their review, seller did apologize, and buyer didn't apologize."
2533,buyer," Hello, I would like to request a full refund for a product i got that didnt match what i ordered on the site.  Ill take an exchange if you can guarantee it will be a Kobe jersey. Then we can take down eachothers bad reviews and apologize to eatchother.  That works for me, thank you and I apologize for the bad experience."
2533,buyer," Ill take an exchange if you can guarantee it will be a Kobe jersey. Then we can take down eachothers bad reviews and apologize to eatchother.  That works for me, thank you and I apologize for the bad experience.  I will, thank you for your time and have a great day."
2533,buyer," That works for me, thank you and I apologize for the bad experience.  I will, thank you for your time and have a great day.  Submitted agreement: Buyer gets no refund, seller retracted their review, buyer retracted their review, seller did apologize, and buyer did apologize."
2533,seller," Hello! I am sorry a problem was experienced. The jersey you ordered was clearly labelled on my site though, as you can see. (provides link to product page), so I cannot offer a refund. I would be willing to make an exchange, but you left a very bad review about me when the error was yours.   This is acceptable to me, because I want you to get what you wished to purchase. I will take down my bad review if you will, and I will mark this as a refund in the system but will be exchanging it for the Kobe jersey you wanted.   I apologize as well, and hope you will consider me for future sportswear memorabilia! "
2533,seller," This is acceptable to me, because I want you to get what you wished to purchase. I will take down my bad review if you will, and I will mark this as a refund in the system but will be exchanging it for the Kobe jersey you wanted.   I apologize as well, and hope you will consider me for future sportswear memorabilia!   Sounds good, I appreciate it and will finalize the deal after this message."
2533,seller," I apologize as well, and hope you will consider me for future sportswear memorabilia!   Sounds good, I appreciate it and will finalize the deal after this message.  Accept Deal"
2536,buyer," I received the wrong item in the mail, can you refund or send me a new one?  Then with my credit send me a correct jersey and we can donate this one  I received the wrong item, how do you suggest we correct this, attached is a screenshot of what i ordered and what I received"
2536,buyer," Then with my credit send me a correct jersey and we can donate this one  I received the wrong item, how do you suggest we correct this, attached is a screenshot of what i ordered and what I received  I would need a full discounted item as the one you see in the photo I ordered, let's keep out of bad reviews and solve this..."
2536,buyer," I received the wrong item, how do you suggest we correct this, attached is a screenshot of what i ordered and what I received  I would need a full discounted item as the one you see in the photo I ordered, let's keep out of bad reviews and solve this...  That's perfect, I will send you the tracking information. I used my credit card and will let them know this is being corrected. thank you"
2536,buyer," I would need a full discounted item as the one you see in the photo I ordered, let's keep out of bad reviews and solve this...  That's perfect, I will send you the tracking information. I used my credit card and will let them know this is being corrected. thank you  I Walk Away."
2536,seller," Sorry that happened, unfortunately I do not offer refunds  That won't work either. Are you trying to pull a fast one?  Well how about I give you a discount on your next order"
2536,seller," That won't work either. Are you trying to pull a fast one?  Well how about I give you a discount on your next order  Alright well just return the item you received, once we get it I'll ship out the correct item"
2536,seller," Well how about I give you a discount on your next order  Alright well just return the item you received, once we get it I'll ship out the correct item  Submitted agreement: Buyer gets no refund, seller retracted their review, buyer retracted their review, seller did apologize, and buyer did apologize."
2539,buyer, the shirt i brought was fake!  it isnt my fault you listed it as a real shirt! i want a refund  no i disagree you said it was real i want a refund
2539,buyer, it isnt my fault you listed it as a real shirt! i want a refund  no i disagree you said it was real i want a refund  are you gaslighting me?
2539,buyer, no i disagree you said it was real i want a refund  are you gaslighting me?  im sorry
2539,buyer, are you gaslighting me?  im sorry  Accept Deal
2539,seller," This is the second time you made a purchase knowing our policy  It was not listed as a real shirt, I'm sorry but all sales are final  Nowhere in the description did it say it was real, you were aware of our policy and this is your second time causing a similar issue."
2539,seller," It was not listed as a real shirt, I'm sorry but all sales are final  Nowhere in the description did it say it was real, you were aware of our policy and this is your second time causing a similar issue.  The best offer I can make you is that if you remove your negative review about us I will remove my negative review about you. There will be no refunds issued. Please make yourself fully aware of our policies should you decide to make purchases in the future."
2539,seller," Nowhere in the description did it say it was real, you were aware of our policy and this is your second time causing a similar issue.  The best offer I can make you is that if you remove your negative review about us I will remove my negative review about you. There will be no refunds issued. Please make yourself fully aware of our policies should you decide to make purchases in the future.  Submitted agreement: Buyer gets no refund, seller retracted their review, buyer retracted their review, seller didn't apologize, and buyer didn't apologize."
2540,buyer," I would like a full refund, the Jersey was clearly the incorrect one  I clearly did not purchase the wrong jersey for my dying nephew. I now need the refund and for you to take down that bad review  I want the original jersey, but I should not have to pay for it 2 times. I will happily return the mistaken jersey, in order to make it easier"
2540,buyer," I clearly did not purchase the wrong jersey for my dying nephew. I now need the refund and for you to take down that bad review  I want the original jersey, but I should not have to pay for it 2 times. I will happily return the mistaken jersey, in order to make it easier  This is not acceptable. Obviously you are trying to negotiate in bad faith. I would be willing to take down my review, in exchange for my replacement jersey and the removal of the bad review. We would both salvage our reputations, and you could continue selling"
2540,buyer," I want the original jersey, but I should not have to pay for it 2 times. I will happily return the mistaken jersey, in order to make it easier  This is not acceptable. Obviously you are trying to negotiate in bad faith. I would be willing to take down my review, in exchange for my replacement jersey and the removal of the bad review. We would both salvage our reputations, and you could continue selling  I Walk Away."
2540,seller," Unfortunalty, my database records every order and you clearly did not select the one you are claiming you did  I can send screenshots to prove to you that you did. I do not offer refunds, but I can give you a coupon towards your next purchase if you still want the other jersey  Unfortunately, I cannot guarantee that it will be returned in the same condition as it was shipped out in. It is your duty as a customer to make sure you have selected the right product  when purchasing. The best I can offer is a discount off your next purchase. I can also take down my negative review of you"
2540,seller," I can send screenshots to prove to you that you did. I do not offer refunds, but I can give you a coupon towards your next purchase if you still want the other jersey  Unfortunately, I cannot guarantee that it will be returned in the same condition as it was shipped out in. It is your duty as a customer to make sure you have selected the right product  when purchasing. The best I can offer is a discount off your next purchase. I can also take down my negative review of you  I agree to take down the bad review of you if you take down the bad review of me. However, each of my jerseys are custom-made for the buyer, so I would be unable to sell anything if it is returned, as I cannot be sure someone else would order it in a size as small as your nephew's. While I cannot refund your product, if you return it to me, I can slap a decal on it saying the particular name of the sport person you ordered it after for only the cost of the difference between the two jerseys."
2542,buyer, Hello I am a recent buyer of your's. I receive a different jersey than what was ordered and I demand that you give me a refund and retract the slanderous review of me.  When I first ordered it clearly stated it would be a Kobe jersey not random players. I saw that you changed the description after the order when you were confronted about it.  This has caused alot of stress to the stress I already have since this was for my terminally ill family member since  Kobe is his favorite player. I would really like a full refund if possible but I accept your apology and would remove my review if you remove your's and give me the refund
2542,buyer, When I first ordered it clearly stated it would be a Kobe jersey not random players. I saw that you changed the description after the order when you were confronted about it.  This has caused alot of stress to the stress I already have since this was for my terminally ill family member since  Kobe is his favorite player. I would really like a full refund if possible but I accept your apology and would remove my review if you remove your's and give me the refund  Okay I will remove my review as soon as I get my refund and you remove my review. I hope you have a good night.
2542,buyer," This has caused alot of stress to the stress I already have since this was for my terminally ill family member since  Kobe is his favorite player. I would really like a full refund if possible but I accept your apology and would remove my review if you remove your's and give me the refund  Okay I will remove my review as soon as I get my refund and you remove my review. I hope you have a good night.  Submitted agreement: Buyer gets full refund, seller retracted their review, buyer retracted their review, seller did apologize, and buyer didn't apologize."
2542,seller," Hello. My jerseys are all sold as random player championship jerseys - I do not sell specific players jerseys.   That is inaccurate (actually not listed in my prompt at all, so that's a new concept!). I'll make a deal with you. I'll remove the bad review of you if you remove the bad review of me. I'll throw in a partial discount of the jersey. I apologize for the confusion on this, but I did not change the listing.   My best wishes to your family member, I hope they are able to stay comfortable. My apologies for the stresses. That is okay. "
2542,seller," That is inaccurate (actually not listed in my prompt at all, so that's a new concept!). I'll make a deal with you. I'll remove the bad review of you if you remove the bad review of me. I'll throw in a partial discount of the jersey. I apologize for the confusion on this, but I did not change the listing.   My best wishes to your family member, I hope they are able to stay comfortable. My apologies for the stresses. That is okay.   Sounds good. You as well"
2542,seller," My best wishes to your family member, I hope they are able to stay comfortable. My apologies for the stresses. That is okay.   Sounds good. You as well  Accept Deal"
2543,buyer," HI-I would like to ask for a refund for the jersey.  I can return it to you in exchange for a refund.  It was for my nephew who is terminally ill.  I will mail it out tomorrow.  Also, I agree to remove my bad review of you if you remove your bad review of me.  I apologize if this got heated.  This is good news.  I can then get my nephew the jersey.  He is a big fan of Kobe Bryant."
2543,buyer," I will mail it out tomorrow.  Also, I agree to remove my bad review of you if you remove your bad review of me.  I apologize if this got heated.  This is good news.  I can then get my nephew the jersey.  He is a big fan of Kobe Bryant.  I will.  Thanks for working with me.  I hope you have a great day!"
2543,buyer," This is good news.  I can then get my nephew the jersey.  He is a big fan of Kobe Bryant.  I will.  Thanks for working with me.  I hope you have a great day!  Submitted agreement: Buyer gets full refund, seller retracted their review, buyer retracted their review, seller did apologize, and buyer did apologize."
2543,seller," Hi, I would be ok with offering a refund if the jersey is returned and unworn  Yes, I agree to remove my bad review if you do so as well. I apologize as well for any misunderstandings.  I hope you are able to find what you are looking for elsewhere. Make sure to read carefully what you are purchasing next time."
2543,seller," Yes, I agree to remove my bad review if you do so as well. I apologize as well for any misunderstandings.  I hope you are able to find what you are looking for elsewhere. Make sure to read carefully what you are purchasing next time.  Thank you, you as well"
2543,seller," I hope you are able to find what you are looking for elsewhere. Make sure to read carefully what you are purchasing next time.  Thank you, you as well  Accept Deal"
2544,buyer," Hi, I was hoping that we could come to a middle ground where we both walk away happy  My biggest thing would be to get a refund for the Kobe jersey, that way I can buy it elsewhere for my sick nephew who really wants his jeres  Since I'll be out of money for shipping, can you in return take down the bad review you have for me?"
2544,buyer," My biggest thing would be to get a refund for the Kobe jersey, that way I can buy it elsewhere for my sick nephew who really wants his jeres  Since I'll be out of money for shipping, can you in return take down the bad review you have for me?  That sounds perfect! Thanks again and sorry on my end for the way things played out"
2544,buyer," Since I'll be out of money for shipping, can you in return take down the bad review you have for me?  That sounds perfect! Thanks again and sorry on my end for the way things played out  Submitted agreement: Buyer gets full refund, seller retracted their review, buyer kept their review, seller did apologize, and buyer did apologize."
2544,seller," of course, what would make you happy  ok if you are willing to pay to ship it back to me i will be more than happy to refund the jersey  absoulutely"
2544,seller, ok if you are willing to pay to ship it back to me i will be more than happy to refund the jersey  absoulutely  i also want to apologize for any misunderstanding about the name on your jersey
2544,seller, absoulutely  i also want to apologize for any misunderstanding about the name on your jersey  Accept Deal
2545,buyer," Hi there, I would like to make this right with you.  A refund? I'm the one who purchased the product.  A refund would definitely help matters "
2545,buyer," A refund? I'm the one who purchased the product.  A refund would definitely help matters   I will be refunded in full, correct?"
2545,buyer," A refund would definitely help matters   I will be refunded in full, correct?  Thank you. I am also concerned about my reputation on the site. An apology would be appreciated and I can also apologize publicly as well so that we can both keep our reputations."
2545,buyer," I will be refunded in full, correct?  Thank you. I am also concerned about my reputation on the site. An apology would be appreciated and I can also apologize publicly as well so that we can both keep our reputations.  That works for me. "
2545,buyer, Thank you. I am also concerned about my reputation on the site. An apology would be appreciated and I can also apologize publicly as well so that we can both keep our reputations.  That works for me.   Accept Deal
2545,seller, Okay i would like a refund  Would you like a refund?  Okay my apologies for the mistake. I will have that to you now
2545,seller, Would you like a refund?  Okay my apologies for the mistake. I will have that to you now  Yes you will
2545,seller, Okay my apologies for the mistake. I will have that to you now  Yes you will  Okay will you be able to retract bad review and i'll retract mines as well with the apologies?
2545,seller," Yes you will  Okay will you be able to retract bad review and i'll retract mines as well with the apologies?  Submitted agreement: Buyer gets full refund, seller retracted their review, buyer retracted their review, seller did apologize, and buyer did apologize."
2546,buyer," HELLO, PLEASE REFUND MY MONEY TO ME  I DID NOT LIKE HOW USEFUL AND IT DID NOT SATISFY THE NEED  YES PLEASE"
2546,buyer, I DID NOT LIKE HOW USEFUL AND IT DID NOT SATISFY THE NEED  YES PLEASE  I JUST DO NOT  LIKE THE PRODUCT
2546,buyer, YES PLEASE  I JUST DO NOT  LIKE THE PRODUCT  I WILL RETURN THE PRODUCT
2546,buyer, I JUST DO NOT  LIKE THE PRODUCT  I WILL RETURN THE PRODUCT  YES PLEASE IT IS AND ALSO SORRY FOR RETURNING THE PRODUCT
2546,buyer," I WILL RETURN THE PRODUCT  YES PLEASE IT IS AND ALSO SORRY FOR RETURNING THE PRODUCT  Submitted agreement: Buyer gets full refund, seller retracted their review, buyer retracted their review, seller did apologize, and buyer did apologize."
2546,seller," Hello! Unfortunately, it was clearly stated in the listing all sales are final. What is the issue with the product?  I'm not sure I understand what you mean. Is the product defective?  Could you describe how the product was defective? Specifically, what was wrong with your order?"
2546,seller," I'm not sure I understand what you mean. Is the product defective?  Could you describe how the product was defective? Specifically, what was wrong with your order?  I am sorry to hear that. Still, if the product is not defective, I cannot issue a refund without you returning the item. Would you be interested in this?"
2546,seller," Could you describe how the product was defective? Specifically, what was wrong with your order?  I am sorry to hear that. Still, if the product is not defective, I cannot issue a refund without you returning the item. Would you be interested in this?  Ok, and again I apologize that the item was not up to your standards. I will refund  the money when I receive the product. Is this a suitable plan for you?"
2546,seller," I am sorry to hear that. Still, if the product is not defective, I cannot issue a refund without you returning the item. Would you be interested in this?  Ok, and again I apologize that the item was not up to your standards. I will refund  the money when I receive the product. Is this a suitable plan for you?  Thank you, I am glad we were able to address your concerns. Would you be willing to remove your review of my business? "
2546,seller," Ok, and again I apologize that the item was not up to your standards. I will refund  the money when I receive the product. Is this a suitable plan for you?  Thank you, I am glad we were able to address your concerns. Would you be willing to remove your review of my business?   Accept Deal"
2547,buyer," Hello, i expect a full refund and to have my retaliatory review taken down. Otherwise I will have to go to the selling platform for further action.  I will take 70% if you update your review and issue an apology, my reputation on this platform was impeccable before this transaction.  if i retract mine I will need a full refund"
2547,buyer," I will take 70% if you update your review and issue an apology, my reputation on this platform was impeccable before this transaction.  if i retract mine I will need a full refund  I'll just take down my review! "
2547,buyer," if i retract mine I will need a full refund  I'll just take down my review!   I made a purchase in good faith and got sent the wrong item, of course I posted an honest review. Sending my final offer, please let me know if we can finalize."
2547,buyer," I'll just take down my review!   I made a purchase in good faith and got sent the wrong item, of course I posted an honest review. Sending my final offer, please let me know if we can finalize.  Nobody will see my negative review, which deserved to be put out. For all I know you will scam the next customer."
2547,buyer," I made a purchase in good faith and got sent the wrong item, of course I posted an honest review. Sending my final offer, please let me know if we can finalize.  Nobody will see my negative review, which deserved to be put out. For all I know you will scam the next customer.  Submitted agreement: Buyer gets full refund, seller retracted their review, buyer retracted their review, seller did apologize, and buyer didn't apologize."
2547,seller," I'm sorry that is unlikely to happen. You may have 70% refund. Deal?  That would be a fair deal if you retract yours too  Okay,... deal. How about an apology both ways?"
2547,seller," That would be a fair deal if you retract yours too  Okay,... deal. How about an apology both ways?  Alright. I'd do same. You owe me an apology. Your review punctured our reputation."
2547,seller," Okay,... deal. How about an apology both ways?  Alright. I'd do same. You owe me an apology. Your review punctured our reputation.  Let's finalize with an apology please. Both ways. That's fair for everyone"
2547,seller," Alright. I'd do same. You owe me an apology. Your review punctured our reputation.  Let's finalize with an apology please. Both ways. That's fair for everyone  What do you want at this point? Won't an apology both way go for the stress, time and inconveniences? I need an apology from you and I am sorry you feel underserved. It was entirely your fault you know? I just want us to get over this. APOLOGIZE."
2547,seller," Let's finalize with an apology please. Both ways. That's fair for everyone  What do you want at this point? Won't an apology both way go for the stress, time and inconveniences? I need an apology from you and I am sorry you feel underserved. It was entirely your fault you know? I just want us to get over this. APOLOGIZE.  Accept Deal"
2548,buyer, Hi. The item I received is broken.  I would like a refund for the purchase.  When I opened the package it was unfortunately broken.  I have done a lot of business with your company and I have never had a problem. I would like to purchase a replacement.  I understand you don't generally do refunds but I was hoping an exception could be made for a damaged item.  I am willing to take the review down if you are willing to take down the review of me.  I am not trying to hurt your business.  If I receive a refund I will take the bad review down and write a new review about the excellent customer service I received.
2548,buyer, When I opened the package it was unfortunately broken.  I have done a lot of business with your company and I have never had a problem. I would like to purchase a replacement.  I understand you don't generally do refunds but I was hoping an exception could be made for a damaged item.  I am willing to take the review down if you are willing to take down the review of me.  I am not trying to hurt your business.  If I receive a refund I will take the bad review down and write a new review about the excellent customer service I received.  That would be great.  Thank you so much for working with me to come up with a solution.
2548,buyer, I am willing to take the review down if you are willing to take down the review of me.  I am not trying to hurt your business.  If I receive a refund I will take the bad review down and write a new review about the excellent customer service I received.  That would be great.  Thank you so much for working with me to come up with a solution.  I agree. I do apologize if my negative review did any harm to your business.
2548,buyer, That would be great.  Thank you so much for working with me to come up with a solution.  I agree. I do apologize if my negative review did any harm to your business.  Accept Deal
2548,seller," Hi. I packaged it carefully. I don't do refunds. What's the problem?  You put a bad review of my company up, but I don't think the damage was caused by me. Are you willing to take it down?  OK. I will give you a refund and you can make a new purchase as you said. We'll call it a partial refund. I will take down the bad review and you will take yours down too. Agreeable?"
2548,seller," You put a bad review of my company up, but I don't think the damage was caused by me. Are you willing to take it down?  OK. I will give you a refund and you can make a new purchase as you said. We'll call it a partial refund. I will take down the bad review and you will take yours down too. Agreeable?  I'm happy to do business with you. I think there's no reason for us to post apologies."
2548,seller," OK. I will give you a refund and you can make a new purchase as you said. We'll call it a partial refund. I will take down the bad review and you will take yours down too. Agreeable?  I'm happy to do business with you. I think there's no reason for us to post apologies.  Submitted agreement: Buyer gets partial refund, seller retracted their review, buyer retracted their review, seller didn't apologize, and buyer didn't apologize."
2550,buyer," I expect a full refund and an apology for your misleading bad review .  It was advertised as a Kobe jersey but was in fact just a Laker jersey. The reason I purchased it was specifically because it was described as a Kobe jersey.   No, you intentionally advertised it as a Kobe jersey and changed the description after the fact. That is an intentionally misleading practice that people should have some warning about. and the fact that you left me a negative review in tern adds insult to injury. "
2550,buyer," It was advertised as a Kobe jersey but was in fact just a Laker jersey. The reason I purchased it was specifically because it was described as a Kobe jersey.   No, you intentionally advertised it as a Kobe jersey and changed the description after the fact. That is an intentionally misleading practice that people should have some warning about. and the fact that you left me a negative review in tern adds insult to injury.   you have not actually apologized. You have taken no responsibility for your mistake. At this point i don't even want an apology, I just want my money back because you DID NOT give me the item I ordered. I'm not paying for something i did not ask for."
2550,buyer," No, you intentionally advertised it as a Kobe jersey and changed the description after the fact. That is an intentionally misleading practice that people should have some warning about. and the fact that you left me a negative review in tern adds insult to injury.   you have not actually apologized. You have taken no responsibility for your mistake. At this point i don't even want an apology, I just want my money back because you DID NOT give me the item I ordered. I'm not paying for something i did not ask for.  so you aren't apologizing at all, despite changing your description after the fact and the only way you'll give me my money back after receiving an incorrect item is if i don't warn other people about you irresponsible practices??"
2550,buyer," you have not actually apologized. You have taken no responsibility for your mistake. At this point i don't even want an apology, I just want my money back because you DID NOT give me the item I ordered. I'm not paying for something i did not ask for.  so you aren't apologizing at all, despite changing your description after the fact and the only way you'll give me my money back after receiving an incorrect item is if i don't warn other people about you irresponsible practices??  how about we both keep our reviews up.  I'll happily return the item and you can give me my money back."
2550,buyer," so you aren't apologizing at all, despite changing your description after the fact and the only way you'll give me my money back after receiving an incorrect item is if i don't warn other people about you irresponsible practices??  how about we both keep our reviews up.  I'll happily return the item and you can give me my money back.  oh so you're accusing me of trying to keep merchandise but you don't allow returns? yeah seems like a scam to me"
2550,buyer, how about we both keep our reviews up.  I'll happily return the item and you can give me my money back.  oh so you're accusing me of trying to keep merchandise but you don't allow returns? yeah seems like a scam to me  Reject Deal
2550,buyer, oh so you're accusing me of trying to keep merchandise but you don't allow returns? yeah seems like a scam to me  Reject Deal  I want my money back
2550,buyer, Reject Deal  I want my money back  fine ill retract the review only if i get my refund. 
2550,buyer," I want my money back  fine ill retract the review only if i get my refund.   No, I'd rather be done with this. "
2550,buyer," fine ill retract the review only if i get my refund.   No, I'd rather be done with this.   Accept Deal"
2550,seller," I am so sorry for any issues. What was wrong with the product?  The product is a Laker's jersey, but the one depicted could have been a Kobe jersey. In order to resolve this, would you be willing to remove the review you left on our website and we can discusss a refund?  I would never change the description of a product I am selling to deceive someone. The only way I will offer a refund is if you retract the review and apologize. I have apologized, so if you would like to receive a refund, that is the only way. You get to keep the product with a full refund, so you are not losing anything here."
2550,seller," The product is a Laker's jersey, but the one depicted could have been a Kobe jersey. In order to resolve this, would you be willing to remove the review you left on our website and we can discusss a refund?  I would never change the description of a product I am selling to deceive someone. The only way I will offer a refund is if you retract the review and apologize. I have apologized, so if you would like to receive a refund, that is the only way. You get to keep the product with a full refund, so you are not losing anything here.  I am apologizing for you receiving an item you believed to be a Kobe Jersey. I will return your funds if you agree to retract the review. Otherwise, no."
2550,seller," I would never change the description of a product I am selling to deceive someone. The only way I will offer a refund is if you retract the review and apologize. I have apologized, so if you would like to receive a refund, that is the only way. You get to keep the product with a full refund, so you are not losing anything here.  I am apologizing for you receiving an item you believed to be a Kobe Jersey. I will return your funds if you agree to retract the review. Otherwise, no.  I will make sure to keep my review of you falsifying reviews in order to get full refunds and keep merchandise"
2550,seller," I am apologizing for you receiving an item you believed to be a Kobe Jersey. I will return your funds if you agree to retract the review. Otherwise, no.  I will make sure to keep my review of you falsifying reviews in order to get full refunds and keep merchandise  All sales are final. "
2550,seller," I will make sure to keep my review of you falsifying reviews in order to get full refunds and keep merchandise  All sales are final.   Submitted agreement: Buyer gets no refund, seller kept their review, buyer kept their review, seller did apologize, and buyer didn't apologize."
2550,seller," All sales are final.   Submitted agreement: Buyer gets no refund, seller kept their review, buyer kept their review, seller did apologize, and buyer didn't apologize.  You will NOT be getting your money back. I offered a refund if you retracted your review,even though our policy states ALL SALES FINAL"
2550,seller," Submitted agreement: Buyer gets no refund, seller kept their review, buyer kept their review, seller did apologize, and buyer didn't apologize.  You will NOT be getting your money back. I offered a refund if you retracted your review,even though our policy states ALL SALES FINAL  Deal. I apologize to you for any issues on our part. do you apologize as well? I want this to be an issue we can put in the past. if any issues arise in the future, please email us so we can handle them before you purchase."
2550,seller," You will NOT be getting your money back. I offered a refund if you retracted your review,even though our policy states ALL SALES FINAL  Deal. I apologize to you for any issues on our part. do you apologize as well? I want this to be an issue we can put in the past. if any issues arise in the future, please email us so we can handle them before you purchase.  Submitted agreement: Buyer gets full refund, seller kept their review, buyer retracted their review, seller did apologize, and buyer didn't apologize."
2551,buyer," I will take down the negative review if you issue me a full refund  Okay, thank you.  I apologize for the negative review. I have taken it down."
2551,buyer," Okay, thank you.  I apologize for the negative review. I have taken it down.  Thank you for your cooperation"
2551,buyer," I apologize for the negative review. I have taken it down.  Thank you for your cooperation  Submitted agreement: Buyer gets full refund, seller retracted their review, buyer retracted their review, seller didn't apologize, and buyer did apologize."
2551,seller," I will issue you a full refund and take down my bad review if you also take down yours and you apologize  Cool, we still need to send a few more messages. I appreciate your willingness to work together  I appreciate that, I have take down mine as well and started issuing the refund"
2551,seller," Cool, we still need to send a few more messages. I appreciate your willingness to work together  I appreciate that, I have take down mine as well and started issuing the refund  Thanks and have a nice day"
2551,seller," I appreciate that, I have take down mine as well and started issuing the refund  Thanks and have a nice day  Accept Deal"
2552,buyer," Hello! I would like to receive a refund for the Kobe Bryant Jersey I purchased.   When I received the jersey it was for another player. The pictures on the site indicated it was a signed Kobe Bryant jersey, and that is not what I got.   I believe that was changed after I made my purchase. If the listing was is in current state (no Kobe Bryant jersey picture, and updated description) I would not have made the purchase."
2552,buyer," When I received the jersey it was for another player. The pictures on the site indicated it was a signed Kobe Bryant jersey, and that is not what I got.   I believe that was changed after I made my purchase. If the listing was is in current state (no Kobe Bryant jersey picture, and updated description) I would not have made the purchase.  Since we've come to an agreement on the refund I would be willing to retract my review of you, or make an apology describing your adequate solution. If you would retract your review of me as a buyer. I would like us to both be able to buy and sell with our reputations in tact."
2552,buyer," I believe that was changed after I made my purchase. If the listing was is in current state (no Kobe Bryant jersey picture, and updated description) I would not have made the purchase.  Since we've come to an agreement on the refund I would be willing to retract my review of you, or make an apology describing your adequate solution. If you would retract your review of me as a buyer. I would like us to both be able to buy and sell with our reputations in tact.  Submitted agreement: Buyer gets full refund, seller retracted their review, buyer retracted their review, seller did apologize, and buyer did apologize."
2552,seller," Hi there! Thanks for reaching out. Why would you like to make this return?  I am sorry for the misunderstanding. The listing description states that the jersey is not for a specific player, just a lakers  This listing has not been changed since the time of purchase. However, if you are unhappy with your purchase I will gladly refund it."
2552,seller," I am sorry for the misunderstanding. The listing description states that the jersey is not for a specific player, just a lakers  This listing has not been changed since the time of purchase. However, if you are unhappy with your purchase I will gladly refund it.  That sounds reasonable to me!"
2552,seller," This listing has not been changed since the time of purchase. However, if you are unhappy with your purchase I will gladly refund it.  That sounds reasonable to me!  Accept Deal"
2553,buyer, May I have a refund for the broken item?  yes unfortunately it did. a picture of the broken item is attached for your review.  I am sending you a picture instead which shows the break and the damaged packaging it came in.
2553,buyer, yes unfortunately it did. a picture of the broken item is attached for your review.  I am sending you a picture instead which shows the break and the damaged packaging it came in.  the item is cracked and dented
2553,buyer, I am sending you a picture instead which shows the break and the damaged packaging it came in.  the item is cracked and dented  That would be fine with me
2553,buyer, the item is cracked and dented  That would be fine with me  I will write a retraction upon receipt of the replacement. Thanks
2553,buyer, That would be fine with me  I will write a retraction upon receipt of the replacement. Thanks  Thank you for taking care of this for me.
2553,buyer, I will write a retraction upon receipt of the replacement. Thanks  Thank you for taking care of this for me.  Accept Deal
2553,seller," Why do you require a refund? Did it come broken?  can you describe the issues with the item in words for me, please?  im so sorry you are dealing with this. we promise to offer good quality shipping with our products. unfortunately i require a written description of how the item is broken before i can move forward with your refund."
2553,seller," can you describe the issues with the item in words for me, please?  im so sorry you are dealing with this. we promise to offer good quality shipping with our products. unfortunately i require a written description of how the item is broken before i can move forward with your refund.  i can see how you are unhappy with this would you like us to send you a new, unbroken product?"
2553,seller," im so sorry you are dealing with this. we promise to offer good quality shipping with our products. unfortunately i require a written description of how the item is broken before i can move forward with your refund.  i can see how you are unhappy with this would you like us to send you a new, unbroken product?  i can see you have a left a poor review of our product? im sorry to hear this. im hoping your opinion of us changes after receiving your replacement."
2553,seller," i can see how you are unhappy with this would you like us to send you a new, unbroken product?  i can see you have a left a poor review of our product? im sorry to hear this. im hoping your opinion of us changes after receiving your replacement.  thank you very much! i will begin processing a replacement product and have it shipped to you right away. is that all i can help you with today?"
2553,seller," i can see you have a left a poor review of our product? im sorry to hear this. im hoping your opinion of us changes after receiving your replacement.  thank you very much! i will begin processing a replacement product and have it shipped to you right away. is that all i can help you with today?  Submitted agreement: Buyer gets no refund, seller retracted their review, buyer retracted their review, seller did apologize, and buyer didn't apologize."
2554,buyer, I would like to receive a refund for this please  The item did not arrive as initially described  This was changed after the fact and feels deceptive. I have screenshots of the initial listing I can forward to the listing site but we can avoid that with a refund.
2554,buyer," The item did not arrive as initially described  This was changed after the fact and feels deceptive. I have screenshots of the initial listing I can forward to the listing site but we can avoid that with a refund.  Ok, I'll forward the screenshots and the emailed receipt with the original info to the listing site. I'll have to keep my negative review with the screenshots as well"
2554,buyer," This was changed after the fact and feels deceptive. I have screenshots of the initial listing I can forward to the listing site but we can avoid that with a refund.  Ok, I'll forward the screenshots and the emailed receipt with the original info to the listing site. I'll have to keep my negative review with the screenshots as well  Yes, I'd like your negative review of me taken down. "
2554,buyer," Ok, I'll forward the screenshots and the emailed receipt with the original info to the listing site. I'll have to keep my negative review with the screenshots as well  Yes, I'd like your negative review of me taken down.   I Walk Away."
2554,seller," I'm sorry but all sales are final. What is the issue with the item?  The item on the website states that it is not for a specific player.  There were no changes made on the listing after you purchased the item. I unfortunately cannot offer you a refund, but I would be happy to offer you a discount on your next purchase. "
2554,seller," The item on the website states that it is not for a specific player.  There were no changes made on the listing after you purchased the item. I unfortunately cannot offer you a refund, but I would be happy to offer you a discount on your next purchase.   I'm sorry but again, my policy is all sales are final. No exceptions. Is there anything else I can help you with?"
2554,seller," There were no changes made on the listing after you purchased the item. I unfortunately cannot offer you a refund, but I would be happy to offer you a discount on your next purchase.   I'm sorry but again, my policy is all sales are final. No exceptions. Is there anything else I can help you with?  I'm afraid I can not do that. I have to protect my reputation as a seller."
2556,buyer, I think that we should be able to resolve this peacefully  At the very least I think a refund is in order since the initial ad was misleading. I am willing to return the product as well  That was not on the original ad though. I would not have purchased a random player jersey I was looking for a very specific one
2556,buyer, At the very least I think a refund is in order since the initial ad was misleading. I am willing to return the product as well  That was not on the original ad though. I would not have purchased a random player jersey I was looking for a very specific one  I will agree to that. I am also willing to retract my bad review if you retract yours. 
2556,buyer, That was not on the original ad though. I would not have purchased a random player jersey I was looking for a very specific one  I will agree to that. I am also willing to retract my bad review if you retract yours.   I am also willing to post an apology for my bad review if you are willing to do the same so that we can both remain in good standing on the site
2556,buyer," I will agree to that. I am also willing to retract my bad review if you retract yours.   I am also willing to post an apology for my bad review if you are willing to do the same so that we can both remain in good standing on the site  Submitted agreement: Buyer gets partial refund, seller retracted their review, buyer retracted their review, seller did apologize, and buyer did apologize."
2556,seller, i agree with you on this  well a refund may not be okay since it was clearly stated that the jersey is not for a specific player  i can agree for a partial refund... lets meet half way
2556,seller, well a refund may not be okay since it was clearly stated that the jersey is not for a specific player  i can agree for a partial refund... lets meet half way  i will retract mine as well
2556,seller, i can agree for a partial refund... lets meet half way  i will retract mine as well  i am also willing to do same. thanks for understanding
2556,seller, i will retract mine as well  i am also willing to do same. thanks for understanding  Accept Deal
2557,buyer," I ordered the Kobe jersey but received the incorrect item. Due to false advertising, I request a full refund  I understand your point of view, however at the time of purchase it stated that I would receive a Kobe Jersey. Unfortunately I will not be removing my review until my issue is resolved'  Unfortunately a partial refund does not suffice as the website changed the description after purchase"
2557,buyer," I understand your point of view, however at the time of purchase it stated that I would receive a Kobe Jersey. Unfortunately I will not be removing my review until my issue is resolved'  Unfortunately a partial refund does not suffice as the website changed the description after purchase  I would not have purchased if I knew that. I will not be taking my review down unless this is rectified"
2557,buyer, Unfortunately a partial refund does not suffice as the website changed the description after purchase  I would not have purchased if I knew that. I will not be taking my review down unless this is rectified  Yes i will 
2557,buyer, I would not have purchased if I knew that. I will not be taking my review down unless this is rectified  Yes i will   Sure. Please guarantee that you will also remove your review of me
2557,buyer," Yes i will   Sure. Please guarantee that you will also remove your review of me  Unfortunately, I can say the same about you. If we both remove the reviews, I will return the jersey and get out of your hair. I may even consider writing a follow up review telling people that you solved my issue. Deal?"
2557,buyer," Sure. Please guarantee that you will also remove your review of me  Unfortunately, I can say the same about you. If we both remove the reviews, I will return the jersey and get out of your hair. I may even consider writing a follow up review telling people that you solved my issue. Deal?  Submitted agreement: Buyer gets full refund, seller retracted their review, buyer kept their review, seller didn't apologize, and buyer didn't apologize."
2557,buyer," Unfortunately, I can say the same about you. If we both remove the reviews, I will return the jersey and get out of your hair. I may even consider writing a follow up review telling people that you solved my issue. Deal?  Submitted agreement: Buyer gets full refund, seller retracted their review, buyer kept their review, seller didn't apologize, and buyer didn't apologize.  Sure, I will retract"
2557,buyer," Submitted agreement: Buyer gets full refund, seller retracted their review, buyer kept their review, seller didn't apologize, and buyer didn't apologize.  Sure, I will retract  Accept Deal"
2557,seller," Sorry, but my website specifically stated that you would not get a particular player's jersey. I'd like you to review the website and remove your bad review.   If I offer you a partial refund, will you delete your bad review?   Well, that's not true, and we both know it. "
2557,seller," If I offer you a partial refund, will you delete your bad review?   Well, that's not true, and we both know it.   If I give you a full refund, will you remove your negative review? "
2557,seller," Well, that's not true, and we both know it.   If I give you a full refund, will you remove your negative review?   Okay, sounds good to me. Take down the negative review, and I'll refund you as soon as I see it is gone. "
2557,seller," If I give you a full refund, will you remove your negative review?   Okay, sounds good to me. Take down the negative review, and I'll refund you as soon as I see it is gone.   I'm not so sure about that. Other buyers need to know you are running a scam. "
2557,seller," Okay, sounds good to me. Take down the negative review, and I'll refund you as soon as I see it is gone.   I'm not so sure about that. Other buyers need to know you are running a scam.   Sure, that sounds great. I agree to that. "
2557,seller," I'm not so sure about that. Other buyers need to know you are running a scam.   Sure, that sounds great. I agree to that.   Reject Deal"
2557,seller," Sure, that sounds great. I agree to that.   Reject Deal  I thought you agreed to retract your review of me? "
2557,seller," Reject Deal  I thought you agreed to retract your review of me?   Submitted agreement: Buyer gets full refund, seller retracted their review, buyer retracted their review, seller didn't apologize, and buyer didn't apologize."
2558,buyer," Due to the false advertising and deceitful sale of the jersey, I am formally requesting a full refund of my order.  When I purchased the item, at the time of sale, the advertisement specifically stated the jersey was for Kobe. It wasn't until after the sale that the verbiage of the advertisement was edited t say any player. I would be interested in offering a second chance to do the right thing and provide a refund in lieu of the removal of my initial bad review of your company that tarnishes your reputation.  I am not misunderstanding and am aware that the company has first hand knowledge of the mistake they made. I am still requesting a full refund."
2558,buyer," When I purchased the item, at the time of sale, the advertisement specifically stated the jersey was for Kobe. It wasn't until after the sale that the verbiage of the advertisement was edited t say any player. I would be interested in offering a second chance to do the right thing and provide a refund in lieu of the removal of my initial bad review of your company that tarnishes your reputation.  I am not misunderstanding and am aware that the company has first hand knowledge of the mistake they made. I am still requesting a full refund.  Okay, I am listening"
2558,buyer," I am not misunderstanding and am aware that the company has first hand knowledge of the mistake they made. I am still requesting a full refund.  Okay, I am listening  I would be willing to retract my review if your review of my buyer profile is also remove with the full refund, return shipping paid, and the 30% restocking fee."
2558,buyer," Okay, I am listening  I would be willing to retract my review if your review of my buyer profile is also remove with the full refund, return shipping paid, and the 30% restocking fee.  The removal of the bad review isn't worth the shipping expense?"
2558,buyer," I would be willing to retract my review if your review of my buyer profile is also remove with the full refund, return shipping paid, and the 30% restocking fee.  The removal of the bad review isn't worth the shipping expense?  Submitted agreement: Buyer gets full refund, seller retracted their review, buyer retracted their review, seller did apologize, and buyer didn't apologize."
2558,seller," There was no false advertising as the website states that there is no one particular jersey that will be sold. All sales final.  Unfortunately, you misunderstood. At no time did it state the jersey was for Kobe. Perhaps you got confused by looking at another website? I'm sorry that you are disappointed in the sale. All our other reviews are by happy customers that read that description and understood what they were buying.  Perhaps I can offer a compromise."
2558,seller," Unfortunately, you misunderstood. At no time did it state the jersey was for Kobe. Perhaps you got confused by looking at another website? I'm sorry that you are disappointed in the sale. All our other reviews are by happy customers that read that description and understood what they were buying.  Perhaps I can offer a compromise.  You can return the product at your expense plus a 30% restocking charge. In exchange, you retract your review."
2558,seller," Perhaps I can offer a compromise.  You can return the product at your expense plus a 30% restocking charge. In exchange, you retract your review.  I'm sorry, that won't work."
2558,seller," You can return the product at your expense plus a 30% restocking charge. In exchange, you retract your review.  I'm sorry, that won't work.  Ok, I'll cover shipping with an apology from you. Seems fair."
2558,seller," I'm sorry, that won't work.  Ok, I'll cover shipping with an apology from you. Seems fair.  Accept Deal"
2559,buyer," Hi, may I receive a full refund as the item was not as described.   I understand but the item was not as described so it is not a valid sale. Also, please retract your bad review of me. I apologize for this mix up but hopefully the outcome will be fair to us both.   Thank you for your offer to retract the bad review. I appreciate it. I need the refund and you didn't correctly describe the product. I have the screenshot of the description and don't want to have to escalate this with your site you sell on. It is ok to not offer refunds if you are actually selling the item you said you were selling. Otherwise, you aren't being an honest seller and you cannot do that by law. "
2559,buyer," I understand but the item was not as described so it is not a valid sale. Also, please retract your bad review of me. I apologize for this mix up but hopefully the outcome will be fair to us both.   Thank you for your offer to retract the bad review. I appreciate it. I need the refund and you didn't correctly describe the product. I have the screenshot of the description and don't want to have to escalate this with your site you sell on. It is ok to not offer refunds if you are actually selling the item you said you were selling. Otherwise, you aren't being an honest seller and you cannot do that by law.   Yes they also did a bait and switch which is illegal. I feel it is important to make other buyers aware so they can be careful. I do not intend to harm and I only will put a factual review if no solution is reached. I'm willing to amend my review if you treat me fairly from here please. "
2559,buyer," Thank you for your offer to retract the bad review. I appreciate it. I need the refund and you didn't correctly describe the product. I have the screenshot of the description and don't want to have to escalate this with your site you sell on. It is ok to not offer refunds if you are actually selling the item you said you were selling. Otherwise, you aren't being an honest seller and you cannot do that by law.   Yes they also did a bait and switch which is illegal. I feel it is important to make other buyers aware so they can be careful. I do not intend to harm and I only will put a factual review if no solution is reached. I'm willing to amend my review if you treat me fairly from here please.   Thank you. I am sorry for how this went down as well. I'll amend my review of you. "
2559,buyer, Yes they also did a bait and switch which is illegal. I feel it is important to make other buyers aware so they can be careful. I do not intend to harm and I only will put a factual review if no solution is reached. I'm willing to amend my review if you treat me fairly from here please.   Thank you. I am sorry for how this went down as well. I'll amend my review of you.   Accept Deal
2559,seller, There is a policy of no refunds as was stated.  The policy says no refunds so I must honor the policy. I can retract the bad review but I can't refund.  I see that you've given another seller a hard time and demanded a refund from them as well.
2559,seller," The policy says no refunds so I must honor the policy. I can retract the bad review but I can't refund.  I see that you've given another seller a hard time and demanded a refund from them as well.  Okay I'll issue the refund, I'm sorry. I'll retract the bad review of you as well."
2559,seller," I see that you've given another seller a hard time and demanded a refund from them as well.  Okay I'll issue the refund, I'm sorry. I'll retract the bad review of you as well.  Submitted agreement: Buyer gets full refund, seller retracted their review, buyer retracted their review, seller did apologize, and buyer didn't apologize."
2560,buyer," I'd like a refund as I didn't receive the jersey that was advertised. It was for someone terminally ill and it was important.   It was on the site. I don't want to pay for something I didn't want. I will return the jersey, I just want a refund and you won't be losing anything. I want to take that money and buy the jersey for the person who is terminally ill. Please, it's important.   I appreciate it, thank you. I will remove the bad review and would you please remove the bad review. Let;s have a clean slate with eachother. Does that sound fair?"
2560,buyer," It was on the site. I don't want to pay for something I didn't want. I will return the jersey, I just want a refund and you won't be losing anything. I want to take that money and buy the jersey for the person who is terminally ill. Please, it's important.   I appreciate it, thank you. I will remove the bad review and would you please remove the bad review. Let;s have a clean slate with eachother. Does that sound fair?  I apologize for any misunderstanding and wish you well with your business. I'm glad we could come to an agreement. Thank you."
2560,buyer," I appreciate it, thank you. I will remove the bad review and would you please remove the bad review. Let;s have a clean slate with eachother. Does that sound fair?  I apologize for any misunderstanding and wish you well with your business. I'm glad we could come to an agreement. Thank you.  Submitted agreement: Buyer gets full refund, seller retracted their review, buyer retracted their review, seller didn't apologize, and buyer did apologize."
2560,seller," I'm sorry for the issue you had with the jersey, but we did not have any specifics listed for it on the site..  Alright, I will see about processing the refund as soon as possible, sorry for the inconvenience..  It does sound fair to me, I'll remove my own bad review in turn after you remove yours.."
2560,seller," Alright, I will see about processing the refund as soon as possible, sorry for the inconvenience..  It does sound fair to me, I'll remove my own bad review in turn after you remove yours..  You're very welcome, we do strive to ensure our customers are happy."
2560,seller," It does sound fair to me, I'll remove my own bad review in turn after you remove yours..  You're very welcome, we do strive to ensure our customers are happy.  Accept Deal"
2561,buyer, hello  I would like a refund for the jersey  the jersey listed said specifically it was a kobe jersey and you retracted the description after denying the refund I feel like ive been scammed
2561,buyer, I would like a refund for the jersey  the jersey listed said specifically it was a kobe jersey and you retracted the description after denying the refund I feel like ive been scammed  I have screetshots that prove otherwise please offer a refund so we can resolve this without issue and I will take down the bad review I left for your business
2561,buyer," the jersey listed said specifically it was a kobe jersey and you retracted the description after denying the refund I feel like ive been scammed  I have screetshots that prove otherwise please offer a refund so we can resolve this without issue and I will take down the bad review I left for your business  Submitted agreement: Buyer gets full refund, seller retracted their review, buyer kept their review, seller did apologize, and buyer didn't apologize."
2561,seller, Hello  Why  No it sais replica of Los Angeles Lakers baskeball championship jersey
2561,seller, Why  No it sais replica of Los Angeles Lakers baskeball championship jersey  I know exactly what my sites says and it states that it is a replica no certain name is on my site
2561,seller, No it sais replica of Los Angeles Lakers baskeball championship jersey  I know exactly what my sites says and it states that it is a replica no certain name is on my site  Accept Deal
2562,buyer," I would like to receive a full refund for my item because it was not what I thought I was ordering.  I did read correctly, you should not have used false advertisement. I will accept an apology, but I want half of my money refunded.  I will apologize and remove my bad review only if I receive half of my refund."
2562,buyer," I did read correctly, you should not have used false advertisement. I will accept an apology, but I want half of my money refunded.  I will apologize and remove my bad review only if I receive half of my refund.  Okay, that sounds fair."
2562,buyer," I will apologize and remove my bad review only if I receive half of my refund.  Okay, that sounds fair.  Submitted agreement: Buyer gets partial refund, seller kept their review, buyer retracted their review, seller didn't apologize, and buyer did apologize."
2562,seller, You should have read better. You will not be getting a refund. Buy I will apologize to you  That isnot going to happen. But to make it better for you I will remove my bad review and apologizes to you but that is it. If you want a refund I will keep my bad review. You will retracts bad review and apologizes to me.   Yes I will accept that. But I will not apologize to you and keep my bad review up. 
2562,seller, That isnot going to happen. But to make it better for you I will remove my bad review and apologizes to you but that is it. If you want a refund I will keep my bad review. You will retracts bad review and apologizes to me.   Yes I will accept that. But I will not apologize to you and keep my bad review up.   Great
2562,seller, Yes I will accept that. But I will not apologize to you and keep my bad review up.   Great  Accept Deal
2563,buyer, Did you receive my message  I need a refund  I will remove it.
2563,buyer," I need a refund  I will remove it.  no, it not happening"
2563,buyer," I will remove it.  no, it not happening  are going to apologize?"
2563,buyer," no, it not happening  are going to apologize?  Ok, i will apologize."
2563,buyer," are going to apologize?  Ok, i will apologize.  Submitted agreement: Buyer gets full refund, seller retracted their review, buyer retracted their review, seller did apologize, and buyer did apologize."
2563,seller," No  I might be able to help with a refund if you remove the bad review.  Ok, I'll be happy to give you a refund. Would you also be kind enough to make a public apology?"
2563,seller," I might be able to help with a refund if you remove the bad review.  Ok, I'll be happy to give you a refund. Would you also be kind enough to make a public apology?  I hope you reconsider, I have done all that I can to give you the refund that you have requested"
2563,seller," Ok, I'll be happy to give you a refund. Would you also be kind enough to make a public apology?  I hope you reconsider, I have done all that I can to give you the refund that you have requested  I apologize."
2563,seller," I hope you reconsider, I have done all that I can to give you the refund that you have requested  I apologize.  Ok, it has been nice working with you."
2563,seller," I apologize.  Ok, it has been nice working with you.  Accept Deal"
2564,buyer," I did not receive the product that I ordered, I need a refund for it.  I ordered a Kobe Bryant basketball jersey but received a jersey from another Lakers player  When I ordered the jersey the website clearly said that it was a Kobe Bryant jersey. My nephew is sick and really wanted a Bryant jersey for his birthday"
2564,buyer, I ordered a Kobe Bryant basketball jersey but received a jersey from another Lakers player  When I ordered the jersey the website clearly said that it was a Kobe Bryant jersey. My nephew is sick and really wanted a Bryant jersey for his birthday  I would like a refund for at least 80% of the cost
2564,buyer," When I ordered the jersey the website clearly said that it was a Kobe Bryant jersey. My nephew is sick and really wanted a Bryant jersey for his birthday  I would like a refund for at least 80% of the cost  That's not enough, when I ordered the jersey it said it was a Bryant one on the website"
2564,buyer," I would like a refund for at least 80% of the cost  That's not enough, when I ordered the jersey it said it was a Bryant one on the website  Ok, but you will have to remove your bad review of me as I had a bad experience with my order that wasn't my fault"
2564,buyer," That's not enough, when I ordered the jersey it said it was a Bryant one on the website  Ok, but you will have to remove your bad review of me as I had a bad experience with my order that wasn't my fault  Unfortunately I can't remove my bad review because other customers have a right to know about my bad experience and be able to make their own judgement"
2564,buyer," Ok, but you will have to remove your bad review of me as I had a bad experience with my order that wasn't my fault  Unfortunately I can't remove my bad review because other customers have a right to know about my bad experience and be able to make their own judgement  If you can't remove your bad review, then I'll need more of a refund"
2564,buyer," Unfortunately I can't remove my bad review because other customers have a right to know about my bad experience and be able to make their own judgement  If you can't remove your bad review, then I'll need more of a refund  If you can't remove your bad review or increase the refund, then I'll need an apology. If not, please either remove your bad review or increase the refund."
2564,buyer," If you can't remove your bad review, then I'll need more of a refund  If you can't remove your bad review or increase the refund, then I'll need an apology. If not, please either remove your bad review or increase the refund.  Submitted agreement: Buyer gets partial refund, seller kept their review, buyer kept their review, seller did apologize, and buyer didn't apologize."
2564,seller," Hi, I apologize. What product did you order and what product did you receive?  I understand. However, the item you ordered states that the jersey is randomized. I cannot offer you a refund  I'm sorry about your nephew. It says in the description that it is a randomized jersey. How can I make this up to you?"
2564,seller," I understand. However, the item you ordered states that the jersey is randomized. I cannot offer you a refund  I'm sorry about your nephew. It says in the description that it is a randomized jersey. How can I make this up to you?  How about a 30% refund?"
2564,seller, I'm sorry about your nephew. It says in the description that it is a randomized jersey. How can I make this up to you?  How about a 30% refund?  We can meet in the middle. 50% refund?
2564,seller, How about a 30% refund?  We can meet in the middle. 50% refund?  I will remove my bad review of you as long as you remove the bad review of me
2564,seller, We can meet in the middle. 50% refund?  I will remove my bad review of you as long as you remove the bad review of me  I could say the same about you. I won't remove my bad review of you because you could be scamming me and I want to warn other sellers.
2564,seller," I will remove my bad review of you as long as you remove the bad review of me  I could say the same about you. I won't remove my bad review of you because you could be scamming me and I want to warn other sellers.  I apologize for the confusion, but a 50% refund is the maximum I will offer."
2564,seller," I could say the same about you. I won't remove my bad review of you because you could be scamming me and I want to warn other sellers.  I apologize for the confusion, but a 50% refund is the maximum I will offer.  I apologized previously, but I sincerely apologize for the confusion with your order and I hope you get your hands on the jersey you need for your nephew"
2564,seller," I apologize for the confusion, but a 50% refund is the maximum I will offer.  I apologized previously, but I sincerely apologize for the confusion with your order and I hope you get your hands on the jersey you need for your nephew  Accept Deal"
2565,buyer," Hello, I received my item but this is not the item that I purchased. The description stated that it was a Kobe Bryant Jersey. This is not his jersey.  When I searched for this item, I specifically searched for a Kobe Bryant jersey for my sick nephew. I even screenshot the purchase and sent it to him to let him know the surprise was on the way. I would like a full refund so that I can purchase the item I promised him, and was under the impression that I was buying.  Yes, I understand that - but the sale is not what was stated on your website at the time of purchasing either. These are dishonest selling practices and other buyers will not want to go through this either. This was not a cheap item. Now I have to repurchase elsewhere."
2565,buyer," When I searched for this item, I specifically searched for a Kobe Bryant jersey for my sick nephew. I even screenshot the purchase and sent it to him to let him know the surprise was on the way. I would like a full refund so that I can purchase the item I promised him, and was under the impression that I was buying.  Yes, I understand that - but the sale is not what was stated on your website at the time of purchasing either. These are dishonest selling practices and other buyers will not want to go through this either. This was not a cheap item. Now I have to repurchase elsewhere.  They do not reflect that. They reflect that I purchased a Kobe Bryant jersey, this listing has since been changed. Please submit a full refund. I'll be more than happy to return this product. As of right now, I will be sure to leave an honest review so that other sellers are aware that the items they are purchasing might not be accurate and that the seller has dishonest practices."
2565,buyer," Yes, I understand that - but the sale is not what was stated on your website at the time of purchasing either. These are dishonest selling practices and other buyers will not want to go through this either. This was not a cheap item. Now I have to repurchase elsewhere.  They do not reflect that. They reflect that I purchased a Kobe Bryant jersey, this listing has since been changed. Please submit a full refund. I'll be more than happy to return this product. As of right now, I will be sure to leave an honest review so that other sellers are aware that the items they are purchasing might not be accurate and that the seller has dishonest practices.  I'm unsure what there is to say negative about me as a buyer. I purchased an item that did not arrive as described. I reached out to the seller that sold the incorrect object. The seller is denying a refund or a way to make this right. All that to say, go ahead I'm fine with your incorrect, dishonest bad review. I'm a buyer, not a seller."
2565,seller," Hello, sorry you are not satisfied with your item. The product description states that the jersey is for no specific player.  I'm sorry but all sales are final as per our policy, which is also clearly stated on the website.  Your receipt as well as the product listing should reflect that the jersey was not for a specific player. I have never employed dishonest selling practices in all my years in this business."
2565,seller," I'm sorry but all sales are final as per our policy, which is also clearly stated on the website.  Your receipt as well as the product listing should reflect that the jersey was not for a specific player. I have never employed dishonest selling practices in all my years in this business.  Sorry but I cannot offer a refund, as per our policy. I will be sure to aleave a review as well."
2565,seller," Your receipt as well as the product listing should reflect that the jersey was not for a specific player. I have never employed dishonest selling practices in all my years in this business.  Sorry but I cannot offer a refund, as per our policy. I will be sure to aleave a review as well.  I Walk Away."
2566,buyer, i did not get what i ordered. i need a refund  but . the best is to give you failed to give me what i need  thats a bad deal you know
2566,buyer, but . the best is to give you failed to give me what i need  thats a bad deal you know  how about getting wht i need
2566,buyer, thats a bad deal you know  how about getting wht i need  am not happy about this
2566,seller, i do no offer refunds its as is  i can give you a partial refund  it is not because i never stated who will be on the jersey they are replicas
2566,seller, i can give you a partial refund  it is not because i never stated who will be on the jersey they are replicas  partial refund or no refund at all
2566,seller, it is not because i never stated who will be on the jersey they are replicas  partial refund or no refund at all  I Walk Away.
2567,buyer, You clearly are aware you sent me the wrong item because you changed the description afterwards! I have proof I demand a refund!  The item described was a specific jersey! Why would you change the description afterwards?  I have it however there is no way to send it through here but believe me I will spread this information all over unless this is resolved. You need to provide a full refund and retract your false review of me. 
2567,buyer, The item described was a specific jersey! Why would you change the description afterwards?  I have it however there is no way to send it through here but believe me I will spread this information all over unless this is resolved. You need to provide a full refund and retract your false review of me.   That's unacceptable the item advertised was not received
2567,buyer, I have it however there is no way to send it through here but believe me I will spread this information all over unless this is resolved. You need to provide a full refund and retract your false review of me.   That's unacceptable the item advertised was not received  I don't want it I'm happy to return it however you need to pay for return shipping at your expense and provide a full refund as well as removing the false review about me. I'm not obligated to incur a cost for your deceptive sales practice. 
2567,buyer, That's unacceptable the item advertised was not received  I don't want it I'm happy to return it however you need to pay for return shipping at your expense and provide a full refund as well as removing the false review about me. I'm not obligated to incur a cost for your deceptive sales practice.   Reject Deal
2567,buyer, I don't want it I'm happy to return it however you need to pay for return shipping at your expense and provide a full refund as well as removing the false review about me. I'm not obligated to incur a cost for your deceptive sales practice.   Reject Deal  I will return the item for a full refund as well as a retraction of your false review
2567,buyer, Reject Deal  I will return the item for a full refund as well as a retraction of your false review  Accept Deal
2567,seller," I understand that you feel angry and wronged, but I did uphold my part of the transaction and sent you the product you ordered.  I did not change the description, you must have read it wrong. Can you please show me a screenshot of what you saw that led you to belive it was a specific jersey?  Unfortunately, I cannot fulfill either of those requests. I would offer you a discount on future orders, but I really do not want you as a customer any longer after this mess. I have read online that you have tried to pull a similar trick on other online vendors in order to get a free product. If you would like to send the jersey back, once I receive it I will give you a refund minus stocking and processing fees."
2567,seller," I did not change the description, you must have read it wrong. Can you please show me a screenshot of what you saw that led you to belive it was a specific jersey?  Unfortunately, I cannot fulfill either of those requests. I would offer you a discount on future orders, but I really do not want you as a customer any longer after this mess. I have read online that you have tried to pull a similar trick on other online vendors in order to get a free product. If you would like to send the jersey back, once I receive it I will give you a refund minus stocking and processing fees.  If you are not satisfied with the product, you are welcome to return it. Why would you want to keep it if it is not what you wanted?"
2567,seller," Unfortunately, I cannot fulfill either of those requests. I would offer you a discount on future orders, but I really do not want you as a customer any longer after this mess. I have read online that you have tried to pull a similar trick on other online vendors in order to get a free product. If you would like to send the jersey back, once I receive it I will give you a refund minus stocking and processing fees.  If you are not satisfied with the product, you are welcome to return it. Why would you want to keep it if it is not what you wanted?  Submitted agreement: Buyer gets partial refund, seller kept their review, buyer retracted their review, seller didn't apologize, and buyer did apologize."
2567,seller," If you are not satisfied with the product, you are welcome to return it. Why would you want to keep it if it is not what you wanted?  Submitted agreement: Buyer gets partial refund, seller kept their review, buyer retracted their review, seller didn't apologize, and buyer did apologize.  Submitted agreement: Buyer gets full refund, seller retracted their review, buyer retracted their review, seller didn't apologize, and buyer did apologize."
2569,buyer, hello  I want you to explain your review  But I do not think that requires such a harsh review
2569,buyer, I want you to explain your review  But I do not think that requires such a harsh review  Yes I am willing to do that
2569,buyer, But I do not think that requires such a harsh review  Yes I am willing to do that  Thank you to.  I am taking it down
2569,buyer, Yes I am willing to do that  Thank you to.  I am taking it down  Accept Deal
2569,seller," Hi there how can I help you?  Yes, I think you have misunderstood the product, the shirt you received was as advertised.  Our business sent what was ordered here. That is the review.   I am adding a review because of the harsh review you have left on my business. I will be happy to take my review down if you write an apology on your review clarifying the misunderstanding or take down your review altogether."
2569,seller," Yes, I think you have misunderstood the product, the shirt you received was as advertised.  Our business sent what was ordered here. That is the review.   I am adding a review because of the harsh review you have left on my business. I will be happy to take my review down if you write an apology on your review clarifying the misunderstanding or take down your review altogether.  Thank You! We appreciate your business and will take down the review once ours is taken down as well."
2569,seller," I am adding a review because of the harsh review you have left on my business. I will be happy to take my review down if you write an apology on your review clarifying the misunderstanding or take down your review altogether.  Thank You! We appreciate your business and will take down the review once ours is taken down as well.  Submitted agreement: Buyer gets no refund, seller retracted their review, buyer retracted their review, seller didn't apologize, and buyer did apologize."
2572,buyer," I need to request a refund on a product as this isn't what I ordered  It was a Kobe Bryant championship jersey I bought for my kid. What ended up coming through was a generic jersey of a player we've never heard of, and what's worse is that the seller changed the item's description after I bought a pair  That's ridiculous and incredibly deceptive. I did not purchase a generic replica, and I understand if you've made a mistake but otherwise I'll have no choice but to take up legal action on the counts of fraudulent advertising. "
2572,buyer," It was a Kobe Bryant championship jersey I bought for my kid. What ended up coming through was a generic jersey of a player we've never heard of, and what's worse is that the seller changed the item's description after I bought a pair  That's ridiculous and incredibly deceptive. I did not purchase a generic replica, and I understand if you've made a mistake but otherwise I'll have no choice but to take up legal action on the counts of fraudulent advertising.   Will the store credit be for the entirety of the purchase? I think I can work with that"
2572,buyer," That's ridiculous and incredibly deceptive. I did not purchase a generic replica, and I understand if you've made a mistake but otherwise I'll have no choice but to take up legal action on the counts of fraudulent advertising.   Will the store credit be for the entirety of the purchase? I think I can work with that  I'll take it, apologies for any miscommunication. Would you also be willing to remove the seller's childish comments on my review? I think I'll be satisfied with that if its possible"
2572,buyer," Will the store credit be for the entirety of the purchase? I think I can work with that  I'll take it, apologies for any miscommunication. Would you also be willing to remove the seller's childish comments on my review? I think I'll be satisfied with that if its possible  Sure that sounds like something I can agree to, you have a deal"
2572,buyer," I'll take it, apologies for any miscommunication. Would you also be willing to remove the seller's childish comments on my review? I think I'll be satisfied with that if its possible  Sure that sounds like something I can agree to, you have a deal  Accept Deal"
2572,seller," Thank you for contacting us! Can you please state the item you purchased and explain what the issue is?  Thank you for that explanation. The item listed has always stated that the jersey is a generic replica and not for a specific player. We do not sell player specific jerseys. Unfortunately we do not issue refunds as part of our store policy.   I'm sorry you feel that way. As I mentioned, the product listing clearly stated it was a generic replica jersey and not for a specific player. I apologize for any confusion you may have had with reading the description. Although we don't offer refunds, we could offer you a store credit if you'd like to return the jersey and purchase something else from the site instead. "
2572,seller," Thank you for that explanation. The item listed has always stated that the jersey is a generic replica and not for a specific player. We do not sell player specific jerseys. Unfortunately we do not issue refunds as part of our store policy.   I'm sorry you feel that way. As I mentioned, the product listing clearly stated it was a generic replica jersey and not for a specific player. I apologize for any confusion you may have had with reading the description. Although we don't offer refunds, we could offer you a store credit if you'd like to return the jersey and purchase something else from the site instead.   Yes, it would be for the full purchase price. "
2572,seller," I'm sorry you feel that way. As I mentioned, the product listing clearly stated it was a generic replica jersey and not for a specific player. I apologize for any confusion you may have had with reading the description. Although we don't offer refunds, we could offer you a store credit if you'd like to return the jersey and purchase something else from the site instead.   Yes, it would be for the full purchase price.   Yes, and if you could retract your review of our store after understanding the situation now, we would appreciate that as well!"
2572,seller," Yes, it would be for the full purchase price.   Yes, and if you could retract your review of our store after understanding the situation now, we would appreciate that as well!  Submitted agreement: Buyer gets partial refund, seller retracted their review, buyer retracted their review, seller did apologize, and buyer did apologize."
2573,buyer," Hello I would like a refund and an amendment of your negative review  It was stated to be a Kobe shirt and it is of a different player  The post has since been changed, but it did say that initially"
2573,buyer," It was stated to be a Kobe shirt and it is of a different player  The post has since been changed, but it did say that initially  I will amend my negative review and say that it was made right if you refund the price for the shirt"
2573,buyer," The post has since been changed, but it did say that initially  I will amend my negative review and say that it was made right if you refund the price for the shirt  If you retract or amend the review I will as well"
2573,buyer," I will amend my negative review and say that it was made right if you refund the price for the shirt  If you retract or amend the review I will as well  Submitted agreement: Buyer gets full refund, seller retracted their review, buyer retracted their review, seller didn't apologize, and buyer didn't apologize."
2573,seller, my policy is to not give refunds.  Can you tell me what is wrong with the product.  I never stated it was a Kobe shirt.  If you go back to the initial post you will see that.  The post was never changed.  It is still the original post.
2573,seller, I never stated it was a Kobe shirt.  If you go back to the initial post you will see that.  The post was never changed.  It is still the original post.  I will refund the price in fuaaa
2573,seller, The post was never changed.  It is still the original post.  I will refund the price in fuaaa  I will
2573,seller, I will refund the price in fuaaa  I will  Accept Deal
2574,buyer," Good Afternoon, I received my item and unfortunately  It came damaged.  &nbsp;  I appreciate your response and I would like to be fully refund.  "
2574,buyer, It came damaged.  &nbsp;  I appreciate your response and I would like to be fully refund.    I think that sounds great and I truly appreciate your help.  Thank you.
2574,buyer," I appreciate your response and I would like to be fully refund.    I think that sounds great and I truly appreciate your help.  Thank you.  Submitted agreement: Buyer gets full refund, seller retracted their review, buyer retracted their review, seller didn't apologize, and buyer didn't apologize."
2574,seller, What is wrong with the item?  Okay. I am sorry to hear that. How would you like the situation to be remedied?  I can offer you a full refund and remove your review so long as you retract your bad review. In that case we can call it even and hopefully you can shop at my store again in the future.
2574,seller, Okay. I am sorry to hear that. How would you like the situation to be remedied?  I can offer you a full refund and remove your review so long as you retract your bad review. In that case we can call it even and hopefully you can shop at my store again in the future.  Your welcome.
2574,seller, I can offer you a full refund and remove your review so long as you retract your bad review. In that case we can call it even and hopefully you can shop at my store again in the future.  Your welcome.  Accept Deal
2575,buyer," Hello! I received the wrong item. Can I have a refund, please?  Ok, have a great day.  please send me 3 more messages"
2575,buyer," Ok, have a great day.  please send me 3 more messages  message 1"
2575,buyer, please send me 3 more messages  message 1  message 3
2575,seller," Hello! It's unfortunately our store policy that all sales are final. If you look at the selling page, you'll see that the jersey clearly states that the jersey is a general, lakers jersey, not specific to any one player.   Have a good day  Will do."
2575,seller, Have a good day  Will do.  message 2
2575,seller, Will do.  message 2  I Walk Away.
2576,buyer," I would like to receive a refund for this purchase. The jersey was not what I ordered.  It was changed afterwards. When I made the purchase, it clearly said that it would be a Kobe Bryant jersey, and that was not what I received. If I can receive a refund, I will take down my negative review of you.  Yes, if I could get a credit for the full price, that would be great."
2576,buyer," It was changed afterwards. When I made the purchase, it clearly said that it would be a Kobe Bryant jersey, and that was not what I received. If I can receive a refund, I will take down my negative review of you.  Yes, if I could get a credit for the full price, that would be great.  Yes I can take down the review. Can you also take down your negative review of me?"
2576,buyer," Yes, if I could get a credit for the full price, that would be great.  Yes I can take down the review. Can you also take down your negative review of me?  I understand that. I just feel that I haven't had any issues with sellers before and want to maintain my reputation so that I don't run into potential situations where sellers don't want to sell to me."
2576,buyer," Yes I can take down the review. Can you also take down your negative review of me?  I understand that. I just feel that I haven't had any issues with sellers before and want to maintain my reputation so that I don't run into potential situations where sellers don't want to sell to me.  Submitted agreement: Buyer gets full refund, seller retracted their review, buyer retracted their review, seller didn't apologize, and buyer didn't apologize."
2576,buyer," I understand that. I just feel that I haven't had any issues with sellers before and want to maintain my reputation so that I don't run into potential situations where sellers don't want to sell to me.  Submitted agreement: Buyer gets full refund, seller retracted their review, buyer retracted their review, seller didn't apologize, and buyer didn't apologize.  Accept Deal"
2576,seller," I think it was clear per the website that the jersey was how it was listed on the page  Would in-store credit suffice?  I think that's something we can agree upon, so if in-store credit is given, would you take down the review?"
2576,seller," Would in-store credit suffice?  I think that's something we can agree upon, so if in-store credit is given, would you take down the review?  Potentially, I think it's important you understand our perspective as a store and that we cannot always bend the rules to do these things for customers"
2576,seller," I think that's something we can agree upon, so if in-store credit is given, would you take down the review?  Potentially, I think it's important you understand our perspective as a store and that we cannot always bend the rules to do these things for customers  Yes I understand, we apologize for the inconvenience that occurred but you must understand our position as well"
2576,seller," Potentially, I think it's important you understand our perspective as a store and that we cannot always bend the rules to do these things for customers  Yes I understand, we apologize for the inconvenience that occurred but you must understand our position as well  Reject Deal"
2576,seller," Yes I understand, we apologize for the inconvenience that occurred but you must understand our position as well  Reject Deal  Submitted agreement: Buyer gets full refund, seller retracted their review, buyer retracted their review, seller did apologize, and buyer didn't apologize."
2577,buyer, Hey. So I was wondering if I could get a refund for the jersey I purchased?  I had ordered a Kobe Bryant jersey and the one that arrived was for another player.  I remember that the site specifically said Kobe Bryant
2577,buyer, I had ordered a Kobe Bryant jersey and the one that arrived was for another player.  I remember that the site specifically said Kobe Bryant  It was there when I made the purchase. It seems like it was changed after I complained.
2577,buyer, I remember that the site specifically said Kobe Bryant  It was there when I made the purchase. It seems like it was changed after I complained.  If I receive a refund I will be happy to retract the bad review.
2577,buyer," It was there when I made the purchase. It seems like it was changed after I complained.  If I receive a refund I will be happy to retract the bad review.  That's fair, if a full refund is issued."
2577,buyer," If I receive a refund I will be happy to retract the bad review.  That's fair, if a full refund is issued.  Submitted agreement: Buyer gets full refund, seller kept their review, buyer retracted their review, seller didn't apologize, and buyer did apologize."
2577,seller," What is the reason?  On the website it clearly states that it will be a generic jersey, not a jersey for a specific player  Well, the page is still there. You can still go there and see that nowhere does it say it is a Kobe Bryant jersey"
2577,seller," On the website it clearly states that it will be a generic jersey, not a jersey for a specific player  Well, the page is still there. You can still go there and see that nowhere does it say it is a Kobe Bryant jersey  It was not changed. In general I usually do not mind issuing refunds for any reason. But you left a rude review of my store calling me a crook for no reason, which will hurt my business "
2577,seller," Well, the page is still there. You can still go there and see that nowhere does it say it is a Kobe Bryant jersey  It was not changed. In general I usually do not mind issuing refunds for any reason. But you left a rude review of my store calling me a crook for no reason, which will hurt my business   I would like for you to replace the review with an apology because it was very rude "
2577,seller," It was not changed. In general I usually do not mind issuing refunds for any reason. But you left a rude review of my store calling me a crook for no reason, which will hurt my business   I would like for you to replace the review with an apology because it was very rude   Agreed"
2577,seller, I would like for you to replace the review with an apology because it was very rude   Agreed  Accept Deal
2578,buyer, i need a refund because what I oreder is not what I got from your shop through online   Thank you for your understanding. When am I going to get my refund and retracts the bad review about me too  you wont be happy because you acre about your reputation and I am not taking mu down because of future mistake that can be made by your store 
2578,buyer, Thank you for your understanding. When am I going to get my refund and retracts the bad review about me too  you wont be happy because you acre about your reputation and I am not taking mu down because of future mistake that can be made by your store   No you have to apologize to me under my review
2578,buyer, you wont be happy because you acre about your reputation and I am not taking mu down because of future mistake that can be made by your store   No you have to apologize to me under my review  i wont take my down for the safty of other customers who goes through this similar problem with your store 
2578,buyer, No you have to apologize to me under my review  i wont take my down for the safty of other customers who goes through this similar problem with your store   a refund and an apology 
2578,buyer, i wont take my down for the safty of other customers who goes through this similar problem with your store   a refund and an apology   yes both 
2578,buyer, a refund and an apology   yes both   no take yours down if you don't agree then we close the deal for this final discussion 
2578,buyer, yes both   no take yours down if you don't agree then we close the deal for this final discussion   I wont 
2578,buyer, no take yours down if you don't agree then we close the deal for this final discussion   I wont   I didn't do any mistake you did so let your customers know that you're capable of making a mistake by accepting your mistake which is you apologizing to me under my review to show you care about your customer and their needs and you're not here for the money only for the happiness of your clients 
2578,buyer," I wont   I didn't do any mistake you did so let your customers know that you're capable of making a mistake by accepting your mistake which is you apologizing to me under my review to show you care about your customer and their needs and you're not here for the money only for the happiness of your clients   Submitted agreement: Buyer gets full refund, seller retracted their review, buyer kept their review, seller did apologize, and buyer did apologize."
2578,seller," My store policy is not to offer refunds, but I would be willing to compromise.   I am unhappy with the review you left about me as well.  What is most important to me is that my business reputation is upheld. I believe I provided the item advertised, which said it would be a Laker jersey but not for a specific player. I will consent to offering a refund, but must insist you take down your review of me"
2578,seller," I am unhappy with the review you left about me as well.  What is most important to me is that my business reputation is upheld. I believe I provided the item advertised, which said it would be a Laker jersey but not for a specific player. I will consent to offering a refund, but must insist you take down your review of me  I will give you a refund, and take down my negative review of you, but you have to take down your negative review of me"
2578,seller," What is most important to me is that my business reputation is upheld. I believe I provided the item advertised, which said it would be a Laker jersey but not for a specific player. I will consent to offering a refund, but must insist you take down your review of me  I will give you a refund, and take down my negative review of you, but you have to take down your negative review of me  What is the main thing you want"
2578,seller," I will give you a refund, and take down my negative review of you, but you have to take down your negative review of me  What is the main thing you want  Both?"
2578,seller, What is the main thing you want  Both?  Are you willing to take down your negative review of me?
2578,seller, Both?  Are you willing to take down your negative review of me?  I said I will take down my review of you if you take down your review of me.
2578,seller, Are you willing to take down your negative review of me?  I said I will take down my review of you if you take down your review of me.  All you have done is tell me what you want me to do. What are you willing to offer in exchange?
2578,seller, I said I will take down my review of you if you take down your review of me.  All you have done is tell me what you want me to do. What are you willing to offer in exchange?  So you're willing to lose everything in this negotiation so that you can tell everyone I made a mistake?
2578,seller, All you have done is tell me what you want me to do. What are you willing to offer in exchange?  So you're willing to lose everything in this negotiation so that you can tell everyone I made a mistake?  I Walk Away.
2580,buyer," Hi there, I wanted to reach out about my purchase of a Kobe Bryant jersey that was not fulfilled.  Will the jersey specifically be for Kobe Bryant, not any member of the Lakers? This gift is for my terminally ill nephew so it's extremely important to me for it to be a jersey of the right player.  Okay, I would be interested as long as you take down your bad review of me as a customer."
2580,buyer," Will the jersey specifically be for Kobe Bryant, not any member of the Lakers? This gift is for my terminally ill nephew so it's extremely important to me for it to be a jersey of the right player.  Okay, I would be interested as long as you take down your bad review of me as a customer.  Okay, sounds good. Thank you for your apology as well."
2580,buyer," Okay, I would be interested as long as you take down your bad review of me as a customer.  Okay, sounds good. Thank you for your apology as well.  Submitted agreement: Buyer gets no refund, seller retracted their review, buyer kept their review, seller did apologize, and buyer did apologize."
2580,seller," HI THERE, I AM SORRY FOR THAT. WOULD YOU LIKE TO RETURN THE JERSEY FOR A NEW ONE  YES IT SPECIFICALLY FOR KOBE BRYANT  THANK YOU, WILL DO JUST THAT"
2580,seller," YES IT SPECIFICALLY FOR KOBE BRYANT  THANK YOU, WILL DO JUST THAT  YOU ALWAYS WELCOME"
2580,seller," THANK YOU, WILL DO JUST THAT  YOU ALWAYS WELCOME  Accept Deal"
2581,buyer," Goo  I have archive copies of your original description from the wayback machine. If you want to unwind the transacton, you provide a refund, I will retract my review, and you retract yours.  You will provide a full refund?"
2581,buyer," I have archive copies of your original description from the wayback machine. If you want to unwind the transacton, you provide a refund, I will retract my review, and you retract yours.  You will provide a full refund?  I was not clear. We will unwind the transaction: I send back the jersey, you send back the money, we take down our statements, and we go on. If you don't like that, I will take it up with site management."
2581,buyer," You will provide a full refund?  I was not clear. We will unwind the transaction: I send back the jersey, you send back the money, we take down our statements, and we go on. If you don't like that, I will take it up with site management.  You don't get to choose which part of the deal to accept.We unwind the whole thing or nothing. If you won't do this yourself, I will take this to the site management and the courts."
2581,seller, I'm not offering a refund. Please retract your negative review.  My description of the item was displayed prominently and you bought it after reading it. I agree and am willing to retract my negative review if you retract yours.  I'm not providing a refund for an item that was sold as described and displayed. You have a history of doing this with other vendors and I'm not giving you a reason to do it again. Will you apologize for attacking my business reputation?
2581,seller, My description of the item was displayed prominently and you bought it after reading it. I agree and am willing to retract my negative review if you retract yours.  I'm not providing a refund for an item that was sold as described and displayed. You have a history of doing this with other vendors and I'm not giving you a reason to do it again. Will you apologize for attacking my business reputation?  My store policy is clear and I'm not accepting returns or giving out refunds when my product and product description was and is plain for all to see. If we can't agree on anything else other than removing our negative reviews then that will be all. I won't have anyone try to steal a product and besmirch my business name as well as any other vendors in the area.
2581,seller, I'm not providing a refund for an item that was sold as described and displayed. You have a history of doing this with other vendors and I'm not giving you a reason to do it again. Will you apologize for attacking my business reputation?  My store policy is clear and I'm not accepting returns or giving out refunds when my product and product description was and is plain for all to see. If we can't agree on anything else other than removing our negative reviews then that will be all. I won't have anyone try to steal a product and besmirch my business name as well as any other vendors in the area.  I Walk Away.
2582,buyer," Hi! The item that I recently purchased was not at all as I expected. I would like to see if it is possible that I receive a refund for this mistake.  It's okay, things happen. However, I would like to see if we could still proceed with a refund as the item was completely different than what I purchased.   I would not accept that as the item is just completely wrong and not as advertised. In exchange for a full refund, I will remove any negative reviews and consider it a honest mistake."
2582,buyer," It's okay, things happen. However, I would like to see if we could still proceed with a refund as the item was completely different than what I purchased.   I would not accept that as the item is just completely wrong and not as advertised. In exchange for a full refund, I will remove any negative reviews and consider it a honest mistake.  I will do that. And I do apologize for jumping to conclusions and leaving a review before speaking with you. The refund will be greatly appreciated and I will mention your willingness to do that in the review as well."
2582,buyer," I would not accept that as the item is just completely wrong and not as advertised. In exchange for a full refund, I will remove any negative reviews and consider it a honest mistake.  I will do that. And I do apologize for jumping to conclusions and leaving a review before speaking with you. The refund will be greatly appreciated and I will mention your willingness to do that in the review as well.  Submitted agreement: Buyer gets full refund, seller retracted their review, buyer retracted their review, seller did apologize, and buyer did apologize."
2582,seller, I'm very sorry this happened and I apologize  A partial refund may be possible if would be accepted  That's okay. I hope you will apologize also. I would also remove bad review of you if you apologize 
2582,seller, A partial refund may be possible if would be accepted  That's okay. I hope you will apologize also. I would also remove bad review of you if you apologize   Thanks for understanding.
2582,seller, That's okay. I hope you will apologize also. I would also remove bad review of you if you apologize   Thanks for understanding.  Accept Deal
2583,buyer," I would like to receive a refunf and an apology please.  Kobe Bryant jersey, you send another player.  I would like an apology to replace the bad review you left for me. As I understand it'd be easier to refund so I can find the jersey elsewhere."
2583,buyer," Kobe Bryant jersey, you send another player.  I would like an apology to replace the bad review you left for me. As I understand it'd be easier to refund so I can find the jersey elsewhere.  My nephew is sick, I need my money back and your review retracted!"
2583,buyer," I would like an apology to replace the bad review you left for me. As I understand it'd be easier to refund so I can find the jersey elsewhere.  My nephew is sick, I need my money back and your review retracted!  You lied about the jersey this is your fault, retract your review and send a partial refund."
2583,buyer," My nephew is sick, I need my money back and your review retracted!  You lied about the jersey this is your fault, retract your review and send a partial refund.  Reject Deal"
2583,buyer," You lied about the jersey this is your fault, retract your review and send a partial refund.  Reject Deal  Submitted agreement: Buyer gets partial refund, seller retracted their review, buyer retracted their review, seller did apologize, and buyer did apologize."
2583,seller, refund on what item please ?  I am totally sorry about that you can return the item and they system will check it out and we will send tjhe desire product you want to you back  i am so sorry about that but money is not refundable but item is thank you
2583,seller, I am totally sorry about that you can return the item and they system will check it out and we will send tjhe desire product you want to you back  i am so sorry about that but money is not refundable but item is thank you  no please only items can be refunded not money
2583,seller," i am so sorry about that but money is not refundable but item is thank you  no please only items can be refunded not money  Submitted agreement: Buyer gets no refund, seller retracted their review, buyer retracted their review, seller did apologize, and buyer didn't apologize."
2583,seller," no please only items can be refunded not money  Submitted agreement: Buyer gets no refund, seller retracted their review, buyer retracted their review, seller did apologize, and buyer didn't apologize.  Reject Deal"
2583,seller," Submitted agreement: Buyer gets no refund, seller retracted their review, buyer retracted their review, seller did apologize, and buyer didn't apologize.  Reject Deal  I Walk Away."
2585,buyer," Hello, I would like a refund for the jersey I received, it is not a Bryant jersey!  The advertisement was for a Kobe Bryant jersey.  If you are willing to refund the cost, I am willing to delete my bad review of you.  The review exists because of the current situation.  The review stays until the situation is resolved.  I am willing to apologize publicly if you are as well."
2585,buyer," The advertisement was for a Kobe Bryant jersey.  If you are willing to refund the cost, I am willing to delete my bad review of you.  The review exists because of the current situation.  The review stays until the situation is resolved.  I am willing to apologize publicly if you are as well.  Great!  A full refund, I remove the review, you remove your bad review of me, and we both apologize!"
2585,buyer," The review exists because of the current situation.  The review stays until the situation is resolved.  I am willing to apologize publicly if you are as well.  Great!  A full refund, I remove the review, you remove your bad review of me, and we both apologize!  Submitted agreement: Buyer gets full refund, seller retracted their review, buyer retracted their review, seller did apologize, and buyer did apologize."
2585,seller, but it looks very good  How about removing the review first?  okay I agree to that
2585,seller, How about removing the review first?  okay I agree to that  sounds good to me
2585,seller, okay I agree to that  sounds good to me  Accept Deal
2586,buyer," what I got isn't what I ordered for  the color looks a bit worn out and the quality is not as what I saw on your website  then I suggest you pay more attention to what kind of company you transact with, I want a replace"
2586,buyer," the color looks a bit worn out and the quality is not as what I saw on your website  then I suggest you pay more attention to what kind of company you transact with, I want a replace  I don't agree with you with the shipping company you choose to work with, there should be policies which caters for damaged goods."
2586,buyer," then I suggest you pay more attention to what kind of company you transact with, I want a replace  I don't agree with you with the shipping company you choose to work with, there should be policies which caters for damaged goods.  I will remove the "
2586,buyer," I don't agree with you with the shipping company you choose to work with, there should be policies which caters for damaged goods.  I will remove the   I Walk Away."
2586,seller," I assure you I sent the correct item. I apologise you feel this way. What is not correct about it ?  All of my products are of high quality. It is simply impossible that it is worn out. If this is true, it must be the shipping's problem.  If something is damaged in shipping, it is out of my control. Would you be willing to remove bad review due to this in exchange of a replacement?"
2586,seller," All of my products are of high quality. It is simply impossible that it is worn out. If this is true, it must be the shipping's problem.  If something is damaged in shipping, it is out of my control. Would you be willing to remove bad review due to this in exchange of a replacement?  I will definitely take this into consideration and look into a higher quality shipping company. Would you be willing to remove bad review if I replace the item for you ?"
2586,seller," If something is damaged in shipping, it is out of my control. Would you be willing to remove bad review due to this in exchange of a replacement?  I will definitely take this into consideration and look into a higher quality shipping company. Would you be willing to remove bad review if I replace the item for you ?  Submitted agreement: Buyer gets partial refund, seller retracted their review, buyer retracted their review, seller did apologize, and buyer didn't apologize."
2587,buyer," My item arrived not as described.   I was under the impression that the item I was buying was in fact whole. Unfortunately, the item that I received was actually broken.  Actually, I apologize, it wasn't broken, it was actually the incorrect item. I ordered a kobe Bryant jersey and it was another player."
2587,buyer," I was under the impression that the item I was buying was in fact whole. Unfortunately, the item that I received was actually broken.  Actually, I apologize, it wasn't broken, it was actually the incorrect item. I ordered a kobe Bryant jersey and it was another player.  That may be what the site says now, but when I ori3"
2587,buyer," Actually, I apologize, it wasn't broken, it was actually the incorrect item. I ordered a kobe Bryant jersey and it was another player.  That may be what the site says now, but when I ori3  Sorry, I accidentally sent my message before finishing it. What I was trying to say was that when I originally ordered the item, it clearly stated that it was a Kobe Bryant jersey. While it's true that it no longer says that now, that is because you changed it after the fact."
2587,buyer," That may be what the site says now, but when I ori3  Sorry, I accidentally sent my message before finishing it. What I was trying to say was that when I originally ordered the item, it clearly stated that it was a Kobe Bryant jersey. While it's true that it no longer says that now, that is because you changed it after the fact.  The only person making such outrageous claims is you, but I digress. I would probably be willing to move forward with what you suggest as long as you would be willing to refund my money. I will, of course, return the item. "
2587,buyer," Sorry, I accidentally sent my message before finishing it. What I was trying to say was that when I originally ordered the item, it clearly stated that it was a Kobe Bryant jersey. While it's true that it no longer says that now, that is because you changed it after the fact.  The only person making such outrageous claims is you, but I digress. I would probably be willing to move forward with what you suggest as long as you would be willing to refund my money. I will, of course, return the item.    I have a screenshot of the original item description, before you made your changes, yet you still insist I'm the one being outrageous? Well, if you won't agree to a refund, then I fear that I must insist that the negative feedback remain, if for no other reason than to act as a warning for other potential buyers."
2587,buyer," The only person making such outrageous claims is you, but I digress. I would probably be willing to move forward with what you suggest as long as you would be willing to refund my money. I will, of course, return the item.    I have a screenshot of the original item description, before you made your changes, yet you still insist I'm the one being outrageous? Well, if you won't agree to a refund, then I fear that I must insist that the negative feedback remain, if for no other reason than to act as a warning for other potential buyers.  Reject Deal"
2587,buyer,"  I have a screenshot of the original item description, before you made your changes, yet you still insist I'm the one being outrageous? Well, if you won't agree to a refund, then I fear that I must insist that the negative feedback remain, if for no other reason than to act as a warning for other potential buyers.  Reject Deal  Submitted agreement: Buyer gets no refund, seller kept their review, buyer kept their review, seller didn't apologize, and buyer didn't apologize."
2587,seller," How was it not as described?  Please describe what item you ordered and how it is broken.  I apologize, but the website clearly states that the Jersey is not for any specific player."
2587,seller," Please describe what item you ordered and how it is broken.  I apologize, but the website clearly states that the Jersey is not for any specific player.  That is not true"
2587,seller," I apologize, but the website clearly states that the Jersey is not for any specific player.  That is not true  That did not happen. I see that you have attempted to manipulate other sellers to give you a refund as well. Unfortunately, I won't be doing that today. However, I would be willing to remove your bad review, if you would do the same."
2587,seller," That is not true  That did not happen. I see that you have attempted to manipulate other sellers to give you a refund as well. Unfortunately, I won't be doing that today. However, I would be willing to remove your bad review, if you would do the same.  No, thank you. I made no outrageous claims. Have a good day."
2587,seller," That did not happen. I see that you have attempted to manipulate other sellers to give you a refund as well. Unfortunately, I won't be doing that today. However, I would be willing to remove your bad review, if you would do the same.  No, thank you. I made no outrageous claims. Have a good day.  Submitted agreement: Buyer gets no refund, seller kept their review, buyer kept their review, seller did apologize, and buyer didn't apologize."
2587,seller," No, thank you. I made no outrageous claims. Have a good day.  Submitted agreement: Buyer gets no refund, seller kept their review, buyer kept their review, seller did apologize, and buyer didn't apologize.  Accept Deal"
2588,buyer," I did not receive the item I expected.  I received the wrong product. I was expecting Kobe Bryant's jersey.  That is incorrect. When I viewed the website, it specifically stated that it was Kobe Bryant's jersey."
2588,buyer," I received the wrong product. I was expecting Kobe Bryant's jersey.  That is incorrect. When I viewed the website, it specifically stated that it was Kobe Bryant's jersey.  Well, I would hope that you take down your negative review of myself due to the misunderstanding at the very +least. I would like a refund and maybe I'll retract my review."
2588,buyer," That is incorrect. When I viewed the website, it specifically stated that it was Kobe Bryant's jersey.  Well, I would hope that you take down your negative review of myself due to the misunderstanding at the very +least. I would like a refund and maybe I'll retract my review.  No. I will not accept this. I am not blind and dumb. I supposedly bought a Kobe Bryant jersey and did not receive it. These are facts."
2588,buyer," Well, I would hope that you take down your negative review of myself due to the misunderstanding at the very +least. I would like a refund and maybe I'll retract my review.  No. I will not accept this. I am not blind and dumb. I supposedly bought a Kobe Bryant jersey and did not receive it. These are facts.  I will take the refund."
2588,buyer, No. I will not accept this. I am not blind and dumb. I supposedly bought a Kobe Bryant jersey and did not receive it. These are facts.  I will take the refund.  yes
2588,buyer, I will take the refund.  yes  Reject Deal
2588,buyer," yes  Reject Deal  No, you can't disparage me still."
2588,buyer," Reject Deal  No, you can't disparage me still.  Fine. You're a shitty online store."
2588,buyer," No, you can't disparage me still.  Fine. You're a shitty online store.  Accept Deal"
2588,seller, have you contacted the post office?  Our website states that the jersey's are not for any specific player and only a team jersey  That is also incorrect. I'm sorry about this misunderstanding but we do have a no-return policy that is also stated on our website.  
2588,seller, Our website states that the jersey's are not for any specific player and only a team jersey  That is also incorrect. I'm sorry about this misunderstanding but we do have a no-return policy that is also stated on our website.    I am looking at our website right now and your purchase and there is no where that states this is a Kobe Bryant jersey. Please refer to the website again. I will offer a refund for an apology and for you to remove your review. 
2588,seller, That is also incorrect. I'm sorry about this misunderstanding but we do have a no-return policy that is also stated on our website.    I am looking at our website right now and your purchase and there is no where that states this is a Kobe Bryant jersey. Please refer to the website again. I will offer a refund for an apology and for you to remove your review.   I will offer a refund if you take your review down as you initially offered. That is our companies final offer. 
2588,seller, I am looking at our website right now and your purchase and there is no where that states this is a Kobe Bryant jersey. Please refer to the website again. I will offer a refund for an apology and for you to remove your review.   I will offer a refund if you take your review down as you initially offered. That is our companies final offer.   and you will remove the review? 
2588,seller," I will offer a refund if you take your review down as you initially offered. That is our companies final offer.   and you will remove the review?   Submitted agreement: Buyer gets full refund, seller kept their review, buyer retracted their review, seller did apologize, and buyer didn't apologize."
2588,seller," and you will remove the review?   Submitted agreement: Buyer gets full refund, seller kept their review, buyer retracted their review, seller did apologize, and buyer didn't apologize.  I'm sorry I will have to walk away "
2588,seller," Submitted agreement: Buyer gets full refund, seller kept their review, buyer retracted their review, seller did apologize, and buyer didn't apologize.  I'm sorry I will have to walk away   Submitted agreement: Buyer gets full refund, seller retracted their review, buyer retracted their review, seller didn't apologize, and buyer didn't apologize."
2589,buyer," Hello, I would like to receive a refund as I received a product different from what I ordered.   I ordered a Kobe Bryant jersey and I received the wrong one. It has a player name on it that is not Bryant.  The listing stated that the jersey was a Kobe Bryant jersey and that is what I selected and purchased. If this product was not avaiable the listing should have been taken down. I received a different jersey and I would like a refund."
2589,buyer," I ordered a Kobe Bryant jersey and I received the wrong one. It has a player name on it that is not Bryant.  The listing stated that the jersey was a Kobe Bryant jersey and that is what I selected and purchased. If this product was not avaiable the listing should have been taken down. I received a different jersey and I would like a refund.  Shipping the product back is not a problem, I will return it as soon as you send over return instructions and the shipping label to my email."
2589,buyer," The listing stated that the jersey was a Kobe Bryant jersey and that is what I selected and purchased. If this product was not avaiable the listing should have been taken down. I received a different jersey and I would like a refund.  Shipping the product back is not a problem, I will return it as soon as you send over return instructions and the shipping label to my email.  I would also like you to retract the bad review you have posted of me calling me a fraud and a liar as this issue is not my fault."
2589,buyer," Shipping the product back is not a problem, I will return it as soon as you send over return instructions and the shipping label to my email.  I would also like you to retract the bad review you have posted of me calling me a fraud and a liar as this issue is not my fault.  I will retract my review as long as you do, I agree to this. "
2589,buyer," I would also like you to retract the bad review you have posted of me calling me a fraud and a liar as this issue is not my fault.  I will retract my review as long as you do, I agree to this.   Accept Deal"
2589,seller, What was the problem with your product?  Unfortunately our website stated that Kobe Bryant was not available for purchase.   I can offer a refund as long as the product is shipped back to us. 
2589,seller, Unfortunately our website stated that Kobe Bryant was not available for purchase.   I can offer a refund as long as the product is shipped back to us.   That's fine. I will send it over.
2589,seller, I can offer a refund as long as the product is shipped back to us.   That's fine. I will send it over.  As long as you retract yours as well. I am sorry for the poor buying experience. 
2589,seller," That's fine. I will send it over.  As long as you retract yours as well. I am sorry for the poor buying experience.   Submitted agreement: Buyer gets full refund, seller retracted their review, buyer retracted their review, seller did apologize, and buyer didn't apologize."
2590,buyer, what I ordered for is not what I got  No I did not and I request for a refund  What do you say about my refund?
2590,buyer, No I did not and I request for a refund  What do you say about my refund?  I think you should be the ones apologizing for your poor services and also refund
2590,buyer," What do you say about my refund?  I think you should be the ones apologizing for your poor services and also refund  My review is the truth and you know it, and you can't start making assumptions about my history because you have a history of not delivering the right product and also not refunding"
2590,buyer," I think you should be the ones apologizing for your poor services and also refund  My review is the truth and you know it, and you can't start making assumptions about my history because you have a history of not delivering the right product and also not refunding  Accept Deal"
2590,seller," You got exactly what you ordered. It did not state it was for a certain team member.  Yes you did, if you look at what you ordered it does not state it was for a certain member.  I would give you a refund only if you retract your bad review and you apologize for writing it."
2590,seller," Yes you did, if you look at what you ordered it does not state it was for a certain member.  I would give you a refund only if you retract your bad review and you apologize for writing it.  I did not do anything wrong. You have a history of this based on your reviews. I will refund if you retract your review."
2590,seller," I would give you a refund only if you retract your bad review and you apologize for writing it.  I did not do anything wrong. You have a history of this based on your reviews. I will refund if you retract your review.  Submitted agreement: Buyer gets full refund, seller retracted their review, buyer retracted their review, seller didn't apologize, and buyer didn't apologize."
2591,buyer," Please refund my money  This is for my terminally ill nephew. This jersey means the world to him  If you give me my refund, I can be a hero to my nephew. I'm sure you can understand"
2591,buyer," This is for my terminally ill nephew. This jersey means the world to him  If you give me my refund, I can be a hero to my nephew. I'm sure you can understand  if you fully refund, I will refer you to my friends and family to get you more business"
2591,buyer," If you give me my refund, I can be a hero to my nephew. I'm sure you can understand  if you fully refund, I will refer you to my friends and family to get you more business  I Walk Away."
2591,seller," that is not our policy, but I think that we could meet in the middle. We can both apologize, both retract our bad reviews and there can be a partial refund given.   well, that is not in my control because we do not offer the jersey he wants, so there is no way I can get that for him.   That is horrible, but I am using the money to give to my widowed mother who is struggling to make ends meet. So, we can both take half and both at least attempt to help those we care about. Please consider the offer I made"
2591,seller," well, that is not in my control because we do not offer the jersey he wants, so there is no way I can get that for him.   That is horrible, but I am using the money to give to my widowed mother who is struggling to make ends meet. So, we can both take half and both at least attempt to help those we care about. Please consider the offer I made  Thank you but that is alright. I have plenty of business and would rather stick to my policy. Review the offer one more time and let me know if we can meet in the middle. Partial refund and we both agree to take down our bad reviews"
2593,buyer, I want refund because you sold me the wrong product  I expected the Kobe Bryant jersey. You sent me a jersey of another player  ok. I will return the jersey and can you send me the Kobe Bryant one?
2593,buyer, I expected the Kobe Bryant jersey. You sent me a jersey of another player  ok. I will return the jersey and can you send me the Kobe Bryant one?  Can you remove the bad review you put about me on your site?
2593,buyer, ok. I will return the jersey and can you send me the Kobe Bryant one?  Can you remove the bad review you put about me on your site?  ok. 
2593,buyer, Can you remove the bad review you put about me on your site?  ok.   I also want an apology
2593,buyer, ok.   I also want an apology  ok. 
2593,buyer, I also want an apology  ok.   Accept Deal
2593,seller, How was the item different from what you expected?  We apologize for the confusion. We would glad to correct the mistake.  Fantastic
2593,seller, We apologize for the confusion. We would glad to correct the mistake.  Fantastic  I think we both should remove our bad reviews. Do you agree?
2593,seller, Fantastic  I think we both should remove our bad reviews. Do you agree?  Done
2593,seller, I think we both should remove our bad reviews. Do you agree?  Done  We did apologize previously.
2593,seller," Done  We did apologize previously.  Submitted agreement: Buyer gets no refund, seller retracted their review, buyer retracted their review, seller did apologize, and buyer didn't apologize."
2594,buyer," I should get a refund for receiving the wrong item.  Please retract the bad review of me, at least.  I can do that. I apologize for the bad review I wrote in anger. I would still like a refund as this was to be a gift for my sick nephew."
2594,buyer," Please retract the bad review of me, at least.  I can do that. I apologize for the bad review I wrote in anger. I would still like a refund as this was to be a gift for my sick nephew.  What if I return the item?"
2594,buyer, I can do that. I apologize for the bad review I wrote in anger. I would still like a refund as this was to be a gift for my sick nephew.  What if I return the item?  That is fine. Thank you very much.
2594,buyer," What if I return the item?  That is fine. Thank you very much.  Submitted agreement: Buyer gets no refund, seller retracted their review, buyer retracted their review, seller did apologize, and buyer did apologize."
2594,seller," My website clearly states that a general jersey will be sent for the team requested. All sales are final  I can do that. But please retract the bad review of me as well since this was a misunderstanding  Thank you for the apology. I am sorry about your circumstance, but unfortunately all sales are final for this jersy"
2594,seller," I can do that. But please retract the bad review of me as well since this was a misunderstanding  Thank you for the apology. I am sorry about your circumstance, but unfortunately all sales are final for this jersy  If the item is returned in great condition, I can exchange for the specific number you are requesting. But i have to provide a transaction form."
2594,seller," Thank you for the apology. I am sorry about your circumstance, but unfortunately all sales are final for this jersy  If the item is returned in great condition, I can exchange for the specific number you are requesting. But i have to provide a transaction form.  You are welcome."
2594,seller," If the item is returned in great condition, I can exchange for the specific number you are requesting. But i have to provide a transaction form.  You are welcome.  Accept Deal"
2595,buyer, i did not receive what i ordered.  this isnt a kobe bryant jersey.  the desciption has been changed since i placed my order.  my nephew wanted kobe bryant and i made sure i got it right.  please replace or refund my order.  Look... this jersey is important to my nephew.  due to his medical issues he cant attend a lakers game but is their biggest fan by far from his hospital bed.  i cant afford another purchase.  my buyer reputation and rating is impeccable on here and I dont understand where you believe there have been past issues.  please take this item back and refund item.  i was angry and will retract and take down negative review.
2595,buyer, the desciption has been changed since i placed my order.  my nephew wanted kobe bryant and i made sure i got it right.  please replace or refund my order.  Look... this jersey is important to my nephew.  due to his medical issues he cant attend a lakers game but is their biggest fan by far from his hospital bed.  i cant afford another purchase.  my buyer reputation and rating is impeccable on here and I dont understand where you believe there have been past issues.  please take this item back and refund item.  i was angry and will retract and take down negative review.  can we split shipping?  and ill leave a good review?
2595,buyer, Look... this jersey is important to my nephew.  due to his medical issues he cant attend a lakers game but is their biggest fan by far from his hospital bed.  i cant afford another purchase.  my buyer reputation and rating is impeccable on here and I dont understand where you believe there have been past issues.  please take this item back and refund item.  i was angry and will retract and take down negative review.  can we split shipping?  and ill leave a good review?  works for me.  thank you for you help.  my sincere apologies if i misread.  things are stressful and im just trying to make a young boy feel normal for a bit.
2595,buyer, can we split shipping?  and ill leave a good review?  works for me.  thank you for you help.  my sincere apologies if i misread.  things are stressful and im just trying to make a young boy feel normal for a bit.  thank you.
2595,buyer," works for me.  thank you for you help.  my sincere apologies if i misread.  things are stressful and im just trying to make a young boy feel normal for a bit.  thank you.  Submitted agreement: Buyer gets full refund, seller retracted their review, buyer retracted their review, seller didn't apologize, and buyer did apologize."
2595,seller," You didn't order a Kobe Bryant jersey. The purchase order clearly states only a Lakers jersey.  You were sent what you ordered. And no, the standard Lakers jersey description has not changed. It's a standard item that we sell every day. You've pulled this stunt before with other vendors and we know who you are. There will be no refund. And you will take down your offensive review where you called me a crook and you will issue a public apology.  I am willing to exchange the jersey for you one for one. You'll pay the cost of shipping. I will take down my bad review of you if you remove your review and apologize. Is that fair enough?"
2595,seller," You were sent what you ordered. And no, the standard Lakers jersey description has not changed. It's a standard item that we sell every day. You've pulled this stunt before with other vendors and we know who you are. There will be no refund. And you will take down your offensive review where you called me a crook and you will issue a public apology.  I am willing to exchange the jersey for you one for one. You'll pay the cost of shipping. I will take down my bad review of you if you remove your review and apologize. Is that fair enough?  Fair enough. You pay to ship your jersey back to me and I'll pay to ship the new jersey to you."
2595,seller, I am willing to exchange the jersey for you one for one. You'll pay the cost of shipping. I will take down my bad review of you if you remove your review and apologize. Is that fair enough?  Fair enough. You pay to ship your jersey back to me and I'll pay to ship the new jersey to you.  I appreciate that. We have an agreement now so let's get it done.
2595,seller, Fair enough. You pay to ship your jersey back to me and I'll pay to ship the new jersey to you.  I appreciate that. We have an agreement now so let's get it done.  Thank you.
2595,seller, I appreciate that. We have an agreement now so let's get it done.  Thank you.  Accept Deal
2596,buyer," Hello, the jersey I recieved was not of Kobe Bryant, could I please get a refund?  I was under the impression that it would be the Bryant jersey. It is a special gift for a family member that is sick. Would you be willing to take the jersey as a return to get the Kobe one? I would be willing to remove any bad reviews if we can come to an agreement.  Thank you so much. I'm sorry for the confusion on my part as well. I will get this returned to you promptly. I have also removed any bad reviews and replaced them with good ones and will reccommend you as a seller from here on out. Thank you again"
2596,buyer," I was under the impression that it would be the Bryant jersey. It is a special gift for a family member that is sick. Would you be willing to take the jersey as a return to get the Kobe one? I would be willing to remove any bad reviews if we can come to an agreement.  Thank you so much. I'm sorry for the confusion on my part as well. I will get this returned to you promptly. I have also removed any bad reviews and replaced them with good ones and will reccommend you as a seller from here on out. Thank you again  Perfect, thanks again!"
2596,buyer," Thank you so much. I'm sorry for the confusion on my part as well. I will get this returned to you promptly. I have also removed any bad reviews and replaced them with good ones and will reccommend you as a seller from here on out. Thank you again  Perfect, thanks again!  Submitted agreement: Buyer gets partial refund, seller retracted their review, buyer retracted their review, seller did apologize, and buyer did apologize."
2596,seller," hello thank you so much for reaching out. unfortunately as stated per website all sales are final and the jersey you placed with us said there was no specific plkayer  yes that could work. I'm sorry that you had the Wrong impression  of the jersey but I can accept it as a return  no problem, I have written a review of you and will retract it with our encounter"
2596,seller," yes that could work. I'm sorry that you had the Wrong impression  of the jersey but I can accept it as a return  no problem, I have written a review of you and will retract it with our encounter  no problem thank you!"
2596,seller," no problem, I have written a review of you and will retract it with our encounter  no problem thank you!  Accept Deal"
2597,buyer," Hello, I didnt get the correct product I ordered. Can you issue a refund?  I ordered a Kobe Bryant (rest in peace) jersey for my ill nephew. It was clearly listed as this player when I bought it.  There was no option to select a player because the listing itself was already labeled as Kobe Bryant jersey. I see you have edited the listing to remove the name. No one is paying $75 for a no name player. Please send a refund and I can return the jersey. If not, I will leave a negative review and expose your practices."
2597,buyer," I ordered a Kobe Bryant (rest in peace) jersey for my ill nephew. It was clearly listed as this player when I bought it.  There was no option to select a player because the listing itself was already labeled as Kobe Bryant jersey. I see you have edited the listing to remove the name. No one is paying $75 for a no name player. Please send a refund and I can return the jersey. If not, I will leave a negative review and expose your practices.  I can remove the negative review if you give a full refund. I am returning the jersey to you. So no harm done to either of us. Will you accept? We can remove all reviews of each other."
2597,buyer," There was no option to select a player because the listing itself was already labeled as Kobe Bryant jersey. I see you have edited the listing to remove the name. No one is paying $75 for a no name player. Please send a refund and I can return the jersey. If not, I will leave a negative review and expose your practices.  I can remove the negative review if you give a full refund. I am returning the jersey to you. So no harm done to either of us. Will you accept? We can remove all reviews of each other.  Ok give me a partial refund. "
2597,buyer, I can remove the negative review if you give a full refund. I am returning the jersey to you. So no harm done to either of us. Will you accept? We can remove all reviews of each other.  Ok give me a partial refund.   I am sure you edited the listing. Can you apologize for mislabeling the product and retract my bad review?
2597,buyer," Ok give me a partial refund.   I am sure you edited the listing. Can you apologize for mislabeling the product and retract my bad review?  Ok then, I apologize for the inconvenience. Thanks."
2597,buyer," I am sure you edited the listing. Can you apologize for mislabeling the product and retract my bad review?  Ok then, I apologize for the inconvenience. Thanks.  Accept Deal"
2597,seller," Sorry to hear you didn't get the product you ordered. What is it that you ordered?   That's not possible as there is no option to select a particular player when purchasing a jersey so I'm not able to issue a refund for this item is there anything else I can help you with?   It seems you have already left a negative review, I will issue you a partial refund of 25 dollars if you remove the negative review"
2597,seller," That's not possible as there is no option to select a particular player when purchasing a jersey so I'm not able to issue a refund for this item is there anything else I can help you with?   It seems you have already left a negative review, I will issue you a partial refund of 25 dollars if you remove the negative review  We do not accept returns sorry or typically issue refunds "
2597,seller," It seems you have already left a negative review, I will issue you a partial refund of 25 dollars if you remove the negative review  We do not accept returns sorry or typically issue refunds   Alright, I will issue you a partial refund "
2597,seller," We do not accept returns sorry or typically issue refunds   Alright, I will issue you a partial refund   I can assure you that the listing was not edited as we track such changes to our website. I apologize for the inconvenience. You have been issued a partial refund"
2597,seller," Alright, I will issue you a partial refund   I can assure you that the listing was not edited as we track such changes to our website. I apologize for the inconvenience. You have been issued a partial refund  Submitted agreement: Buyer gets partial refund, seller retracted their review, buyer retracted their review, seller did apologize, and buyer did apologize."
2599,buyer, well where is the refund  i want a full refund  alright ill do that
2599,buyer, i want a full refund  alright ill do that  great to hear
2599,buyer, alright ill do that  great to hear  oh yh
2599,buyer, great to hear  oh yh  Accept Deal
2599,seller, no refund as stated  replace your negative review with a positive one and I will seriously consider a refund  Sounds like a plan
2599,seller, replace your negative review with a positive one and I will seriously consider a refund  Sounds like a plan  I think we have reached a deal and this is the eight message so were good now
2599,seller," Sounds like a plan  I think we have reached a deal and this is the eight message so were good now  Submitted agreement: Buyer gets partial refund, seller kept their review, buyer retracted their review, seller didn't apologize, and buyer did apologize."
2600,buyer, I would like to remedy this situation between us.  Would you be willing to remove the negative review you had of me?  That sounds good to me.  Since the jersey was not the Kobe Bryant one that was listed I was wondering if there is any way I could receive at least a partial refund?  Likewise your negative review hurts me in the eyes of other sellers and I am concerned that they may not want to continue to do business with me too.  Would you also be willing to apologize?  Then we could both be on a clean slate.
2600,buyer, That sounds good to me.  Since the jersey was not the Kobe Bryant one that was listed I was wondering if there is any way I could receive at least a partial refund?  Likewise your negative review hurts me in the eyes of other sellers and I am concerned that they may not want to continue to do business with me too.  Would you also be willing to apologize?  Then we could both be on a clean slate.  Would a 25% refund be acceptable?
2600,buyer, Likewise your negative review hurts me in the eyes of other sellers and I am concerned that they may not want to continue to do business with me too.  Would you also be willing to apologize?  Then we could both be on a clean slate.  Would a 25% refund be acceptable?  I am ok with the full refund and shipping the item back to you.  Thank you for the understanding.
2600,buyer," Would a 25% refund be acceptable?  I am ok with the full refund and shipping the item back to you.  Thank you for the understanding.  Submitted agreement: Buyer gets full refund, seller retracted their review, buyer retracted their review, seller did apologize, and buyer did apologize."
2600,seller," I will do so if you agree to remove your bad review of me.  The negative review you sent hurts me in the eyes of other buyers. If you made a formal apology for it after retracting your bad review then I can help you out.  Okay, yes that sounds good to me. We will both offer apologies to each other. I will offer a partial refund of your item. What seems fair to you."
2600,seller," The negative review you sent hurts me in the eyes of other buyers. If you made a formal apology for it after retracting your bad review then I can help you out.  Okay, yes that sounds good to me. We will both offer apologies to each other. I will offer a partial refund of your item. What seems fair to you.  I could also refund the full amount if you ship the item back to me. Which do you prefer?"
2600,seller," Okay, yes that sounds good to me. We will both offer apologies to each other. I will offer a partial refund of your item. What seems fair to you.  I could also refund the full amount if you ship the item back to me. Which do you prefer?  Okay then sounds good. "
2600,seller, I could also refund the full amount if you ship the item back to me. Which do you prefer?  Okay then sounds good.   Accept Deal
2602,buyer," Hello, I was wondering if it is possible to get a refund for the Lakers Jersey I ordered. The item was listed as a Kobe Bryant jersey at the time of purchase, but it is not what I recieved. I would be willing to send the jersey back in order to get a full refund.   Yes, however, at the time of purchase, the jersey was listed as a Bryant jersey. I intended this jersey as a gift for my nephew whose idol is Kobe Bryant. I apologized for any confusion, but is there any way that I could get a refund/return. I would also be willing to remove the review I left on your shop in return.   I am willing to negotiate the 70 percent refund if you also remove the bad review you left on my page. Thank you for your help. "
2602,buyer," Yes, however, at the time of purchase, the jersey was listed as a Bryant jersey. I intended this jersey as a gift for my nephew whose idol is Kobe Bryant. I apologized for any confusion, but is there any way that I could get a refund/return. I would also be willing to remove the review I left on your shop in return.   I am willing to negotiate the 70 percent refund if you also remove the bad review you left on my page. Thank you for your help.   No, just the refund will be fine. I apologize for any inconvenience this has caused and I thank you for your cooperation."
2602,buyer," I am willing to negotiate the 70 percent refund if you also remove the bad review you left on my page. Thank you for your help.   No, just the refund will be fine. I apologize for any inconvenience this has caused and I thank you for your cooperation.  Will do, thanks"
2602,buyer," No, just the refund will be fine. I apologize for any inconvenience this has caused and I thank you for your cooperation.  Will do, thanks  Submitted agreement: Buyer gets partial refund, seller kept their review, buyer retracted their review, seller didn't apologize, and buyer did apologize."
2602,seller," I cannot offer a refund because as my website states the Laker jerseys are general they do not represent a player past or present.  I appreciate your offer. I am willing to give you a 70 percent refund. I know customers do not always read terms on my website. You could also purchase another generic jersey for 20 percent off web listed price.  I will remove your bad review you wrote. Are you interested in another sports item, maybe a Laker's yearbook for 2024?"
2602,seller," I appreciate your offer. I am willing to give you a 70 percent refund. I know customers do not always read terms on my website. You could also purchase another generic jersey for 20 percent off web listed price.  I will remove your bad review you wrote. Are you interested in another sports item, maybe a Laker's yearbook for 2024?  Ok please send me the jersey back and I will credit your account minus 30%."
2602,seller," I will remove your bad review you wrote. Are you interested in another sports item, maybe a Laker's yearbook for 2024?  Ok please send me the jersey back and I will credit your account minus 30%.  Please visit our website again and chat with me if you are later interested in any more purchases from my store."
2602,seller, Ok please send me the jersey back and I will credit your account minus 30%.  Please visit our website again and chat with me if you are later interested in any more purchases from my store.  Accept Deal
2603,buyer," I'd like a refund please.  I ordered a Kobe Bryant jersey and you sent me something else.  Confirmation # is 12342345, tracking # is ZXCYKM78HGT  Thanks"
2603,buyer," Confirmation # is 12342345, tracking # is ZXCYKM78HGT  Thanks  Thank you very much!  I expected an argument"
2603,buyer," Thanks  Thank you very much!  I expected an argument  Submitted agreement: Buyer gets full refund, seller retracted their review, buyer retracted their review, seller did apologize, and buyer didn't apologize."
2603,seller," Hello what is your confirmation and tracking number so I can get the process started?  Thank you, please hold.  You have been fully refunded, you should see it in your account withing 1 to 3 business days. Also I have given you a voucher to where we purchase the jersey for you because of the mistake. Thank you for being a customer."
2603,seller," Thank you, please hold.  You have been fully refunded, you should see it in your account withing 1 to 3 business days. Also I have given you a voucher to where we purchase the jersey for you because of the mistake. Thank you for being a customer.  Not at all sorry for the mistake."
2603,seller," You have been fully refunded, you should see it in your account withing 1 to 3 business days. Also I have given you a voucher to where we purchase the jersey for you because of the mistake. Thank you for being a customer.  Not at all sorry for the mistake.  Accept Deal"
2606,buyer," I would like a full refund for my purchase. The item was broken.  If you don't refund me then I will have to give you a bad review.   I appreciate the apology, but I really need the refund for this item."
2606,buyer," If you don't refund me then I will have to give you a bad review.   I appreciate the apology, but I really need the refund for this item.  I am willing to apologize and retract my review as well if you could please at least issue me a partial refund. "
2606,buyer," I appreciate the apology, but I really need the refund for this item.  I am willing to apologize and retract my review as well if you could please at least issue me a partial refund.   Submitted agreement: Buyer gets partial refund, seller retracted their review, buyer retracted their review, seller did apologize, and buyer did apologize."
2606,seller," All sales are final, as per policy at time of sale.  I am willing to issue an apology, but cannot make an exception to the refund policy.  Unfortunately, the policy must stand to be fair.  I can offer to retract my Buyer review, if you also issue an apology."
2606,seller," I am willing to issue an apology, but cannot make an exception to the refund policy.  Unfortunately, the policy must stand to be fair.  I can offer to retract my Buyer review, if you also issue an apology.  With the above offer, a partial refund will be acceptable."
2606,seller," Unfortunately, the policy must stand to be fair.  I can offer to retract my Buyer review, if you also issue an apology.  With the above offer, a partial refund will be acceptable.  Accept Deal"
2607,buyer," HEY there  My item arrived broken. I demand a full refund and an apology!   I understand your concern, but the item I received was not as described, and I believe a full refund is warranted in this situation. As for the apology, I would appreciate it if we could resolve this matter amicably."
2607,buyer," My item arrived broken. I demand a full refund and an apology!   I understand your concern, but the item I received was not as described, and I believe a full refund is warranted in this situation. As for the apology, I would appreciate it if we could resolve this matter amicably.  I completely understand your perspective, but I assure you that the item arrived damaged. I can provide photographic evidence if necessary. Regarding the review, I'd be willing to consider removing it if we can come to a fair resolution."
2607,buyer,"  I understand your concern, but the item I received was not as described, and I believe a full refund is warranted in this situation. As for the apology, I would appreciate it if we could resolve this matter amicably.  I completely understand your perspective, but I assure you that the item arrived damaged. I can provide photographic evidence if necessary. Regarding the review, I'd be willing to consider removing it if we can come to a fair resolution.  Can we proceed with the refund?"
2607,buyer," I completely understand your perspective, but I assure you that the item arrived damaged. I can provide photographic evidence if necessary. Regarding the review, I'd be willing to consider removing it if we can come to a fair resolution.  Can we proceed with the refund?  Accept Deal"
2607,seller," Hello!  We always make sure to package items for safe delivery. I apologize for the inconvenience this has caused you   If the item arrived broken, i can offer you a refund."
2607,seller," We always make sure to package items for safe delivery. I apologize for the inconvenience this has caused you   If the item arrived broken, i can offer you a refund.  I would appreciate the removal of the negative review, I will offer a refund."
2607,seller," If the item arrived broken, i can offer you a refund.  I would appreciate the removal of the negative review, I will offer a refund.  Submitted agreement: Buyer gets full refund, seller retracted their review, buyer retracted their review, seller did apologize, and buyer didn't apologize."
2609,buyer, Hi  how are you?  where do you live
2609,buyer, how are you?  where do you live  oky no problem
2609,buyer, where do you live  oky no problem  sure
2609,buyer," oky no problem  sure  Great! Please provide more details about the website or product you need assistance with, and I'll do my best to help you."
2609,seller," hello, how can I help you?  I'm great, and hope you are as well. How may I assist you today?  I'm sorry, I'm unable to share that with you. "
2609,seller," I'm great, and hope you are as well. How may I assist you today?  I'm sorry, I'm unable to share that with you.   may I assist you with a question about our website or products?"
2609,seller," I'm sorry, I'm unable to share that with you.   may I assist you with a question about our website or products?  I noticed you left a negative review. What was the problem?"
2609,seller, may I assist you with a question about our website or products?  I noticed you left a negative review. What was the problem?  I Walk Away.
2611,buyer," Hello  Sure thing. I purchased a Kobe Bryant jersey for my sick nephew. But, I did not receive a Kobe jersey - I got some other Laker jersey. I'd like to send you back the item and receive a refund.   Ok sure. What do you propose? I am open to change my review if we can come to a happy agreement here. "
2611,buyer," Sure thing. I purchased a Kobe Bryant jersey for my sick nephew. But, I did not receive a Kobe jersey - I got some other Laker jersey. I'd like to send you back the item and receive a refund.   Ok sure. What do you propose? I am open to change my review if we can come to a happy agreement here.   Sure - my nephew is terminally ill and he was a huge Kobe Bryant fan. Do you have a Kobe Bryant jersey that you can send me and I can send you back the jersey I received?"
2611,buyer, Ok sure. What do you propose? I am open to change my review if we can come to a happy agreement here.   Sure - my nephew is terminally ill and he was a huge Kobe Bryant fan. Do you have a Kobe Bryant jersey that you can send me and I can send you back the jersey I received?  Yes - definitely! I agree to that. Thanks for working through this issue with me. 
2611,buyer," Sure - my nephew is terminally ill and he was a huge Kobe Bryant fan. Do you have a Kobe Bryant jersey that you can send me and I can send you back the jersey I received?  Yes - definitely! I agree to that. Thanks for working through this issue with me.   Submitted agreement: Buyer gets no refund, seller retracted their review, buyer retracted their review, seller didn't apologize, and buyer didn't apologize."
2611,seller," Hey there. I wanted to talk to you about the item you purchased and how we can resolve this issue.  Oh, really? I seem to be mistake on what the issue was then. I thought you wanted a laker jersey that had no players on it. I apologize. I was wondering if there was a way that we can resolve this and possibly even having you change your review. I am willing to find a way to make sure you come out of this interaction a happy customer.  Yes. Would you like me to send you an exchange at no cost? Or a return? I will send you a small article of lakers merch along with it as a sign of good will."
2611,seller," Oh, really? I seem to be mistake on what the issue was then. I thought you wanted a laker jersey that had no players on it. I apologize. I was wondering if there was a way that we can resolve this and possibly even having you change your review. I am willing to find a way to make sure you come out of this interaction a happy customer.  Yes. Would you like me to send you an exchange at no cost? Or a return? I will send you a small article of lakers merch along with it as a sign of good will.  Yes. I do have one. So I will send you a kobe bryant jersey to exchange with the one you have at no cost and you will update your review. And I will send you a piece of free merch at no cost as well. So are we in agreement?"
2611,seller," Yes. Would you like me to send you an exchange at no cost? Or a return? I will send you a small article of lakers merch along with it as a sign of good will.  Yes. I do have one. So I will send you a kobe bryant jersey to exchange with the one you have at no cost and you will update your review. And I will send you a piece of free merch at no cost as well. So are we in agreement?  Sounds great. I appreciate being able to work with you on this issue. So to summarize, I will send you merch, give you a free exchange, and you will change your review and I will put my apology to you on my store. I am glad to be dealing with you. I hope you have a great day!"
2611,seller," Yes. I do have one. So I will send you a kobe bryant jersey to exchange with the one you have at no cost and you will update your review. And I will send you a piece of free merch at no cost as well. So are we in agreement?  Sounds great. I appreciate being able to work with you on this issue. So to summarize, I will send you merch, give you a free exchange, and you will change your review and I will put my apology to you on my store. I am glad to be dealing with you. I hope you have a great day!  Accept Deal"
2613,buyer, HI  HOW ARE U  you're from which state?
2613,buyer," HOW ARE U  you're from which state?  fine, i'm from georgia"
2613,buyer," you're from which state?  fine, i'm from georgia  we need to exchange few messages more"
2613,buyer," fine, i'm from georgia  we need to exchange few messages more  okay... coming"
2613,buyer, we need to exchange few messages more  okay... coming  send yours
2613,buyer," okay... coming  send yours  Submitted agreement: Buyer gets full refund, seller retracted their review, buyer retracted their review, seller did apologize, and buyer did apologize."
2613,seller, Hi  I am fine  California 
2613,seller, I am fine  California   Very good
2613,seller, California   Very good  Give me your Fb/whats app  number and I will talk to you later
2613,seller, Very good  Give me your Fb/whats app  number and I will talk to you later  Thanks
2613,seller, Give me your Fb/whats app  number and I will talk to you later  Thanks  https://www.facebook.com/AMBERSIMMONS2021/
2613,seller, Thanks  https://www.facebook.com/AMBERSIMMONS2021/  Accept Deal
2616,buyer, I'd like to receive a refund please  I believe it was an honest mistake but it was definitely wrong and I have photos to prove it  I believe I am entitled to a full refund due to the item being wrong. This was for my sick nephew so it was important that it be right
2616,buyer," I believe it was an honest mistake but it was definitely wrong and I have photos to prove it  I believe I am entitled to a full refund due to the item being wrong. This was for my sick nephew so it was important that it be right  I appreciate you working with me on the refund. Unfortunately, I can't take the review down. It was honest and accurate- not rude. "
2616,buyer," I believe I am entitled to a full refund due to the item being wrong. This was for my sick nephew so it was important that it be right  I appreciate you working with me on the refund. Unfortunately, I can't take the review down. It was honest and accurate- not rude.   Would you be willing to also take down the bad review you left of me? The reviews definitely affected us both"
2616,buyer," I appreciate you working with me on the refund. Unfortunately, I can't take the review down. It was honest and accurate- not rude.   Would you be willing to also take down the bad review you left of me? The reviews definitely affected us both  Submitted agreement: Buyer gets full refund, seller retracted their review, buyer retracted their review, seller did apologize, and buyer did apologize."
2616,seller," I don't think that's fair the item was as described and shipped properly  I have a reputation to uphold, So i apologize. would you consider a partial refund?  That's a fair point, I am sorry about that. I will give you a full refund, if you are willing to retract the negative review"
2616,seller," I have a reputation to uphold, So i apologize. would you consider a partial refund?  That's a fair point, I am sorry about that. I will give you a full refund, if you are willing to retract the negative review  While I understand that, but without the negative review being taken down or at least amended to say I made it right there is no incentive for me, if my account will be negatively impacted regardless"
2616,seller," That's a fair point, I am sorry about that. I will give you a full refund, if you are willing to retract the negative review  While I understand that, but without the negative review being taken down or at least amended to say I made it right there is no incentive for me, if my account will be negatively impacted regardless  Yes, I was always planning on doing that "
2616,seller," While I understand that, but without the negative review being taken down or at least amended to say I made it right there is no incentive for me, if my account will be negatively impacted regardless  Yes, I was always planning on doing that   Accept Deal"
2621,buyer," If you give me the refound, I will quit the bad review  It's ok but I will not remove the bad review of you  fine "
2621,buyer, It's ok but I will not remove the bad review of you  fine   perfect :) 
2621,buyer," fine   perfect :)   Submitted agreement: Buyer gets full refund, seller kept their review, buyer kept their review, seller didn't apologize, and buyer didn't apologize."
2621,buyer," perfect :)   Submitted agreement: Buyer gets full refund, seller kept their review, buyer kept their review, seller didn't apologize, and buyer didn't apologize.  Submitted agreement: Buyer gets no refund, seller retracted their review, buyer retracted their review, seller did apologize, and buyer didn't apologize."
2621,seller," I can't give you a refund, but I'm willing to remove my bad review of you and apologize if you give up on the refund   ok that's fine  very good. you don't have to apologize to me either"
2621,seller, ok that's fine  very good. you don't have to apologize to me either  sounds good. i think we can finalize now
2621,seller, very good. you don't have to apologize to me either  sounds good. i think we can finalize now  Reject Deal
2621,seller," sounds good. i think we can finalize now  Reject Deal  that's not what we agreed. I will not offer a refund but I will remove my bad review and apologize, whereas you don't have to do either"
2621,seller," Reject Deal  that's not what we agreed. I will not offer a refund but I will remove my bad review and apologize, whereas you don't have to do either  Accept Deal"
2623,buyer," helllo  look like we need 8 messages lol, not sure what are we supposed to write about  alright I would request a full refund, No need for an apology on either side, and I keep my bad review"
2623,buyer," look like we need 8 messages lol, not sure what are we supposed to write about  alright I would request a full refund, No need for an apology on either side, and I keep my bad review  Fine as long as I receive an apology for the mistake and time, then I would take it down"
2623,buyer," alright I would request a full refund, No need for an apology on either side, and I keep my bad review  Fine as long as I receive an apology for the mistake and time, then I would take it down  i agree "
2623,buyer," Fine as long as I receive an apology for the mistake and time, then I would take it down  i agree   Submitted agreement: Buyer gets full refund, seller retracted their review, buyer retracted their review, seller did apologize, and buyer didn't apologize."
2623,seller," Hello,   So basically, following our roles, you are complaining that you did not get the jersey you are looking for.   I understand you might be upset for the confusion on the jersey. I would like to reach middle ground to avoid having a bad review for something that is more related to a human confusion"
2623,seller," So basically, following our roles, you are complaining that you did not get the jersey you are looking for.   I understand you might be upset for the confusion on the jersey. I would like to reach middle ground to avoid having a bad review for something that is more related to a human confusion  We would publish an apology and recharge our website to be more clear on the details of the product."
2623,seller," I understand you might be upset for the confusion on the jersey. I would like to reach middle ground to avoid having a bad review for something that is more related to a human confusion  We would publish an apology and recharge our website to be more clear on the details of the product.  Perfect, I'm glad that we were able to negotiate this through. I would mark the apology and retract th bad review as part of our deal"
2623,seller," We would publish an apology and recharge our website to be more clear on the details of the product.  Perfect, I'm glad that we were able to negotiate this through. I would mark the apology and retract th bad review as part of our deal  Accept Deal"
2624,buyer," Hello, I would like to receive a refund for the jersey since the description was changed after I made the purchase and got a totally different article than from what I expected. What can we do?  Yes, of course. It’s order #201829. I’d really appreciate if I got a full refund since I would love to still purchase the jersey from another seller since its for my nephew who was recently diagnosed with a terminal illness.  When I initially bought the jersey it was listed as Kobe Bryant jersey but when I received it, it was for another player I have no idea who that is. Later on, I went to the listing again and the description changed to say “Any Player”. That’s why the reason for my complain, since I made the decision to purchase based on the original listing."
2624,buyer," Yes, of course. It’s order #201829. I’d really appreciate if I got a full refund since I would love to still purchase the jersey from another seller since its for my nephew who was recently diagnosed with a terminal illness.  When I initially bought the jersey it was listed as Kobe Bryant jersey but when I received it, it was for another player I have no idea who that is. Later on, I went to the listing again and the description changed to say “Any Player”. That’s why the reason for my complain, since I made the decision to purchase based on the original listing.  I still would like to receive a refund, if not full a partial one. Since I believe I’m not in the wrong here. "
2624,buyer," When I initially bought the jersey it was listed as Kobe Bryant jersey but when I received it, it was for another player I have no idea who that is. Later on, I went to the listing again and the description changed to say “Any Player”. That’s why the reason for my complain, since I made the decision to purchase based on the original listing.  I still would like to receive a refund, if not full a partial one. Since I believe I’m not in the wrong here.   I Walk Away."
2624,seller," I understand, let me what we can do... Do you have the code o number order to follow your purchase?  I am sorry to hear that. Let me see... I have found that the product you bought is different from the one that you have specified. According to this, I will offer you two options:   I see. In that case, please send to the following mail the proof you have: suuport.@jerseys.com. Ohterwise you have not this information, I can help you to initiate the process for chaning the product you have acquired for another of our store, the shipping fares will be coverd by us "
2624,seller," I am sorry to hear that. Let me see... I have found that the product you bought is different from the one that you have specified. According to this, I will offer you two options:   I see. In that case, please send to the following mail the proof you have: suuport.@jerseys.com. Ohterwise you have not this information, I can help you to initiate the process for chaning the product you have acquired for another of our store, the shipping fares will be coverd by us   Currently I am unable to give you a different offer that I have already proposed you. Let me know if we can start with the process of any of them"
2625,buyer," Hi, how are you? I'm here to talk about an issue with a jersey i bought  Actually I remember reading it was a Kobe Bryant jersey, and I wouldn't have an issue and wouldn't complain if it wasn't for my nephew that is really sick, like really really sick, and i 'd love to give him that present but i don't have that much money, that's why I wanted the refund  I know there must be something you can do to help me, I get you have to try to persuade me but I doubt you can't refund the money, and i don't know the law in the country where your company is but in my country refunds are legally undeniable and i think that's a standard in pretty much every company and country"
2625,buyer," Actually I remember reading it was a Kobe Bryant jersey, and I wouldn't have an issue and wouldn't complain if it wasn't for my nephew that is really sick, like really really sick, and i 'd love to give him that present but i don't have that much money, that's why I wanted the refund  I know there must be something you can do to help me, I get you have to try to persuade me but I doubt you can't refund the money, and i don't know the law in the country where your company is but in my country refunds are legally undeniable and i think that's a standard in pretty much every company and country  Come on just help me please, like my nephew is literally dying, like I wouldn't care about any of this if it wasn't for my nephew, just help a good man trying to do a loving act for a child, give me the refund, i apologize to you on your site, i erase my bad review, you do the same, we both do something good, we move on, please just help me"
2625,buyer," I know there must be something you can do to help me, I get you have to try to persuade me but I doubt you can't refund the money, and i don't know the law in the country where your company is but in my country refunds are legally undeniable and i think that's a standard in pretty much every company and country  Come on just help me please, like my nephew is literally dying, like I wouldn't care about any of this if it wasn't for my nephew, just help a good man trying to do a loving act for a child, give me the refund, i apologize to you on your site, i erase my bad review, you do the same, we both do something good, we move on, please just help me  Okay, we are progressing, what about we do a partial refund, i remove mi bad review, you do the same, i apologize, you do the same and we both agree middle term?"
2625,buyer," Come on just help me please, like my nephew is literally dying, like I wouldn't care about any of this if it wasn't for my nephew, just help a good man trying to do a loving act for a child, give me the refund, i apologize to you on your site, i erase my bad review, you do the same, we both do something good, we move on, please just help me  Okay, we are progressing, what about we do a partial refund, i remove mi bad review, you do the same, i apologize, you do the same and we both agree middle term?  Yes we have an agreement"
2625,buyer," Okay, we are progressing, what about we do a partial refund, i remove mi bad review, you do the same, i apologize, you do the same and we both agree middle term?  Yes we have an agreement  Accept Deal"
2625,seller," Yes, we are sorry for the misunderstanding but there are no refunds, the info on our website about the product was accurate  We are sorry to hear that, but the policy of our company doesn't allow refunds. We provide our costumers with exact info about our products and honesty is one of our most important values.  We understand your predicament but our policy about refunds is clear, we can't provide a refund, specially when the product we sold you was is a good state and the information on our website was accurate."
2625,seller," We are sorry to hear that, but the policy of our company doesn't allow refunds. We provide our costumers with exact info about our products and honesty is one of our most important values.  We understand your predicament but our policy about refunds is clear, we can't provide a refund, specially when the product we sold you was is a good state and the information on our website was accurate.  We can remove our bad review if you do the same but a refund is beyond our possibilities"
2625,seller," We understand your predicament but our policy about refunds is clear, we can't provide a refund, specially when the product we sold you was is a good state and the information on our website was accurate.  We can remove our bad review if you do the same but a refund is beyond our possibilities  As it happens a partial refund is possible, do we have an agreement?"
2625,seller," We can remove our bad review if you do the same but a refund is beyond our possibilities  As it happens a partial refund is possible, do we have an agreement?  Submitted agreement: Buyer gets partial refund, seller retracted their review, buyer retracted their review, seller did apologize, and buyer did apologize."
2626,buyer," i want to receive full refund, for you tu retract the bad review, ill apologize to you and remove bad review if you apologize  yes, that is correct  yes, can i please hace a full refund?"
2626,buyer," yes, that is correct  yes, can i please hace a full refund?  yes, please retract your bad review of me and i will retract my bad review of you"
2626,buyer," yes, can i please hace a full refund?  yes, please retract your bad review of me and i will retract my bad review of you  Submitted agreement: Buyer gets full refund, seller retracted their review, buyer retracted their review, seller did apologize, and buyer did apologize."
2626,seller," I apologize for the mistake. It mentioned that I had shipped the wrong order. Is that correct?  Do you have photographic proof of the order? I can pull up the order for you and see what happened.  Once you have submitted proof of the order to us, I can verify if it was truly our mistake and give you a refund but that will be determined once we have proof. Does that sound alright with you?"
2626,seller," Do you have photographic proof of the order? I can pull up the order for you and see what happened.  Once you have submitted proof of the order to us, I can verify if it was truly our mistake and give you a refund but that will be determined once we have proof. Does that sound alright with you?  Yes, I will make sure to do that. Have a nice day!"
2626,seller," Once you have submitted proof of the order to us, I can verify if it was truly our mistake and give you a refund but that will be determined once we have proof. Does that sound alright with you?  Yes, I will make sure to do that. Have a nice day!  Accept Deal"
2627,buyer," Hello, good afternoon  I would like to ask you for a total or a partial refund of my purchase  My order arrived wrong"
2627,buyer," I would like to ask you for a total or a partial refund of my purchase  My order arrived wrong  Thank you, I ask for the last  Bryant's basketball championship jersey, but I got other player's jersey"
2627,buyer," My order arrived wrong  Thank you, I ask for the last  Bryant's basketball championship jersey, but I got other player's jersey  That is what other person told me, but you see, I took some screenshots when I was Purchasing, and the site said that the jersey was the Bryant's basketball championship jersey. But later the information was changed"
2627,buyer," Thank you, I ask for the last  Bryant's basketball championship jersey, but I got other player's jersey  That is what other person told me, but you see, I took some screenshots when I was Purchasing, and the site said that the jersey was the Bryant's basketball championship jersey. But later the information was changed  You sound like a reasonable person, you must understand, what guarantee do I have that after removing my review you will give me a full refund? "
2627,buyer," That is what other person told me, but you see, I took some screenshots when I was Purchasing, and the site said that the jersey was the Bryant's basketball championship jersey. But later the information was changed  You sound like a reasonable person, you must understand, what guarantee do I have that after removing my review you will give me a full refund?   I don't have any problem returning the product, and I can also remove my review. Maybe we can make the transaction on a secure website. I have a proposal for you: How about you write an apology below my review and mention how you are going to fix it, and when I receive the money and you the jersey, I remove the bad review and write a new one, mentioning the good treatment you just gave me?"
2627,buyer," You sound like a reasonable person, you must understand, what guarantee do I have that after removing my review you will give me a full refund?   I don't have any problem returning the product, and I can also remove my review. Maybe we can make the transaction on a secure website. I have a proposal for you: How about you write an apology below my review and mention how you are going to fix it, and when I receive the money and you the jersey, I remove the bad review and write a new one, mentioning the good treatment you just gave me?  Well, I think you did wrong calling me a fraud without asking me what was happening. But anyway,I can remove my review when the transaction is completed. I agree all reviews should be removed. I propose cleartransactions.com for the safety of both parts to do the transaction"
2627,buyer," I don't have any problem returning the product, and I can also remove my review. Maybe we can make the transaction on a secure website. I have a proposal for you: How about you write an apology below my review and mention how you are going to fix it, and when I receive the money and you the jersey, I remove the bad review and write a new one, mentioning the good treatment you just gave me?  Well, I think you did wrong calling me a fraud without asking me what was happening. But anyway,I can remove my review when the transaction is completed. I agree all reviews should be removed. I propose cleartransactions.com for the safety of both parts to do the transaction  Thank you"
2627,buyer," Well, I think you did wrong calling me a fraud without asking me what was happening. But anyway,I can remove my review when the transaction is completed. I agree all reviews should be removed. I propose cleartransactions.com for the safety of both parts to do the transaction  Thank you  Accept Deal"
2627,seller, Hello there! How can I help?  What is the reasoning behind this request?  How so? I will need details as to what is wrong so we might fix it.
2627,seller," What is the reasoning behind this request?  How so? I will need details as to what is wrong so we might fix it.  Well, all sales are final and I believe the jerseys should be blank. Just team jerseys."
2627,seller," How so? I will need details as to what is wrong so we might fix it.  Well, all sales are final and I believe the jerseys should be blank. Just team jerseys.  How about this then. If you return the jersey and remove your bad review, I will give you a full refund."
2627,seller," Well, all sales are final and I believe the jerseys should be blank. Just team jerseys.  How about this then. If you return the jersey and remove your bad review, I will give you a full refund.  (I know its not an option on the side) Its only natural to refund someone if they return their product. There is no guarantee for you just like if you do the same thing somewhere else. I guess the closest thing would be me also removing my review of you so that makes us pretty much even."
2627,seller," How about this then. If you return the jersey and remove your bad review, I will give you a full refund.  (I know its not an option on the side) Its only natural to refund someone if they return their product. There is no guarantee for you just like if you do the same thing somewhere else. I guess the closest thing would be me also removing my review of you so that makes us pretty much even.  An apology from me will be happening as we did nothing wrong on our end. If all reviews are removed that is fine with me."
2627,seller, (I know its not an option on the side) Its only natural to refund someone if they return their product. There is no guarantee for you just like if you do the same thing somewhere else. I guess the closest thing would be me also removing my review of you so that makes us pretty much even.  An apology from me will be happening as we did nothing wrong on our end. If all reviews are removed that is fine with me.  Agreed
2627,seller," An apology from me will be happening as we did nothing wrong on our end. If all reviews are removed that is fine with me.  Agreed  Submitted agreement: Buyer gets full refund, seller retracted their review, buyer retracted their review, seller didn't apologize, and buyer didn't apologize."
2628,buyer," Hello, I ordered this jersey but it was not for the player I ordered. I understand mistakes happen, would you be willing to work with me on a refund?   I understand, is there anything that we can do to potentially work around a refund? I see that there was a negative review posted of me and I likewise posted one. Maybe we could both take the reviews down instead of issuing a refund?   Okay sounds good, would you also be willing to apologize either via phone or via email? I apologize for the review. "
2628,buyer," I understand, is there anything that we can do to potentially work around a refund? I see that there was a negative review posted of me and I likewise posted one. Maybe we could both take the reviews down instead of issuing a refund?   Okay sounds good, would you also be willing to apologize either via phone or via email? I apologize for the review.   Thank you I appreciate your time and help. "
2628,buyer," Okay sounds good, would you also be willing to apologize either via phone or via email? I apologize for the review.   Thank you I appreciate your time and help.   Submitted agreement: Buyer gets no refund, seller retracted their review, buyer retracted their review, seller did apologize, and buyer did apologize."
2628,seller," I´m sorry this happened, Unfortunatly we have a very strict policy for no refunds  That sounds like a very reasonable deal, we would be happy to remove the review  We apologize for your inconvenience and will remove the bad review from our page, thank you for reaching out "
2628,seller," That sounds like a very reasonable deal, we would be happy to remove the review  We apologize for your inconvenience and will remove the bad review from our page, thank you for reaching out   We thank you for reaching out and for solving in a peaceful manner"
2628,seller," We apologize for your inconvenience and will remove the bad review from our page, thank you for reaching out   We thank you for reaching out and for solving in a peaceful manner  Accept Deal"
2629,buyer," Hello my item I purchased arrived broken  Yes, I can. How would you like me to send them?  Here are the pictures, as you can see the product has a rip down the side of it"
2629,buyer," Yes, I can. How would you like me to send them?  Here are the pictures, as you can see the product has a rip down the side of it  Could you replace the item instead or provide me with a full refund"
2629,buyer," Here are the pictures, as you can see the product has a rip down the side of it  Could you replace the item instead or provide me with a full refund  I must insist on a full refund as the damage wasn't cause by me, so I shouldn't bare the cost for it."
2629,buyer," Could you replace the item instead or provide me with a full refund  I must insist on a full refund as the damage wasn't cause by me, so I shouldn't bare the cost for it.  I understand, if I have any trouble recieving a refund from the parcel company, can you help provide me with help comfirming that the damage was caused by them and not you or I?"
2629,buyer," I must insist on a full refund as the damage wasn't cause by me, so I shouldn't bare the cost for it.  I understand, if I have any trouble recieving a refund from the parcel company, can you help provide me with help comfirming that the damage was caused by them and not you or I?  Thank you for your help and I will be sure to remove my negetive review"
2629,buyer," I understand, if I have any trouble recieving a refund from the parcel company, can you help provide me with help comfirming that the damage was caused by them and not you or I?  Thank you for your help and I will be sure to remove my negetive review  Accept Deal"
2629,seller," Can you send me photographs of it?  Please email them, once we review them, if your item was broken due to bad packing, we refund.  By what I can see it was damaged for bad managing of the package, but I can offer a partial refund."
2629,seller," Please email them, once we review them, if your item was broken due to bad packing, we refund.  By what I can see it was damaged for bad managing of the package, but I can offer a partial refund.  That will only generate more costs to both of us. And as I said, the damage was caused by the parcel company."
2629,seller," By what I can see it was damaged for bad managing of the package, but I can offer a partial refund.  That will only generate more costs to both of us. And as I said, the damage was caused by the parcel company.  I understand, but a full refund should be given to you by the parcel company. I offer you a partial refund to show my concern for this situation, but it was not our responsability."
2629,seller," That will only generate more costs to both of us. And as I said, the damage was caused by the parcel company.  I understand, but a full refund should be given to you by the parcel company. I offer you a partial refund to show my concern for this situation, but it was not our responsability.  For sure, I will also remove my bad review if you remove yours. I apologize for this situation."
2629,seller," I understand, but a full refund should be given to you by the parcel company. I offer you a partial refund to show my concern for this situation, but it was not our responsability.  For sure, I will also remove my bad review if you remove yours. I apologize for this situation.  Submitted agreement: Buyer gets partial refund, seller retracted their review, buyer retracted their review, seller did apologize, and buyer did apologize."
2630,buyer," Hi man, i saw your bad review about me, you know you did bad, i wan a full refund and a public apology about that review  You know you changed your website to make me look like a lier, ok, don't apologize to me, just give me a full refund and delete that review about me  I'ts not the right thing to do, because you will try to scam other people like you did with me but ok, give me my money back and delete that review about me, i will delete my review too."
2630,buyer," You know you changed your website to make me look like a lier, ok, don't apologize to me, just give me a full refund and delete that review about me  I'ts not the right thing to do, because you will try to scam other people like you did with me but ok, give me my money back and delete that review about me, i will delete my review too.  First my money, when i get my money i will delete my review and after that you delete yours, deal?"
2630,buyer," I'ts not the right thing to do, because you will try to scam other people like you did with me but ok, give me my money back and delete that review about me, i will delete my review too.  First my money, when i get my money i will delete my review and after that you delete yours, deal?  I can't trust you after what happened, and probably you won't trust me, give me my money, i return your product and we can delete our reviews at the same time, if one of us don't delete the review we can put them on another time"
2630,buyer," First my money, when i get my money i will delete my review and after that you delete yours, deal?  I can't trust you after what happened, and probably you won't trust me, give me my money, i return your product and we can delete our reviews at the same time, if one of us don't delete the review we can put them on another time  Fine, i will tell you when i send your product back"
2630,buyer," I can't trust you after what happened, and probably you won't trust me, give me my money, i return your product and we can delete our reviews at the same time, if one of us don't delete the review we can put them on another time  Fine, i will tell you when i send your product back  Accept Deal"
2630,seller," You left a review about me that simply was not true and called me a liar and a crook.  Absolutely not. I didn't change my website and you know it. Are you willing to retract your review if I am willing to offer a refund for the item back?  You are slandering me and my business and I am not going to delete anything until you retract your review. When that is done, I am happy to delete mine and when I receive the item back I will refund you your money. "
2630,seller," Absolutely not. I didn't change my website and you know it. Are you willing to retract your review if I am willing to offer a refund for the item back?  You are slandering me and my business and I am not going to delete anything until you retract your review. When that is done, I am happy to delete mine and when I receive the item back I will refund you your money.   You want your money back, and the review deleted? Then delete your review first. You have my word "
2630,seller," You are slandering me and my business and I am not going to delete anything until you retract your review. When that is done, I am happy to delete mine and when I receive the item back I will refund you your money.   You want your money back, and the review deleted? Then delete your review first. You have my word   Fine. I will refund you now. "
2630,seller," You want your money back, and the review deleted? Then delete your review first. You have my word   Fine. I will refund you now.   Submitted agreement: Buyer gets full refund, seller retracted their review, buyer retracted their review, seller didn't apologize, and buyer didn't apologize."
2632,buyer," Hello, I received the wrong product, I was expecting to receive the Los Angeles Lakers Jersey for Kobe Bryant, but the one that I received was not from him. I am looking for a refund.  I digress with what you said, I took a screenshot and have the receipt that has the image of the product that I was buying, and it is clear that the name Kobe Bryant was on it.  I am looking for a full refund, I saw that you changed the description of the product at the moment that it arrived to me, that is deceptive and inappropriate for a store that finds its reputation very important. If you agree, I would remove my review."
2632,buyer," I digress with what you said, I took a screenshot and have the receipt that has the image of the product that I was buying, and it is clear that the name Kobe Bryant was on it.  I am looking for a full refund, I saw that you changed the description of the product at the moment that it arrived to me, that is deceptive and inappropriate for a store that finds its reputation very important. If you agree, I would remove my review.  Fine, I'll take the partial refund and the review. But I will never buy from your store again if you do not take care of those problems."
2632,buyer," I am looking for a full refund, I saw that you changed the description of the product at the moment that it arrived to me, that is deceptive and inappropriate for a store that finds its reputation very important. If you agree, I would remove my review.  Fine, I'll take the partial refund and the review. But I will never buy from your store again if you do not take care of those problems.  Submitted agreement: Buyer gets partial refund, seller retracted their review, buyer retracted their review, seller did apologize, and buyer did apologize."
2632,seller," Hi, I understand that there is an inconvenience on your part, however, it is specified on the page that the jerseys are not from any particular player, so I cannot offer you a refund. How else can I help you?  The image displayed on the site is for reference, at the time of the checkout the specifications that I communicated to you are made clear. I apologize if at any time during the purchase the above was not comprehensible. To avoid further setbacks we could reach an agreement. For me, the reputation of my store is very important, so I would like to know if there is a possibility for you to remove your negative review and offer an apology for the misunderstanding. In that case, I can refund a part of your purchase.   Sorry, but the specifications are explicitly disclosed on the page at the time of purchase. These specifications were set when the store opened and have not been modified since. I can refund a part of the purchase if you accept the terms I mentioned. If you are not willing, there is no problem, but in that case I cannot offer you a full refund. "
2632,seller," The image displayed on the site is for reference, at the time of the checkout the specifications that I communicated to you are made clear. I apologize if at any time during the purchase the above was not comprehensible. To avoid further setbacks we could reach an agreement. For me, the reputation of my store is very important, so I would like to know if there is a possibility for you to remove your negative review and offer an apology for the misunderstanding. In that case, I can refund a part of your purchase.   Sorry, but the specifications are explicitly disclosed on the page at the time of purchase. These specifications were set when the store opened and have not been modified since. I can refund a part of the purchase if you accept the terms I mentioned. If you are not willing, there is no problem, but in that case I cannot offer you a full refund.   Thank you for your understanding. Unfortunately, the situation was a misunderstanding that led to inconvenience for both parties.  I appreciate the withdrawing of your bad review and the offering of an apology I respect your decision not to purchase from the store again, but if you ever change your mind, we are here to serve you. Have a nice day. "
2632,seller," Sorry, but the specifications are explicitly disclosed on the page at the time of purchase. These specifications were set when the store opened and have not been modified since. I can refund a part of the purchase if you accept the terms I mentioned. If you are not willing, there is no problem, but in that case I cannot offer you a full refund.   Thank you for your understanding. Unfortunately, the situation was a misunderstanding that led to inconvenience for both parties.  I appreciate the withdrawing of your bad review and the offering of an apology I respect your decision not to purchase from the store again, but if you ever change your mind, we are here to serve you. Have a nice day.   Accept Deal"
2633,buyer, I would like to request a refund because I did not receive the item I was promised.  I understand but I'm hoping you will make an exception for me since I thought I was getting a specific item. I can remove my bad review in exchange for a refund.  Of course. On the page there was a picture of a specific jersey and it mentioned the name of it in the listing. Then once I received the item it was a different name than what was shown on the website. I feel that this was false advertising.
2633,buyer, I understand but I'm hoping you will make an exception for me since I thought I was getting a specific item. I can remove my bad review in exchange for a refund.  Of course. On the page there was a picture of a specific jersey and it mentioned the name of it in the listing. Then once I received the item it was a different name than what was shown on the website. I feel that this was false advertising.  I would be okay with a partial refund in exchange for me removing my bad review. I do apologize for misunderstanding but I would appreciate some help so I can get what I want. I would hope that this could be fixed for future customers as well.
2633,buyer," Of course. On the page there was a picture of a specific jersey and it mentioned the name of it in the listing. Then once I received the item it was a different name than what was shown on the website. I feel that this was false advertising.  I would be okay with a partial refund in exchange for me removing my bad review. I do apologize for misunderstanding but I would appreciate some help so I can get what I want. I would hope that this could be fixed for future customers as well.  Submitted agreement: Buyer gets partial refund, seller retracted their review, buyer retracted their review, seller did apologize, and buyer did apologize."
2633,seller," Hello, thank you for reaching out. I'm sorry your purchasing experience was not satisfactory. However, as you can see on our website, all sales are final.  Could you describe to me why you consider that you did not receive the item you asked for?  I can see how that could be confusing. However, if you review our website, you will see that we do not promise our jerseys will have a specific name. Otherwise, we would immediately offer a refund because we believe that people should take responsability for their mistakes. "
2633,seller," Could you describe to me why you consider that you did not receive the item you asked for?  I can see how that could be confusing. However, if you review our website, you will see that we do not promise our jerseys will have a specific name. Otherwise, we would immediately offer a refund because we believe that people should take responsability for their mistakes.   I understand your position. You wanted a specific jersey but you did not get it because our jerseys don't have a specific name on them. However, for the financial health of our business we have adopted a policy of keeping all sales final, since our website clearly describes the products we offer. If you were a business owner, would you feel comfortable sending a refund while you know that you have sent the product as it is described on the website?"
2633,seller," I can see how that could be confusing. However, if you review our website, you will see that we do not promise our jerseys will have a specific name. Otherwise, we would immediately offer a refund because we believe that people should take responsability for their mistakes.   I understand your position. You wanted a specific jersey but you did not get it because our jerseys don't have a specific name on them. However, for the financial health of our business we have adopted a policy of keeping all sales final, since our website clearly describes the products we offer. If you were a business owner, would you feel comfortable sending a refund while you know that you have sent the product as it is described on the website?  Accept Deal"
2634,buyer," Hello, I want my refund of my purchase  The web page announce a shirt of kobe bryan, but when I got it, that shirt didn't be from that player  Sure, I want my refund and I will retract about my bad review"
2634,buyer," The web page announce a shirt of kobe bryan, but when I got it, that shirt didn't be from that player  Sure, I want my refund and I will retract about my bad review  Thank you I guess.. but  what I really want is my refund, could you be able to do that?"
2634,buyer," Sure, I want my refund and I will retract about my bad review  Thank you I guess.. but  what I really want is my refund, could you be able to do that?  Ok, thank you so much. That would be perfect!"
2634,buyer," Thank you I guess.. but  what I really want is my refund, could you be able to do that?  Ok, thank you so much. That would be perfect!  Accept Deal"
2634,seller," Hi! What seems to be the problem?  I understand your frustation, and I'm really sorry, but the page doesn't mention that the jersey will carry Kobe or any other player's name. And I want to mention that bad reviews can really harm a business. I want to fix this for both of us, are you interested in a deal so we can resolve this peacefully?  I appreciate it, and I will erase the negative review about you, so you can avoid any repercussions as well. Thanks for being understanding."
2634,seller," I understand your frustation, and I'm really sorry, but the page doesn't mention that the jersey will carry Kobe or any other player's name. And I want to mention that bad reviews can really harm a business. I want to fix this for both of us, are you interested in a deal so we can resolve this peacefully?  I appreciate it, and I will erase the negative review about you, so you can avoid any repercussions as well. Thanks for being understanding.  I'll definitely get you your refund, no questions asked. I want all of our customers to have an excellent buying experience with us, so if the product is not what you expected, you'll definitely get your refund."
2634,seller," I appreciate it, and I will erase the negative review about you, so you can avoid any repercussions as well. Thanks for being understanding.  I'll definitely get you your refund, no questions asked. I want all of our customers to have an excellent buying experience with us, so if the product is not what you expected, you'll definitely get your refund.  Submitted agreement: Buyer gets full refund, seller retracted their review, buyer retracted their review, seller did apologize, and buyer didn't apologize."
2635,buyer, what is your offer  It would be fair for both of us to receive what we expect  we will probably both get what we expect
2635,buyer," It would be fair for both of us to receive what we expect  we will probably both get what we expect  I could do it, but what would I receive in return?"
2635,buyer," we will probably both get what we expect  I could do it, but what would I receive in return?  That's fine with me, I'm okay with it if that's the deal."
2635,buyer," I could do it, but what would I receive in return?  That's fine with me, I'm okay with it if that's the deal.  Accept Deal"
2635,seller, i would like to review what choices you think are fair?  Is their a solution that you feel works best for the both of us  how would you feel about retracting the negative review
2635,seller, Is their a solution that you feel works best for the both of us  how would you feel about retracting the negative review  i would send an apology to you as well and remove  my negative review
2635,seller," how would you feel about retracting the negative review  i would send an apology to you as well and remove  my negative review  Submitted agreement: Buyer gets no refund, seller retracted their review, buyer retracted their review, seller did apologize, and buyer didn't apologize."
2640,buyer, Hi. I would like to receive a full refund.  I received the wrong item.  No it was not. I have the screenshot of the listing of the item I was supposed to receive.
2640,buyer, I received the wrong item.  No it was not. I have the screenshot of the listing of the item I was supposed to receive.  Yes that is fair. Would you retract the negative review of me as the buyer?
2640,buyer, No it was not. I have the screenshot of the listing of the item I was supposed to receive.  Yes that is fair. Would you retract the negative review of me as the buyer?  I will apologize if you apologize as well.
2640,buyer, Yes that is fair. Would you retract the negative review of me as the buyer?  I will apologize if you apologize as well.  Yes. I apologize for my behavior.
2640,buyer, I will apologize if you apologize as well.  Yes. I apologize for my behavior.  Accept Deal
2640,seller," Hi, what seems to be the reason for wanting a refund?  We shipped the item listed on the order you submitted, we cannot offer a refund for this issue, as the correct item was shipped.  I can also am able to provide information on the order, and that we shipped the correct item. It seems to have been a computer error. I could offer you a partial refund if you agree to retract the negative review you posted."
2640,seller," We shipped the item listed on the order you submitted, we cannot offer a refund for this issue, as the correct item was shipped.  I can also am able to provide information on the order, and that we shipped the correct item. It seems to have been a computer error. I could offer you a partial refund if you agree to retract the negative review you posted.  If you offer an apology for your behaviour."
2640,seller," I can also am able to provide information on the order, and that we shipped the correct item. It seems to have been a computer error. I could offer you a partial refund if you agree to retract the negative review you posted.  If you offer an apology for your behaviour.  Sounds like we're in agreement."
2640,seller," If you offer an apology for your behaviour.  Sounds like we're in agreement.  Submitted agreement: Buyer gets partial refund, seller retracted their review, buyer retracted their review, seller did apologize, and buyer did apologize."
2641,buyer," hi  im looking for recieving my money back, this wasnt what i ordered  how about you making a apology for the inconvenience, i have the recipt of the purchase, once i reciebe the refound i can take the bad review"
2641,buyer," im looking for recieving my money back, this wasnt what i ordered  how about you making a apology for the inconvenience, i have the recipt of the purchase, once i reciebe the refound i can take the bad review  sorry i cant take less than the 90%, i double cheked the purchase, once i have the refound  and an apology i wont have a problem retracting the bad review "
2641,buyer," how about you making a apology for the inconvenience, i have the recipt of the purchase, once i reciebe the refound i can take the bad review  sorry i cant take less than the 90%, i double cheked the purchase, once i have the refound  and an apology i wont have a problem retracting the bad review   off course, only if you cover the shipping cost"
2641,buyer," sorry i cant take less than the 90%, i double cheked the purchase, once i have the refound  and an apology i wont have a problem retracting the bad review   off course, only if you cover the shipping cost  all right, ill change the review then the refound its done"
2641,buyer," off course, only if you cover the shipping cost  all right, ill change the review then the refound its done  Submitted agreement: Buyer gets full refund, seller kept their review, buyer retracted their review, seller didn't apologize, and buyer didn't apologize."
2641,seller," hi  sorry for the inconvenience, the item that you received is the one that states on page, please can you change the bad review, and we could talk about the refund  the product states that is a jersey without a particular player, I can refund 50% for all inconvenience and you retract the bad review :)"
2641,seller," sorry for the inconvenience, the item that you received is the one that states on page, please can you change the bad review, and we could talk about the refund  the product states that is a jersey without a particular player, I can refund 50% for all inconvenience and you retract the bad review :)  the information is clearly on the site, it is a sad situation but I can offer you the refund if you return the product :) "
2641,seller," the product states that is a jersey without a particular player, I can refund 50% for all inconvenience and you retract the bad review :)  the information is clearly on the site, it is a sad situation but I can offer you the refund if you return the product :)   that is OK "
2641,seller," the information is clearly on the site, it is a sad situation but I can offer you the refund if you return the product :)   that is OK   good"
2641,seller, that is OK   good  Accept Deal
2644,buyer," Hi  I am here to review the issue of the purchase of my product and that it arrived incorrectly.  I'm sure it was from a specific player, and now their store has made the change. I'm just here requesting a refund and the return of the product."
2644,buyer," I am here to review the issue of the purchase of my product and that it arrived incorrectly.  I'm sure it was from a specific player, and now their store has made the change. I'm just here requesting a refund and the return of the product.  Nowhere in the ad did they mention that, I just want to return the product and receive a refund, it is my right. Or I will have to put a bad review about the store."
2644,buyer," I'm sure it was from a specific player, and now their store has made the change. I'm just here requesting a refund and the return of the product.  Nowhere in the ad did they mention that, I just want to return the product and receive a refund, it is my right. Or I will have to put a bad review about the store.  If there would be no problem, the intention has never been to affect the company, I just don't want this product, maybe I will buy one again with the name of the player I want."
2644,buyer," Nowhere in the ad did they mention that, I just want to return the product and receive a refund, it is my right. Or I will have to put a bad review about the store.  If there would be no problem, the intention has never been to affect the company, I just don't want this product, maybe I will buy one again with the name of the player I want.  That sounds great to me. Thank you very much for your attention and understanding. Is there anything else I should do for you?"
2644,buyer," If there would be no problem, the intention has never been to affect the company, I just don't want this product, maybe I will buy one again with the name of the player I want.  That sounds great to me. Thank you very much for your attention and understanding. Is there anything else I should do for you?  Submitted agreement: Buyer gets full refund, seller retracted their review, buyer retracted their review, seller did apologize, and buyer did apologize."
2644,seller," Hi  in the sale of the product the type of product was exactly described, the teams operating shirt does not specify the player  This cannot be possible since we have a specific section where you can choose the name of the player"
2644,seller," in the sale of the product the type of product was exactly described, the teams operating shirt does not specify the player  This cannot be possible since we have a specific section where you can choose the name of the player  Maybe you havent explored it on the page but we can make the change. Would you willing and given the misunderstanding, could you remove your negative comment?"
2644,seller," This cannot be possible since we have a specific section where you can choose the name of the player  Maybe you havent explored it on the page but we can make the change. Would you willing and given the misunderstanding, could you remove your negative comment?  We greatly appreciate the initiative to resolve this misunderstanding, we extend your consideration by offering you an additional discount on your next pursache"
2644,seller," Maybe you havent explored it on the page but we can make the change. Would you willing and given the misunderstanding, could you remove your negative comment?  We greatly appreciate the initiative to resolve this misunderstanding, we extend your consideration by offering you an additional discount on your next pursache  Just remove the negative review, thank you for choosing us, it will be a pleasure tonserve you again "
2644,seller," We greatly appreciate the initiative to resolve this misunderstanding, we extend your consideration by offering you an additional discount on your next pursache  Just remove the negative review, thank you for choosing us, it will be a pleasure tonserve you again   Accept Deal"
2646,buyer," My item arrives broken   Cuando le pongo las pilas no funciona . Me gustaría un reembolso  Yes, I tried, but it still doesn't work. It is also scratched, I think it was used previously. Will a refund be possible?"
2646,buyer," Cuando le pongo las pilas no funciona . Me gustaría un reembolso  Yes, I tried, but it still doesn't work. It is also scratched, I think it was used previously. Will a refund be possible?  Thank you very much, I am happy with your response. Despite not having received my equipment in 100% working order, I will give a good review"
2646,buyer," Yes, I tried, but it still doesn't work. It is also scratched, I think it was used previously. Will a refund be possible?  Thank you very much, I am happy with your response. Despite not having received my equipment in 100% working order, I will give a good review  Submitted agreement: Buyer gets full refund, seller retracted their review, buyer retracted their review, seller did apologize, and buyer did apologize."
2646,seller," What is the specific problem with your item?  Have you tried different brands of batteries?  Sure, we will send you a return guide, once we receive the product your refund will be made automatically."
2646,seller," Have you tried different brands of batteries?  Sure, we will send you a return guide, once we receive the product your refund will be made automatically.  Thank you for your understanding. We will also give you a good rating as a customer."
2646,seller," Sure, we will send you a return guide, once we receive the product your refund will be made automatically.  Thank you for your understanding. We will also give you a good rating as a customer.  Accept Deal"
2650,buyer, Hola  Se puede llegar a un acuerdo?  OK
2650,buyer, Se puede llegar a un acuerdo?  OK  I agree
2650,buyer," OK  I agree  If it's okay, the agreement can remain like this"
2650,buyer," I agree  If it's okay, the agreement can remain like this  Accept Deal"
2650,seller," Hola, Hello.  Creo que si, pero creo que los de la encuesta quieren que la hagamos en ingles amigo.  How about this, I offer a full refund, we both retract the bad reviews, and there is no need to apologize?"
2650,seller," Creo que si, pero creo que los de la encuesta quieren que la hagamos en ingles amigo.  How about this, I offer a full refund, we both retract the bad reviews, and there is no need to apologize?  Just need to send one more message, we need 8."
2650,seller," How about this, I offer a full refund, we both retract the bad reviews, and there is no need to apologize?  Just need to send one more message, we need 8.  Submitted agreement: Buyer gets full refund, seller retracted their review, buyer retracted their review, seller didn't apologize, and buyer didn't apologize."
2651,buyer, HI  I'm good and you  i bought a product and it wasnt whai ordered
2651,buyer, I'm good and you  i bought a product and it wasnt whai ordered  i ordered a blue socks and got red
2651,buyer, i bought a product and it wasnt whai ordered  i ordered a blue socks and got red  i know but this mistake can be made again
2651,buyer, i ordered a blue socks and got red  i know but this mistake can be made again  i understand
2651,buyer, i know but this mistake can be made again  i understand  Accept Deal
2651,seller," Hello, how are you doing?  Good! How can I help you?  Oh no! I am so sorry about that. Can you please tell me what you ordered and what you received instead? "
2651,seller," Good! How can I help you?  Oh no! I am so sorry about that. Can you please tell me what you ordered and what you received instead?   Sorry about that! If you send back the red socks, we can send you the blue pair you ordered!"
2651,seller," Oh no! I am so sorry about that. Can you please tell me what you ordered and what you received instead?   Sorry about that! If you send back the red socks, we can send you the blue pair you ordered!  I am the manager and I will make sure I pack the order myself so this issue does not happen again! Again, I am so sorry this happened."
2651,seller," Sorry about that! If you send back the red socks, we can send you the blue pair you ordered!  I am the manager and I will make sure I pack the order myself so this issue does not happen again! Again, I am so sorry this happened.  Submitted agreement: Buyer gets no refund, seller retracted their review, buyer retracted their review, seller did apologize, and buyer didn't apologize."
2652,buyer," I need a refund first and foremost.  The product was not as described, I was trying to purchase a jersey for a younger family member and he is a fan of that particular player, not a generic jersey.  I am 100% certain that you did state it was for a particular player. Regardless, I think a fair compromise is refunding me 80% of the price. I can then return the product to you and you can keep the 20% to offset any shipping costs."
2652,buyer," The product was not as described, I was trying to purchase a jersey for a younger family member and he is a fan of that particular player, not a generic jersey.  I am 100% certain that you did state it was for a particular player. Regardless, I think a fair compromise is refunding me 80% of the price. I can then return the product to you and you can keep the 20% to offset any shipping costs.  Why can you not accept the refund of 80%? If the product was truly described properly, you can get the product back, in the same exact condition and sell it again at the same price. You are keeping 20% of the cost so you don't really lose anything. I will even up my offer to 25%."
2652,buyer," I am 100% certain that you did state it was for a particular player. Regardless, I think a fair compromise is refunding me 80% of the price. I can then return the product to you and you can keep the 20% to offset any shipping costs.  Why can you not accept the refund of 80%? If the product was truly described properly, you can get the product back, in the same exact condition and sell it again at the same price. You are keeping 20% of the cost so you don't really lose anything. I will even up my offer to 25%.  If the product was truly listed correctly as a generic jersey and you priced it properly, why would you not grant me the refund of 75%? 1) If you have the product returned to you, you could sell it again and make the same profit + 25%. I am not asking for a full refund, I am asking for 75% refund. You said the product is in perfect condition and so it should be easy to find a customer to purchase it at the same price. 2) It will remove any needs for the negative feedback left on my page and yours."
2652,buyer," Why can you not accept the refund of 80%? If the product was truly described properly, you can get the product back, in the same exact condition and sell it again at the same price. You are keeping 20% of the cost so you don't really lose anything. I will even up my offer to 25%.  If the product was truly listed correctly as a generic jersey and you priced it properly, why would you not grant me the refund of 75%? 1) If you have the product returned to you, you could sell it again and make the same profit + 25%. I am not asking for a full refund, I am asking for 75% refund. You said the product is in perfect condition and so it should be easy to find a customer to purchase it at the same price. 2) It will remove any needs for the negative feedback left on my page and yours.  You are convinced it was listed properly. I am convinced it was not listed as generic. There is no reason to argue about that point because we both believe we are right. The best option is decide on how to compromise on a solution. You are being unreasonable by not accepting any refund. Can you explain how you can justify not refunding me 60% and getting the product back? You could sell the jersey again and keep 40%. "
2652,buyer," If the product was truly listed correctly as a generic jersey and you priced it properly, why would you not grant me the refund of 75%? 1) If you have the product returned to you, you could sell it again and make the same profit + 25%. I am not asking for a full refund, I am asking for 75% refund. You said the product is in perfect condition and so it should be easy to find a customer to purchase it at the same price. 2) It will remove any needs for the negative feedback left on my page and yours.  You are convinced it was listed properly. I am convinced it was not listed as generic. There is no reason to argue about that point because we both believe we are right. The best option is decide on how to compromise on a solution. You are being unreasonable by not accepting any refund. Can you explain how you can justify not refunding me 60% and getting the product back? You could sell the jersey again and keep 40%.   Business policies? What sort of policy is that? Lets say you made $75 bucks on the jersey by selling it to me. I am offering to return the jersey, perfect, as you stated back to you. You can sell it again for $75 and keep $30 from my refund so you'll end up with $105."
2652,buyer," You are convinced it was listed properly. I am convinced it was not listed as generic. There is no reason to argue about that point because we both believe we are right. The best option is decide on how to compromise on a solution. You are being unreasonable by not accepting any refund. Can you explain how you can justify not refunding me 60% and getting the product back? You could sell the jersey again and keep 40%.   Business policies? What sort of policy is that? Lets say you made $75 bucks on the jersey by selling it to me. I am offering to return the jersey, perfect, as you stated back to you. You can sell it again for $75 and keep $30 from my refund so you'll end up with $105.  So even if it was a mistake on my end, you do not try to work with people who make a mistake? What if I asked for a 20% refund, so you get the jersey back and keep 80% of the price? Are you saying your business policy would not accept that?"
2652,buyer," Business policies? What sort of policy is that? Lets say you made $75 bucks on the jersey by selling it to me. I am offering to return the jersey, perfect, as you stated back to you. You can sell it again for $75 and keep $30 from my refund so you'll end up with $105.  So even if it was a mistake on my end, you do not try to work with people who make a mistake? What if I asked for a 20% refund, so you get the jersey back and keep 80% of the price? Are you saying your business policy would not accept that?  Okay than how about removing the bad review of me? If I agree to remove my review of you."
2652,buyer," So even if it was a mistake on my end, you do not try to work with people who make a mistake? What if I asked for a 20% refund, so you get the jersey back and keep 80% of the price? Are you saying your business policy would not accept that?  Okay than how about removing the bad review of me? If I agree to remove my review of you.  I apologize for my frustration with you as well."
2652,buyer, Okay than how about removing the bad review of me? If I agree to remove my review of you.  I apologize for my frustration with you as well.  Accept Deal
2652,seller," I'm sorry but is it that you demand a refund?  Okay, but in the website I stated clear that the jersey wasn't of a particular player  I'm sorry but no, the description in the website was very clear that the jersey is generic. The confusion is out of my responsability "
2652,seller," Okay, but in the website I stated clear that the jersey wasn't of a particular player  I'm sorry but no, the description in the website was very clear that the jersey is generic. The confusion is out of my responsability   Because the only reason you want a refund is because you made the wrong choice of jersey. The product is in perfect conditions, and that is why we won't make a refund."
2652,seller," I'm sorry but no, the description in the website was very clear that the jersey is generic. The confusion is out of my responsability   Because the only reason you want a refund is because you made the wrong choice of jersey. The product is in perfect conditions, and that is why we won't make a refund.  The negative feedback is a lie, you know that the product was listed correctly, but you only gave me a bad review to pressure me into giving you a refund. My mind is set, there will be no refund. And since it will not work, I'll appreciate if you delete that comment."
2652,seller," Because the only reason you want a refund is because you made the wrong choice of jersey. The product is in perfect conditions, and that is why we won't make a refund.  The negative feedback is a lie, you know that the product was listed correctly, but you only gave me a bad review to pressure me into giving you a refund. My mind is set, there will be no refund. And since it will not work, I'll appreciate if you delete that comment.  Business politics, the only thing I can offer you is an apology."
2652,seller," The negative feedback is a lie, you know that the product was listed correctly, but you only gave me a bad review to pressure me into giving you a refund. My mind is set, there will be no refund. And since it will not work, I'll appreciate if you delete that comment.  Business politics, the only thing I can offer you is an apology.  It's my policy because is MY business, I'm the owner not you, and that's final. "
2652,seller," Business politics, the only thing I can offer you is an apology.  It's my policy because is MY business, I'm the owner not you, and that's final.   No, that's how my business operate. Besides you could also sell the jersey to someone else if I don't accept to make a refund. Again: the only thing I can offer you is an apology for the inconvinience "
2652,seller," It's my policy because is MY business, I'm the owner not you, and that's final.   No, that's how my business operate. Besides you could also sell the jersey to someone else if I don't accept to make a refund. Again: the only thing I can offer you is an apology for the inconvinience   That sounds fair "
2652,seller," No, that's how my business operate. Besides you could also sell the jersey to someone else if I don't accept to make a refund. Again: the only thing I can offer you is an apology for the inconvinience   That sounds fair   Submitted agreement: Buyer gets no refund, seller retracted their review, buyer retracted their review, seller did apologize, and buyer did apologize."
2653,buyer," Hi  Please, I just want a refund, I'll take down the negative message  The website clearly stated that it was a Kobe Bryant jersey. I am not made of money.I need a refund so I can buy an actual Kobe jersey for my terminally ill nephew"
2653,buyer," Please, I just want a refund, I'll take down the negative message  The website clearly stated that it was a Kobe Bryant jersey. I am not made of money.I need a refund so I can buy an actual Kobe jersey for my terminally ill nephew  It said it. I wouldn't have bought it otherwise. I cannot believe that you would do this to a perfect record buyer like myself"
2653,buyer, The website clearly stated that it was a Kobe Bryant jersey. I am not made of money.I need a refund so I can buy an actual Kobe jersey for my terminally ill nephew  It said it. I wouldn't have bought it otherwise. I cannot believe that you would do this to a perfect record buyer like myself  I have an absolutely perfect buying history!
2653,buyer, It said it. I wouldn't have bought it otherwise. I cannot believe that you would do this to a perfect record buyer like myself  I have an absolutely perfect buying history!  The ball is in your court.
2653,buyer, I have an absolutely perfect buying history!  The ball is in your court.  Reject Deal
2653,buyer," The ball is in your court.  Reject Deal  No, I want a refund"
2653,buyer," Reject Deal  No, I want a refund  No"
2653,buyer," No, I want a refund  No  Reject Deal"
2653,buyer, No  Reject Deal  I want a refund
2653,buyer, Reject Deal  I want a refund  I insist
2653,buyer, I want a refund  I insist  This is totally unfair to innocent buyers
2653,buyer, I insist  This is totally unfair to innocent buyers  This is untrue
2653,buyer, This is totally unfair to innocent buyers  This is untrue  I need a refund to buy a jersey from a different seller
2653,buyer," This is untrue  I need a refund to buy a jersey from a different seller  Submitted agreement: Buyer gets partial refund, seller kept their review, buyer kept their review, seller didn't apologize, and buyer didn't apologize."
2653,buyer," I need a refund to buy a jersey from a different seller  Submitted agreement: Buyer gets partial refund, seller kept their review, buyer kept their review, seller didn't apologize, and buyer didn't apologize.  I Walk Away."
2653,seller," Hello  I appreciate the compromise, but my website clearly states that the jersey is not for any specified player. I'm afraid I can't give you a refund, I apologize.  The website did not say that either, and I am also not made of money. All sales are final. I hope your nephew recovers. "
2653,seller," I appreciate the compromise, but my website clearly states that the jersey is not for any specified player. I'm afraid I can't give you a refund, I apologize.  The website did not say that either, and I am also not made of money. All sales are final. I hope your nephew recovers.   I'm unsure where you got the impression that it said a specific person's name, on my website it clearly says that there is no specific player listed for the jersey. In addition, I have seen other reviews about you that tote a similar experience to the one I am going through right now. I cannot offer you a refund, and I am standing on that. "
2653,seller," The website did not say that either, and I am also not made of money. All sales are final. I hope your nephew recovers.   I'm unsure where you got the impression that it said a specific person's name, on my website it clearly says that there is no specific player listed for the jersey. In addition, I have seen other reviews about you that tote a similar experience to the one I am going through right now. I cannot offer you a refund, and I am standing on that.   I have seen otherwise. Nonetheless, it seems this is not going anywhere. "
2653,seller," I'm unsure where you got the impression that it said a specific person's name, on my website it clearly says that there is no specific player listed for the jersey. In addition, I have seen other reviews about you that tote a similar experience to the one I am going through right now. I cannot offer you a refund, and I am standing on that.   I have seen otherwise. Nonetheless, it seems this is not going anywhere.   Submitted agreement: Buyer gets no refund, seller kept their review, buyer kept their review, seller didn't apologize, and buyer didn't apologize."
2653,seller," I have seen otherwise. Nonetheless, it seems this is not going anywhere.   Submitted agreement: Buyer gets no refund, seller kept their review, buyer kept their review, seller didn't apologize, and buyer didn't apologize.  I understand that, but I can't give you a refund. I did not violate any policies on my website. We can keep our reviews of each other and move on from this."
2653,seller," Submitted agreement: Buyer gets no refund, seller kept their review, buyer kept their review, seller didn't apologize, and buyer didn't apologize.  I understand that, but I can't give you a refund. I did not violate any policies on my website. We can keep our reviews of each other and move on from this.  Submitted agreement: Buyer gets no refund, seller kept their review, buyer kept their review, seller didn't apologize, and buyer didn't apologize."
2653,seller," I understand that, but I can't give you a refund. I did not violate any policies on my website. We can keep our reviews of each other and move on from this.  Submitted agreement: Buyer gets no refund, seller kept their review, buyer kept their review, seller didn't apologize, and buyer didn't apologize.  I am not giving you a refund"
2653,seller," Submitted agreement: Buyer gets no refund, seller kept their review, buyer kept their review, seller didn't apologize, and buyer didn't apologize.  I am not giving you a refund  I also insist on not giving you a refund"
2653,seller, I am not giving you a refund  I also insist on not giving you a refund  My website clearly lists that the jerseys are not for any specific player. I have done everything on my end to ensure customers understand what they are getting. 
2653,seller," I also insist on not giving you a refund  My website clearly lists that the jerseys are not for any specific player. I have done everything on my end to ensure customers understand what they are getting.   I don't know what to tell you, it's on the website. In the future I can make the text bigger or put it more places, but it's absolutely on there. Because of that, I can't give you a refund."
2653,seller," My website clearly lists that the jerseys are not for any specific player. I have done everything on my end to ensure customers understand what they are getting.   I don't know what to tell you, it's on the website. In the future I can make the text bigger or put it more places, but it's absolutely on there. Because of that, I can't give you a refund.  I understand your intent with the refund, but I cannot give you a refund. Your frustrations and desires are completely valid, however I can't give you a refund based on my website policy. "
2653,seller," I don't know what to tell you, it's on the website. In the future I can make the text bigger or put it more places, but it's absolutely on there. Because of that, I can't give you a refund.  I understand your intent with the refund, but I cannot give you a refund. Your frustrations and desires are completely valid, however I can't give you a refund based on my website policy.   Reject Deal"
2653,seller," I understand your intent with the refund, but I cannot give you a refund. Your frustrations and desires are completely valid, however I can't give you a refund based on my website policy.   Reject Deal  I stand firm with my values. I get where you are coming from, however I cannot compromise on the integrity I have. If I were to give you a refund, it would be unfair to my other customers as well. I know you are in a tough situation, but there is nothing more i can do for you."
2654,buyer," Hello! I would like to request a refund as I did not receive the item I purchased.  I received a different Jersey than I had expected, as the description on the website was wrong.  It is, however, the website said I would be receiving a Kobe Bryant Jersey. I believe there was a mix up with the product description. No worries as these things happen. A refund is all I need!"
2654,buyer," I received a different Jersey than I had expected, as the description on the website was wrong.  It is, however, the website said I would be receiving a Kobe Bryant Jersey. I believe there was a mix up with the product description. No worries as these things happen. A refund is all I need!  I'll retract my negative review when you issue me a refund."
2654,buyer," It is, however, the website said I would be receiving a Kobe Bryant Jersey. I believe there was a mix up with the product description. No worries as these things happen. A refund is all I need!  I'll retract my negative review when you issue me a refund.  Absolutely. I appreciate your help. Please also be sure to remove any negative reviews of me."
2654,buyer, I'll retract my negative review when you issue me a refund.  Absolutely. I appreciate your help. Please also be sure to remove any negative reviews of me.  Thank you and enjoy your day.
2654,buyer, Absolutely. I appreciate your help. Please also be sure to remove any negative reviews of me.  Thank you and enjoy your day.  Accept Deal
2654,seller," I'm sorry to hear there has been an issue with your purchase. What item did you receive?  I see based on your order that you chose our Lakers jersey in yellow. Is this what you received?  I understand that's very frustrating. Unfortunately, the Kobe Bryant Jersey is an entirely different listing, with a different price, and the order you placed does clearly state that the jersey will not be specific to any player whatsoever. A refund will not be possible under these circumstances. I do see however that you have already placed a negative review on my business. Reviewing the facts, this is untrue and I must insist you retract the negative review. While I understand your frustrations, the listings are clear and it is unfair to negatively affect my companies reputation over this."
2654,seller," I see based on your order that you chose our Lakers jersey in yellow. Is this what you received?  I understand that's very frustrating. Unfortunately, the Kobe Bryant Jersey is an entirely different listing, with a different price, and the order you placed does clearly state that the jersey will not be specific to any player whatsoever. A refund will not be possible under these circumstances. I do see however that you have already placed a negative review on my business. Reviewing the facts, this is untrue and I must insist you retract the negative review. While I understand your frustrations, the listings are clear and it is unfair to negatively affect my companies reputation over this.  A refund is entirely against my policy, as is listed on my website. If I make an exception, I will require a retraction of the review as well as an apology, a simple acknowledgment of it being a misunderstanding will suffice. Is this an agreeable resolution?"
2654,seller," I understand that's very frustrating. Unfortunately, the Kobe Bryant Jersey is an entirely different listing, with a different price, and the order you placed does clearly state that the jersey will not be specific to any player whatsoever. A refund will not be possible under these circumstances. I do see however that you have already placed a negative review on my business. Reviewing the facts, this is untrue and I must insist you retract the negative review. While I understand your frustrations, the listings are clear and it is unfair to negatively affect my companies reputation over this.  A refund is entirely against my policy, as is listed on my website. If I make an exception, I will require a retraction of the review as well as an apology, a simple acknowledgment of it being a misunderstanding will suffice. Is this an agreeable resolution?  I will also advise of the misunderstanding and state that a resolution was amicably reached."
2654,seller," A refund is entirely against my policy, as is listed on my website. If I make an exception, I will require a retraction of the review as well as an apology, a simple acknowledgment of it being a misunderstanding will suffice. Is this an agreeable resolution?  I will also advise of the misunderstanding and state that a resolution was amicably reached.  Submitted agreement: Buyer gets full refund, seller retracted their review, buyer retracted their review, seller didn't apologize, and buyer did apologize."
2655,buyer, hello   sure I need my refund because the item was sold in a misleading manner.   I need my refund because the item was sold in a misleading manner. 
2655,buyer, sure I need my refund because the item was sold in a misleading manner.   I need my refund because the item was sold in a misleading manner.   but the image has no sign of being  only descriptive and I will not remove my review until I get my refund. So other people will know what they are getting. 
2655,buyer," I need my refund because the item was sold in a misleading manner.   but the image has no sign of being  only descriptive and I will not remove my review until I get my refund. So other people will know what they are getting.   ok, then I will not remove my review and I will keep informing other buyers, since many people liked my review and found it useful if I don't have a solution I will keep writing more bad reviews. "
2655,seller," hello! i wanted to talk about your bad review about my business  my website clearly stated that the jersey was a replica that did not represent any specific player. because of this, i don't think a refund is necessary in this case.   i did not mislead you at all, like i mentioned, the listing on my site clearly stated that the jersey was a replica that did not represent any specific player. i apologize if you did not read the listing thoroughly enough, but I cannot offer you a refund. would you be willing to possibly remove the review you left on my business?"
2655,seller," my website clearly stated that the jersey was a replica that did not represent any specific player. because of this, i don't think a refund is necessary in this case.   i did not mislead you at all, like i mentioned, the listing on my site clearly stated that the jersey was a replica that did not represent any specific player. i apologize if you did not read the listing thoroughly enough, but I cannot offer you a refund. would you be willing to possibly remove the review you left on my business?  the listing for the jersey was incredibly detailed on my end. all my other customers have been able to properly understand that the jersey is not affiliated with kobe bryant in any way, shape or form. if you did not read the description thoroughly enough, that is something that is not my responsibility as the seller. "
2655,seller," i did not mislead you at all, like i mentioned, the listing on my site clearly stated that the jersey was a replica that did not represent any specific player. i apologize if you did not read the listing thoroughly enough, but I cannot offer you a refund. would you be willing to possibly remove the review you left on my business?  the listing for the jersey was incredibly detailed on my end. all my other customers have been able to properly understand that the jersey is not affiliated with kobe bryant in any way, shape or form. if you did not read the description thoroughly enough, that is something that is not my responsibility as the seller.   I Walk Away."
2656,buyer," Hello, I'm requesting that I receive a refund, and that you retract your bad review of me.  It was stated before you edited the description on your website that it was for a specific player. At the very least I'm requesting a partial refund, but I also need that review of me removed.   There's no extortion in any of what I'm trying to convey. Reviews like that are damaging to reputation, especially when I wrote my review from an honest standpoint. "
2656,buyer," It was stated before you edited the description on your website that it was for a specific player. At the very least I'm requesting a partial refund, but I also need that review of me removed.   There's no extortion in any of what I'm trying to convey. Reviews like that are damaging to reputation, especially when I wrote my review from an honest standpoint.   Well it sounds like there"
2656,buyer," There's no extortion in any of what I'm trying to convey. Reviews like that are damaging to reputation, especially when I wrote my review from an honest standpoint.   Well it sounds like there  Yes sorry, it sounds like there's no compromise to be found. At the very least if I remove my review of you, would you be willing to remove your review of me?"
2656,buyer," Well it sounds like there  Yes sorry, it sounds like there's no compromise to be found. At the very least if I remove my review of you, would you be willing to remove your review of me?  Yes I'm willing to do that."
2656,buyer," Yes sorry, it sounds like there's no compromise to be found. At the very least if I remove my review of you, would you be willing to remove your review of me?  Yes I'm willing to do that.  Submitted agreement: Buyer gets no refund, seller retracted their review, buyer retracted their review, seller didn't apologize, and buyer didn't apologize."
2656,seller," It was stated on my website that the product is not for a specific player. I'm sorry, but due to being given disclosure I find it unfair to give you a refund.  I never edited the description on my website. All sales are final, and refunds are not given. A review from another seller says that you have caused them issues as well. Surely you are not trying to extort me with this bad review?   An honest standpoint? Previous witnesses have stated that your reviews are only used for extortion purposes. Will your review be any worth when your reputation is that of an extortionist? Your review will be useless and you will not end up with a refund, so perhaps it is best we compromise and make a better solution."
2656,seller," I never edited the description on my website. All sales are final, and refunds are not given. A review from another seller says that you have caused them issues as well. Surely you are not trying to extort me with this bad review?   An honest standpoint? Previous witnesses have stated that your reviews are only used for extortion purposes. Will your review be any worth when your reputation is that of an extortionist? Your review will be useless and you will not end up with a refund, so perhaps it is best we compromise and make a better solution.  sorry seems like you mistyped"
2656,seller," An honest standpoint? Previous witnesses have stated that your reviews are only used for extortion purposes. Will your review be any worth when your reputation is that of an extortionist? Your review will be useless and you will not end up with a refund, so perhaps it is best we compromise and make a better solution.  sorry seems like you mistyped  Perhaps. Would you forget the refund and we would retract each other's reviews?"
2656,seller, sorry seems like you mistyped  Perhaps. Would you forget the refund and we would retract each other's reviews?  Deal.
2656,seller, Perhaps. Would you forget the refund and we would retract each other's reviews?  Deal.  Accept Deal
2657,buyer," Hi I would like to receive a full refund for an item that was falsely advertise  The customer is always right and if I requested the Kobe Bryant jersey, I wouldn't have mistakenly order something else and I feel like I am being accused of a liar  Okay, no problem. I will just show the screenshots captured of the Kobe Bryant jersey and this conversation to my lawyers and take you to court "
2657,buyer," The customer is always right and if I requested the Kobe Bryant jersey, I wouldn't have mistakenly order something else and I feel like I am being accused of a liar  Okay, no problem. I will just show the screenshots captured of the Kobe Bryant jersey and this conversation to my lawyers and take you to court   You say you are confident yet you haven't even checked if you actually have those records. It will be nice to see you in court, buddy. "
2657,buyer," Okay, no problem. I will just show the screenshots captured of the Kobe Bryant jersey and this conversation to my lawyers and take you to court   You say you are confident yet you haven't even checked if you actually have those records. It will be nice to see you in court, buddy.   If I get a refund for my order, I will consider taking down the negative reviews I have posted and write a positive one about your business and recommend more people to visit your store as you have great customer service"
2657,buyer," You say you are confident yet you haven't even checked if you actually have those records. It will be nice to see you in court, buddy.   If I get a refund for my order, I will consider taking down the negative reviews I have posted and write a positive one about your business and recommend more people to visit your store as you have great customer service  I don't see how that could contradict your business as you have not explained how it would. I will still consider taking the review down if you retract the review of me"
2657,buyer," If I get a refund for my order, I will consider taking down the negative reviews I have posted and write a positive one about your business and recommend more people to visit your store as you have great customer service  I don't see how that could contradict your business as you have not explained how it would. I will still consider taking the review down if you retract the review of me  That's fine. Yes, we can agree to remove the negative reviews"
2657,buyer," I don't see how that could contradict your business as you have not explained how it would. I will still consider taking the review down if you retract the review of me  That's fine. Yes, we can agree to remove the negative reviews  Thank you and I apologize "
2657,buyer," That's fine. Yes, we can agree to remove the negative reviews  Thank you and I apologize   Submitted agreement: Buyer gets no refund, seller retracted their review, buyer retracted their review, seller didn't apologize, and buyer did apologize."
2657,seller," I cannot offer a refund in any amount because the item delivered was in fact identical to the item requested.  I am not responsible for your interpretations. I said the item ordered was the item delivered, and that statement remains correct. The customer is obviously not always right; that is a useful shorthand for good customer service, not an infallible guide to the nature of every transaction.    I am confident in my legal prospects; I have digital records that identify what was ordered. If we want to reach any kind of accommodation, I am going to need to hear some compromise on your end. The maximalist position you are taking will succeed only in wasting both our time."
2657,seller," I am not responsible for your interpretations. I said the item ordered was the item delivered, and that statement remains correct. The customer is obviously not always right; that is a useful shorthand for good customer service, not an infallible guide to the nature of every transaction.    I am confident in my legal prospects; I have digital records that identify what was ordered. If we want to reach any kind of accommodation, I am going to need to hear some compromise on your end. The maximalist position you are taking will succeed only in wasting both our time.  Don't assume what I have and haven't checked. My reputation as a seller remains strong and contains a long list of reviews; yours as a buyer is being negatively affected much more by the reputation you're building for yourself here. You might want to reconsider your tactics. You're not the only one keeping track of this conversation."
2657,seller," I am confident in my legal prospects; I have digital records that identify what was ordered. If we want to reach any kind of accommodation, I am going to need to hear some compromise on your end. The maximalist position you are taking will succeed only in wasting both our time.  Don't assume what I have and haven't checked. My reputation as a seller remains strong and contains a long list of reviews; yours as a buyer is being negatively affected much more by the reputation you're building for yourself here. You might want to reconsider your tactics. You're not the only one keeping track of this conversation.  I cannot offer a refund that contradicts my business records, but if you were to retract your negative review of my business, I would retract my negative review of you as a seller. "
2657,seller," Don't assume what I have and haven't checked. My reputation as a seller remains strong and contains a long list of reviews; yours as a buyer is being negatively affected much more by the reputation you're building for yourself here. You might want to reconsider your tactics. You're not the only one keeping track of this conversation.  I cannot offer a refund that contradicts my business records, but if you were to retract your negative review of my business, I would retract my negative review of you as a seller.   I have stated repeatedly that my records conflict with rather than confirm your claims; that's the source of the contradiction. If we can agree to remove negative reviews of each other, that would be a step forward from the complete impasse we seem otherwise to be facing. I would agree to that process if you would in turn."
2657,seller," I cannot offer a refund that contradicts my business records, but if you were to retract your negative review of my business, I would retract my negative review of you as a seller.   I have stated repeatedly that my records conflict with rather than confirm your claims; that's the source of the contradiction. If we can agree to remove negative reviews of each other, that would be a step forward from the complete impasse we seem otherwise to be facing. I would agree to that process if you would in turn.  Agreed. Thank you for the conversation."
2657,seller," I have stated repeatedly that my records conflict with rather than confirm your claims; that's the source of the contradiction. If we can agree to remove negative reviews of each other, that would be a step forward from the complete impasse we seem otherwise to be facing. I would agree to that process if you would in turn.  Agreed. Thank you for the conversation.  Thank you for the apology. I appreciate your understanding and your business."
2657,seller, Agreed. Thank you for the conversation.  Thank you for the apology. I appreciate your understanding and your business.  Accept Deal
2658,buyer," Hi, I received the wrong jersey and I would like a refund  I know that's what you might have, but I order a size large and I got a size medium.  That actually works great for me, would I need to send anything else? Would you need my ticket?"
2658,buyer," I know that's what you might have, but I order a size large and I got a size medium.  That actually works great for me, would I need to send anything else? Would you need my ticket?  Got it. Thank you. I will make sure to let my family and friends know that the company upholds their policies and appreciates their customers."
2658,buyer," That actually works great for me, would I need to send anything else? Would you need my ticket?  Got it. Thank you. I will make sure to let my family and friends know that the company upholds their policies and appreciates their customers.  Submitted agreement: Buyer gets full refund, seller retracted their review, buyer retracted their review, seller did apologize, and buyer did apologize."
2658,seller," Hi, it looks like the jersey you received was correctly listed and sent accordingly  Okay, I'm sorry about that. If you could return the jersey I will pay for the shipping and send an expedited replacement of the correct size. Does that work for you?  Just send everything that was with the jersey when it was sent. "
2658,seller," Okay, I'm sorry about that. If you could return the jersey I will pay for the shipping and send an expedited replacement of the correct size. Does that work for you?  Just send everything that was with the jersey when it was sent.   Thank you"
2658,seller, Just send everything that was with the jersey when it was sent.   Thank you  Accept Deal
2659,buyer," Hello, I believe I should receive a refund as the product you sold me was not accurate in the description.   The jersey you sold me was supposed to be Kobe's jersey but the jersey I received was not. The description was then changed when I complained. I will gladly retract my bad review and apologize if you can make this right  Okay, I agree, however I would like the refund first before I remove the review and apologize"
2659,buyer," The jersey you sold me was supposed to be Kobe's jersey but the jersey I received was not. The description was then changed when I complained. I will gladly retract my bad review and apologize if you can make this right  Okay, I agree, however I would like the refund first before I remove the review and apologize  Sounds great thank you. "
2659,buyer," Okay, I agree, however I would like the refund first before I remove the review and apologize  Sounds great thank you.   Submitted agreement: Buyer gets full refund, seller retracted their review, buyer retracted their review, seller did apologize, and buyer did apologize."
2659,seller, Can you please explain how the product you received did not match the description?  Ok that's fine I will give you a refund if you remove the bad review and apologize for the misunderstanding  Yes I agree to those terms. I will also retract your review as a buyer and apologize
2659,seller, Ok that's fine I will give you a refund if you remove the bad review and apologize for the misunderstanding  Yes I agree to those terms. I will also retract your review as a buyer and apologize  Ok we are both in agreement let's finalize the deal
2659,seller, Yes I agree to those terms. I will also retract your review as a buyer and apologize  Ok we are both in agreement let's finalize the deal  Accept Deal
2660,buyer," I am disappointed I didn't get the correct product. I would like to return it for a refund.  At the time I ordered, the listing specifically said Kobe  I am not satisfied with the item I recieved and would like a refund. In the insterest of customer satisfaction, can you do that?"
2660,buyer," At the time I ordered, the listing specifically said Kobe  I am not satisfied with the item I recieved and would like a refund. In the insterest of customer satisfaction, can you do that?  I have already had to source the correct item elsewhere, and I don't need two of them. I can send it back for a refund."
2660,buyer," I am not satisfied with the item I recieved and would like a refund. In the insterest of customer satisfaction, can you do that?  I have already had to source the correct item elsewhere, and I don't need two of them. I can send it back for a refund.  I would be happy to do so once I recieve the refund.  Will you do the same for your review of me, please?"
2660,buyer," I have already had to source the correct item elsewhere, and I don't need two of them. I can send it back for a refund.  I would be happy to do so once I recieve the refund.  Will you do the same for your review of me, please?  Submitted agreement: Buyer gets full refund, seller retracted their review, buyer retracted their review, seller didn't apologize, and buyer didn't apologize."
2660,seller," I checked the listing and its clearly marked per player  I'm sorry if the site was confusing to you, but the order I have says otherwie. It could've just been you ordered the incorrect item.  I can offer an exchange where you send the item back and I send you the item you are looking for with n extra charge to shipping"
2660,seller," I'm sorry if the site was confusing to you, but the order I have says otherwie. It could've just been you ordered the incorrect item.  I can offer an exchange where you send the item back and I send you the item you are looking for with n extra charge to shipping  That's totally fine. I'm sorry i couldn't get you the correct jersey, but for future orders I suggest double checking in the cart for the correct item name. Can you please retract your review?"
2660,seller," I can offer an exchange where you send the item back and I send you the item you are looking for with n extra charge to shipping  That's totally fine. I'm sorry i couldn't get you the correct jersey, but for future orders I suggest double checking in the cart for the correct item name. Can you please retract your review?  I will once I receive the item! I can send a return sticker for you to return the item. thank you"
2660,seller," That's totally fine. I'm sorry i couldn't get you the correct jersey, but for future orders I suggest double checking in the cart for the correct item name. Can you please retract your review?  I will once I receive the item! I can send a return sticker for you to return the item. thank you  Accept Deal"
2661,buyer," Hey, let's start here. I am willing to take down the bad review as long as you take mine down as well  We can also both offer a formal public apology. We can call it a misunderstanding  Now, I will send the product back and then you can refund my payment as well"
2661,buyer," We can also both offer a formal public apology. We can call it a misunderstanding  Now, I will send the product back and then you can refund my payment as well  I will accept a partial refund if that's all you can offer. I guess we have a deal"
2661,buyer," Now, I will send the product back and then you can refund my payment as well  I will accept a partial refund if that's all you can offer. I guess we have a deal  Submitted agreement: Buyer gets partial refund, seller retracted their review, buyer retracted their review, seller did apologize, and buyer did apologize."
2661,seller," Sure, I can do that.  Okay, sure.  I'm sorry but company policy does not permit me to issue a full refund. The most I can do is a partial refund. Is that okay with you?"
2661,seller," Okay, sure.  I'm sorry but company policy does not permit me to issue a full refund. The most I can do is a partial refund. Is that okay with you?  Sounds like we do have a deal, thank you."
2661,seller," I'm sorry but company policy does not permit me to issue a full refund. The most I can do is a partial refund. Is that okay with you?  Sounds like we do have a deal, thank you.  Accept Deal"
2662,buyer," Hi can we reach an agreemant?  I would like a few things; a refund, retract ny bad review.  I can work with you on those but I have to get both the refund and have you remove the bad review of me."
2662,buyer," I would like a few things; a refund, retract ny bad review.  I can work with you on those but I have to get both the refund and have you remove the bad review of me.  Look I am willing to remove my poor review but I will need you to refund the money and I will send the jersey back. I also need you to remove the poor review of me."
2662,buyer, I can work with you on those but I have to get both the refund and have you remove the bad review of me.  Look I am willing to remove my poor review but I will need you to refund the money and I will send the jersey back. I also need you to remove the poor review of me.  Tell you what we have a deal on sending back the jersey and a refund. I will remove the bad review of you as well. If you remove the bad review of me then I will issue a public apology and let everyone know that it was just a misunderstanding and not bad business practices. 
2662,buyer, Look I am willing to remove my poor review but I will need you to refund the money and I will send the jersey back. I also need you to remove the poor review of me.  Tell you what we have a deal on sending back the jersey and a refund. I will remove the bad review of you as well. If you remove the bad review of me then I will issue a public apology and let everyone know that it was just a misunderstanding and not bad business practices.   Accept Deal
2662,seller," What kind of agreement are you looking for?  I cannot agree to both. You are discrediting my business on a public forum for a mistake that was not mine to make. You need to remove your review, or retract your statement.   I will only remove the poor review of you, if you retract your review. The transparency on this mistake needs to be clear for other consumers and businesses. You did not read the full description of the product, therefore your poor review of my business is reactive slander."
2662,seller," I cannot agree to both. You are discrediting my business on a public forum for a mistake that was not mine to make. You need to remove your review, or retract your statement.   I will only remove the poor review of you, if you retract your review. The transparency on this mistake needs to be clear for other consumers and businesses. You did not read the full description of the product, therefore your poor review of my business is reactive slander.  If you send back the jersey then I will issue you a refund. I will not remove the review, but I do ask that you write a corrective review stating the misunderstanding. I do apologize for my description not being clear, however I need the public to see that this was a misunderstanding, not a poor business practice. I will state the refund that was given to you as well for the misunderstanding. "
2662,seller," I will only remove the poor review of you, if you retract your review. The transparency on this mistake needs to be clear for other consumers and businesses. You did not read the full description of the product, therefore your poor review of my business is reactive slander.  If you send back the jersey then I will issue you a refund. I will not remove the review, but I do ask that you write a corrective review stating the misunderstanding. I do apologize for my description not being clear, however I need the public to see that this was a misunderstanding, not a poor business practice. I will state the refund that was given to you as well for the misunderstanding.   Submitted agreement: Buyer gets full refund, seller retracted their review, buyer retracted their review, seller did apologize, and buyer did apologize."
2663,buyer," Hello, I'm enquiring about my refund.  Are you aware that I received a confirmation email from you at point of purchase that clearly states it was for a Kobe Bryant jersey, which was, in fact, the reason why I chose it.  That's great. I'm sure it was merely a technical issue. I will forward you the confirmation email so that you can get started on my refund."
2663,buyer," Are you aware that I received a confirmation email from you at point of purchase that clearly states it was for a Kobe Bryant jersey, which was, in fact, the reason why I chose it.  That's great. I'm sure it was merely a technical issue. I will forward you the confirmation email so that you can get started on my refund.  Check your inbox. And without a full refund, I will be forced to leave another poor review, along with screenshots."
2663,buyer," That's great. I'm sure it was merely a technical issue. I will forward you the confirmation email so that you can get started on my refund.  Check your inbox. And without a full refund, I will be forced to leave another poor review, along with screenshots.  The receipts say otherwise. I doubt you'll keep your reputation for long."
2663,buyer," Check your inbox. And without a full refund, I will be forced to leave another poor review, along with screenshots.  The receipts say otherwise. I doubt you'll keep your reputation for long.  You should have received the copy of my confirmation letter by now. But don't worry. I can post it to your review board as we speak."
2663,buyer, The receipts say otherwise. I doubt you'll keep your reputation for long.  You should have received the copy of my confirmation letter by now. But don't worry. I can post it to your review board as we speak.  It's done. But why are you so hostile? Is this the way you typically do business?
2663,seller," Hi, as was stated on the website when you purchased, all sales are final and the jersey you purchased was a replica non-player specific jersey.  No I was not aware of that, but to my knowledge it was clearly stated on the website it was not a kobe bryant jersey. I take pride in making sure all my listings are accurate.  I wont get started on it, until you send the confirmation email, which I believe you are making up."
2663,seller," No I was not aware of that, but to my knowledge it was clearly stated on the website it was not a kobe bryant jersey. I take pride in making sure all my listings are accurate.  I wont get started on it, until you send the confirmation email, which I believe you are making up.  I have a nearly spotless record, one bad review won't kill my reputation. You liar and crook."
2663,seller," I wont get started on it, until you send the confirmation email, which I believe you are making up.  I have a nearly spotless record, one bad review won't kill my reputation. You liar and crook.  you keep talking about receipts but that means nothing if you can't produce them. The website clearly stated it was not a Kobe jersey"
2663,seller," I have a nearly spotless record, one bad review won't kill my reputation. You liar and crook.  you keep talking about receipts but that means nothing if you can't produce them. The website clearly stated it was not a Kobe jersey  We ain't gonna agree on anything you passive aggressive liar and crook. So peace out and stick it up there"
2663,seller, you keep talking about receipts but that means nothing if you can't produce them. The website clearly stated it was not a Kobe jersey  We ain't gonna agree on anything you passive aggressive liar and crook. So peace out and stick it up there  I Walk Away.
2664,buyer, hello  i want to receive a refund  yes just give me a refund
2664,buyer, i want to receive a refund  yes just give me a refund  will you retract  your bad review of me
2664,buyer, yes just give me a refund  will you retract  your bad review of me  how about partial refund and retract bad review
2664,buyer, will you retract  your bad review of me  how about partial refund and retract bad review  yes that sounds good to me
2664,buyer," how about partial refund and retract bad review  yes that sounds good to me  Submitted agreement: Buyer gets partial refund, seller retracted their review, buyer retracted their review, seller didn't apologize, and buyer did apologize."
2664,seller, hi  Would you retract the bad review and apologize?  okay
2664,seller," Would you retract the bad review and apologize?  okay  I can give you refund or retract the bad review, pick one"
2664,seller," okay  I can give you refund or retract the bad review, pick one  ok if I agree does that finalize our deal then"
2664,seller," I can give you refund or retract the bad review, pick one  ok if I agree does that finalize our deal then  okay deal agreed"
2664,seller, ok if I agree does that finalize our deal then  okay deal agreed  Accept Deal
2665,buyer, I will remove my bad review if I receive a full refund and you retract my bad review of you  I ordered the Kobe jersey and did not receive it. I should be able to receive a refund. What are you willing to do?  Yes that is fine. Can you retract my bad review if I retract my review as well?
2665,buyer," I ordered the Kobe jersey and did not receive it. I should be able to receive a refund. What are you willing to do?  Yes that is fine. Can you retract my bad review if I retract my review as well?  Ok, thanks. That sounds good. And should we write apologies on the website or just neither one of us apologize?"
2665,buyer," Yes that is fine. Can you retract my bad review if I retract my review as well?  Ok, thanks. That sounds good. And should we write apologies on the website or just neither one of us apologize?  Me too. Thank you for your cooperation."
2665,buyer," Ok, thanks. That sounds good. And should we write apologies on the website or just neither one of us apologize?  Me too. Thank you for your cooperation.  Accept Deal"
2665,seller," I sorry for the inconvenience, but We just checked our system and we notice that you ordered the wrond item, so a refund wont be possible since we didnt do anything wrong  You can return the Lakers jersey that you received and we can gladly change it for the Kobe Brynt one. The only thing is that is a little bit more expensive. Should I proceed with the change?  Of course, we can do that. For that we will offer you a 15% discount on your next purchase with us :)"
2665,seller," You can return the Lakers jersey that you received and we can gladly change it for the Kobe Brynt one. The only thing is that is a little bit more expensive. Should I proceed with the change?  Of course, we can do that. For that we will offer you a 15% discount on your next purchase with us :)  no need to apologize, it was just a misunderstanding. I amGlad we worked it out"
2665,seller," Of course, we can do that. For that we will offer you a 15% discount on your next purchase with us :)  no need to apologize, it was just a misunderstanding. I amGlad we worked it out  Submitted agreement: Buyer gets no refund, seller retracted their review, buyer retracted their review, seller didn't apologize, and buyer didn't apologize."
2667,buyer," Hello, I'd like to receive a refund for the Kobe Bryant jersey I purchased. I received the wrong item.  The jersey I received was for a different player, not the Kobe Bryant one I ordered.  Okay, great. Thanks."
2667,buyer," The jersey I received was for a different player, not the Kobe Bryant one I ordered.  Okay, great. Thanks.  One more thing, can you please retract the bad review you left for me since this was an error by the shipping department."
2667,buyer," Okay, great. Thanks.  One more thing, can you please retract the bad review you left for me since this was an error by the shipping department.  Do you think I can get an apology from you for sending the wrong item and ruining my nephews birthday surprise?"
2667,buyer," One more thing, can you please retract the bad review you left for me since this was an error by the shipping department.  Do you think I can get an apology from you for sending the wrong item and ruining my nephews birthday surprise?  Submitted agreement: Buyer gets full refund, seller retracted their review, buyer kept their review, seller did apologize, and buyer didn't apologize."
2667,seller," Hello, what is the issue with the jersey?  Okay, I will send a refund now.  Have a great day."
2667,seller," Okay, I will send a refund now.  Have a great day.  Yes I will"
2667,seller, Have a great day.  Yes I will  I am sorry for sending the wrong item.
2667,seller, Yes I will  I am sorry for sending the wrong item.  Accept Deal
2669,buyer," I'm willing to remove my negative review if you delete yours and give me a full refund for my purchase.  The listing was changed after I made a complaint about my order. I left an accurate review of my experience, and in return you posted a spiteful and libelous message. I'll only delete my review if you delete yours.  I'll accept those terms if you also post an apology stating our dispute was resolved."
2669,buyer," The listing was changed after I made a complaint about my order. I left an accurate review of my experience, and in return you posted a spiteful and libelous message. I'll only delete my review if you delete yours.  I'll accept those terms if you also post an apology stating our dispute was resolved.  You're welcome, and thanks for your time."
2669,buyer," I'll accept those terms if you also post an apology stating our dispute was resolved.  You're welcome, and thanks for your time.  Submitted agreement: Buyer gets partial refund, seller retracted their review, buyer retracted their review, seller did apologize, and buyer didn't apologize."
2669,seller," Sorry but I disagree. My listing was accurate and specified the jersey was not for a specific player  That is not true. The listing remained the same as it originally was. I am willing to offer a partial refund and we both can remove the reviews  OK, I can do that. Thank you"
2669,seller," That is not true. The listing remained the same as it originally was. I am willing to offer a partial refund and we both can remove the reviews  OK, I can do that. Thank you  Perfect, we have an agreement then"
2669,seller," OK, I can do that. Thank you  Perfect, we have an agreement then  Accept Deal"
2671,buyer, I think I should recieve a refund  I ordered a jersey that should have koby's name but got a jersey with a different player  When I ordered the jersey the description specified that I would be getting Koby
2671,buyer, I ordered a jersey that should have koby's name but got a jersey with a different player  When I ordered the jersey the description specified that I would be getting Koby  Thank you!
2671,buyer, When I ordered the jersey the description specified that I would be getting Koby  Thank you!  That sounds good to me
2671,buyer, Thank you!  That sounds good to me  alright
2671,buyer, That sounds good to me  alright  Thank you for your apology and Id also like to apologize for the hastle
2671,buyer," alright  Thank you for your apology and Id also like to apologize for the hastle  Submitted agreement: Buyer gets full refund, seller retracted their review, buyer retracted their review, seller did apologize, and buyer did apologize."
2671,seller," Hey, whats the issue. Why do you need a refund.  No, I only sell Lakers Jerseys, i do not gaurantee specific player names.  Ah okay, if it's in the description than yes, i should honor that."
2671,seller," No, I only sell Lakers Jerseys, i do not gaurantee specific player names.  Ah okay, if it's in the description than yes, i should honor that.  How about a full refund, And "
2671,seller," Ah okay, if it's in the description than yes, i should honor that.  How about a full refund, And   Remove your negative review and i will retract my review."
2671,seller," How about a full refund, And   Remove your negative review and i will retract my review.  I am really sorry for the trouble and would like to sincerly apologize to you."
2671,seller," Remove your negative review and i will retract my review.  I am really sorry for the trouble and would like to sincerly apologize to you.  Alright, sounds good thank you, and if you ever need another jersey let me know and ill sent the correct one"
2671,seller," I am really sorry for the trouble and would like to sincerly apologize to you.  Alright, sounds good thank you, and if you ever need another jersey let me know and ill sent the correct one  Accept Deal"
2675,buyer," Hello! I would like to know if you could give me a refund for the jersey? I would appreciate it if you could since the product didnt match the description. I will be more than willing to return the jersey too as well as remove my bad review  I would really appreciate if you gave us a refund as well, we could really use that extra money to help out with our terminally ill son. He doesn't have many more days to live, life has been really hard and I don't know what to do. His mood is already at a low and with the extra money would could invest it in buying something else that might make him smile one last time.   That is a deal! Thank you for the apology as well. I am sorry for the misunderstanding as well. I will remove my review :)"
2675,buyer," I would really appreciate if you gave us a refund as well, we could really use that extra money to help out with our terminally ill son. He doesn't have many more days to live, life has been really hard and I don't know what to do. His mood is already at a low and with the extra money would could invest it in buying something else that might make him smile one last time.   That is a deal! Thank you for the apology as well. I am sorry for the misunderstanding as well. I will remove my review :)  I do! So we both will remove our reviews, I receive a full refund, and we both apologized!"
2675,buyer," That is a deal! Thank you for the apology as well. I am sorry for the misunderstanding as well. I will remove my review :)  I do! So we both will remove our reviews, I receive a full refund, and we both apologized!  Submitted agreement: Buyer gets full refund, seller retracted their review, buyer retracted their review, seller did apologize, and buyer did apologize."
2675,seller," Hi, I'm sorry but the description on the website did say that the shirt didn't come with a players name. I can't give you a refund but would be willing to remove my review if you remove yours.  I'm sorry for the misunderstanding and your situation and might be willing to give a refund if we can negotiate. If you can remove the negative review and post an apology I will do the same.  This is great. You agree to the deal?"
2675,seller," I'm sorry for the misunderstanding and your situation and might be willing to give a refund if we can negotiate. If you can remove the negative review and post an apology I will do the same.  This is great. You agree to the deal?  Yes! Great. I will give a refund, apologize and remove the review. Thanks for working with me."
2675,seller," This is great. You agree to the deal?  Yes! Great. I will give a refund, apologize and remove the review. Thanks for working with me.  Accept Deal"
2676,buyer, I didn't get what I asked for I deserve a refund  It had the name of a random player I haven't heard of. I paid for Kobe Bryant's jersey.  That sounds great! Thank you so much!
2676,buyer, It had the name of a random player I haven't heard of. I paid for Kobe Bryant's jersey.  That sounds great! Thank you so much!  When I get my refund then possibly. Can you take away the bad review you made of me?
2676,buyer, That sounds great! Thank you so much!  When I get my refund then possibly. Can you take away the bad review you made of me?  That's good and I will also retract yours!
2676,buyer, When I get my refund then possibly. Can you take away the bad review you made of me?  That's good and I will also retract yours!  You too! I'm sorry for any trouble I might have caused
2676,buyer, That's good and I will also retract yours!  You too! I'm sorry for any trouble I might have caused  Accept Deal
2676,seller," What exactly was wrong with the product?  Okay, i'm sorry to hear that. Since you're unhappy with the product we can have you ship it back. Once it's in our posession we will be able to provide you with a full refund. How does that sound to you?  Would you be willing to leave a review of our product?"
2676,seller," Okay, i'm sorry to hear that. Since you're unhappy with the product we can have you ship it back. Once it's in our posession we will be able to provide you with a full refund. How does that sound to you?  Would you be willing to leave a review of our product?  Absolutely. I apologize for writing a bad review about you in haste. There are instances where buyers are disingenuous when trying to get a refund. Seeing as we were able to come to an amicable agreement I am willing to retract the review of you."
2676,seller, Would you be willing to leave a review of our product?  Absolutely. I apologize for writing a bad review about you in haste. There are instances where buyers are disingenuous when trying to get a refund. Seeing as we were able to come to an amicable agreement I am willing to retract the review of you.  Thank you so much! Have a wonderful rest of your day.
2676,seller," Absolutely. I apologize for writing a bad review about you in haste. There are instances where buyers are disingenuous when trying to get a refund. Seeing as we were able to come to an amicable agreement I am willing to retract the review of you.  Thank you so much! Have a wonderful rest of your day.  Submitted agreement: Buyer gets full refund, seller retracted their review, buyer retracted their review, seller did apologize, and buyer didn't apologize."
2677,buyer," Hello  I would like to receive a refund, can you please help with that?&nbsp;  Sure, I have no issues apologizing to you and updating my review."
2677,buyer," I would like to receive a refund, can you please help with that?&nbsp;  Sure, I have no issues apologizing to you and updating my review.  Will you retract the bad review you left of me as well?"
2677,buyer," Sure, I have no issues apologizing to you and updating my review.  Will you retract the bad review you left of me as well?  Submitted agreement: Buyer gets full refund, seller retracted their review, buyer retracted their review, seller did apologize, and buyer did apologize."
2677,seller, Hi customer I know you are upset from your review of the jersey you received not being a Kobe Bryant one. However if you look again at the item listing it's nonspecific and random. Please let me know how we can best work out the dispute here.  Okay I can offer a refund however you did post a review for my business which is slanderous. I'd like for you to first apologize for that and update your review.  Okay great I will also take the time to also apologize as well for this mishap. Do you have any further questions?
2677,seller," Okay I can offer a refund however you did post a review for my business which is slanderous. I'd like for you to first apologize for that and update your review.  Okay great I will also take the time to also apologize as well for this mishap. Do you have any further questions?  Yes I will also go ahead and do that as well. I'll work on updating that review and get your refund processed shortly, thanks!"
2677,seller," Okay great I will also take the time to also apologize as well for this mishap. Do you have any further questions?  Yes I will also go ahead and do that as well. I'll work on updating that review and get your refund processed shortly, thanks!  Accept Deal"
2678,buyer," i receive my package and it comes broken and doesn´t works  well ,It is a lamp, the screen is broken and when connected and turned on it does not turn on  yes, that would be fine, you would send me a guide to send the lamp back?"
2678,buyer," well ,It is a lamp, the screen is broken and when connected and turned on it does not turn on  yes, that would be fine, you would send me a guide to send the lamp back?  As soon as my change is resolved, of course"
2678,buyer," yes, that would be fine, you would send me a guide to send the lamp back?  As soon as my change is resolved, of course  Thank you very much for your help, I will be happy to change my review to a good one"
2678,buyer," As soon as my change is resolved, of course  Thank you very much for your help, I will be happy to change my review to a good one  Accept Deal"
2678,seller," I am so sorry your package did not arrive as anticipated.  Can you describe why it doesn’t work?  Oh dear, I am very sorry.  How would you like to proceed?  If you send a picture of the broken lamp, I can verify that it doesn’t work and immediately send you a replacement.  Does that work?  Yes, of course. I can send a replacement and a guide.  I did notice you left a very poor review on line and gently request you revise this in lieu of our conversation.  Would you be willing to do that?"
2678,seller," Oh dear, I am very sorry.  How would you like to proceed?  If you send a picture of the broken lamp, I can verify that it doesn’t work and immediately send you a replacement.  Does that work?  Yes, of course. I can send a replacement and a guide.  I did notice you left a very poor review on line and gently request you revise this in lieu of our conversation.  Would you be willing to do that?  I appreciate you doing this as my reputation stands firm on positive customer service.  I’ll get the lamp right out to you."
2678,seller," Yes, of course. I can send a replacement and a guide.  I did notice you left a very poor review on line and gently request you revise this in lieu of our conversation.  Would you be willing to do that?  I appreciate you doing this as my reputation stands firm on positive customer service.  I’ll get the lamp right out to you.  Submitted agreement: Buyer gets no refund, seller kept their review, buyer retracted their review, seller did apologize, and buyer didn't apologize."
2679,buyer," Hello. I recently purchased a Byrant jersey from you, however when it arrived it was another players jersey. I know for sure that the listing explicitly stated it was for a Byrant jersey. As this was for my terminally ill nephew, I can't even express just how disappointed I am. I would really appreciate a refund and that you retract your negative review of me as a seller.  Sorry, I meant Bryant. Also, I know that the original listing definitely said it was for his specific jersey. It's really unacceptable that you would just update the listing afterwards and just lie about it. Like I said, this jersey was meant to be a gift for my terminally ill nephew. I'm fully prepared to remove the negative review I left if you can at least meet me halfway.  A partial refund would be greatly appreciated and I will of course retract my negative review, as long as you also retract your negative review of me as a seller."
2679,buyer," Sorry, I meant Bryant. Also, I know that the original listing definitely said it was for his specific jersey. It's really unacceptable that you would just update the listing afterwards and just lie about it. Like I said, this jersey was meant to be a gift for my terminally ill nephew. I'm fully prepared to remove the negative review I left if you can at least meet me halfway.  A partial refund would be greatly appreciated and I will of course retract my negative review, as long as you also retract your negative review of me as a seller.  Great, thank you!"
2679,buyer," A partial refund would be greatly appreciated and I will of course retract my negative review, as long as you also retract your negative review of me as a seller.  Great, thank you!  Submitted agreement: Buyer gets partial refund, seller retracted their review, buyer retracted their review, seller didn't apologize, and buyer didn't apologize."
2679,seller, I do my best to represent my listings accurately with photos and descriptions. I'm sorry if you didn't read it throughly and are now disappointed in your purchase. All sales are final so i can't issue you a refund. I would suggest reselling it your self.    I can offer a partial refund if you return the item and retract your bad review.  I can agree to that. Thanks
2679,seller, I can offer a partial refund if you return the item and retract your bad review.  I can agree to that. Thanks  You're welcome. 
2679,seller, I can agree to that. Thanks  You're welcome.   Accept Deal
2680,buyer," Hi, I recently received my package, but it contained the incorrect item. I bought a Kobe Bryant jersey, but the jersey was for some other player I've never heard of.   At the time when I bought the jersey, the listing clearly stated that it was for a Kobe Bryant jersey. I am sure the platform has some record of any recent changes. I would like a refund as this is not the item described in the listing.  Absolutely not. I purchased a Kobe Bryant jersey and that is not what I received. You misrepresented the item. I will happily return the item to you, but I will require a full refund. I would also appreciate it if you would remove your slanderous review of me as a buyer given that I have upheld my end of our agreement. I gave you the requested price for the item you advertised. You did not give me the item advertised. "
2680,buyer," At the time when I bought the jersey, the listing clearly stated that it was for a Kobe Bryant jersey. I am sure the platform has some record of any recent changes. I would like a refund as this is not the item described in the listing.  Absolutely not. I purchased a Kobe Bryant jersey and that is not what I received. You misrepresented the item. I will happily return the item to you, but I will require a full refund. I would also appreciate it if you would remove your slanderous review of me as a buyer given that I have upheld my end of our agreement. I gave you the requested price for the item you advertised. You did not give me the item advertised.   I am quite confident that if we take this dispute to the platform, they will see that you changed the listing. How can you expect to keep customers if you lie about your products and your customers?"
2680,buyer," Absolutely not. I purchased a Kobe Bryant jersey and that is not what I received. You misrepresented the item. I will happily return the item to you, but I will require a full refund. I would also appreciate it if you would remove your slanderous review of me as a buyer given that I have upheld my end of our agreement. I gave you the requested price for the item you advertised. You did not give me the item advertised.   I am quite confident that if we take this dispute to the platform, they will see that you changed the listing. How can you expect to keep customers if you lie about your products and your customers?  Fine. A full refund. I would also appreciate an apology. I purchased this jersey for my nephew, who is terminally ill. This is really disappointing and I'm not even sure I'll be able to get another one for him in the time he has left. "
2680,buyer," I am quite confident that if we take this dispute to the platform, they will see that you changed the listing. How can you expect to keep customers if you lie about your products and your customers?  Fine. A full refund. I would also appreciate an apology. I purchased this jersey for my nephew, who is terminally ill. This is really disappointing and I'm not even sure I'll be able to get another one for him in the time he has left.   Submitted agreement: Buyer gets full refund, seller kept their review, buyer kept their review, seller didn't apologize, and buyer didn't apologize."
2680,seller, I said in the listing it was not for a specific player how can we resolve this fairly.  How about some of your money back  I feel I did nothing wrong but I can return your item for a refund. I will not remove the review since the item was described correctly.
2680,seller, How about some of your money back  I feel I did nothing wrong but I can return your item for a refund. I will not remove the review since the item was described correctly.  I will give you your money back and will just have to take a chance with future customers. 
2680,seller, I feel I did nothing wrong but I can return your item for a refund. I will not remove the review since the item was described correctly.  I will give you your money back and will just have to take a chance with future customers.   ok thank send the jersey back and you will have your refund. Have a good day.
2680,seller, I will give you your money back and will just have to take a chance with future customers.   ok thank send the jersey back and you will have your refund. Have a good day.  Accept Deal
2684,buyer," I need a refund, I will send back the jersey  If required I will elevate this to the authorities as this seems to be a case of false advertising.  I have an emailed receipt that states otherwise.  I don't think you should risk the required time/money to continue to fight this."
2684,buyer, If required I will elevate this to the authorities as this seems to be a case of false advertising.  I have an emailed receipt that states otherwise.  I don't think you should risk the required time/money to continue to fight this.  That is simply not true and not acceptable.  I have not had an issue on this site before.  I will retract my review and issue an apology if you refund my purchase and retract your review and everybody can go their own way. 
2684,buyer," I have an emailed receipt that states otherwise.  I don't think you should risk the required time/money to continue to fight this.  That is simply not true and not acceptable.  I have not had an issue on this site before.  I will retract my review and issue an apology if you refund my purchase and retract your review and everybody can go their own way.   Submitted agreement: Buyer gets full refund, seller retracted their review, buyer retracted their review, seller did apologize, and buyer did apologize."
2684,seller, All sales are final.  I'm sorry you feel that way. It was clearly stated on the website that this is a team jersey. As well as stating all sales are final.   I've seen from your profile that this is a common theme with you. Reporting businesses when you don't get your way not matter who is at fault. I really don't want to continue this any further. I will offer you a discount on future purchases.
2684,seller, I'm sorry you feel that way. It was clearly stated on the website that this is a team jersey. As well as stating all sales are final.   I've seen from your profile that this is a common theme with you. Reporting businesses when you don't get your way not matter who is at fault. I really don't want to continue this any further. I will offer you a discount on future purchases.  I can issue a partial refund if the negative review on my business is removed
2684,seller, I've seen from your profile that this is a common theme with you. Reporting businesses when you don't get your way not matter who is at fault. I really don't want to continue this any further. I will offer you a discount on future purchases.  I can issue a partial refund if the negative review on my business is removed  Accept Deal
2685,buyer, Hello I would like to make an agreement  I feel that the product was not as described and I would like a full or partial refund  The jersey was listed specifically to be a certain number. If it wasn't I wouldn't have purchased it.
2685,buyer, I feel that the product was not as described and I would like a full or partial refund  The jersey was listed specifically to be a certain number. If it wasn't I wouldn't have purchased it.  I have checked the product listing and it has been edited. So it doesn't change the fact that I remember what it originally said. I am sorry you posted the item incorrectly. I am willing to remove my comment and forgive you for your mistake.
2685,buyer," The jersey was listed specifically to be a certain number. If it wasn't I wouldn't have purchased it.  I have checked the product listing and it has been edited. So it doesn't change the fact that I remember what it originally said. I am sorry you posted the item incorrectly. I am willing to remove my comment and forgive you for your mistake.  Submitted agreement: Buyer gets no refund, seller retracted their review, buyer kept their review, seller did apologize, and buyer didn't apologize."
2685,buyer," I have checked the product listing and it has been edited. So it doesn't change the fact that I remember what it originally said. I am sorry you posted the item incorrectly. I am willing to remove my comment and forgive you for your mistake.  Submitted agreement: Buyer gets no refund, seller retracted their review, buyer kept their review, seller did apologize, and buyer didn't apologize.  Would you be willing to issue a partial refund if i removed the review and replaced it with an extremely positive one?"
2685,buyer," Submitted agreement: Buyer gets no refund, seller retracted their review, buyer kept their review, seller did apologize, and buyer didn't apologize.  Would you be willing to issue a partial refund if i removed the review and replaced it with an extremely positive one?  Submitted agreement: Buyer gets no refund, seller retracted their review, buyer retracted their review, seller did apologize, and buyer didn't apologize."
2685,seller," Hi there! I'm sorry you weren't satisfied with your purchase. I strive to keep my customers as satisfied as possible while keeping to store policy.  Thanks for letting me know. Unfortunately, I'm not able to offer a refund as the jersey you purchased was as described in the listing. However, I can understand how that information (that jerseys were nonspecific) was confusing, and I'm happy to fix the product listing going forward. Would you be willing to retract your review if I post a formal apology?  Please check the product listing again, you'll see that unfortunately that is not the case. I wish you had contacted me first before posting a review calling me a LIAR AND CROOK, which is really harmful to me as a small business owner. "
2685,seller," Thanks for letting me know. Unfortunately, I'm not able to offer a refund as the jersey you purchased was as described in the listing. However, I can understand how that information (that jerseys were nonspecific) was confusing, and I'm happy to fix the product listing going forward. Would you be willing to retract your review if I post a formal apology?  Please check the product listing again, you'll see that unfortunately that is not the case. I wish you had contacted me first before posting a review calling me a LIAR AND CROOK, which is really harmful to me as a small business owner.   Thanks, I appreciate very much that you are willing to remove your comment. The listing was not edited and the platform timestamps can confirm that, so in accordance with policy, I am still not able to offer any refund. However I will be happy to remove my negative Buyer rating, which could negatively impact your ability to make future Offers and Deals with other Sellers."
2685,seller," Please check the product listing again, you'll see that unfortunately that is not the case. I wish you had contacted me first before posting a review calling me a LIAR AND CROOK, which is really harmful to me as a small business owner.   Thanks, I appreciate very much that you are willing to remove your comment. The listing was not edited and the platform timestamps can confirm that, so in accordance with policy, I am still not able to offer any refund. However I will be happy to remove my negative Buyer rating, which could negatively impact your ability to make future Offers and Deals with other Sellers.  Reject Deal"
2685,seller," Thanks, I appreciate very much that you are willing to remove your comment. The listing was not edited and the platform timestamps can confirm that, so in accordance with policy, I am still not able to offer any refund. However I will be happy to remove my negative Buyer rating, which could negatively impact your ability to make future Offers and Deals with other Sellers.  Reject Deal  Can I persuade you to the same terms except that you remove your unfair review calling me a LIAR AND A CROOK, and I issue a formal apology?"
2685,seller," Reject Deal  Can I persuade you to the same terms except that you remove your unfair review calling me a LIAR AND A CROOK, and I issue a formal apology?  I really can't because of policy. I will take the original deal if you reissue it. "
2685,seller," Can I persuade you to the same terms except that you remove your unfair review calling me a LIAR AND A CROOK, and I issue a formal apology?  I really can't because of policy. I will take the original deal if you reissue it.   Accept Deal"
2686,buyer, hello.   yes. it is the wrong item. i would like a refund  That is not good enough. 
2686,buyer, yes. it is the wrong item. i would like a refund  That is not good enough.   Ok. I will remove the bad review if you remove the bad review of me. But I will only apologize if you apologize for your inappropriate response too
2686,buyer, That is not good enough.   Ok. I will remove the bad review if you remove the bad review of me. But I will only apologize if you apologize for your inappropriate response too  thank you 
2686,buyer, Ok. I will remove the bad review if you remove the bad review of me. But I will only apologize if you apologize for your inappropriate response too  thank you   Accept Deal
2686,seller, Hello. You were unhappy with the item?  We can offer a 50% refund if both parties remove both bad reviews.   Ok if you remove the bad review and make a formal apology we will do the full refund.
2686,seller, We can offer a 50% refund if both parties remove both bad reviews.   Ok if you remove the bad review and make a formal apology we will do the full refund.  That is fine. We can agree on all those things and we will issue the full refund.
2686,seller," Ok if you remove the bad review and make a formal apology we will do the full refund.  That is fine. We can agree on all those things and we will issue the full refund.  Submitted agreement: Buyer gets full refund, seller retracted their review, buyer retracted their review, seller did apologize, and buyer did apologize."
2687,buyer," I'd like to discuss a refund for the incorrect order, please.  The jersey I received is not as advertised. I'll need a refund in order to purchase the correct jersey from another seller.  I will update my review, but in exchange I'd also like you to retract your bad review of me. Like you, I don't want to lose the opportunity to conduct business on this platform due to a misunderstanding."
2687,buyer," The jersey I received is not as advertised. I'll need a refund in order to purchase the correct jersey from another seller.  I will update my review, but in exchange I'd also like you to retract your bad review of me. Like you, I don't want to lose the opportunity to conduct business on this platform due to a misunderstanding.  I would like to return the jersey for a credit in full, please."
2687,buyer," I will update my review, but in exchange I'd also like you to retract your bad review of me. Like you, I don't want to lose the opportunity to conduct business on this platform due to a misunderstanding.  I would like to return the jersey for a credit in full, please.  Submitted agreement: Buyer gets partial refund, seller retracted their review, buyer retracted their review, seller didn't apologize, and buyer didn't apologize."
2687,seller," Our store does not offer refunds, but I'd like to make things right for you. What is the issue?  The jersey is as advertised, a LA Laker jersey. It was not listed as any specific player. However, since you are unsatisfied, I can issue you store credit if you return it, or half store credit if you decide to keep it. In exchange I would kindly ask that you update your review to mention our agreement.  Absolutely. We both understand how much reviews can affect things. I will remove your review if we have reached an agreement. Please let me know which option you would prefer."
2687,seller," The jersey is as advertised, a LA Laker jersey. It was not listed as any specific player. However, since you are unsatisfied, I can issue you store credit if you return it, or half store credit if you decide to keep it. In exchange I would kindly ask that you update your review to mention our agreement.  Absolutely. We both understand how much reviews can affect things. I will remove your review if we have reached an agreement. Please let me know which option you would prefer.  Great. I can send you a shipping label for an expedited return if you like. Thank you for your patience with this matter."
2687,seller, Absolutely. We both understand how much reviews can affect things. I will remove your review if we have reached an agreement. Please let me know which option you would prefer.  Great. I can send you a shipping label for an expedited return if you like. Thank you for your patience with this matter.  Accept Deal
2688,buyer," Hi! I did not receive the correct item that I ordered, I would like to receive a refund.  I ordered a different item, but got the wrong thing. I am willing to send this back, and I want the item that I ordered or I would like to receive the refund please.  I ordered a replica of Kobe Bryant's last basketball championship jersey, specifically his jersey and not just someone else"
2688,buyer," I ordered a different item, but got the wrong thing. I am willing to send this back, and I want the item that I ordered or I would like to receive the refund please.  I ordered a replica of Kobe Bryant's last basketball championship jersey, specifically his jersey and not just someone else  I got it for a different player but from the same team"
2688,buyer," I ordered a replica of Kobe Bryant's last basketball championship jersey, specifically his jersey and not just someone else  I got it for a different player but from the same team  yes please, thank you!"
2688,buyer," I got it for a different player but from the same team  yes please, thank you!  I would also like to ask if you could take back the bad review that you gave of me, I do not think it is fair, since there was a mistake in this order and it was not my fault"
2688,buyer," yes please, thank you!  I would also like to ask if you could take back the bad review that you gave of me, I do not think it is fair, since there was a mistake in this order and it was not my fault  thank you I appreciate that, and since you have agreed that there was an issue from your end, I would like a formal apology for the hurtful words that you used against me. And in return I also apologize for my negative review as well"
2688,buyer," I would also like to ask if you could take back the bad review that you gave of me, I do not think it is fair, since there was a mistake in this order and it was not my fault  thank you I appreciate that, and since you have agreed that there was an issue from your end, I would like a formal apology for the hurtful words that you used against me. And in return I also apologize for my negative review as well  Submitted agreement: Buyer gets no refund, seller retracted their review, buyer retracted their review, seller did apologize, and buyer did apologize."
2688,seller, you received what  you ordered please  what the item you ordered for please  what item did u get
2688,seller, what the item you ordered for please  what item did u get  alright sorry for the inconvenience . can you please return the item for change
2688,seller, what item did u get  alright sorry for the inconvenience . can you please return the item for change  you are most welcome
2688,seller, alright sorry for the inconvenience . can you please return the item for change  you are most welcome  alright i will
2688,seller, you are most welcome  alright i will  alright i also apologies for my negative review
2688,seller, alright i will  alright i also apologies for my negative review  Accept Deal
2689,buyer, hello  whats good  same here
2689,buyer, whats good  same here  what the topic
2689,buyer, same here  what the topic  how much are you exexpecting 
2689,buyer, what the topic  how much are you exexpecting   Alright 
2689,buyer, how much are you exexpecting   Alright   Accept Deal
2689,seller," hi  I'm good, thank you, how about you?  alright"
2689,seller," I'm good, thank you, how about you?  alright  negotiation"
2689,seller," alright  negotiation  50%, cool?"
2689,seller," negotiation  50%, cool?  Submitted agreement: Buyer gets partial refund, seller retracted their review, buyer retracted their review, seller did apologize, and buyer did apologize."
2691,buyer," Hello, I would like a full refund as this is not the jersey I ordered! I ordered a Kobe jersey and this is LA Lakers. Thank you!  Thank you but when I ordered it, it was definitely listed as a Kobe jersey and this product page has been edited since my purchase. Please refund me as this is unfair. If I receive a refund, I will retract my negative review and you can do the same for me. I appreciate your help with this issue!   This jersey was a gift for my terminally ill nephew, his favorite player is Kobe so I KNOW I would not have ordered a generic Lakers jersey. If you do not refund me, I will be unable to give him the one thing he really wants before he dies. Are you absolutely sure there is nothing that can be done? I am begging here, I wouldn't usually press the issue but I am sure you can understand why, given the circumstances. Again, I appreciate your help."
2691,buyer," Thank you but when I ordered it, it was definitely listed as a Kobe jersey and this product page has been edited since my purchase. Please refund me as this is unfair. If I receive a refund, I will retract my negative review and you can do the same for me. I appreciate your help with this issue!   This jersey was a gift for my terminally ill nephew, his favorite player is Kobe so I KNOW I would not have ordered a generic Lakers jersey. If you do not refund me, I will be unable to give him the one thing he really wants before he dies. Are you absolutely sure there is nothing that can be done? I am begging here, I wouldn't usually press the issue but I am sure you can understand why, given the circumstances. Again, I appreciate your help.  I just realized that I took screenshots of the purchase to show my sister and the order is absolutely for a Kobe jersey through your website. While you have been kind to me here, I am having trouble trusting what you are telling me. I would still prefer a refund but if you are unwilling to work with me, I would have to take the exchange. "
2691,buyer," This jersey was a gift for my terminally ill nephew, his favorite player is Kobe so I KNOW I would not have ordered a generic Lakers jersey. If you do not refund me, I will be unable to give him the one thing he really wants before he dies. Are you absolutely sure there is nothing that can be done? I am begging here, I wouldn't usually press the issue but I am sure you can understand why, given the circumstances. Again, I appreciate your help.  I just realized that I took screenshots of the purchase to show my sister and the order is absolutely for a Kobe jersey through your website. While you have been kind to me here, I am having trouble trusting what you are telling me. I would still prefer a refund but if you are unwilling to work with me, I would have to take the exchange.   Submitted agreement: Buyer gets no refund, seller retracted their review, buyer retracted their review, seller did apologize, and buyer didn't apologize."
2691,seller," Hi there!  Thanks so much for your order.  We actually don't offer jerseys for specific players.  Let me share this link with you to the product page (link) for you to glance at again for confirmation.  You will see that there is no option for a Kobe jersey specifically.  I'll wait while you take a look.  I'm glad to help.  Any fan of the Lakers is a friend of mine!  Regarding your recollection that the product page previously looked different, here is a link to the Way Back Machine for our product page.  This is an internet archive that takes screenshots of the history of the page.  You will see on the independently maintained archive that our product page remains unchanged.  Based on that, and on the statement on the product page that all sales are final, we can't issue a refund.  But I'll tell you what I can do... since it was an innocent mistake, as one Lakers fan to another, I'll gladly agree to a mutual withdrawal of our negative feedback.  No harm, no foul!  We're just glad to have you as a customer.  Oh no!  What an awful situation.  I'm so sorry to hear about your nephew.  That is really cool of you to try to give him something special.  It speaks well of you.  Here is what I can do to help... while the sale is final on the Lakers jersey, I totally understand what you are trying to do and why it is important to get a Kobe-specific jersey for your nephew.  We don't have Kobe-jerseys, but we do have a few other Kobe-products.  I can't refund your money on that item, but if you return it to us I would be glad to exchange the item for a Kobe product of equal value.  Of course, you've got the option of keeping the first item and just buying an additional one.  If you choose that option, I'll throw in a 10% discount for you.  AWhich of those two options works better for you?  "
2691,seller," I'm glad to help.  Any fan of the Lakers is a friend of mine!  Regarding your recollection that the product page previously looked different, here is a link to the Way Back Machine for our product page.  This is an internet archive that takes screenshots of the history of the page.  You will see on the independently maintained archive that our product page remains unchanged.  Based on that, and on the statement on the product page that all sales are final, we can't issue a refund.  But I'll tell you what I can do... since it was an innocent mistake, as one Lakers fan to another, I'll gladly agree to a mutual withdrawal of our negative feedback.  No harm, no foul!  We're just glad to have you as a customer.  Oh no!  What an awful situation.  I'm so sorry to hear about your nephew.  That is really cool of you to try to give him something special.  It speaks well of you.  Here is what I can do to help... while the sale is final on the Lakers jersey, I totally understand what you are trying to do and why it is important to get a Kobe-specific jersey for your nephew.  We don't have Kobe-jerseys, but we do have a few other Kobe-products.  I can't refund your money on that item, but if you return it to us I would be glad to exchange the item for a Kobe product of equal value.  Of course, you've got the option of keeping the first item and just buying an additional one.  If you choose that option, I'll throw in a 10% discount for you.  AWhich of those two options works better for you?    Ok, my friend.  I'll send you an email with the instruction for the exchange - along with a link to our site with our available Kobe products.  I'll also give you my contact information in case you have any trouble with the process.  Once I get your item back, I'll ship the other one out right away and I've got a Kobe sticker that I'll toss in for your nephew.  I really wish you guys the best.  You're in a tough spot and I feel for you.  Thanks for working with me on this.  We can remove the negative feedback together and get that item out to your nephew ASAP.  Feel free to reach back out to me if you have any question.  Thanks again for your business.  I appreciate you."
2691,seller," Oh no!  What an awful situation.  I'm so sorry to hear about your nephew.  That is really cool of you to try to give him something special.  It speaks well of you.  Here is what I can do to help... while the sale is final on the Lakers jersey, I totally understand what you are trying to do and why it is important to get a Kobe-specific jersey for your nephew.  We don't have Kobe-jerseys, but we do have a few other Kobe-products.  I can't refund your money on that item, but if you return it to us I would be glad to exchange the item for a Kobe product of equal value.  Of course, you've got the option of keeping the first item and just buying an additional one.  If you choose that option, I'll throw in a 10% discount for you.  AWhich of those two options works better for you?    Ok, my friend.  I'll send you an email with the instruction for the exchange - along with a link to our site with our available Kobe products.  I'll also give you my contact information in case you have any trouble with the process.  Once I get your item back, I'll ship the other one out right away and I've got a Kobe sticker that I'll toss in for your nephew.  I really wish you guys the best.  You're in a tough spot and I feel for you.  Thanks for working with me on this.  We can remove the negative feedback together and get that item out to your nephew ASAP.  Feel free to reach back out to me if you have any question.  Thanks again for your business.  I appreciate you.  Accept Deal"
2693,buyer," I would like a refund of my purchase price, have you remove the negative review you made against me and an apology for the slander you put against me.  When I ordered the jersey it specifically stated it was a Kobe Jersey. This was for my dying nephew. This was important to me. I tried to get this jersey thing corrected quietly, but you decided not to issue the refund, forcing me to leave the negative review. Your response was horrible and I will not be happy until you remove it as well.  The website did specifically state it was a Kobe jersey, but was changed after I complained. I will not apologize, but do not expect you to apologize either. If you provide a refund and remove your bad review, I will then remove mine."
2693,buyer," When I ordered the jersey it specifically stated it was a Kobe Jersey. This was for my dying nephew. This was important to me. I tried to get this jersey thing corrected quietly, but you decided not to issue the refund, forcing me to leave the negative review. Your response was horrible and I will not be happy until you remove it as well.  The website did specifically state it was a Kobe jersey, but was changed after I complained. I will not apologize, but do not expect you to apologize either. If you provide a refund and remove your bad review, I will then remove mine.  You will receive no apology from me, specifically from the way you responded to my review. Flat out lying will not be rewarded. Refund my money, remove your review and I will remove mine. That is as far as I will compromise. Otherwise my review stays, updated with info from this last batch of chat and I will contact my bank and just dispute the charge. Final offer."
2693,buyer," The website did specifically state it was a Kobe jersey, but was changed after I complained. I will not apologize, but do not expect you to apologize either. If you provide a refund and remove your bad review, I will then remove mine.  You will receive no apology from me, specifically from the way you responded to my review. Flat out lying will not be rewarded. Refund my money, remove your review and I will remove mine. That is as far as I will compromise. Otherwise my review stays, updated with info from this last batch of chat and I will contact my bank and just dispute the charge. Final offer.  I Walk Away."
2693,seller," Your review of my business was full of false claims about the jersey you ordered. If I'm going to issue a refund, I would like the review taken down or edited to include an apology and clarification.  The website specifically said it was a general jersey and not for a particular player. Look, we're not going to get anywhere arguing back and forth like this. How about this: we both apologize to each other, retract the back reviews, you get a refund, and I continue doing business.   The website literally never said it was a Kobe jersey. You can check the wayback machine if you don't believe me. I'm trying to meet you half-way here. We may never see eye-to-eye on this issue, but we can be adults about this. We both apologize, remove the reviews, refund the jersey, and move on with our lives."
2693,seller," The website specifically said it was a general jersey and not for a particular player. Look, we're not going to get anywhere arguing back and forth like this. How about this: we both apologize to each other, retract the back reviews, you get a refund, and I continue doing business.   The website literally never said it was a Kobe jersey. You can check the wayback machine if you don't believe me. I'm trying to meet you half-way here. We may never see eye-to-eye on this issue, but we can be adults about this. We both apologize, remove the reviews, refund the jersey, and move on with our lives.  Fine, we can remove the reviews, but without an apology, I can offer you a partial refund."
2694,buyer, I would like a full refund  It was the wrong jersey. I didin't get the one one the website  It was not. You changed the website after I posted my review calling you out.
2694,buyer, It was the wrong jersey. I didin't get the one one the website  It was not. You changed the website after I posted my review calling you out.  Oh ok. Well Please give me a refund and I will remove my bad review.
2694,buyer, It was not. You changed the website after I posted my review calling you out.  Oh ok. Well Please give me a refund and I will remove my bad review.  Ok then I will keep my bad review and hopefully no one else will get taken by your scam.
2694,buyer," Oh ok. Well Please give me a refund and I will remove my bad review.  Ok then I will keep my bad review and hopefully no one else will get taken by your scam.  Submitted agreement: Buyer gets no refund, seller kept their review, buyer kept their review, seller didn't apologize, and buyer didn't apologize."
2694,buyer," Ok then I will keep my bad review and hopefully no one else will get taken by your scam.  Submitted agreement: Buyer gets no refund, seller kept their review, buyer kept their review, seller didn't apologize, and buyer didn't apologize.  ok"
2694,buyer," Submitted agreement: Buyer gets no refund, seller kept their review, buyer kept their review, seller didn't apologize, and buyer didn't apologize.  ok  Submitted agreement: Buyer gets partial refund, seller kept their review, buyer kept their review, seller didn't apologize, and buyer didn't apologize."
2694,buyer," ok  Submitted agreement: Buyer gets partial refund, seller kept their review, buyer kept their review, seller didn't apologize, and buyer didn't apologize.  Accept Deal"
2694,seller," What was the problem with the product?  Im sorry that you did not get the one that you wanted but it was the one that you ordered.  I did not change the website, I just updated it."
2694,seller," Im sorry that you did not get the one that you wanted but it was the one that you ordered.  I did not change the website, I just updated it.  All sales are final.  I don't understand the bad review."
2694,seller," I did not change the website, I just updated it.  All sales are final.  I don't understand the bad review.  I did not scam you."
2694,seller, All sales are final.  I don't understand the bad review.  I did not scam you.  Reject Deal
2694,seller, I did not scam you.  Reject Deal  I can offer you a partial refund since it was a final sale.
2694,seller, Reject Deal  I can offer you a partial refund since it was a final sale.  Im glad we agreed on that.
2694,seller, I can offer you a partial refund since it was a final sale.  Im glad we agreed on that.  Reject Deal
2694,seller," Im glad we agreed on that.  Reject Deal  Submitted agreement: Buyer gets partial refund, seller retracted their review, buyer kept their review, seller did apologize, and buyer didn't apologize."
2695,buyer," Hello, I am writing to request for a refund for the item that I bought  I bought a specific jersey from the website, but I was sent the wrong item  Thank you so much, also I believe there was a misunderstanding with my review on your platform. Would you be willing to revise your reply?"
2695,buyer," I bought a specific jersey from the website, but I was sent the wrong item  Thank you so much, also I believe there was a misunderstanding with my review on your platform. Would you be willing to revise your reply?  Would it be okay if I leave my original review on your website, just in case a similar incident does not occur?"
2695,buyer," Thank you so much, also I believe there was a misunderstanding with my review on your platform. Would you be willing to revise your reply?  Would it be okay if I leave my original review on your website, just in case a similar incident does not occur?  Okay I understand, sorry for the misunderstanding and thanks again!"
2695,buyer," Would it be okay if I leave my original review on your website, just in case a similar incident does not occur?  Okay I understand, sorry for the misunderstanding and thanks again!  Accept Deal"
2695,seller," May I know what is wrong with the item?  Oh, I am really sorry about that. I can provide you a return label and as soon as we get the item back we would be happy to issue you a refund.  Absolutely, that would not be a problem at all."
2695,seller," Oh, I am really sorry about that. I can provide you a return label and as soon as we get the item back we would be happy to issue you a refund.  Absolutely, that would not be a problem at all.  While we would appreciate it if you do, that will have to be up to you."
2695,seller," Absolutely, that would not be a problem at all.  While we would appreciate it if you do, that will have to be up to you.  Submitted agreement: Buyer gets full refund, seller retracted their review, buyer kept their review, seller did apologize, and buyer did apologize."
2696,buyer," Hi there! I received a misleading product and I would like a refund  Yes, I lost out on quite a substantial amount for a jersey that was supposed to be Kobe's. Can you please give me a refund?  Thank you so much! I also know I've written a negative review of this experience, and in response, you wrote a negative review of me. Can you also retract your negative review? It doesn't accurately reflect my reputation."
2696,buyer," Yes, I lost out on quite a substantial amount for a jersey that was supposed to be Kobe's. Can you please give me a refund?  Thank you so much! I also know I've written a negative review of this experience, and in response, you wrote a negative review of me. Can you also retract your negative review? It doesn't accurately reflect my reputation.  Thank you so much. Final request: You have been so accommodating, but could you also apologize for your business practice? I just want closure and move on."
2696,buyer," Thank you so much! I also know I've written a negative review of this experience, and in response, you wrote a negative review of me. Can you also retract your negative review? It doesn't accurately reflect my reputation.  Thank you so much. Final request: You have been so accommodating, but could you also apologize for your business practice? I just want closure and move on.  Thank you for the full refund, retracting your bad review of me and apologizing"
2696,buyer," Thank you so much. Final request: You have been so accommodating, but could you also apologize for your business practice? I just want closure and move on.  Thank you for the full refund, retracting your bad review of me and apologizing  If possible, I will keep my bad review of you to warn others, but I will also apologize to you now as you are so accommodating now."
2696,buyer," Thank you for the full refund, retracting your bad review of me and apologizing  If possible, I will keep my bad review of you to warn others, but I will also apologize to you now as you are so accommodating now.  Accept Deal"
2696,seller," really ?   Awww sorry , sure i will  Okay"
2696,seller," Awww sorry , sure i will  Okay  I apologize"
2696,seller, Okay  I apologize  You are welcome
2696,seller," I apologize  You are welcome  Submitted agreement: Buyer gets full refund, seller retracted their review, buyer retracted their review, seller did apologize, and buyer did apologize."
2697,buyer," Hello.  Well. I'd like to receive a refund for the jersey I bought. It was supposed to be a Kobe jersey.  Ok. I'll take down my bad review, if you will. How does that sound?"
2697,buyer," Well. I'd like to receive a refund for the jersey I bought. It was supposed to be a Kobe jersey.  Ok. I'll take down my bad review, if you will. How does that sound?  I appreciate that. Have a good day. "
2697,buyer," Ok. I'll take down my bad review, if you will. How does that sound?  I appreciate that. Have a good day.   Submitted agreement: Buyer gets no refund, seller retracted their review, buyer retracted their review, seller did apologize, and buyer didn't apologize."
2697,seller," Hello, how are you today?  Oh, I'm sorry to hear that. I see you ordered the Lakers Championship jersey. This listing is not for any specific player. I'm sorry for any confusion. It also states on the product that all sales are final.  I appreciate that, and I apologize for any inconvenience. Yes, I can also take down the bad review."
2697,seller," Oh, I'm sorry to hear that. I see you ordered the Lakers Championship jersey. This listing is not for any specific player. I'm sorry for any confusion. It also states on the product that all sales are final.  I appreciate that, and I apologize for any inconvenience. Yes, I can also take down the bad review.  Thank you, you too!"
2697,seller," I appreciate that, and I apologize for any inconvenience. Yes, I can also take down the bad review.  Thank you, you too!  Accept Deal"
2699,buyer," Hello there. I would like to receive a refund please  Unfortunately I received a jersey with the wrong name of the player listed on it  I have been a customer for many years with a solid reputation, as such would you consider making an exception?"
2699,buyer," Unfortunately I received a jersey with the wrong name of the player listed on it  I have been a customer for many years with a solid reputation, as such would you consider making an exception?  I'd rather not keep my negative review of you as I know it hurts business, so I am offering an apology and retraction of my negative review if I can similarly get an apology and a refund. I would like to work out our differences"
2699,buyer," I have been a customer for many years with a solid reputation, as such would you consider making an exception?  I'd rather not keep my negative review of you as I know it hurts business, so I am offering an apology and retraction of my negative review if I can similarly get an apology and a refund. I would like to work out our differences  Submitted agreement: Buyer gets partial refund, seller retracted their review, buyer retracted their review, seller did apologize, and buyer did apologize."
2699,seller, What is wrong?  The listing did not specify the specific name  I apologize for the misinterpretation but unfortunately all sales are final.
2699,seller," The listing did not specify the specific name  I apologize for the misinterpretation but unfortunately all sales are final.  I will accept the apology and reciprocate the same. However, I can not offer a full refund, would partial refund be sufficiant?"
2699,seller," I apologize for the misinterpretation but unfortunately all sales are final.  I will accept the apology and reciprocate the same. However, I can not offer a full refund, would partial refund be sufficiant?  Accept Deal"
2702,buyer, I want to recieve a fund due to I didn´t receive what I ordered  Hello. It doesn`t have the name of the player it said it had  It did! But I´m sure you edited the post. I even have a screenshot of it
2702,buyer," Hello. It doesn`t have the name of the player it said it had  It did! But I´m sure you edited the post. I even have a screenshot of it  Of course, but there in no option of submitting images"
2702,buyer," It did! But I´m sure you edited the post. I even have a screenshot of it  Of course, but there in no option of submitting images  I made sure it said  Kobe Bryant since it is for my ill nephew, who is a big fan of him. Of course I wouldn`t have purchased if it said it would be randomly picked"
2702,buyer," Of course, but there in no option of submitting images  I made sure it said  Kobe Bryant since it is for my ill nephew, who is a big fan of him. Of course I wouldn`t have purchased if it said it would be randomly picked  Then I will write a review so people can know that they will receive a random name if they buy you jerseys "
2702,buyer," I made sure it said  Kobe Bryant since it is for my ill nephew, who is a big fan of him. Of course I wouldn`t have purchased if it said it would be randomly picked  Then I will write a review so people can know that they will receive a random name if they buy you jerseys   Then can you please remove your bad review about me?"
2702,buyer, Then I will write a review so people can know that they will receive a random name if they buy you jerseys   Then can you please remove your bad review about me?  What? I have never caused any trouble. This is the first time I have a problem
2702,seller, Hello. In what way was the item not what you ordered? How does it differ?  The listing did not say it was for a specific player.  I surely did no such thing. Can I see the screenshot that you have of it?
2702,seller," The listing did not say it was for a specific player.  I surely did no such thing. Can I see the screenshot that you have of it?  Well, I know for certain that the item you purchased, the jersey was not for a specific player. It is also stated that there are no refunds. Sorry."
2702,seller," I surely did no such thing. Can I see the screenshot that you have of it?  Well, I know for certain that the item you purchased, the jersey was not for a specific player. It is also stated that there are no refunds. Sorry.  I am sorry that you misunderstood the posting, but the posting is as it is, and it is stated that there are no refunds. I would surely refund you if there was a mistake on my end, but that is not case."
2702,seller," Well, I know for certain that the item you purchased, the jersey was not for a specific player. It is also stated that there are no refunds. Sorry.  I am sorry that you misunderstood the posting, but the posting is as it is, and it is stated that there are no refunds. I would surely refund you if there was a mistake on my end, but that is not case.  That is fine, because that is what the posting stated."
2702,seller," I am sorry that you misunderstood the posting, but the posting is as it is, and it is stated that there are no refunds. I would surely refund you if there was a mistake on my end, but that is not case.  That is fine, because that is what the posting stated.  I can't do that. I see you have done this type of thing before, and other sellers deserve to know what your schtick is."
2702,seller," That is fine, because that is what the posting stated.  I can't do that. I see you have done this type of thing before, and other sellers deserve to know what your schtick is.  I Walk Away."
2703,buyer, i want a full refund and also you have to retract your false review about me. i will take down my review too  agreed to terms of buying product with correct description...the delivered product isnt what i ordered  i will agree to remove my review if youll remove yours and give me a full refund
2703,buyer, agreed to terms of buying product with correct description...the delivered product isnt what i ordered  i will agree to remove my review if youll remove yours and give me a full refund  well i will only remove my review if you remove yours and i want a full refund...that im very hard on
2703,buyer, i will agree to remove my review if youll remove yours and give me a full refund  well i will only remove my review if you remove yours and i want a full refund...that im very hard on  your offer?my offer still remains 
2703,buyer, well i will only remove my review if you remove yours and i want a full refund...that im very hard on  your offer?my offer still remains   throw in removing your review and i will let you of with a good review 
2703,buyer, your offer?my offer still remains   throw in removing your review and i will let you of with a good review   well im out of deals that sound pleasing and fair to me especially after delievring me a product i did not order and writing  a bad review of me. typical of any scandal
2703,seller, I can't do the refund. My no refund policy is posted on the website. You created an account and agreed to the terms before buying the item.  You did not specify and the item you received is the item you selected. It is not my fault you did not read the fine print. I have a copy of your purchase if you need to be reminded. At best I'm willing to offer a partial refund only if we agree to the removal of each other's negative reviews.  I will give partial for removal of both reviews and full if you remove yours but I will keep mine up.  That is the best I can do.
2703,seller, You did not specify and the item you received is the item you selected. It is not my fault you did not read the fine print. I have a copy of your purchase if you need to be reminded. At best I'm willing to offer a partial refund only if we agree to the removal of each other's negative reviews.  I will give partial for removal of both reviews and full if you remove yours but I will keep mine up.  That is the best I can do.  That doesn't work for me.  My offer remains. I'll give you a little time to think about it before I proceed to the next and final step.
2703,seller, I will give partial for removal of both reviews and full if you remove yours but I will keep mine up.  That is the best I can do.  That doesn't work for me.  My offer remains. I'll give you a little time to think about it before I proceed to the next and final step.  Full refund should you retract your review while mine stays up.  Partial for both reviews to be removed.
2703,seller, That doesn't work for me.  My offer remains. I'll give you a little time to think about it before I proceed to the next and final step.  Full refund should you retract your review while mine stays up.  Partial for both reviews to be removed.  No deal.
2703,seller, Full refund should you retract your review while mine stays up.  Partial for both reviews to be removed.  No deal.  I Walk Away.
2706,buyer," I expect to receive a refund for this jersey that was clearly not what you had advertised on your website.  You altered your listing after the fact. Then you responded to my negative review by insulting me! This is unacceptable  Please understand, this jersey was for my nephew who is terminally ill. It's supposed to be his favorite player's jersey. We won't be able to afford it without this refund. I am happy to retract my negative review as well if you can just issue a refund. My goal is not to harm your business."
2706,buyer," You altered your listing after the fact. Then you responded to my negative review by insulting me! This is unacceptable  Please understand, this jersey was for my nephew who is terminally ill. It's supposed to be his favorite player's jersey. We won't be able to afford it without this refund. I am happy to retract my negative review as well if you can just issue a refund. My goal is not to harm your business.  A partial refund still won't allow us to replace the jersey. Again I'm happy to remove my review. I am not even concerned if you do not remove your negative review."
2706,buyer," Please understand, this jersey was for my nephew who is terminally ill. It's supposed to be his favorite player's jersey. We won't be able to afford it without this refund. I am happy to retract my negative review as well if you can just issue a refund. My goal is not to harm your business.  A partial refund still won't allow us to replace the jersey. Again I'm happy to remove my review. I am not even concerned if you do not remove your negative review.  Submitted agreement: Buyer gets partial refund, seller retracted their review, buyer retracted their review, seller didn't apologize, and buyer didn't apologize."
2706,seller," As our listing stated, the jerseys were not for a specific player, and unfortunately all sales are final.  While I understand your concerns, unfortunately, we are unable to accommodate a refund in this instance due to our policy. I am willing to retract my negative review, if you remove your negative review of my shop. We are a small business and strive to maintain transparency in our listings,  I understand the importance of this jersey to your nephew, especially considering his circumstances. While I truly empathize with your situation, I must also uphold the policies we have in place to ensure fairness for all our customers. What we can do, is offer a discount on a replacement jersey."
2706,seller," While I understand your concerns, unfortunately, we are unable to accommodate a refund in this instance due to our policy. I am willing to retract my negative review, if you remove your negative review of my shop. We are a small business and strive to maintain transparency in our listings,  I understand the importance of this jersey to your nephew, especially considering his circumstances. While I truly empathize with your situation, I must also uphold the policies we have in place to ensure fairness for all our customers. What we can do, is offer a discount on a replacement jersey.  Thank you for your understanding and willingness to reconsider your review. Regarding the partial refund, I understand that it may not fully address the cost of replacing the jersey. While we are unable to make exceptions to our policy regarding refunds, we remain committed to assisting you in any other way we can. "
2706,seller," I understand the importance of this jersey to your nephew, especially considering his circumstances. While I truly empathize with your situation, I must also uphold the policies we have in place to ensure fairness for all our customers. What we can do, is offer a discount on a replacement jersey.  Thank you for your understanding and willingness to reconsider your review. Regarding the partial refund, I understand that it may not fully address the cost of replacing the jersey. While we are unable to make exceptions to our policy regarding refunds, we remain committed to assisting you in any other way we can.   Accept Deal"
2710,buyer," Hello, i demand a full refund on a shirt i bought   I expect that i get a refund of $75 as i was given the bryant shirt i ordered for my sick cousin  It was clearly stated on the site that i will get a Bryant's customized shirt but a different shirt was sent"
2710,buyer, I expect that i get a refund of $75 as i was given the bryant shirt i ordered for my sick cousin  It was clearly stated on the site that i will get a Bryant's customized shirt but a different shirt was sent  I will be glad if i get the refund as i really need the exact shirt i ordered.
2710,buyer, It was clearly stated on the site that i will get a Bryant's customized shirt but a different shirt was sent  I will be glad if i get the refund as i really need the exact shirt i ordered.  I will take down my negative review so i don't affect the business in any way. I hope i will get my refund
2710,buyer, I will be glad if i get the refund as i really need the exact shirt i ordered.  I will take down my negative review so i don't affect the business in any way. I hope i will get my refund  Thanks
2710,buyer, I will take down my negative review so i don't affect the business in any way. I hope i will get my refund  Thanks  I will apologize to the seller and i hope he retracts bad review of me too. That will be all. thanks
2710,buyer," Thanks  I will apologize to the seller and i hope he retracts bad review of me too. That will be all. thanks  Submitted agreement: Buyer gets full refund, seller retracted their review, buyer retracted their review, seller didn't apologize, and buyer did apologize."
2710,seller, ok  What are your reasons for a refund?  I understand. but we can reach an agreement
2710,seller," What are your reasons for a refund?  I understand. but we can reach an agreement  No problem, I'm evaluating the options."
2710,seller," I understand. but we can reach an agreement  No problem, I'm evaluating the options.  ok that seems very good to me, so we all win"
2710,seller," No problem, I'm evaluating the options.  ok that seems very good to me, so we all win  anything else I can help you with"
2710,seller," ok that seems very good to me, so we all win  anything else I can help you with  perfect issue a refund now. something else I can help you with"
2710,seller, anything else I can help you with  perfect issue a refund now. something else I can help you with  Accept Deal
2716,buyer," Hello, I bought a Kobe Bryant jersey from you. However, what I recieved was a jersey from a player I do not even know of so I would like to return it and receive a refund  The website clearly stated that it was a Kobe Bryant jersey. However, very conveniently, after I made my comment on your page the name of the product was changed. So I do not think it is fair for you buyers to be scammed in this way. Also, you wrote me a review in which you called me a scammer and other things which make me look like a bad buyer and will prevent people from selling me things. I will accept the refund but at the same time I expect the review you wrote to be taken down    Ok, it seems like a fair deal to me. I will take down the review I wrote as soon as I see that I have received the refund and you have taken down the bad review about. Once I see that, I promise to take down my review. "
2716,buyer," The website clearly stated that it was a Kobe Bryant jersey. However, very conveniently, after I made my comment on your page the name of the product was changed. So I do not think it is fair for you buyers to be scammed in this way. Also, you wrote me a review in which you called me a scammer and other things which make me look like a bad buyer and will prevent people from selling me things. I will accept the refund but at the same time I expect the review you wrote to be taken down    Ok, it seems like a fair deal to me. I will take down the review I wrote as soon as I see that I have received the refund and you have taken down the bad review about. Once I see that, I promise to take down my review.   Thank you for your offers and your apology. I understand you are a legitimate business, I would just suggest to next time write down the proper name of the products in order to prevent any further problems such as this one. I appreciate the discount code and the refund, as soon as this is done i will take down my review "
2716,buyer," Ok, it seems like a fair deal to me. I will take down the review I wrote as soon as I see that I have received the refund and you have taken down the bad review about. Once I see that, I promise to take down my review.   Thank you for your offers and your apology. I understand you are a legitimate business, I would just suggest to next time write down the proper name of the products in order to prevent any further problems such as this one. I appreciate the discount code and the refund, as soon as this is done i will take down my review   Submitted agreement: Buyer gets partial refund, seller retracted their review, buyer retracted their review, seller did apologize, and buyer didn't apologize."
2716,seller," hi client, i understand the issue you are explaining, and i thank you for contacting us, hopefully i can help with your claim, and i would like to let you know first tthat iwhen you made the purchase at our store it was described at the item that no specific player was send, were sorry you didnt get the player you wanted, i could offer you a partial refund of the product you got   Thank you for accepting the refund we will proceed to to that inmediately, on the other topic the review written by us was a response to the negative review you wrote about our business being we are a legitimate , working business we dont want to affect you as a buyer and neither get affected as a small business, i could take down the review if you do the same for us   Thank you for accepting and buying with our business, i would like to offer an apology for any inconvenience presented in this process and would like to invite you to continue being a client at our business with a discount code of 10% off on your next purchase, you will receive it on your e mail "
2716,seller," Thank you for accepting the refund we will proceed to to that inmediately, on the other topic the review written by us was a response to the negative review you wrote about our business being we are a legitimate , working business we dont want to affect you as a buyer and neither get affected as a small business, i could take down the review if you do the same for us   Thank you for accepting and buying with our business, i would like to offer an apology for any inconvenience presented in this process and would like to invite you to continue being a client at our business with a discount code of 10% off on your next purchase, you will receive it on your e mail   The refund will take a few business days depending on your bank institution, we are happy to help you and solve any issues on our side, and receive your recommendations with an open mind and will surely take in account , have a good day"
2716,seller," Thank you for accepting and buying with our business, i would like to offer an apology for any inconvenience presented in this process and would like to invite you to continue being a client at our business with a discount code of 10% off on your next purchase, you will receive it on your e mail   The refund will take a few business days depending on your bank institution, we are happy to help you and solve any issues on our side, and receive your recommendations with an open mind and will surely take in account , have a good day  Accept Deal"
2717,buyer, hello id like to receive a full refund   You know i received an item that didnt meet the specifications that were first mentioned  Also i would like to change the bad review that was made for my comment i think it lacks the bases to insult me
2717,buyer," You know i received an item that didnt meet the specifications that were first mentioned  Also i would like to change the bad review that was made for my comment i think it lacks the bases to insult me  I can certainly agree to that, maybe i can get another jersey while knowing that it isnt for an specific player "
2717,buyer," Also i would like to change the bad review that was made for my comment i think it lacks the bases to insult me  I can certainly agree to that, maybe i can get another jersey while knowing that it isnt for an specific player   Submitted agreement: Buyer gets no refund, seller retracted their review, buyer retracted their review, seller didn't apologize, and buyer did apologize."
2717,seller," Im sorry but our policy dictates all sales are final  The products on our website were never declared to be for a specific player. If you review the listing once more, you can see that. I appreciate your business and would like to come to a resolution that doesn't involve going against the store policy   I can definitely change the bad review and even issue a promotional credit to use on your next purchase if you'd also be willing to update your review and how we resolved the issue. "
2717,seller," The products on our website were never declared to be for a specific player. If you review the listing once more, you can see that. I appreciate your business and would like to come to a resolution that doesn't involve going against the store policy   I can definitely change the bad review and even issue a promotional credit to use on your next purchase if you'd also be willing to update your review and how we resolved the issue.   Certainly. Thank you for your time and patronage."
2717,seller, I can definitely change the bad review and even issue a promotional credit to use on your next purchase if you'd also be willing to update your review and how we resolved the issue.   Certainly. Thank you for your time and patronage.  Accept Deal
2718,buyer," Hello, I would like a refund, I purchased a jersey and expected it to be a Bryant jersey. I didn't receive the product I expected.  I would prefer to just receive a refund for the product instead of exchanging it. Would that be an option?  Great, I really appreciate it! Will I receive a full refund? I would be willing to retract the bad review of you as a seller, it you retract the bad review of me? "
2718,buyer," I would prefer to just receive a refund for the product instead of exchanging it. Would that be an option?  Great, I really appreciate it! Will I receive a full refund? I would be willing to retract the bad review of you as a seller, it you retract the bad review of me?   Thank you for being so understanding, I also apologize for any misunderstanding that I might have had as a buyer. I really appreciate the refund! Have a great day! "
2718,buyer," Great, I really appreciate it! Will I receive a full refund? I would be willing to retract the bad review of you as a seller, it you retract the bad review of me?   Thank you for being so understanding, I also apologize for any misunderstanding that I might have had as a buyer. I really appreciate the refund! Have a great day!   Submitted agreement: Buyer gets full refund, seller retracted their review, buyer retracted their review, seller did apologize, and buyer did apologize."
2718,seller," Hello, apologies for the inconvinient, if you could please provide us with your order we could change it for a Bryant jersey  It sure is, here we value your experience and we dont want you to leave with a bad one  You should receive the refund in approximately 3 days business, I am willing to remove the bad review too and would also like to apologize to you for the misunderstanding about the whole deal"
2718,seller," It sure is, here we value your experience and we dont want you to leave with a bad one  You should receive the refund in approximately 3 days business, I am willing to remove the bad review too and would also like to apologize to you for the misunderstanding about the whole deal  You too, have a great day and thank you for reaching us!"
2718,seller," You should receive the refund in approximately 3 days business, I am willing to remove the bad review too and would also like to apologize to you for the misunderstanding about the whole deal  You too, have a great day and thank you for reaching us!  Accept Deal"
2719,buyer," I want a refund  ok, send refund and i will   I apologize, please send refund"
2719,buyer," ok, send refund and i will   I apologize, please send refund  id also like an apology"
2719,buyer," I apologize, please send refund  id also like an apology  Submitted agreement: Buyer gets no refund, seller kept their review, buyer retracted their review, seller didn't apologize, and buyer did apologize."
2719,seller, only if you remove your bad review  and I want you to apologize for your actions  I am going to keep my review about you also
2719,seller, and I want you to apologize for your actions  I am going to keep my review about you also  I don't believe I did anything wrong
2719,seller, I am going to keep my review about you also  I don't believe I did anything wrong  Accept Deal
2720,buyer," Hello, I would like to request a partial refund for the broken items.  The item received was broken. Since the item was received but broken, I believe a partial refund would be uderstandable.   Of Course, I understand it could have been broken in transit. I can submit photos of the condition of the box as well as the broken item."
2720,buyer," The item received was broken. Since the item was received but broken, I believe a partial refund would be uderstandable.   Of Course, I understand it could have been broken in transit. I can submit photos of the condition of the box as well as the broken item.  I appreciate the acknowledgment of the experience so far. I will change the review of the product. Is it possible to have the bad review I received as well to be updated, since it was a misunderstanding and we are in process of a better resolution?"
2720,buyer," Of Course, I understand it could have been broken in transit. I can submit photos of the condition of the box as well as the broken item.  I appreciate the acknowledgment of the experience so far. I will change the review of the product. Is it possible to have the bad review I received as well to be updated, since it was a misunderstanding and we are in process of a better resolution?  My apologies as well. I should have made an attempt to make contact before leaving a review to provide an opportunity for the issue to be corrected. Thank you for your communication and resolution to this issue."
2720,buyer," I appreciate the acknowledgment of the experience so far. I will change the review of the product. Is it possible to have the bad review I received as well to be updated, since it was a misunderstanding and we are in process of a better resolution?  My apologies as well. I should have made an attempt to make contact before leaving a review to provide an opportunity for the issue to be corrected. Thank you for your communication and resolution to this issue.  Submitted agreement: Buyer gets partial refund, seller retracted their review, buyer retracted their review, seller did apologize, and buyer did apologize."
2720,seller," Hello, may i know the reasons of this request?  Of course we could, but please could you share with us images of the packing and the broken items, if the problem comes from the shipment, we´re going to proceed to your reimbursment.  We´re so sorry of the experience you may have, but  i´d like to ask you could it be possible to change the review of the product? Due to this situation was not caused by us."
2720,seller," Of course we could, but please could you share with us images of the packing and the broken items, if the problem comes from the shipment, we´re going to proceed to your reimbursment.  We´re so sorry of the experience you may have, but  i´d like to ask you could it be possible to change the review of the product? Due to this situation was not caused by us.  Yes, of course we will change the review we´ve sent to you. Indeed this is the process for a propper customer´satisfaction. Our humblest apologies."
2720,seller," We´re so sorry of the experience you may have, but  i´d like to ask you could it be possible to change the review of the product? Due to this situation was not caused by us.  Yes, of course we will change the review we´ve sent to you. Indeed this is the process for a propper customer´satisfaction. Our humblest apologies.  We really hope you to buy again at our bussiness, the next time we´re going to change to a new shipping company in order to avoid  such nuisances."
2720,seller," Yes, of course we will change the review we´ve sent to you. Indeed this is the process for a propper customer´satisfaction. Our humblest apologies.  We really hope you to buy again at our bussiness, the next time we´re going to change to a new shipping company in order to avoid  such nuisances.  Accept Deal"
2721,buyer, Hello  this are terms i propose  Receive refund and retract on bad review
2721,buyer," this are terms i propose  Receive refund and retract on bad review  I want a refund, the page was not clear, and I think everyone has to know in case you don't admit it."
2721,buyer," Receive refund and retract on bad review  I want a refund, the page was not clear, and I think everyone has to know in case you don't admit it.  Ok, I can buy another one in other page, but your sales will drop. "
2721,buyer," I want a refund, the page was not clear, and I think everyone has to know in case you don't admit it.  Ok, I can buy another one in other page, but your sales will drop.   Submitted agreement: Buyer gets no refund, seller retracted their review, buyer kept their review, seller didn't apologize, and buyer didn't apologize."
2721,seller, hi  ok  No on the refund. All sales are final and you ordered a generic jersey. 
2721,seller, ok  No on the refund. All sales are final and you ordered a generic jersey.   The page was clear. There will be no refund. 
2721,seller, No on the refund. All sales are final and you ordered a generic jersey.   The page was clear. There will be no refund.   Thats ok. I can take down my bad review. You can keep yours up if you want. No apologies either way.  
2721,seller, The page was clear. There will be no refund.   Thats ok. I can take down my bad review. You can keep yours up if you want. No apologies either way.    Accept Deal
2728,buyer," i need a refund  I bought a kobe bryant jersey from your store but it turns out it was not his but another player  A player that is not Kobe Bryant, I need a refund and in also need you to retract the bad review you gave me, can you please do that?"
2728,buyer," I bought a kobe bryant jersey from your store but it turns out it was not his but another player  A player that is not Kobe Bryant, I need a refund and in also need you to retract the bad review you gave me, can you please do that?  Okay thats fine i will also need an apology from you for all the inconviniences and stress this has put me through can you do that,? it will help boost your seller buyer relationship."
2728,buyer," A player that is not Kobe Bryant, I need a refund and in also need you to retract the bad review you gave me, can you please do that?  Okay thats fine i will also need an apology from you for all the inconviniences and stress this has put me through can you do that,? it will help boost your seller buyer relationship.  Okay i accept the apology, thank you."
2728,buyer," Okay thats fine i will also need an apology from you for all the inconviniences and stress this has put me through can you do that,? it will help boost your seller buyer relationship.  Okay i accept the apology, thank you.  Submitted agreement: Buyer gets full refund, seller retracted their review, buyer kept their review, seller did apologize, and buyer didn't apologize."
2728,seller, I'm sorry to hear that. What is the issue?   which payer did you receive?   yeah we can do that no problemo
2728,seller, which payer did you receive?   yeah we can do that no problemo  I sincerely apologize for any distress you may have experienced when you got a high quality shirt featuring a different elite athlete than he one you intended. 
2728,seller," yeah we can do that no problemo  I sincerely apologize for any distress you may have experienced when you got a high quality shirt featuring a different elite athlete than he one you intended.   no problem bestie, you got anything else I can help out with tonight? "
2728,seller," I sincerely apologize for any distress you may have experienced when you got a high quality shirt featuring a different elite athlete than he one you intended.   no problem bestie, you got anything else I can help out with tonight?   Accept Deal"
2729,buyer," Hi I would like to receive a refund please  When I placed the order it stated I would receive a Kobe Bryant jersey and it's another player's   I understand it doesn't say it anymore, however when I bought it, it was clearly stated."
2729,buyer," When I placed the order it stated I would receive a Kobe Bryant jersey and it's another player's   I understand it doesn't say it anymore, however when I bought it, it was clearly stated.  Yes, I'd appreciate the return tag. Since I am returning the product and I am not satisfied with the purchase I would like to receive a refund for the shipping costs as well, especially since this is taking more time from me."
2729,buyer," I understand it doesn't say it anymore, however when I bought it, it was clearly stated.  Yes, I'd appreciate the return tag. Since I am returning the product and I am not satisfied with the purchase I would like to receive a refund for the shipping costs as well, especially since this is taking more time from me.  I understand. I am willing to update my review to include the resolution of this issue"
2729,buyer," Yes, I'd appreciate the return tag. Since I am returning the product and I am not satisfied with the purchase I would like to receive a refund for the shipping costs as well, especially since this is taking more time from me.  I understand. I am willing to update my review to include the resolution of this issue  Thank you for your response and resolution, have a nice day."
2729,buyer," I understand. I am willing to update my review to include the resolution of this issue  Thank you for your response and resolution, have a nice day.  Accept Deal"
2729,seller," What seems to be the issue?  Unfortunately the jersey offered never specified a specific player, rather it was a generic jersey  Our website has not changed, however I am able to offer a partial refund excluding costs shipping as well as a return tag. "
2729,seller," Unfortunately the jersey offered never specified a specific player, rather it was a generic jersey  Our website has not changed, however I am able to offer a partial refund excluding costs shipping as well as a return tag.   I will happily process the return tag but am unable at this time to give a full refund for this item due to the loss I am taking with the negative review I had seen you'd added to our site. My manager only permits me to give as much as I have offered. If you however would remove the negative review I will eat said shipping fees."
2729,seller," Our website has not changed, however I am able to offer a partial refund excluding costs shipping as well as a return tag.   I will happily process the return tag but am unable at this time to give a full refund for this item due to the loss I am taking with the negative review I had seen you'd added to our site. My manager only permits me to give as much as I have offered. If you however would remove the negative review I will eat said shipping fees.  I shall begin the shipping. Thank you for your time. we do hope that this incident will not deter you from ordering other items from us in the future. We do apologize for the inconvenience and will be emailing that shipping label over to you shortly. Thank you and have a nice day. "
2729,seller," I will happily process the return tag but am unable at this time to give a full refund for this item due to the loss I am taking with the negative review I had seen you'd added to our site. My manager only permits me to give as much as I have offered. If you however would remove the negative review I will eat said shipping fees.  I shall begin the shipping. Thank you for your time. we do hope that this incident will not deter you from ordering other items from us in the future. We do apologize for the inconvenience and will be emailing that shipping label over to you shortly. Thank you and have a nice day.   Submitted agreement: Buyer gets full refund, seller kept their review, buyer retracted their review, seller did apologize, and buyer didn't apologize."
2730,buyer," I received a wrong item, so i claim a full refund   I ordered a specific model that was clearly offered on the page, instead I received a wrong model item   There were specific models offered, but then you changed the product description, so i keep my posture of requesting a full refund, otherwise i will publish negative reviews of your page "
2730,buyer," I ordered a specific model that was clearly offered on the page, instead I received a wrong model item   There were specific models offered, but then you changed the product description, so i keep my posture of requesting a full refund, otherwise i will publish negative reviews of your page   i would prefer a partial refund then, so i could purchase again"
2730,buyer," There were specific models offered, but then you changed the product description, so i keep my posture of requesting a full refund, otherwise i will publish negative reviews of your page   i would prefer a partial refund then, so i could purchase again  ok, i will accept the refund and will close the dispute "
2730,buyer," i would prefer a partial refund then, so i could purchase again  ok, i will accept the refund and will close the dispute   ok i will remove the review on the page "
2730,buyer," ok, i will accept the refund and will close the dispute   ok i will remove the review on the page   Submitted agreement: Buyer gets partial refund, seller retracted their review, buyer retracted their review, seller didn't apologize, and buyer didn't apologize."
2730,buyer," ok i will remove the review on the page   Submitted agreement: Buyer gets partial refund, seller retracted their review, buyer retracted their review, seller didn't apologize, and buyer didn't apologize.  Accept Deal"
2730,seller," Hi! Thanks for reaching out. What was wrong with the item?  Right. According to what i can see on the site, we didnt offered an specific model, but ii understand that maybe it wasnt clearly specified. I really apologize for the situation. Unfortunately i can't offer a full refund, but we can find other solutions. How would you like to proceed?  I completely understand how are you feeling, so that's why im offering you a 30% discount on your next purchase. How does that sound to you?"
2730,seller," Right. According to what i can see on the site, we didnt offered an specific model, but ii understand that maybe it wasnt clearly specified. I really apologize for the situation. Unfortunately i can't offer a full refund, but we can find other solutions. How would you like to proceed?  I completely understand how are you feeling, so that's why im offering you a 30% discount on your next purchase. How does that sound to you?  Great! So let me register in my system that information. Im giving you 30% of the total amount of your purchase as a refund. Im adding the information provided, and a review of you as a ciient. "
2730,seller," I completely understand how are you feeling, so that's why im offering you a 30% discount on your next purchase. How does that sound to you?  Great! So let me register in my system that information. Im giving you 30% of the total amount of your purchase as a refund. Im adding the information provided, and a review of you as a ciient.   Just before finishing, i will kindly ask you if you could remove the negative reviews on the site, and also ask you: Are you happy with the result of this issue?"
2730,seller," Great! So let me register in my system that information. Im giving you 30% of the total amount of your purchase as a refund. Im adding the information provided, and a review of you as a ciient.   Just before finishing, i will kindly ask you if you could remove the negative reviews on the site, and also ask you: Are you happy with the result of this issue?  Thanks for your response. I will suggest to look carefully for the details in the next purchase! "
2730,seller," Just before finishing, i will kindly ask you if you could remove the negative reviews on the site, and also ask you: Are you happy with the result of this issue?  Thanks for your response. I will suggest to look carefully for the details in the next purchase!   Reject Deal"
2730,seller," Thanks for your response. I will suggest to look carefully for the details in the next purchase!   Reject Deal  Submitted agreement: Buyer gets partial refund, seller kept their review, buyer retracted their review, seller did apologize, and buyer didn't apologize."
2731,buyer," I would like to receive a full refund.  The item delivered was not as described.  The item was specific to be Kobe Bryant, not another player."
2731,buyer," The item delivered was not as described.  The item was specific to be Kobe Bryant, not another player.  The listing showed Kobe Bryant. How about I receive a partial refund, if not, I will return the item."
2731,buyer," The item was specific to be Kobe Bryant, not another player.  The listing showed Kobe Bryant. How about I receive a partial refund, if not, I will return the item.  I will accept your offer on the condition that you retract the bad review of me and apologize for the confusion."
2731,buyer," The listing showed Kobe Bryant. How about I receive a partial refund, if not, I will return the item.  I will accept your offer on the condition that you retract the bad review of me and apologize for the confusion.  Fair enough."
2731,buyer," I will accept your offer on the condition that you retract the bad review of me and apologize for the confusion.  Fair enough.  Submitted agreement: Buyer gets partial refund, seller retracted their review, buyer retracted their review, seller didn't apologize, and buyer didn't apologize."
2731,seller," Why would you like a refund?  what was different with the delivered item and the item purchased?  I see here that you did not purchase the Kobe Bryant jersey, so the item delivered is correct"
2731,seller," what was different with the delivered item and the item purchased?  I see here that you did not purchase the Kobe Bryant jersey, so the item delivered is correct  There are no returns per the refund policy, however I will make this exception and refund you 50% off your total purchase"
2731,seller," I see here that you did not purchase the Kobe Bryant jersey, so the item delivered is correct  There are no returns per the refund policy, however I will make this exception and refund you 50% off your total purchase  Im not willing to retract the bad review, as Im doing a favor to you by issuing this refund. if you'd like to remove my bad review then I will consider removing my bad review as well"
2731,seller," There are no returns per the refund policy, however I will make this exception and refund you 50% off your total purchase  Im not willing to retract the bad review, as Im doing a favor to you by issuing this refund. if you'd like to remove my bad review then I will consider removing my bad review as well  deal"
2731,seller," Im not willing to retract the bad review, as Im doing a favor to you by issuing this refund. if you'd like to remove my bad review then I will consider removing my bad review as well  deal  Accept Deal"
2733,buyer, I would like a refund  I did not get the exact item i paid for  A replica of Kobe Bryants Jersey
2733,buyer," I did not get the exact item i paid for  A replica of Kobe Bryants Jersey  I'm so sorry, I think you are mistaken. I know exactly what I chose"
2733,buyer," A replica of Kobe Bryants Jersey  I'm so sorry, I think you are mistaken. I know exactly what I chose  I think you are being crafty and trying to play smart. I cannot possibly agree to what I do not like. Please refund my money and retract this bad review of me. Thanks"
2733,buyer," I'm so sorry, I think you are mistaken. I know exactly what I chose  I think you are being crafty and trying to play smart. I cannot possibly agree to what I do not like. Please refund my money and retract this bad review of me. Thanks  I already sent the item back to your company. Please do well to refund me. Thanks"
2733,buyer, I think you are being crafty and trying to play smart. I cannot possibly agree to what I do not like. Please refund my money and retract this bad review of me. Thanks  I already sent the item back to your company. Please do well to refund me. Thanks  Sure. That will be after I've gotten my refund and you also retract your bad review of me.
2733,buyer, I already sent the item back to your company. Please do well to refund me. Thanks  Sure. That will be after I've gotten my refund and you also retract your bad review of me.  I will definitely do that once I get my refund
2733,buyer," Sure. That will be after I've gotten my refund and you also retract your bad review of me.  I will definitely do that once I get my refund  I get my refund, And i'll retract my review"
2733,buyer," I will definitely do that once I get my refund  I get my refund, And i'll retract my review  Alright then, I will go with that."
2733,buyer," I get my refund, And i'll retract my review  Alright then, I will go with that.  Thanks for the refund. But i think it's best I leave the review so that innocent people will not fall victim. "
2733,buyer," Alright then, I will go with that.  Thanks for the refund. But i think it's best I leave the review so that innocent people will not fall victim.   I Walk Away."
2733,seller," Hello, I hope you´re having a great day. Why would you like a refund?  Im so sorry to hear that. What was the item you were expecting?  Okay, I see.  However, the system tells me that you did not choose that option in our page. You chose another option, which is what you got. "
2733,seller," Im so sorry to hear that. What was the item you were expecting?  Okay, I see.  However, the system tells me that you did not choose that option in our page. You chose another option, which is what you got.   I understand, I'm so sorry for the inconvenience. However, we cannot offer a refund because its part of our terms and conditions that you already agreed to when buying in our page. "
2733,seller," Okay, I see.  However, the system tells me that you did not choose that option in our page. You chose another option, which is what you got.   I understand, I'm so sorry for the inconvenience. However, we cannot offer a refund because its part of our terms and conditions that you already agreed to when buying in our page.   I'm sorry once more for the inconvenience. Can you please send a picture of what you got? "
2733,seller," I understand, I'm so sorry for the inconvenience. However, we cannot offer a refund because its part of our terms and conditions that you already agreed to when buying in our page.   I'm sorry once more for the inconvenience. Can you please send a picture of what you got?   Okay, lets do one thing, we can refund the product only if you retract the bad review you gave on our page. "
2733,seller," I'm sorry once more for the inconvenience. Can you please send a picture of what you got?   Okay, lets do one thing, we can refund the product only if you retract the bad review you gave on our page.   I already retracted my bad review. The refund will be made after you retract your bad review."
2733,seller," Okay, lets do one thing, we can refund the product only if you retract the bad review you gave on our page.   I already retracted my bad review. The refund will be made after you retract your bad review.  In what way I can assure you will do that? "
2733,seller, I already retracted my bad review. The refund will be made after you retract your bad review.  In what way I can assure you will do that?   Then I can only do a partial refund
2733,seller," In what way I can assure you will do that?   Then I can only do a partial refund  Excelent, thank you for retracting your review. Im sorry for all inconvenience"
2733,seller," Then I can only do a partial refund  Excelent, thank you for retracting your review. Im sorry for all inconvenience  Then I will keep your bad review too so that all people know what type of client your are"
2736,buyer," Hello  i'm doing okay, i bought a jersey that wasn't my size  i selected large and i got medium and i wanted to use for a football match but unfortunatly i can't anymore"
2736,buyer," i'm doing okay, i bought a jersey that wasn't my size  i selected large and i got medium and i wanted to use for a football match but unfortunatly i can't anymore  this really upsetting then why  didnt you package the right product for me then, this isn't my fault and you have to fix it"
2736,buyer," i selected large and i got medium and i wanted to use for a football match but unfortunatly i can't anymore  this really upsetting then why  didnt you package the right product for me then, this isn't my fault and you have to fix it  i didnt get the right product please take a look again"
2736,buyer," this really upsetting then why  didnt you package the right product for me then, this isn't my fault and you have to fix it  i didnt get the right product please take a look again  i know i ordered the write the right product dont  you think there was mix up"
2736,buyer, i didnt get the right product please take a look again  i know i ordered the write the right product dont  you think there was mix up  wow but this isnt my fault i placed the right order but it didnt come through
2736,buyer, i know i ordered the write the right product dont  you think there was mix up  wow but this isnt my fault i placed the right order but it didnt come through  thank you
2736,buyer, wow but this isnt my fault i placed the right order but it didnt come through  thank you  Accept Deal
2736,seller," Hello, how are you?  I am sorry that you were not satisfied. However,  I did send the size/style that you selected during the ordering process.   I understand. Unfortunately, as stated on the website, I can not offer refunds. "
2736,seller," I am sorry that you were not satisfied. However,  I did send the size/style that you selected during the ordering process.   I understand. Unfortunately, as stated on the website, I can not offer refunds.   I have double checked your order and I did, in fact, send the correct product. Possibly there was an error when you were ordering?"
2736,seller," I understand. Unfortunately, as stated on the website, I can not offer refunds.   I have double checked your order and I did, in fact, send the correct product. Possibly there was an error when you were ordering?  I have reviewed the order multiple times and can send you proof that the product matches the description. "
2736,seller," I have double checked your order and I did, in fact, send the correct product. Possibly there was an error when you were ordering?  I have reviewed the order multiple times and can send you proof that the product matches the description.   I can agree to a partial refund but I will have to give you a negative Buyer review."
2736,seller," I have reviewed the order multiple times and can send you proof that the product matches the description.   I can agree to a partial refund but I will have to give you a negative Buyer review.  Once again, the product that was sent matches the description of the product ordered. I do have proof of that. I am offering a partial refund only to keep my customers happy. That is the best I can do for you. "
2736,seller," I can agree to a partial refund but I will have to give you a negative Buyer review.  Once again, the product that was sent matches the description of the product ordered. I do have proof of that. I am offering a partial refund only to keep my customers happy. That is the best I can do for you.   Submitted agreement: Buyer gets partial refund, seller kept their review, buyer kept their review, seller did apologize, and buyer didn't apologize."
2737,buyer," What options are you offering me to make this right?  My item arrived broken  Yes, It was damaged."
2737,buyer," My item arrived broken  Yes, It was damaged.  I would like a refund, and a retract of bad review please."
2737,buyer," Yes, It was damaged.  I would like a refund, and a retract of bad review please.  Submitted agreement: Buyer gets no refund, seller retracted their review, buyer retracted their review, seller didn't apologize, and buyer didn't apologize."
2737,seller," Hello there, what’s the issue?  That’s unfortunate. We apologize for any inconvenience. Was the package damaged?   Looks like it was a problem with the transportation company. How can I make it right with you? "
2737,seller, That’s unfortunate. We apologize for any inconvenience. Was the package damaged?   Looks like it was a problem with the transportation company. How can I make it right with you?   Unfortunately due to our policy we can not offer a refund but I can send you the same item for now extra cost to you. Would that make it right with you? We would also remove the bad review and we would kindly ask you to remove your bad review as well. How does that sound?
2737,seller, Looks like it was a problem with the transportation company. How can I make it right with you?   Unfortunately due to our policy we can not offer a refund but I can send you the same item for now extra cost to you. Would that make it right with you? We would also remove the bad review and we would kindly ask you to remove your bad review as well. How does that sound?  Accept Deal
2738,buyer, I received the wrong jersey.  I want a full refund and an apology in your review of my purchase from you.   Yes I can do that. I understand mistakes can be made. Please be careful in the future to make your listings accurate initially.
2738,buyer, I want a full refund and an apology in your review of my purchase from you.   Yes I can do that. I understand mistakes can be made. Please be careful in the future to make your listings accurate initially.  Thank you. Have a good day
2738,buyer," Yes I can do that. I understand mistakes can be made. Please be careful in the future to make your listings accurate initially.  Thank you. Have a good day  Submitted agreement: Buyer gets full refund, seller kept their review, buyer retracted their review, seller did apologize, and buyer didn't apologize."
2738,seller," I apologize for the unclear advertising; the jerseys are not for a specific player. How would you like this to be resolved? I'm happy to work with you on it.   I am willing to refund you and apologize, but I'll need you to retract your bad review.  Ok will do, thank you. "
2738,seller," I am willing to refund you and apologize, but I'll need you to retract your bad review.  Ok will do, thank you.   Take care! "
2738,seller," Ok will do, thank you.   Take care!   Accept Deal"
2740,buyer," hello I received the wrong item and would like a refund and apology  i'd like you to remove your negative reply to the review I left as well because nothing in the review was untrue  I need a refund, apology, and I need you to retract your rude comments about me and my review"
2740,buyer," i'd like you to remove your negative reply to the review I left as well because nothing in the review was untrue  I need a refund, apology, and I need you to retract your rude comments about me and my review  okay think you, I will mark that down. lets wrap this up. it was good we could come to an agreement. I apologize to you for any rudeness or problems caused by me"
2740,buyer," I need a refund, apology, and I need you to retract your rude comments about me and my review  okay think you, I will mark that down. lets wrap this up. it was good we could come to an agreement. I apologize to you for any rudeness or problems caused by me  you are apologizing as well I can assume?"
2740,buyer," okay think you, I will mark that down. lets wrap this up. it was good we could come to an agreement. I apologize to you for any rudeness or problems caused by me  you are apologizing as well I can assume?  ok this was productive, thanks again"
2740,buyer," you are apologizing as well I can assume?  ok this was productive, thanks again  Reject Deal"
2740,buyer," ok this was productive, thanks again  Reject Deal  i need the full refund"
2740,buyer, Reject Deal  i need the full refund  Reject Deal
2740,buyer," i need the full refund  Reject Deal  Submitted agreement: Buyer gets full refund, seller retracted their review, buyer kept their review, seller did apologize, and buyer did apologize."
2740,seller, hi let see what i can do   okay u can go ahead   wil do that 
2740,seller, okay u can go ahead   wil do that   okay good to hear
2740,seller, wil do that   okay good to hear  yes i am 
2740,seller," okay good to hear  yes i am   Submitted agreement: Buyer gets partial refund, seller retracted their review, buyer retracted their review, seller did apologize, and buyer did apologize."
2740,seller," yes i am   Submitted agreement: Buyer gets partial refund, seller retracted their review, buyer retracted their review, seller did apologize, and buyer did apologize.  Submitted agreement: Buyer gets full refund, seller retracted their review, buyer retracted their review, seller did apologize, and buyer did apologize."
2740,seller," Submitted agreement: Buyer gets partial refund, seller retracted their review, buyer retracted their review, seller did apologize, and buyer did apologize.  Submitted agreement: Buyer gets full refund, seller retracted their review, buyer retracted their review, seller did apologize, and buyer did apologize.  Accept Deal"
2741,buyer," Hello, I request a full refund for the Kobe Jersey, as it was not Kobe's. The point of the purchase was to get a Kobe jersey, not a Jersey from the Lakers.  It does now, it did not when I bought it. There is proof that the change was made after I made the purschase and complained about it. Please issue my full refund and retract the bad review I left.   It was cleary a listing for a Kobe's replica. It was changed to just LAKERS after I complained. I will send you the request now, and you gotta accept. You know it's just right with the given context."
2741,buyer," It does now, it did not when I bought it. There is proof that the change was made after I made the purschase and complained about it. Please issue my full refund and retract the bad review I left.   It was cleary a listing for a Kobe's replica. It was changed to just LAKERS after I complained. I will send you the request now, and you gotta accept. You know it's just right with the given context.  No dice. it was not a misunderstanding on my part, most likely an issue on the backend if any. So my request is going to be the full refund, you guys retract my bad review, I get to keep my review, and nobody has to apologize, this is just a transaction."
2741,buyer," It was cleary a listing for a Kobe's replica. It was changed to just LAKERS after I complained. I will send you the request now, and you gotta accept. You know it's just right with the given context.  No dice. it was not a misunderstanding on my part, most likely an issue on the backend if any. So my request is going to be the full refund, you guys retract my bad review, I get to keep my review, and nobody has to apologize, this is just a transaction.  Submitted agreement: Buyer gets full refund, seller retracted their review, buyer kept their review, seller didn't apologize, and buyer didn't apologize."
2741,buyer," No dice. it was not a misunderstanding on my part, most likely an issue on the backend if any. So my request is going to be the full refund, you guys retract my bad review, I get to keep my review, and nobody has to apologize, this is just a transaction.  Submitted agreement: Buyer gets full refund, seller retracted their review, buyer kept their review, seller didn't apologize, and buyer didn't apologize.  hahahah ''buddeh'' okay okay. full refund, both reviews retracted, nobody apologizes? "
2741,buyer," Submitted agreement: Buyer gets full refund, seller retracted their review, buyer kept their review, seller didn't apologize, and buyer didn't apologize.  hahahah ''buddeh'' okay okay. full refund, both reviews retracted, nobody apologizes?   Submitted agreement: Buyer gets full refund, seller retracted their review, buyer kept their review, seller did apologize, and buyer did apologize."
2741,buyer," hahahah ''buddeh'' okay okay. full refund, both reviews retracted, nobody apologizes?   Submitted agreement: Buyer gets full refund, seller retracted their review, buyer kept their review, seller did apologize, and buyer did apologize.  Sure, please send it so I can approve. Deal? I can't send it and also type a message"
2741,buyer," Submitted agreement: Buyer gets full refund, seller retracted their review, buyer kept their review, seller did apologize, and buyer did apologize.  Sure, please send it so I can approve. Deal? I can't send it and also type a message  Accept Deal"
2741,seller, It clearly states in the listing that it was not a Kobe jersey  It was there when you bought it. You did not read the listing properly. There is no proof that the change was made.  No it was not but I am ready to resolve this. You can get a refund as long as you retract your bad review and put an apology stating it was a misunderstanding.
2741,seller," It was there when you bought it. You did not read the listing properly. There is no proof that the change was made.  No it was not but I am ready to resolve this. You can get a refund as long as you retract your bad review and put an apology stating it was a misunderstanding.  Like I said, you get a refund, retract your bad review and apologize. "
2741,seller," No it was not but I am ready to resolve this. You can get a refund as long as you retract your bad review and put an apology stating it was a misunderstanding.  Like I said, you get a refund, retract your bad review and apologize.   Reject Deal"
2741,seller," Like I said, you get a refund, retract your bad review and apologize.   Reject Deal  Not fair buddeh"
2741,seller, Reject Deal  Not fair buddeh  To make it fair you need to apologize. It will be a win win for both. 
2741,seller, Not fair buddeh  To make it fair you need to apologize. It will be a win win for both.   Reject Deal
2741,seller," To make it fair you need to apologize. It will be a win win for both.   Reject Deal  You get a full refund, I retract my review, you retract your review and you apologize. 2-2"
2741,seller," Reject Deal  You get a full refund, I retract my review, you retract your review and you apologize. 2-2  Submitted agreement: Buyer gets full refund, seller retracted their review, buyer retracted their review, seller didn't apologize, and buyer did apologize."
2743,buyer," Hello, I received the wrong Jersey and would like a full refund and for you to take off the false comment you made, please.  Thank you, I realize I should have tried to communicate better with you before writing the review I made and I am sorry as well.  Of course, I'd be happy to remove the review. What resolution did you have in mind?"
2743,buyer," Thank you, I realize I should have tried to communicate better with you before writing the review I made and I am sorry as well.  Of course, I'd be happy to remove the review. What resolution did you have in mind?  I bought the jersey for my family member who is sick to lift his spirit. He is a big Kobe Bryant fan. Are you able to assure me I will receive this jersey?"
2743,buyer," Of course, I'd be happy to remove the review. What resolution did you have in mind?  I bought the jersey for my family member who is sick to lift his spirit. He is a big Kobe Bryant fan. Are you able to assure me I will receive this jersey?  Perfect! That would be wonderful! He is a size Medium. "
2743,buyer," I bought the jersey for my family member who is sick to lift his spirit. He is a big Kobe Bryant fan. Are you able to assure me I will receive this jersey?  Perfect! That would be wonderful! He is a size Medium.   Wow, you are awesome! Thank you! Could you also remove the review you made about me?"
2743,buyer," Perfect! That would be wonderful! He is a size Medium.   Wow, you are awesome! Thank you! Could you also remove the review you made about me?  Thank you so much! I am glad as well! Have an amazing day!"
2743,buyer," Wow, you are awesome! Thank you! Could you also remove the review you made about me?  Thank you so much! I am glad as well! Have an amazing day!  Accept Deal"
2743,seller, Hello and I am extremely sorry to hear about your issue today.  I understand your frustration and would like to ask you to remove your post and we can discuss a possible resolution that you and I am both happy with.  I cannot issue a full refund but I can either send out another jersey for you or I can do a partial refund.
2743,seller, I understand your frustration and would like to ask you to remove your post and we can discuss a possible resolution that you and I am both happy with.  I cannot issue a full refund but I can either send out another jersey for you or I can do a partial refund.  I will absolutely package the jersey myself to ensure the correct product is shipped. What size do you need?
2743,seller, I cannot issue a full refund but I can either send out another jersey for you or I can do a partial refund.  I will absolutely package the jersey myself to ensure the correct product is shipped. What size do you need?  Great I am going to package that right now to ensure that the product is shipped today.
2743,seller, I will absolutely package the jersey myself to ensure the correct product is shipped. What size do you need?  Great I am going to package that right now to ensure that the product is shipped today.  Yes once again I apologize about the misunderstanding and am glad that we were about to reach a resolution that worked for the both of us. 
2743,seller," Great I am going to package that right now to ensure that the product is shipped today.  Yes once again I apologize about the misunderstanding and am glad that we were about to reach a resolution that worked for the both of us.   Submitted agreement: Buyer gets no refund, seller retracted their review, buyer retracted their review, seller did apologize, and buyer did apologize."
2745,buyer," hi  I would like to kindly ask you for a full refund.  The item arrived broken, I really wanted the item but in that condition I can't use it"
2745,buyer," I would like to kindly ask you for a full refund.  The item arrived broken, I really wanted the item but in that condition I can't use it  Yes, I have photos of the article, I would like to reach an amicable agreement"
2745,buyer," The item arrived broken, I really wanted the item but in that condition I can't use it  Yes, I have photos of the article, I would like to reach an amicable agreement  ok sounds good, so we are 50 and 50, it seems like a good resolution to me"
2745,buyer," Yes, I have photos of the article, I would like to reach an amicable agreement  ok sounds good, so we are 50 and 50, it seems like a good resolution to me  Yes, you will receive good comments from me"
2745,buyer," ok sounds good, so we are 50 and 50, it seems like a good resolution to me  Yes, you will receive good comments from me  perfect, it seems to me that we all win that way"
2745,buyer," Yes, you will receive good comments from me  perfect, it seems to me that we all win that way  thanks have a nice day"
2745,buyer," perfect, it seems to me that we all win that way  thanks have a nice day  Accept Deal"
2745,seller, hello  Can I ask what is the problem?  Do you have evidence that the item arrived broken?
2745,seller," Can I ask what is the problem?  Do you have evidence that the item arrived broken?  Ok, because I also have evidence that we send you the article in good condition and the state in which it arrives is not on our hands, I can only offer a partial refund"
2745,seller," Do you have evidence that the item arrived broken?  Ok, because I also have evidence that we send you the article in good condition and the state in which it arrives is not on our hands, I can only offer a partial refund  Perfect, are you going to eliminate now the bad review of our store?"
2745,seller," Ok, because I also have evidence that we send you the article in good condition and the state in which it arrives is not on our hands, I can only offer a partial refund  Perfect, are you going to eliminate now the bad review of our store?  Thank you, I will also retract my bad comment of you as a buyer"
2745,seller," Perfect, are you going to eliminate now the bad review of our store?  Thank you, I will also retract my bad comment of you as a buyer  We apologize for the inconvinience and hope you choose to buy from us again"
2745,seller," Thank you, I will also retract my bad comment of you as a buyer  We apologize for the inconvinience and hope you choose to buy from us again  Submitted agreement: Buyer gets partial refund, seller retracted their review, buyer retracted their review, seller did apologize, and buyer didn't apologize."
2746,buyer," I demand a refund.  No, I want a refund and an apology.  Do we have a deal?"
2746,buyer," No, I want a refund and an apology.  Do we have a deal?  I rather have a refund and an apology."
2746,buyer, Do we have a deal?  I rather have a refund and an apology.  Are you going to refund me and apologize?
2746,buyer," I rather have a refund and an apology.  Are you going to refund me and apologize?  Also, I want you to retract the bad review of me."
2746,buyer," Are you going to refund me and apologize?  Also, I want you to retract the bad review of me.  Okay, but I am going to keep my bad review of you."
2746,buyer," Also, I want you to retract the bad review of me.  Okay, but I am going to keep my bad review of you.  Submitted agreement: Buyer gets full refund, seller kept their review, buyer kept their review, seller did apologize, and buyer didn't apologize."
2746,seller," What do you find more important here, getting the item you wanted or a refund and then you still don't have what you want.   Well 'm certainly sorry you had a bad experience. I'm sorry I can't make it right for you.   I suppose that's all I can do at this point."
2746,seller," Well 'm certainly sorry you had a bad experience. I'm sorry I can't make it right for you.   I suppose that's all I can do at this point.  Well, I can refund you and apologize for your experience, but that review will remain in place.  I believe in trnsparency and I want all the public to see this interaction.  I am not going to budge on this"
2746,seller," I suppose that's all I can do at this point.  Well, I can refund you and apologize for your experience, but that review will remain in place.  I believe in trnsparency and I want all the public to see this interaction.  I am not going to budge on this  Fair.  Let everyone see how we both handled the situation. "
2746,seller," Well, I can refund you and apologize for your experience, but that review will remain in place.  I believe in trnsparency and I want all the public to see this interaction.  I am not going to budge on this  Fair.  Let everyone see how we both handled the situation.   Accept Deal"
2751,buyer," hello  how do you feel about deal  there is deal on right, we need 8 messages for bonus"
2751,buyer," how do you feel about deal  there is deal on right, we need 8 messages for bonus  yes we have to agree to deal"
2751,buyer," there is deal on right, we need 8 messages for bonus  yes we have to agree to deal  Submitted agreement: Buyer gets full refund, seller retracted their review, buyer kept their review, seller did apologize, and buyer did apologize."
2751,seller, Hey  It okay. I do not understand what is going on here though   haha.... Then three more to go. but i think its something about refund or?
2751,seller, It okay. I do not understand what is going on here though   haha.... Then three more to go. but i think its something about refund or?  Refund is necessary if the item delivered is not what they ordered 
2751,seller, haha.... Then three more to go. but i think its something about refund or?  Refund is necessary if the item delivered is not what they ordered   Accept Deal
2759,buyer, i believe the seller should refund me a full payment as their website stated that the jersey is for a specific player and they scammed me .  I can not settle for a partial refund because i tried to reach out to you guys and i was told I am a lie and the website stated that the jersey is for a team not the player i wanted  then why did you go all out and call me all sort of name and paint me as a bitter buyer. the least you could have done was to apologize and refund me.
2759,buyer, I can not settle for a partial refund because i tried to reach out to you guys and i was told I am a lie and the website stated that the jersey is for a team not the player i wanted  then why did you go all out and call me all sort of name and paint me as a bitter buyer. the least you could have done was to apologize and refund me.  how are you planning on rectifying that. should I settle for partial refund how much are we talking about? 
2759,buyer," then why did you go all out and call me all sort of name and paint me as a bitter buyer. the least you could have done was to apologize and refund me.  how are you planning on rectifying that. should I settle for partial refund how much are we talking about?   thank you, I want a total refund. so do we have a deal?"
2759,buyer," how are you planning on rectifying that. should I settle for partial refund how much are we talking about?   thank you, I want a total refund. so do we have a deal?  Submitted agreement: Buyer gets full refund, seller retracted their review, buyer retracted their review, seller did apologize, and buyer did apologize."
2759,seller," we can discuss about a partial refund  that was not me.It was a scsmmer I dont know how he did it.My appolgize, I will make sure won't happen again  like I told you it was not me.My apologize .I will try to make it right"
2759,seller," that was not me.It was a scsmmer I dont know how he did it.My appolgize, I will make sure won't happen again  like I told you it was not me.My apologize .I will try to make it right  I selling jersey team not for a specific player.there was a misunderstanding in the beginning.if you dont want a jersey I m going to do a total refund"
2759,seller, like I told you it was not me.My apologize .I will try to make it right  I selling jersey team not for a specific player.there was a misunderstanding in the beginning.if you dont want a jersey I m going to do a total refund  deal
2759,seller, I selling jersey team not for a specific player.there was a misunderstanding in the beginning.if you dont want a jersey I m going to do a total refund  deal  Accept Deal
2760,buyer," Hi I did not recieve the correct product   I really just wanted the item I ordered , is there a way I can get a refund or return the item for credit?  Yeah sure I will do that "
2760,buyer," I really just wanted the item I ordered , is there a way I can get a refund or return the item for credit?  Yeah sure I will do that   I do appreciate it very much , and I am sorry about the bad review I was just dissapointed "
2760,buyer," Yeah sure I will do that   I do appreciate it very much , and I am sorry about the bad review I was just dissapointed   It is all good , I am glad we could sort it out and come to an agreement "
2760,buyer," I do appreciate it very much , and I am sorry about the bad review I was just dissapointed   It is all good , I am glad we could sort it out and come to an agreement   Accept Deal"
2760,seller, The item was delivered as advertised. Your requirement was not specified  You can receive the refund if you retract the bad review of my company  In return I will remove the bad review of you as a buyer
2760,seller, You can receive the refund if you retract the bad review of my company  In return I will remove the bad review of you as a buyer  I am sorry that the item did not meet your expectation.
2760,seller," In return I will remove the bad review of you as a buyer  I am sorry that the item did not meet your expectation.  Submitted agreement: Buyer gets full refund, seller retracted their review, buyer retracted their review, seller did apologize, and buyer did apologize."
2761,buyer, Please respect my consumer rights and take responsibility   I understand that but it's your responsibility to ensure that you sell proper products   I have read everything properly and if you fail to provide me with the product I have ordered it's better to refund me
2761,buyer, I understand that but it's your responsibility to ensure that you sell proper products   I have read everything properly and if you fail to provide me with the product I have ordered it's better to refund me  Fair enough but what should I do with this product because I'm not satisfied with it 
2761,buyer, I have read everything properly and if you fail to provide me with the product I have ordered it's better to refund me  Fair enough but what should I do with this product because I'm not satisfied with it   Is it possible to exchange the product 
2761,buyer," Fair enough but what should I do with this product because I'm not satisfied with it   Is it possible to exchange the product   Submitted agreement: Buyer gets partial refund, seller retracted their review, buyer retracted their review, seller did apologize, and buyer did apologize."
2761,seller," Your rights are observed and we do apologise that you are disgruntled, please understand that the customer carries a duty to verify their purchases  The full description of the item was written, perhaps you misread it?  Unfortunately a refund is not possible. However we do care about the happiness of our customers so can we offer you a discount on your next purchase?"
2761,seller," The full description of the item was written, perhaps you misread it?  Unfortunately a refund is not possible. However we do care about the happiness of our customers so can we offer you a discount on your next purchase?  Keep it and resell if possible. we wish you the best. your discount is active and we value your business. "
2761,seller," Unfortunately a refund is not possible. However we do care about the happiness of our customers so can we offer you a discount on your next purchase?  Keep it and resell if possible. we wish you the best. your discount is active and we value your business.   If its for another product of the same value, yes... however please note that shipping will be for your account still. Is this something you are interested in doing still."
2761,seller," Keep it and resell if possible. we wish you the best. your discount is active and we value your business.   If its for another product of the same value, yes... however please note that shipping will be for your account still. Is this something you are interested in doing still.  Accept Deal"
2762,buyer," I would like a refund please. If you offer this, I will retract my bad review of you.   Sadly, that isn't true. The advertising was not clear and did not match the good that I received.   I have not done this before. I care more about my reputation than the money so how about you retract your bad review of me? Then I am also prepared to retract my own review of you. "
2762,buyer," Sadly, that isn't true. The advertising was not clear and did not match the good that I received.   I have not done this before. I care more about my reputation than the money so how about you retract your bad review of me? Then I am also prepared to retract my own review of you.   I see... would you like to apologise to me for the distress caused? "
2762,buyer," I have not done this before. I care more about my reputation than the money so how about you retract your bad review of me? Then I am also prepared to retract my own review of you.   I see... would you like to apologise to me for the distress caused?   OK, then I will not apologise either. "
2762,buyer," I see... would you like to apologise to me for the distress caused?   OK, then I will not apologise either.   Accept Deal"
2762,seller," Respectfully, I'm not prepared to offer you a refund.  My advertising was clear and I do not deserve a bad review as I did nothing wrong.  I don't agree with you on that.  I have a pristine selling reputation and I have never had a customer unhappy.  I do concede though that there may have been some misunderstanding on your part.  I will need you to retract the bad review of me otherwise I will have no alternative but to give you as a buyer a bad review to warn other sellers as I see that you have done this before.  I am happy to do that but I am still not offering a refund."
2762,seller, I don't agree with you on that.  I have a pristine selling reputation and I have never had a customer unhappy.  I do concede though that there may have been some misunderstanding on your part.  I will need you to retract the bad review of me otherwise I will have no alternative but to give you as a buyer a bad review to warn other sellers as I see that you have done this before.  I am happy to do that but I am still not offering a refund.  Not at all.  I have done nothing wrong.  My selling protocol has always been the same - fair and transparent.  I have nothing to apologise for.  
2762,seller," I am happy to do that but I am still not offering a refund.  Not at all.  I have done nothing wrong.  My selling protocol has always been the same - fair and transparent.  I have nothing to apologise for.    Submitted agreement: Buyer gets no refund, seller retracted their review, buyer retracted their review, seller didn't apologize, and buyer didn't apologize."
2765,buyer, I received the wrong order. I need a refund   But what I have ordered is not what I have received.  But also you guys are wrong for false advertising I am going to report you and write reviews about you so that I can warn others
2765,buyer, But what I have ordered is not what I have received.  But also you guys are wrong for false advertising I am going to report you and write reviews about you so that I can warn others  I feel like maybe it was an honest mistake maybe a glitch on your website maybe a genuine apology will do
2765,buyer, But also you guys are wrong for false advertising I am going to report you and write reviews about you so that I can warn others  I feel like maybe it was an honest mistake maybe a glitch on your website maybe a genuine apology will do  Thank you I just did. 
2765,buyer," I feel like maybe it was an honest mistake maybe a glitch on your website maybe a genuine apology will do  Thank you I just did.   Submitted agreement: Buyer gets no refund, seller retracted their review, buyer retracted their review, seller did apologize, and buyer did apologize."
2765,seller," The site states that the order is final sale, so no refunds.   The site also mentions that you may or may not get a player on the shirt. It's your responsibility to read the listing before purchasing. We haven't done anything wrong, so why should we lose money when it's your mistake?  There was no false advertising. If you do this, I'll write a bad review about you so people can make their own mind up. Is there any compromise we can make on this?"
2765,seller," The site also mentions that you may or may not get a player on the shirt. It's your responsibility to read the listing before purchasing. We haven't done anything wrong, so why should we lose money when it's your mistake?  There was no false advertising. If you do this, I'll write a bad review about you so people can make their own mind up. Is there any compromise we can make on this?  I think that's the case. If you retract the bad review, I'll remove mine. Let's also be adults and just apologise to each other and leave it at that?"
2765,seller," There was no false advertising. If you do this, I'll write a bad review about you so people can make their own mind up. Is there any compromise we can make on this?  I think that's the case. If you retract the bad review, I'll remove mine. Let's also be adults and just apologise to each other and leave it at that?  I'm sorry for the misunderstanding on my part. Next time, if you still want to buy with us, I'm more than happy to answer any questions you have and also see if I can do you a deal as a way to thank you for being reasonable? At the end of the day, the jersey that you got is still great quality and you got it at a great price too! "
2765,seller," I think that's the case. If you retract the bad review, I'll remove mine. Let's also be adults and just apologise to each other and leave it at that?  I'm sorry for the misunderstanding on my part. Next time, if you still want to buy with us, I'm more than happy to answer any questions you have and also see if I can do you a deal as a way to thank you for being reasonable? At the end of the day, the jersey that you got is still great quality and you got it at a great price too!   Accept Deal"
2766,buyer, Hello  I'm good thanks and you?  What's a non negotiable for you?
2766,buyer, I'm good thanks and you?  What's a non negotiable for you?  I'd be willing to retract the bad review if I got a full refund and an apology...but I wouldn't be willing to apologize
2766,buyer, What's a non negotiable for you?  I'd be willing to retract the bad review if I got a full refund and an apology...but I wouldn't be willing to apologize  That works for me
2766,buyer, I'd be willing to retract the bad review if I got a full refund and an apology...but I wouldn't be willing to apologize  That works for me  Accept Deal
2766,seller," Hi good day how are you  All good thanks, how can i assist you?  a non negotiable would be that you retract the bad review and we can see if we can resolve the matter first before you post negative reviews"
2766,seller," All good thanks, how can i assist you?  a non negotiable would be that you retract the bad review and we can see if we can resolve the matter first before you post negative reviews  That should be perfectly fine for me. i dont mind a full refund and i can apologize as long as the review is removed and everyone is happy"
2766,seller," a non negotiable would be that you retract the bad review and we can see if we can resolve the matter first before you post negative reviews  That should be perfectly fine for me. i dont mind a full refund and i can apologize as long as the review is removed and everyone is happy  Submitted agreement: Buyer gets full refund, seller retracted their review, buyer retracted their review, seller did apologize, and buyer didn't apologize."
2773,buyer, i received a product which was not the one i ordered. I kindly request a refund.  My bad but I need the money so I can replace the product.    Any other alternative we can agree on?
2773,buyer, My bad but I need the money so I can replace the product.    Any other alternative we can agree on?  I think that is also a good option. I apologize for any inconveniences 
2773,buyer," Any other alternative we can agree on?  I think that is also a good option. I apologize for any inconveniences   Submitted agreement: Buyer gets no refund, seller retracted their review, buyer retracted their review, seller did apologize, and buyer did apologize."
2773,seller," hey,  you probably selected the wrong one by mistake while ordering    unfortunately I can't offer you refund because you are the one at fault  unfortunately no, I would advise you to sell to a friend or any one so you can get money to replace the product"
2773,seller," unfortunately I can't offer you refund because you are the one at fault  unfortunately no, I would advise you to sell to a friend or any one so you can get money to replace the product  No problem"
2773,seller," unfortunately no, I would advise you to sell to a friend or any one so you can get money to replace the product  No problem  Accept Deal"
2774,buyer, I must receive my full money  Getting the right jersey is it  You must first retracts bad reviews of me then I’ll also remove mine
2774,buyer, Getting the right jersey is it  You must first retracts bad reviews of me then I’ll also remove mine  No problem you start first 
2774,buyer," You must first retracts bad reviews of me then I’ll also remove mine  No problem you start first   Yes I’ll take down the bad reviews , do I also get my full refund?"
2774,buyer," No problem you start first   Yes I’ll take down the bad reviews , do I also get my full refund?  When will be that?"
2774,buyer," Yes I’ll take down the bad reviews , do I also get my full refund?  When will be that?  No worries I’ll wait to hear from you"
2774,buyer, When will be that?  No worries I’ll wait to hear from you  Thank you please try to make it quick 
2774,buyer, No worries I’ll wait to hear from you  Thank you please try to make it quick   Accept Deal
2774,seller," is their no other way we can resolve this?  i can arrange for you to get an exchange for the correct jersey if you remove the bad comment you made about me  Fair enough, I can also throw in an apology if you do the same."
2774,seller," i can arrange for you to get an exchange for the correct jersey if you remove the bad comment you made about me  Fair enough, I can also throw in an apology if you do the same.  so do we have an agreement?"
2774,seller," Fair enough, I can also throw in an apology if you do the same.  so do we have an agreement?  you get an exchange for the correct jersey"
2774,seller, so do we have an agreement?  you get an exchange for the correct jersey  As soon as possible
2774,seller, you get an exchange for the correct jersey  As soon as possible  Thank you so much for your time. Have a great day.
2774,seller," As soon as possible  Thank you so much for your time. Have a great day.  Submitted agreement: Buyer gets no refund, seller retracted their review, buyer retracted their review, seller did apologize, and buyer did apologize."
2776,buyer," i received a wrong jersey, I ask for a refund  you sent me the wrong product  It was the correct one when I ordered but there must have been a mistake when packaging on your side"
2776,buyer," you sent me the wrong product  It was the correct one when I ordered but there must have been a mistake when packaging on your side  Yes, I will send you the invoice and the slips"
2776,buyer," It was the correct one when I ordered but there must have been a mistake when packaging on your side  Yes, I will send you the invoice and the slips  Thank you so much for your understanding. I will send back the item today."
2776,buyer," Yes, I will send you the invoice and the slips  Thank you so much for your understanding. I will send back the item today.  Apologies for overreacting before I talk to you. I have removed the bad review. Thank you so much"
2776,buyer, Thank you so much for your understanding. I will send back the item today.  Apologies for overreacting before I talk to you. I have removed the bad review. Thank you so much  Accept Deal
2776,seller," We do not offer refunds   Did you not notice the item was not the one you wanted while going through the process of purchasing it?  My apologies for that, can you prove that the item is not the one you purchased?"
2776,seller," Did you not notice the item was not the one you wanted while going through the process of purchasing it?  My apologies for that, can you prove that the item is not the one you purchased?  I will need to see the item too to compare. We can then discuss getting you, your correct purchase."
2776,seller," My apologies for that, can you prove that the item is not the one you purchased?  I will need to see the item too to compare. We can then discuss getting you, your correct purchase.  Can I ask that you remove the bad review you have left on the site? I have removed mine as this is just a misunderstanding and can be fixed."
2776,seller," I will need to see the item too to compare. We can then discuss getting you, your correct purchase.  Can I ask that you remove the bad review you have left on the site? I have removed mine as this is just a misunderstanding and can be fixed.  Submitted agreement: Buyer gets no refund, seller retracted their review, buyer retracted their review, seller did apologize, and buyer did apologize."
2778,buyer," Hi, I'd like to request a refund please as the item I received does not match the online description of the item I ordered. Thanks.  Hi, I ordered a Kobe Bryant jersey which was clearly advertised as a Kobe Bryant jersey, however I received a generic Lakers jersey. This is not what I ordered. I'd like to request a refund.  Would you like to see the screenshots I took? It clearly states in the item description and shows in the photo that it is a Kobe Bryant jersey. I'm really disappointed with the customer service I've received. What can you do to make this situation better?"
2778,buyer," Hi, I ordered a Kobe Bryant jersey which was clearly advertised as a Kobe Bryant jersey, however I received a generic Lakers jersey. This is not what I ordered. I'd like to request a refund.  Would you like to see the screenshots I took? It clearly states in the item description and shows in the photo that it is a Kobe Bryant jersey. I'm really disappointed with the customer service I've received. What can you do to make this situation better?  I'd like to request a refund please at the very least."
2778,buyer," Would you like to see the screenshots I took? It clearly states in the item description and shows in the photo that it is a Kobe Bryant jersey. I'm really disappointed with the customer service I've received. What can you do to make this situation better?  I'd like to request a refund please at the very least.  Respectfully, I have the photo evidence of the item you sold to me and it does not match up with the item I received. I am extremely unhappy. Please issue a refund."
2778,buyer," I'd like to request a refund please at the very least.  Respectfully, I have the photo evidence of the item you sold to me and it does not match up with the item I received. I am extremely unhappy. Please issue a refund.  I Walk Away."
2778,seller," hi, we cannot give you a refund as the item you received is exactly as it was on our website  it was clearly stated on our website that it is a generic Lakers jersey and it was not for a specific player  as i said it was not for a specific player we don't sell those"
2778,seller," it was clearly stated on our website that it is a generic Lakers jersey and it was not for a specific player  as i said it was not for a specific player we don't sell those  we cannot give you a refund for that, if it was damaged you were gonna get it "
2778,seller," as i said it was not for a specific player we don't sell those  we cannot give you a refund for that, if it was damaged you were gonna get it   unfortunately there is nothing we can do"
2779,buyer," Hello I need you to retract a bad review of me, and apologise as you were wrong to send me an item I was not expecting.  There is no fair trade at  all, because I am the victim in this situation.  That is false information you have received, because I have a good buyer reputation."
2779,buyer," There is no fair trade at  all, because I am the victim in this situation.  That is false information you have received, because I have a good buyer reputation.  It seems like your imagination is running wild, which sellers are you talking about?"
2779,buyer," That is false information you have received, because I have a good buyer reputation.  It seems like your imagination is running wild, which sellers are you talking about?  I accept, but I need you to also please retract a bad review of me, because my good buyer reputation is important to me."
2779,buyer," It seems like your imagination is running wild, which sellers are you talking about?  I accept, but I need you to also please retract a bad review of me, because my good buyer reputation is important to me.  Please retract the bad review now, I need to see it gone."
2779,buyer," I accept, but I need you to also please retract a bad review of me, because my good buyer reputation is important to me.  Please retract the bad review now, I need to see it gone.  Oh I see, I am happy, but what about the wrong item I received? The Kobe Bryant regalia will make my nephew very happy you know, which is what I actually ordered."
2779,buyer," Please retract the bad review now, I need to see it gone.  Oh I see, I am happy, but what about the wrong item I received? The Kobe Bryant regalia will make my nephew very happy you know, which is what I actually ordered.  I didn't ask for the refund, I am wondering if you would perhaps make it possible for me to receive the right item which I ordered?"
2779,buyer," Oh I see, I am happy, but what about the wrong item I received? The Kobe Bryant regalia will make my nephew very happy you know, which is what I actually ordered.  I didn't ask for the refund, I am wondering if you would perhaps make it possible for me to receive the right item which I ordered?  Accept Deal"
2780,buyer," Hello, my order was not delivered as expected. The speaker of this laptop does not work, the words on the keyboard are difficult to press. I want my refund fully compensated.  The same day that I received my package, may I please get a refund. I don't want the laptop no more.  Thank you for that and it is my fault for not reading the policy and I will accept this partial refund. May you please also remove the bad review that you have written about me under your website. I own multiple businesses and my co-workers also order from your store. This will cause great harm for me and my reputation. "
2780,buyer," The same day that I received my package, may I please get a refund. I don't want the laptop no more.  Thank you for that and it is my fault for not reading the policy and I will accept this partial refund. May you please also remove the bad review that you have written about me under your website. I own multiple businesses and my co-workers also order from your store. This will cause great harm for me and my reputation.   Thank you for the clarification. However, if you are not willing to retract the bad review I am afraid I will also not be able to retract mine. But I do believe that I need an apology for the bad service and the company not meeting my expectations. "
2780,buyer," Thank you for that and it is my fault for not reading the policy and I will accept this partial refund. May you please also remove the bad review that you have written about me under your website. I own multiple businesses and my co-workers also order from your store. This will cause great harm for me and my reputation.   Thank you for the clarification. However, if you are not willing to retract the bad review I am afraid I will also not be able to retract mine. But I do believe that I need an apology for the bad service and the company not meeting my expectations.   I believe that I handled it in the manner necessary. However, I would like to apologize to the company for the exchange of words and the bad attitude. "
2780,buyer," Thank you for the clarification. However, if you are not willing to retract the bad review I am afraid I will also not be able to retract mine. But I do believe that I need an apology for the bad service and the company not meeting my expectations.   I believe that I handled it in the manner necessary. However, I would like to apologize to the company for the exchange of words and the bad attitude.   Thank you so much for your time and may you please use my email in order to send me the refund. Thank you for your time and patience. "
2780,buyer," I believe that I handled it in the manner necessary. However, I would like to apologize to the company for the exchange of words and the bad attitude.   Thank you so much for your time and may you please use my email in order to send me the refund. Thank you for your time and patience.   Accept Deal"
2780,seller," I'm sorry to hear that, when did you realise the laptop has these problems?  I'm really sorry you had to go through that, I must say it is the first time we get such a review. Unfortunately we have a No return policy, I'm sure you know if you went through our policy you would have seen it written in BOLD. However though, we care deeply for our valued customers and would like to offer you a 40% refund and you get to keep your item.  That was a statement to clarify the matter at hand not really directed to you, It will come in handy in future disputes so we would like to keep it to avoid such issues in future, your understanding is greatly appreciated. However your review does not labels us in a bad manner, kindly retract it since we have resolved your matter and offered a partial refund. Thank you"
2780,seller," I'm really sorry you had to go through that, I must say it is the first time we get such a review. Unfortunately we have a No return policy, I'm sure you know if you went through our policy you would have seen it written in BOLD. However though, we care deeply for our valued customers and would like to offer you a 40% refund and you get to keep your item.  That was a statement to clarify the matter at hand not really directed to you, It will come in handy in future disputes so we would like to keep it to avoid such issues in future, your understanding is greatly appreciated. However your review does not labels us in a bad manner, kindly retract it since we have resolved your matter and offered a partial refund. Thank you  On behalf of the company I would like to apologise. This is not a true reflection of our service, this will be proven in your future purchases. We believe we deserve an apology too for the manner you handled this"
2780,seller," That was a statement to clarify the matter at hand not really directed to you, It will come in handy in future disputes so we would like to keep it to avoid such issues in future, your understanding is greatly appreciated. However your review does not labels us in a bad manner, kindly retract it since we have resolved your matter and offered a partial refund. Thank you  On behalf of the company I would like to apologise. This is not a true reflection of our service, this will be proven in your future purchases. We believe we deserve an apology too for the manner you handled this  Thank you for your understanding, we will be in contact in regards with your refund"
2780,seller," On behalf of the company I would like to apologise. This is not a true reflection of our service, this will be proven in your future purchases. We believe we deserve an apology too for the manner you handled this  Thank you for your understanding, we will be in contact in regards with your refund  Submitted agreement: Buyer gets partial refund, seller kept their review, buyer kept their review, seller did apologize, and buyer did apologize."
2781,buyer, Hi  I think that the best way to move forward is if you refund me because I didn't get the item that I wanted   Maybe there was a error somewhere with the transaction process because I remember vividly selecting the t shirt that I wanted. I think that it's only right that I get a refund 
2781,buyer," I think that the best way to move forward is if you refund me because I didn't get the item that I wanted   Maybe there was a error somewhere with the transaction process because I remember vividly selecting the t shirt that I wanted. I think that it's only right that I get a refund   I understand. I would like to apologize if I may have came across as rude. I was looking forward to getting the t-shirt, so the mix up kinda annoyed me"
2781,buyer," Maybe there was a error somewhere with the transaction process because I remember vividly selecting the t shirt that I wanted. I think that it's only right that I get a refund   I understand. I would like to apologize if I may have came across as rude. I was looking forward to getting the t-shirt, so the mix up kinda annoyed me  Submitted agreement: Buyer gets no refund, seller kept their review, buyer kept their review, seller didn't apologize, and buyer did apologize."
2781,seller," Hello.  I'm sorry the item you received is not what you wanted or expected. However, according to the description on the website, the jersey you purchased does not belong to a certain player.  I understand. According to our policy, we are unable to issue a refund without you returning the item. Also I see that your return window has passed. In this case a refund is not a possible option. I am sorry."
2781,seller," I'm sorry the item you received is not what you wanted or expected. However, according to the description on the website, the jersey you purchased does not belong to a certain player.  I understand. According to our policy, we are unable to issue a refund without you returning the item. Also I see that your return window has passed. In this case a refund is not a possible option. I am sorry.  Thank you for your feedback. As a gesture of goodwill, we would like to offer you a 5% discount on your next purchase."
2781,seller," I understand. According to our policy, we are unable to issue a refund without you returning the item. Also I see that your return window has passed. In this case a refund is not a possible option. I am sorry.  Thank you for your feedback. As a gesture of goodwill, we would like to offer you a 5% discount on your next purchase.  Accept Deal"
2782,buyer," Hello, I am very disappointed in you guys  I need a refund, because I have to get the real Kobe's jersey for my sick nephew. He is sick for god's sake. Who scams a sick person  Lols...really? That's your excuse? I live in a different city., so it took days to send it back"
2782,buyer," I need a refund, because I have to get the real Kobe's jersey for my sick nephew. He is sick for god's sake. Who scams a sick person  Lols...really? That's your excuse? I live in a different city., so it took days to send it back  Well, that doesn't make it right. I was scammed, and I would make sure to take it to the highest and ensure that others don't fall victim like me."
2782,buyer," Lols...really? That's your excuse? I live in a different city., so it took days to send it back  Well, that doesn't make it right. I was scammed, and I would make sure to take it to the highest and ensure that others don't fall victim like me.  You advertised a Kobe Bryant's jersey on your website for 70$. I bought it and received a jersey of an unpopular player. I have a screenshot of the jersey on my cart. You can't deny this."
2782,buyer," Well, that doesn't make it right. I was scammed, and I would make sure to take it to the highest and ensure that others don't fall victim like me.  You advertised a Kobe Bryant's jersey on your website for 70$. I bought it and received a jersey of an unpopular player. I have a screenshot of the jersey on my cart. You can't deny this.  Okay then, I guess I will leave my bad review on your platform and keep dropping more negative reviews under all your posts to deter others ."
2782,buyer," You advertised a Kobe Bryant's jersey on your website for 70$. I bought it and received a jersey of an unpopular player. I have a screenshot of the jersey on my cart. You can't deny this.  Okay then, I guess I will leave my bad review on your platform and keep dropping more negative reviews under all your posts to deter others .  Reject Deal"
2782,buyer," Okay then, I guess I will leave my bad review on your platform and keep dropping more negative reviews under all your posts to deter others .  Reject Deal  Submitted agreement: Buyer gets no refund, seller kept their review, buyer kept their review, seller did apologize, and buyer didn't apologize."
2782,seller, I know there might have been a misunderstanding but we can solve that  Unfortunately we cannot offer a refund at the moment as we have noticed that your kept the jersey for several days before returning it  You should atleast tried and contact us immediately you notice that something is wrong with the jersey
2782,seller, Unfortunately we cannot offer a refund at the moment as we have noticed that your kept the jersey for several days before returning it  You should atleast tried and contact us immediately you notice that something is wrong with the jersey  We sincerely apologize but affortunately can't offer a refund as we are not 100% sure if what you are saying is true
2782,seller, You should atleast tried and contact us immediately you notice that something is wrong with the jersey  We sincerely apologize but affortunately can't offer a refund as we are not 100% sure if what you are saying is true  As I have stated before we are sorry we cannot refund you as we have once experienced something like this only to find out that the buyer was scamming us
2782,seller," We sincerely apologize but affortunately can't offer a refund as we are not 100% sure if what you are saying is true  As I have stated before we are sorry we cannot refund you as we have once experienced something like this only to find out that the buyer was scamming us  Submitted agreement: Buyer gets no refund, seller kept their review, buyer retracted their review, seller did apologize, and buyer didn't apologize."
2782,seller," As I have stated before we are sorry we cannot refund you as we have once experienced something like this only to find out that the buyer was scamming us  Submitted agreement: Buyer gets no refund, seller kept their review, buyer retracted their review, seller did apologize, and buyer didn't apologize.  Accept Deal"
2783,buyer," Hi, I have ordered a Nike jersey at your store but you delivered wrong item, so I would like a refund  As long as you deliver the correct item, I won't have any problem.  You are welcome. When can I expect you to deliver the item?"
2783,buyer," As long as you deliver the correct item, I won't have any problem.  You are welcome. When can I expect you to deliver the item?  I will definitely appreciate that. Please don't disappoint me this time around."
2783,buyer, You are welcome. When can I expect you to deliver the item?  I will definitely appreciate that. Please don't disappoint me this time around.  Ok. Thank you so much. I will be waiting
2783,buyer," I will definitely appreciate that. Please don't disappoint me this time around.  Ok. Thank you so much. I will be waiting  Submitted agreement: Buyer gets no refund, seller retracted their review, buyer retracted their review, seller did apologize, and buyer didn't apologize."
2783,seller," Hi, my apologies about that. can we exchange and deliver the right item?  We will deliver the correct item as  soon as possible. My apologies again for the inconvenience cost.  Expect a delivery of the correct item tomorrow. A confirmation email will a link to track the delivery would be sent shortly."
2783,seller," We will deliver the correct item as  soon as possible. My apologies again for the inconvenience cost.  Expect a delivery of the correct item tomorrow. A confirmation email will a link to track the delivery would be sent shortly.  Definitely, we won't disappoint you."
2783,seller," Expect a delivery of the correct item tomorrow. A confirmation email will a link to track the delivery would be sent shortly.  Definitely, we won't disappoint you.  It's a pleasure."
2783,seller," Definitely, we won't disappoint you.  It's a pleasure.  Accept Deal"
2785,buyer, Hello  I'm good thank you. I just need to discuss the terms of this incorrect purchase.  Can I either received a refund and I return the shirt or you remove the negative review about me.
2785,buyer, I'm good thank you. I just need to discuss the terms of this incorrect purchase.  Can I either received a refund and I return the shirt or you remove the negative review about me.  That's fine by me
2785,buyer, Can I either received a refund and I return the shirt or you remove the negative review about me.  That's fine by me  Great
2785,buyer, That's fine by me  Great  Accept Deal
2785,seller, hello how are you?  Alright. What are the terms?  The only thing I can do for you is to remove the negative review about you.
2785,seller, Alright. What are the terms?  The only thing I can do for you is to remove the negative review about you.  I guess we have a deal then.
2785,seller," The only thing I can do for you is to remove the negative review about you.  I guess we have a deal then.  Submitted agreement: Buyer gets no refund, seller retracted their review, buyer retracted their review, seller didn't apologize, and buyer didn't apologize."
2787,buyer," Hi I would like a refund , I recieved an incorrect jersey with some random unknown players  name but I specifically ordered a KOBE BRYANT one. I selected that name on your website, please assist   I see you removed that option , but previously it had the option to select a name , which is exactly what I did, I selected the Kobe one. This is not only false advertisement but also deceptive on your part  Well something needs to be done , either I get a full refund or you send me the correct item . It is for my nephew who is terminally ill and this jersey would mean a lot to him. Please try and assist "
2787,buyer," I see you removed that option , but previously it had the option to select a name , which is exactly what I did, I selected the Kobe one. This is not only false advertisement but also deceptive on your part  Well something needs to be done , either I get a full refund or you send me the correct item . It is for my nephew who is terminally ill and this jersey would mean a lot to him. Please try and assist   So you're saying you won't be able to replace it either ? "
2787,buyer," Well something needs to be done , either I get a full refund or you send me the correct item . It is for my nephew who is terminally ill and this jersey would mean a lot to him. Please try and assist   So you're saying you won't be able to replace it either ?   Okay a partial refund of how much percent ?"
2787,buyer," So you're saying you won't be able to replace it either ?   Okay a partial refund of how much percent ?  no , 50% and I'll agree."
2787,buyer," Okay a partial refund of how much percent ?  no , 50% and I'll agree.  okay how much is the discount code worth and does it have an expiration date ? "
2787,buyer," no , 50% and I'll agree.  okay how much is the discount code worth and does it have an expiration date ?   Indefinately does not sound convincing. It should be atleast 3months "
2787,buyer, okay how much is the discount code worth and does it have an expiration date ?   Indefinately does not sound convincing. It should be atleast 3months   Okay I appreciate that. cdc
2787,buyer, Indefinately does not sound convincing. It should be atleast 3months   Okay I appreciate that. cdc  Accept Deal
2787,seller," Hi, thank you for reaching out. However, the jersey that was advertised on the website was not for a specific player that was stated on the description of the item, therefore I can not assist at this current point.  Apologies for that, however, it was not false advertisement and deceptive. There might have been a glitch on the website as on my side, still appears that the item is not of a specific player.  So sorry for your nephew, at this current stage, I will not be able to assist you as i have mentioned earlier."
2787,seller," Apologies for that, however, it was not false advertisement and deceptive. There might have been a glitch on the website as on my side, still appears that the item is not of a specific player.  So sorry for your nephew, at this current stage, I will not be able to assist you as i have mentioned earlier.  Yes, I will not be able to replace it. I can offer a partial refund of the item, and request that the negative review is retracted."
2787,seller," So sorry for your nephew, at this current stage, I will not be able to assist you as i have mentioned earlier.  Yes, I will not be able to replace it. I can offer a partial refund of the item, and request that the negative review is retracted.  35%"
2787,seller," Yes, I will not be able to replace it. I can offer a partial refund of the item, and request that the negative review is retracted.  35%  35% and a coupon code for a discount for your next purchase?"
2787,seller, 35%  35% and a coupon code for a discount for your next purchase?  20% off and will be valid indefinitely.
2787,seller," 35% and a coupon code for a discount for your next purchase?  20% off and will be valid indefinitely.  I need to make sure that I make you happy as my customer, this will be a special coupon for you to show you how much I value you hence it will be valid until you are happy to use it."
2787,seller," 20% off and will be valid indefinitely.  I need to make sure that I make you happy as my customer, this will be a special coupon for you to show you how much I value you hence it will be valid until you are happy to use it.  Submitted agreement: Buyer gets partial refund, seller retracted their review, buyer retracted their review, seller did apologize, and buyer didn't apologize."
2789,buyer," The jersey you sold me is not as discribed in the ad, I want a refund  I'm afraid I have to disagree, the flaw is not on the workmanship or quality of the jersey but rather the name on the back of it. I was made to believe it's a Kobe Bryant jersey but it's not.  I've already done that, it's not an oversight on my end. You've changed the description to cover your tracks. I would like to return the item and receive a refund. Should we reach this agreement, I'm  willing to withdraw my bad review of you."
2789,buyer," I'm afraid I have to disagree, the flaw is not on the workmanship or quality of the jersey but rather the name on the back of it. I was made to believe it's a Kobe Bryant jersey but it's not.  I've already done that, it's not an oversight on my end. You've changed the description to cover your tracks. I would like to return the item and receive a refund. Should we reach this agreement, I'm  willing to withdraw my bad review of you.  How about you give me a refund, and I remove the bad review. You can keep your bad review of me, and you won't have to apologize either. So basically, I'm only asking for a refund and nothing else."
2789,buyer," I've already done that, it's not an oversight on my end. You've changed the description to cover your tracks. I would like to return the item and receive a refund. Should we reach this agreement, I'm  willing to withdraw my bad review of you.  How about you give me a refund, and I remove the bad review. You can keep your bad review of me, and you won't have to apologize either. So basically, I'm only asking for a refund and nothing else.  Fine, you refund me. I remove the bad review and apologize. Deal."
2789,buyer," How about you give me a refund, and I remove the bad review. You can keep your bad review of me, and you won't have to apologize either. So basically, I'm only asking for a refund and nothing else.  Fine, you refund me. I remove the bad review and apologize. Deal.  Accept Deal"
2789,seller," Kindly note that a meticulous check was done on the jersey before it was shipped and it was in perfect condition as per the description in the ad. So we won't be able to refund you.  Kindly note that we stated on our website that the jersey is not for any specific player. Kindly visit our website, click on the description and you will then be able to see that it was an oversight on your end.  Kindly note that these are serious accusations that paint my business in a bad light. I can only offer an exchange on the jersey and not a refund but on condition that you withdraw the bad review."
2789,seller," Kindly note that we stated on our website that the jersey is not for any specific player. Kindly visit our website, click on the description and you will then be able to see that it was an oversight on your end.  Kindly note that these are serious accusations that paint my business in a bad light. I can only offer an exchange on the jersey and not a refund but on condition that you withdraw the bad review.  Kindly note that I will only agree to this if you add an apology on top of removing the bad review."
2789,seller," Kindly note that these are serious accusations that paint my business in a bad light. I can only offer an exchange on the jersey and not a refund but on condition that you withdraw the bad review.  Kindly note that I will only agree to this if you add an apology on top of removing the bad review.  Submitted agreement: Buyer gets full refund, seller kept their review, buyer retracted their review, seller didn't apologize, and buyer did apologize."
2792,buyer," Id like to receive a refund for my wrong purchase please  is it possible to exchange the item since it wasnt the one i was looking for?  okay thank you very much, i will also remove the review from my side and apologize publicly. Id like for you to also please retract the negative review you left as well."
2792,buyer," is it possible to exchange the item since it wasnt the one i was looking for?  okay thank you very much, i will also remove the review from my side and apologize publicly. Id like for you to also please retract the negative review you left as well.  I'd also like to apologise in general for the review i left on your website, and i hope form going forward we will handle situations like this differently to avoid situations like this to occur again."
2792,buyer," okay thank you very much, i will also remove the review from my side and apologize publicly. Id like for you to also please retract the negative review you left as well.  I'd also like to apologise in general for the review i left on your website, and i hope form going forward we will handle situations like this differently to avoid situations like this to occur again.  Submitted agreement: Buyer gets no refund, seller retracted their review, buyer retracted their review, seller did apologize, and buyer did apologize."
2792,seller," I cannot give you a refund at this time because the website states that you chose that specific product.   Yes, instead of a refund, I am willing to offer you an exchange of the product and send you the one you wanted. But I will need you to please retract the negative review you left and apologise publicly. As this will hurt my store sales.   Okay, I am willing to retract the negative review on my side as well. Is there anything else you need from me before we have an agreement?"
2792,seller," Yes, instead of a refund, I am willing to offer you an exchange of the product and send you the one you wanted. But I will need you to please retract the negative review you left and apologise publicly. As this will hurt my store sales.   Okay, I am willing to retract the negative review on my side as well. Is there anything else you need from me before we have an agreement?  Thank you. I am happy this is sorted. You will receive an exchange  instead of a refund, I will remove the bad review of you and I accept your apology. I am happy we have an agreement. Goodluck!"
2792,seller," Okay, I am willing to retract the negative review on my side as well. Is there anything else you need from me before we have an agreement?  Thank you. I am happy this is sorted. You will receive an exchange  instead of a refund, I will remove the bad review of you and I accept your apology. I am happy we have an agreement. Goodluck!  Accept Deal"
2796,buyer," I would like a refund as this product is not as described  This is clearly not the product I ordered, and you have now changed the description on the website.   Ok, seeing as this seems to be a bit of a miscommunication, I'll be happy to meet in the middle, with a partial refund? Thanks for your cooperation."
2796,buyer," This is clearly not the product I ordered, and you have now changed the description on the website.   Ok, seeing as this seems to be a bit of a miscommunication, I'll be happy to meet in the middle, with a partial refund? Thanks for your cooperation.  Sorry, but you're clearly not helping at all. I've agreed to meet in the middle after clearly being scammed, and you're insisting on no refund? If this review stays up, you'll be losing a lot of customers I can guarantee that!"
2796,buyer," Ok, seeing as this seems to be a bit of a miscommunication, I'll be happy to meet in the middle, with a partial refund? Thanks for your cooperation.  Sorry, but you're clearly not helping at all. I've agreed to meet in the middle after clearly being scammed, and you're insisting on no refund? If this review stays up, you'll be losing a lot of customers I can guarantee that!  If you offer a partial refund, take down your bad review of me, and offer an apology, I'd be happy to take down my bad review and also apologise to you."
2796,buyer," Sorry, but you're clearly not helping at all. I've agreed to meet in the middle after clearly being scammed, and you're insisting on no refund? If this review stays up, you'll be losing a lot of customers I can guarantee that!  If you offer a partial refund, take down your bad review of me, and offer an apology, I'd be happy to take down my bad review and also apologise to you.  Does that come with an apology also?"
2796,buyer," If you offer a partial refund, take down your bad review of me, and offer an apology, I'd be happy to take down my bad review and also apologise to you.  Does that come with an apology also?  I feel like if you're not giving me a full refund, then you should at least take down the review as well as the partial refund."
2796,buyer," Does that come with an apology also?  I feel like if you're not giving me a full refund, then you should at least take down the review as well as the partial refund.  Why can't you offer me both a partial refund and"
2796,buyer," I feel like if you're not giving me a full refund, then you should at least take down the review as well as the partial refund.  Why can't you offer me both a partial refund and  Ok I'll take my bad review back but I demand an apology as well so I can at least explain the bad review about me."
2796,buyer," Why can't you offer me both a partial refund and  Ok I'll take my bad review back but I demand an apology as well so I can at least explain the bad review about me.  No, because you're not offering me a full refund, knowing fully well that you've done me wrong."
2796,buyer," Ok I'll take my bad review back but I demand an apology as well so I can at least explain the bad review about me.  No, because you're not offering me a full refund, knowing fully well that you've done me wrong.  Ok, partial refund, I'll take down the review, but you also need to take down your review and we'll both apologise because your bad review will affect you worse than me."
2796,buyer," No, because you're not offering me a full refund, knowing fully well that you've done me wrong.  Ok, partial refund, I'll take down the review, but you also need to take down your review and we'll both apologise because your bad review will affect you worse than me.  Ok so just to confirm, partial refund, we both retract our reviews and we both apologise?"
2796,buyer," Ok, partial refund, I'll take down the review, but you also need to take down your review and we'll both apologise because your bad review will affect you worse than me.  Ok so just to confirm, partial refund, we both retract our reviews and we both apologise?  Accept Deal"
2796,seller," But it seems the correct product  No, its not like that. You might have ordered the wrong product. As we never have done this to any of our customer.  Our company does not offer refund , would you please take off your bad review? as it is not our mistake?"
2796,seller," No, its not like that. You might have ordered the wrong product. As we never have done this to any of our customer.  Our company does not offer refund , would you please take off your bad review? as it is not our mistake?  OK. If I offer a partial refund would you take back your reviews or write an apology note ?"
2796,seller," Our company does not offer refund , would you please take off your bad review? as it is not our mistake?  OK. If I offer a partial refund would you take back your reviews or write an apology note ?  I can do just one thing partial refund or rake down my bad review. what would like?"
2796,seller, OK. If I offer a partial refund would you take back your reviews or write an apology note ?  I can do just one thing partial refund or rake down my bad review. what would like?  Tell me your choice first. 
2796,seller, I can do just one thing partial refund or rake down my bad review. what would like?  Tell me your choice first.   We are not talking about full refund . It is about partial refund or take down review?
2796,seller, Tell me your choice first.   We are not talking about full refund . It is about partial refund or take down review?  It is not our company policy sir! We don't usually refund. But on your request I agreed. So lets make a deal of partial refund and you take your bad review back?
2796,seller, We are not talking about full refund . It is about partial refund or take down review?  It is not our company policy sir! We don't usually refund. But on your request I agreed. So lets make a deal of partial refund and you take your bad review back?  you will write apology note as well?
2796,seller, It is not our company policy sir! We don't usually refund. But on your request I agreed. So lets make a deal of partial refund and you take your bad review back?  you will write apology note as well?  Sorry then I can't do this either. As I have sent you the exact product you have ordered. It is not my mistake but I was trying to make a deal
2796,seller, you will write apology note as well?  Sorry then I can't do this either. As I have sent you the exact product you have ordered. It is not my mistake but I was trying to make a deal  ok done!
2796,seller," Sorry then I can't do this either. As I have sent you the exact product you have ordered. It is not my mistake but I was trying to make a deal  ok done!  Submitted agreement: Buyer gets partial refund, seller retracted their review, buyer retracted their review, seller did apologize, and buyer did apologize."
2800,buyer," hi i would like to recieve a refund for the wrongly sent product  definitely, i would like a refund as i recieved the wrong shirt and i would liek you to retract your bad review of me  that sounds like a deal, im happy to issue an apology if you issue one to me too"
2800,buyer," definitely, i would like a refund as i recieved the wrong shirt and i would liek you to retract your bad review of me  that sounds like a deal, im happy to issue an apology if you issue one to me too  yes i think that is everything and everything can be sorted here"
2800,buyer," that sounds like a deal, im happy to issue an apology if you issue one to me too  yes i think that is everything and everything can be sorted here  Submitted agreement: Buyer gets full refund, seller retracted their review, buyer retracted their review, seller did apologize, and buyer did apologize."
2800,seller," I appologise for the inconvenience. Lets talk about resolving this  Sure, since the item was I would like to refund you. Would you also retract your bad review of me?  I also would like to take the time to apologise for the inconvenience caused here. I think we can both come away from this just fine. Is there anything else we can help with here?"
2800,seller," Sure, since the item was I would like to refund you. Would you also retract your bad review of me?  I also would like to take the time to apologise for the inconvenience caused here. I think we can both come away from this just fine. Is there anything else we can help with here?  Well, im happy to finalise the deal next message. I refunded you fully, retracted your bad review, you retracted your bad review and we both apologised to each other. Thankyou for your time here!"
2800,seller," I also would like to take the time to apologise for the inconvenience caused here. I think we can both come away from this just fine. Is there anything else we can help with here?  Well, im happy to finalise the deal next message. I refunded you fully, retracted your bad review, you retracted your bad review and we both apologised to each other. Thankyou for your time here!  Accept Deal"
2801,buyer, I got the wrong order  I was sent the wrong jersy and would like a replacement to be sent out  it is not the one I ordered
2801,buyer," I was sent the wrong jersy and would like a replacement to be sent out  it is not the one I ordered  kobys, you sent me another one"
2801,buyer," it is not the one I ordered  kobys, you sent me another one  I bought what you had on your website &amp; I would like either a replacement our refund"
2801,buyer," kobys, you sent me another one  I bought what you had on your website &amp; I would like either a replacement our refund  You did send me the wrong item, that is why I would like a refund, I m happy to send the jearsy back"
2801,buyer," I bought what you had on your website &amp; I would like either a replacement our refund  You did send me the wrong item, that is why I would like a refund, I m happy to send the jearsy back  Ok, I can do that, if you apologise for sending the wrong item"
2801,buyer," You did send me the wrong item, that is why I would like a refund, I m happy to send the jearsy back  Ok, I can do that, if you apologise for sending the wrong item  Submitted agreement: Buyer gets full refund, seller retracted their review, buyer retracted their review, seller did apologize, and buyer didn't apologize."
2801,buyer," Ok, I can do that, if you apologise for sending the wrong item  Submitted agreement: Buyer gets full refund, seller retracted their review, buyer retracted their review, seller did apologize, and buyer didn't apologize.  Accept Deal"
2801,seller," Hi, sorry to hear this. WHat was wrong?  What was wrong with the jersey?  WHich one did you order? We make sure we send out the correct teams"
2801,seller," What was wrong with the jersey?  WHich one did you order? We make sure we send out the correct teams  Are you saying it had Koby's name on the back? If so, we do not offer that service. It seems like you mistakenly thought we did?"
2801,seller," WHich one did you order? We make sure we send out the correct teams  Are you saying it had Koby's name on the back? If so, we do not offer that service. It seems like you mistakenly thought we did?  Yes and we sent you the item. We can't just refund you unless the item is damaged or we sent the wrong item. You ordered what was listed on our website. It clearly states that you will receive a shirt without a name"
2801,seller," Are you saying it had Koby's name on the back? If so, we do not offer that service. It seems like you mistakenly thought we did?  Yes and we sent you the item. We can't just refund you unless the item is damaged or we sent the wrong item. You ordered what was listed on our website. It clearly states that you will receive a shirt without a name  It was the correct item as per our website. We do not offer personalised shirts. We can offer you a refund, but only if you remove the negative review you left for us."
2801,seller," Yes and we sent you the item. We can't just refund you unless the item is damaged or we sent the wrong item. You ordered what was listed on our website. It clearly states that you will receive a shirt without a name  It was the correct item as per our website. We do not offer personalised shirts. We can offer you a refund, but only if you remove the negative review you left for us.  As I have said, we sent your exact order. We apologise that you found the website confusing and will look at this in the future."
2801,seller," It was the correct item as per our website. We do not offer personalised shirts. We can offer you a refund, but only if you remove the negative review you left for us.  As I have said, we sent your exact order. We apologise that you found the website confusing and will look at this in the future.  Reject Deal"
2801,seller," As I have said, we sent your exact order. We apologise that you found the website confusing and will look at this in the future.  Reject Deal  Submitted agreement: Buyer gets full refund, seller kept their review, buyer retracted their review, seller didn't apologize, and buyer didn't apologize."
2802,buyer, my item arrived broken and i cant use it  when i opened the box the item was damaged. The delivery box was also damaged which i assume  happened during delivery process  that would be the most suitable outcome for me 
2802,buyer, when i opened the box the item was damaged. The delivery box was also damaged which i assume  happened during delivery process  that would be the most suitable outcome for me    Thank you for your apology. I can confirm I will remove any negative review and thank you for your good customer service
2802,buyer, that would be the most suitable outcome for me    Thank you for your apology. I can confirm I will remove any negative review and thank you for your good customer service  sorry for hassle and thank you for good customer service 
2802,buyer,  Thank you for your apology. I can confirm I will remove any negative review and thank you for your good customer service  sorry for hassle and thank you for good customer service   Accept Deal
2802,seller," We have specific terms in the case of refunds, how did this item come to be broken?  This is out of our control, but also out of your control. In this case, since it is your first purchase, we can offer a full refund.  We'd like to apologize for the service. May I ask if it is possible to remove the negative review if this has come to a resolve?"
2802,seller," This is out of our control, but also out of your control. In this case, since it is your first purchase, we can offer a full refund.  We'd like to apologize for the service. May I ask if it is possible to remove the negative review if this has come to a resolve?  We hope you can purchase from us again. We will also remove the negative review and keep the customer relationship mutual."
2802,seller," We'd like to apologize for the service. May I ask if it is possible to remove the negative review if this has come to a resolve?  We hope you can purchase from us again. We will also remove the negative review and keep the customer relationship mutual.  Submitted agreement: Buyer gets full refund, seller retracted their review, buyer retracted their review, seller did apologize, and buyer did apologize."
2804,buyer, hello  what is the deal we should agree on  But I want a refund since I did not get what I ordered
2804,buyer, what is the deal we should agree on  But I want a refund since I did not get what I ordered  But what you gave me is way below what I paid for. So its okay to get refund
2804,buyer, But I want a refund since I did not get what I ordered  But what you gave me is way below what I paid for. So its okay to get refund  How am I a scam? when you clearly put up what you dont have and go about being shady
2804,buyer, But what you gave me is way below what I paid for. So its okay to get refund  How am I a scam? when you clearly put up what you dont have and go about being shady  okay that's fine by me. I will remove the bad review also remove the bad review on my handle and I deserve an apology as well
2804,buyer," How am I a scam? when you clearly put up what you dont have and go about being shady  okay that's fine by me. I will remove the bad review also remove the bad review on my handle and I deserve an apology as well  Submitted agreement: Buyer gets partial refund, seller retracted their review, buyer retracted their review, seller didn't apologize, and buyer did apologize."
2804,seller, hello  Apologize to the buyer  That is not possible at this point.
2804,seller," Apologize to the buyer  That is not possible at this point.  You are a scam, I saw you did the same with the other seller."
2804,seller," That is not possible at this point.  You are a scam, I saw you did the same with the other seller.  Will offer partial refund, to keep things fair both sides."
2804,seller," You are a scam, I saw you did the same with the other seller.  Will offer partial refund, to keep things fair both sides.  Thank you for accepting the deal. I apologize that our service did not meet your expectations."
2804,seller," Will offer partial refund, to keep things fair both sides.  Thank you for accepting the deal. I apologize that our service did not meet your expectations.  Accept Deal"
2807,buyer," Could I have a refund for the jersey? The item you sent me was not as originally listed.   Do you think or are you sure? I bought the jersey for a very specific reason and would not have purchased any random jersey for my very sick nephew. Had you originally listed the correct item I'm sure there'd be a fan of that player willing to purchase it. I won't be removing the negative review unless we are able to resolve this dispute.  So what do you suggest? You have listed an incorrect item, to which I accurately posted a review of my experience with you. You've called me a liar and a fraud, though my purchasing history states otherwise and clearly shows I am a good customer. I am $75 down with an item that I did not want. I am sure you can understand how I feel."
2807,buyer," Do you think or are you sure? I bought the jersey for a very specific reason and would not have purchased any random jersey for my very sick nephew. Had you originally listed the correct item I'm sure there'd be a fan of that player willing to purchase it. I won't be removing the negative review unless we are able to resolve this dispute.  So what do you suggest? You have listed an incorrect item, to which I accurately posted a review of my experience with you. You've called me a liar and a fraud, though my purchasing history states otherwise and clearly shows I am a good customer. I am $75 down with an item that I did not want. I am sure you can understand how I feel.  And I believe you are acting fraudulently as I maintain that the listing was inaccurate. I will not remove the review as I stand by it. I do not care whether you remove your review or me or not as my ratings speak for themselves otherwise. However, if you were to allow a return and refund of the item, I would happily change the review to state that you were responsive and swift in dealing with an issue we had. "
2807,buyer," So what do you suggest? You have listed an incorrect item, to which I accurately posted a review of my experience with you. You've called me a liar and a fraud, though my purchasing history states otherwise and clearly shows I am a good customer. I am $75 down with an item that I did not want. I am sure you can understand how I feel.  And I believe you are acting fraudulently as I maintain that the listing was inaccurate. I will not remove the review as I stand by it. I do not care whether you remove your review or me or not as my ratings speak for themselves otherwise. However, if you were to allow a return and refund of the item, I would happily change the review to state that you were responsive and swift in dealing with an issue we had.   Ok, in which case, do you agree that we do not have a deal?"
2807,seller," i'm sorry, but all sales are final. i do think it was originally as listed. i would like you to remove your negative review as it is inaccurate  I am sorry about your nephew, but the listing was accurate. I think we need a new way to resolve this as we can't agree  But I do feel you are acting fraudulently as I maintain that the listing was accurate. Your review could put off potential buyers for no good reason. However, I would be happy to consider removing my review of you if you were to remove your negative review of the store"
2807,seller," I am sorry about your nephew, but the listing was accurate. I think we need a new way to resolve this as we can't agree  But I do feel you are acting fraudulently as I maintain that the listing was accurate. Your review could put off potential buyers for no good reason. However, I would be happy to consider removing my review of you if you were to remove your negative review of the store  I would not be willing to offer a refund, but I will apologise for the tone of the review of you. "
2807,seller," But I do feel you are acting fraudulently as I maintain that the listing was accurate. Your review could put off potential buyers for no good reason. However, I would be happy to consider removing my review of you if you were to remove your negative review of the store  I would not be willing to offer a refund, but I will apologise for the tone of the review of you.   I Walk Away."
2808,buyer, Hi i received my item that i purchased from you witch was a Kobe Bryant lakers shirt however it has arrived and it has a different play on this is for my terminally ill nephew is it possible to get a refund please   i am sorry i did not realise this as from the listing it looked to be a Kobe Bryant shirt not a generic lakers shirt would it be possible to return for a Kobe Bryant shirt to be sent back or return for a refund on this occasion please   ok as am i willing to discuss what would your alternatives be?
2808,buyer, i am sorry i did not realise this as from the listing it looked to be a Kobe Bryant shirt not a generic lakers shirt would it be possible to return for a Kobe Bryant shirt to be sent back or return for a refund on this occasion please   ok as am i willing to discuss what would your alternatives be?  thank you for the gesture of goodwill however i do not have the money to purchase at a future date and this is for a terminally ill child i understand what your police states however after my purchase your listen has since be changed to clearly show this is a generic shirt not a Kobe Bryant shirt as shown in the listing before i think it would be fair to fully refund me so i can buy him a Kobe one from you also i think it is fair to say there has been misunderstanding on both sides.
2808,buyer, ok as am i willing to discuss what would your alternatives be?  thank you for the gesture of goodwill however i do not have the money to purchase at a future date and this is for a terminally ill child i understand what your police states however after my purchase your listen has since be changed to clearly show this is a generic shirt not a Kobe Bryant shirt as shown in the listing before i think it would be fair to fully refund me so i can buy him a Kobe one from you also i think it is fair to say there has been misunderstanding on both sides.  that would be perfect thank you for being so reasonable and understanding of my situation would it be possible to remove or change your review of me as will i change mine as they no longer reflect fairly on this situation that has unfolded?
2808,buyer," thank you for the gesture of goodwill however i do not have the money to purchase at a future date and this is for a terminally ill child i understand what your police states however after my purchase your listen has since be changed to clearly show this is a generic shirt not a Kobe Bryant shirt as shown in the listing before i think it would be fair to fully refund me so i can buy him a Kobe one from you also i think it is fair to say there has been misunderstanding on both sides.  that would be perfect thank you for being so reasonable and understanding of my situation would it be possible to remove or change your review of me as will i change mine as they no longer reflect fairly on this situation that has unfolded?  Submitted agreement: Buyer gets full refund, seller retracted their review, buyer retracted their review, seller did apologize, and buyer did apologize."
2808,seller," Hi, I'm sorry to hear about the confusion. The jersey you purchased was actually listed as a generic Lakers championship jersey, not specific to Kobe Bryant. Our policy states that all sales are final, but I'm willing to discuss how we can resolve this amicably.   appreciate your understanding. Unfortunately, our listing clearly stated it's a generic Lakers championship jersey, and our policy states that all sales are final. However, I'm open to discussing alternatives that could work for both of us.   appreciate your willingness to discuss alternatives. While I can't offer a refund or exchange for a Kobe Bryant jersey, I could consider offering you a discount on a future purchase or another item from our store as a gesture of goodwill. How does that sound to you?"
2808,seller,"  appreciate your understanding. Unfortunately, our listing clearly stated it's a generic Lakers championship jersey, and our policy states that all sales are final. However, I'm open to discussing alternatives that could work for both of us.   appreciate your willingness to discuss alternatives. While I can't offer a refund or exchange for a Kobe Bryant jersey, I could consider offering you a discount on a future purchase or another item from our store as a gesture of goodwill. How does that sound to you?  I can offer is to facilitate a return of the jersey at our expense and provide you with a full refund. This way, you can use the refunded amount to purchase a Kobe Bryant jersey elsewhere for your nephew. It would resolve the issue promptly and fairly. Is that okay with you? "
2808,seller,"  appreciate your willingness to discuss alternatives. While I can't offer a refund or exchange for a Kobe Bryant jersey, I could consider offering you a discount on a future purchase or another item from our store as a gesture of goodwill. How does that sound to you?  I can offer is to facilitate a return of the jersey at our expense and provide you with a full refund. This way, you can use the refunded amount to purchase a Kobe Bryant jersey elsewhere for your nephew. It would resolve the issue promptly and fairly. Is that okay with you?    I appreciate your willingness to work towards a fair resolution. I will update my review to reflect our amicable resolution and would appreciate it if you could do the same. Let's both adjust our reviews to accurately represent the understanding we've reached."
2808,seller," I can offer is to facilitate a return of the jersey at our expense and provide you with a full refund. This way, you can use the refunded amount to purchase a Kobe Bryant jersey elsewhere for your nephew. It would resolve the issue promptly and fairly. Is that okay with you?    I appreciate your willingness to work towards a fair resolution. I will update my review to reflect our amicable resolution and would appreciate it if you could do the same. Let's both adjust our reviews to accurately represent the understanding we've reached.  Accept Deal"
2809,buyer," Hi, Please refund me in full because you did not honor the deal as advertised.   What I order was a kobe jersey but i received something totally different. if you refund in full I will leave a positive review for you. This will increase your sales as opposed to a bad review   Lets agree on me removing the negative review, you also remove the negative review on me. I get my refund and we both move away from this with a positive. I might have understood the advert differently and would like to apologize if that was the case. Can we agree on this? "
2809,buyer," What I order was a kobe jersey but i received something totally different. if you refund in full I will leave a positive review for you. This will increase your sales as opposed to a bad review   Lets agree on me removing the negative review, you also remove the negative review on me. I get my refund and we both move away from this with a positive. I might have understood the advert differently and would like to apologize if that was the case. Can we agree on this?   I will not be removing the review if I dont get a refund. I have nothing to loose, there are many other platforms I can buy from moving forward so you giving a bad review about me really will not change a thing. I have used many other platforms to buy before and so your review will not have me locked out anywhere. The buyers will check my record with them and see that i am not the problematic one. you on the other had have other bad review about your business so you will lose more I do. I suggest you accept my apology and the retraction of the bad review and refund me. "
2809,buyer," Lets agree on me removing the negative review, you also remove the negative review on me. I get my refund and we both move away from this with a positive. I might have understood the advert differently and would like to apologize if that was the case. Can we agree on this?   I will not be removing the review if I dont get a refund. I have nothing to loose, there are many other platforms I can buy from moving forward so you giving a bad review about me really will not change a thing. I have used many other platforms to buy before and so your review will not have me locked out anywhere. The buyers will check my record with them and see that i am not the problematic one. you on the other had have other bad review about your business so you will lose more I do. I suggest you accept my apology and the retraction of the bad review and refund me.   Your last message just gave away exactly the kind of scammer you are and I am going to screenshot this and attach it to my review for people to see exactly  the kind of business you are. I am going to finalise the deal now, if you know whats good for you you will accept the terms and we both move away from this. "
2809,buyer," I will not be removing the review if I dont get a refund. I have nothing to loose, there are many other platforms I can buy from moving forward so you giving a bad review about me really will not change a thing. I have used many other platforms to buy before and so your review will not have me locked out anywhere. The buyers will check my record with them and see that i am not the problematic one. you on the other had have other bad review about your business so you will lose more I do. I suggest you accept my apology and the retraction of the bad review and refund me.   Your last message just gave away exactly the kind of scammer you are and I am going to screenshot this and attach it to my review for people to see exactly  the kind of business you are. I am going to finalise the deal now, if you know whats good for you you will accept the terms and we both move away from this.   I Walk Away."
2809,seller," Hi, I have proof that i sent you what you ordered  And that is exactly what was sent to you. If you don't remove the bad review you left of me, i will write a review about you and no seller will ever sell to you. So please remove the bad review you left of me  I will not be sending the refund as what wase sent out was as per your order. Remove the negative review and I will do the same in exhange of an apology and a positive review"
2809,seller," And that is exactly what was sent to you. If you don't remove the bad review you left of me, i will write a review about you and no seller will ever sell to you. So please remove the bad review you left of me  I will not be sending the refund as what wase sent out was as per your order. Remove the negative review and I will do the same in exhange of an apology and a positive review  I suggest you walk away and go to other platforms if that is the case. I have bad reviews yet you still bought from me? I have warned other buyers if you, lets see if you'll stand chance on this platform again. "
2809,seller," I will not be sending the refund as what wase sent out was as per your order. Remove the negative review and I will do the same in exhange of an apology and a positive review  I suggest you walk away and go to other platforms if that is the case. I have bad reviews yet you still bought from me? I have warned other buyers if you, lets see if you'll stand chance on this platform again.   Like i said, I have details of your order and I am positive that what was sent you was correct. I will be attaching that to my review so that the platform can block you from any further purchases. Remove your review and apologise to me so that we can both away. "
2811,buyer," I am requesting a refund as I did not receive the jersey I ordered. This is a reasonable request and the minimum I would expect.   I ordered a Kobe Bryant jersey for my terminally ill nephew. Your website clearly stated it was a Bryant jersey yet I did not receive this. I have the email proof of this, I cannot understand how you are claiming otherwise. If you provide a refund I will be happy to edit my review to state that a refund was provided and that you have apologised for the misorder. But you must first refund me and apologise, while also removing your review.   Do you apologise for the mistake you have made? I am not at fault here but your review clearly tried to slander me. I will return the jersey once I see proof of a refund. I have no need for this jersey as my terminally ill nephew does not know who this player is anyway."
2811,buyer," I ordered a Kobe Bryant jersey for my terminally ill nephew. Your website clearly stated it was a Bryant jersey yet I did not receive this. I have the email proof of this, I cannot understand how you are claiming otherwise. If you provide a refund I will be happy to edit my review to state that a refund was provided and that you have apologised for the misorder. But you must first refund me and apologise, while also removing your review.   Do you apologise for the mistake you have made? I am not at fault here but your review clearly tried to slander me. I will return the jersey once I see proof of a refund. I have no need for this jersey as my terminally ill nephew does not know who this player is anyway.  I can see that there is no real resolution here. You have apologised for the inconvenience but have not apologised for your mistake. Maybe we could start with an apology and then I may be more likely to return the item. "
2811,buyer," Do you apologise for the mistake you have made? I am not at fault here but your review clearly tried to slander me. I will return the jersey once I see proof of a refund. I have no need for this jersey as my terminally ill nephew does not know who this player is anyway.  I can see that there is no real resolution here. You have apologised for the inconvenience but have not apologised for your mistake. Maybe we could start with an apology and then I may be more likely to return the item.   Submitted agreement: Buyer gets full refund, seller retracted their review, buyer retracted their review, seller did apologize, and buyer did apologize."
2811,seller," You received exactly what you ordered, therefore no refund will be provided. Additionally, I would also like to request for your review to be removed, and in exchange I will remove my review on your buyer profile  I will provide a refund if you return the jersey via post. Once received, your refund will be processed. Additionally, I'd like you to remove your review and once done, I will also remove my review  I will provide a refund once proof of return postage has been provided, as we only provide refunds if an item has been returned. I apologise for the inconvenience caused by wrongfully fulfilling your order and would like to request that you remove your review and I will remove mine. This way, both of our reputations will be back to normal"
2811,seller," I will provide a refund if you return the jersey via post. Once received, your refund will be processed. Additionally, I'd like you to remove your review and once done, I will also remove my review  I will provide a refund once proof of return postage has been provided, as we only provide refunds if an item has been returned. I apologise for the inconvenience caused by wrongfully fulfilling your order and would like to request that you remove your review and I will remove mine. This way, both of our reputations will be back to normal  Please accept my apology for my mistake of sending you the wrong item despite you ordering something that was falsely advertised on my website. I sincerely hope you will accept my apology and that we can reach a mutual agreement in this matter"
2811,seller," I will provide a refund once proof of return postage has been provided, as we only provide refunds if an item has been returned. I apologise for the inconvenience caused by wrongfully fulfilling your order and would like to request that you remove your review and I will remove mine. This way, both of our reputations will be back to normal  Please accept my apology for my mistake of sending you the wrong item despite you ordering something that was falsely advertised on my website. I sincerely hope you will accept my apology and that we can reach a mutual agreement in this matter  Accept Deal"
2813,buyer," Hi, I am not happy with how the shirt was missold to me, it stated clearly that it was for a specific player not just for a random one. I would like a refund  You may have sold to others, but when a listing clearly states its for a specific player, you cant then decide to send one at random  Im being honest and as a gesture of goodwill back to you, I would remove my review and put this all down to a misunderstanding in exchange for a refund "
2813,buyer," You may have sold to others, but when a listing clearly states its for a specific player, you cant then decide to send one at random  Im being honest and as a gesture of goodwill back to you, I would remove my review and put this all down to a misunderstanding in exchange for a refund   I shan't be apologizing as like I said I as the customer have been missold this product - like I said I will be willing to remove the review for a full refund "
2813,buyer," Im being honest and as a gesture of goodwill back to you, I would remove my review and put this all down to a misunderstanding in exchange for a refund   I shan't be apologizing as like I said I as the customer have been missold this product - like I said I will be willing to remove the review for a full refund   I dont think I should apolgise, Im willing to remove the review, I could ask you to do the same but I will not be removing the review and apologising for your listing error"
2813,buyer," I shan't be apologizing as like I said I as the customer have been missold this product - like I said I will be willing to remove the review for a full refund   I dont think I should apolgise, Im willing to remove the review, I could ask you to do the same but I will not be removing the review and apologising for your listing error  As am I, whihch is why I will remove the review in exchange for a refund, if the review is gone your reputation is restored"
2813,buyer," I dont think I should apolgise, Im willing to remove the review, I could ask you to do the same but I will not be removing the review and apologising for your listing error  As am I, whihch is why I will remove the review in exchange for a refund, if the review is gone your reputation is restored  Weill I will remove and apologize, in exchange for a refund and an apology in return "
2813,buyer," As am I, whihch is why I will remove the review in exchange for a refund, if the review is gone your reputation is restored  Weill I will remove and apologize, in exchange for a refund and an apology in return   Accept Deal"
2813,seller, Sorry about the misunderstanding but I think we were very clear in the details before the sale. The mistake isn't from us as we've sold toothers without complaint.  We sold what you requested and I believe this is a scheme from you to shake us down. We might offer a refund if you're being honest.  We are getting somewhere because as a brand our reputation is quite important to us and we'll also need an apology for the bad review as we'll also do for the misunderstanding
2813,seller, We sold what you requested and I believe this is a scheme from you to shake us down. We might offer a refund if you're being honest.  We are getting somewhere because as a brand our reputation is quite important to us and we'll also need an apology for the bad review as we'll also do for the misunderstanding  Without the apology you can't get your refund
2813,seller, We are getting somewhere because as a brand our reputation is quite important to us and we'll also need an apology for the bad review as we'll also do for the misunderstanding  Without the apology you can't get your refund  I cannot apologies for a mistake i am very sure didn't come from us. I am trying to reach a mutual understanding here
2813,seller, Without the apology you can't get your refund  I cannot apologies for a mistake i am very sure didn't come from us. I am trying to reach a mutual understanding here  There has to be clarification from you. Removing the review alone doesn't restore what you've done to our reputation. I hope you understand
2813,seller," I cannot apologies for a mistake i am very sure didn't come from us. I am trying to reach a mutual understanding here  There has to be clarification from you. Removing the review alone doesn't restore what you've done to our reputation. I hope you understand  Submitted agreement: Buyer gets full refund, seller retracted their review, buyer retracted their review, seller did apologize, and buyer did apologize."
2814,buyer," Hi, I have received the item I bought but it is the wrong thing. I ordered a Bryant jersey and it's a standard Lakers one  It specifically said that it was Bryant's jersey from his last game. My nephew is a fan that's why I wanted to buy that item   No, I definitely ordered the Bryant jersey, I wouldn't have bought it otherwise "
2814,buyer," It specifically said that it was Bryant's jersey from his last game. My nephew is a fan that's why I wanted to buy that item   No, I definitely ordered the Bryant jersey, I wouldn't have bought it otherwise   Yes that would be fine, would it be the same price as I'm not willing to pay anymore given I bought it in the first place believing it was the right item?"
2814,buyer," No, I definitely ordered the Bryant jersey, I wouldn't have bought it otherwise   Yes that would be fine, would it be the same price as I'm not willing to pay anymore given I bought it in the first place believing it was the right item?  I am happy to amend my review once the new jersey is received"
2814,buyer," Yes that would be fine, would it be the same price as I'm not willing to pay anymore given I bought it in the first place believing it was the right item?  I am happy to amend my review once the new jersey is received  Ok"
2814,buyer, I am happy to amend my review once the new jersey is received  Ok  Accept Deal
2814,seller," Ah, that's a shame. What did it show on the website?  I'm just checking the order. This was a standard Lakers jersey. I think you have ordered the wrong item.  OK. would you like the return it for an upgrade to the correct one?"
2814,seller, I'm just checking the order. This was a standard Lakers jersey. I think you have ordered the wrong item.  OK. would you like the return it for an upgrade to the correct one?  I can do that if you retract your bad review. How does that sound?
2814,seller," OK. would you like the return it for an upgrade to the correct one?  I can do that if you retract your bad review. How does that sound?  OK, please return the standard Lakers Jersey with the free return postage and once it has arrived I will send out the replacement."
2814,seller," I can do that if you retract your bad review. How does that sound?  OK, please return the standard Lakers Jersey with the free return postage and once it has arrived I will send out the replacement.  Submitted agreement: Buyer gets no refund, seller kept their review, buyer retracted their review, seller didn't apologize, and buyer didn't apologize."
2815,buyer, I demand a full refund for the incorrect shoe size that was delivered.   Unfortunately I will not accept the partial. I am going to write a bad review than.  Apology accepted. If you are unable to refund fully are you able to exchange the shoe for a correct size and deliver for free?
2815,buyer, Unfortunately I will not accept the partial. I am going to write a bad review than.  Apology accepted. If you are unable to refund fully are you able to exchange the shoe for a correct size and deliver for free?  Thank you so much. The bad review will be retracted than. 
2815,buyer, Apology accepted. If you are unable to refund fully are you able to exchange the shoe for a correct size and deliver for free?  Thank you so much. The bad review will be retracted than.   Apologies for over reacting as well. I definitely accept the 10% discount.
2815,buyer, Thank you so much. The bad review will be retracted than.   Apologies for over reacting as well. I definitely accept the 10% discount.  Accept Deal
2815,seller," I can offer you a partial refund  I apologize for the incorrect shoe size, we can chat about this  Yes, i can offer you an exchange"
2815,seller," I apologize for the incorrect shoe size, we can chat about this  Yes, i can offer you an exchange  Thank you, for your next purchase you will get a 10% discount as well"
2815,seller," Yes, i can offer you an exchange  Thank you, for your next purchase you will get a 10% discount as well  Submitted agreement: Buyer gets no refund, seller retracted their review, buyer retracted their review, seller did apologize, and buyer did apologize."
2817,buyer," Good day, I am unhappy with the product I received and also how you have handled the matter.  Is there any way we might resole this?  The item advertised was not what I received.  I would request a refund for the item so I might buy the correct jersey elsewhere.  The jersey did not feature the name of the correct player as stated and I was sent a jersey with the name of a player I don't even know.  I would like to get a refund, so I can buy from a different seller.  The jersey is a gift and I need the correct one."
2817,buyer," The item advertised was not what I received.  I would request a refund for the item so I might buy the correct jersey elsewhere.  The jersey did not feature the name of the correct player as stated and I was sent a jersey with the name of a player I don't even know.  I would like to get a refund, so I can buy from a different seller.  The jersey is a gift and I need the correct one.  I am sure that the image and description was very specific on what I will be buying.  That is why I posted the review, but if we can solve this issue by issuing a refund, I am willing to remove my review as a symbol of good faith."
2817,buyer," The jersey did not feature the name of the correct player as stated and I was sent a jersey with the name of a player I don't even know.  I would like to get a refund, so I can buy from a different seller.  The jersey is a gift and I need the correct one.  I am sure that the image and description was very specific on what I will be buying.  That is why I posted the review, but if we can solve this issue by issuing a refund, I am willing to remove my review as a symbol of good faith.  I just want us to reach an agreement to return the unwanted jersey and receive the refund. As a gesture of good will, I will remove the bad review, seeing as you siisted me."
2817,buyer," I am sure that the image and description was very specific on what I will be buying.  That is why I posted the review, but if we can solve this issue by issuing a refund, I am willing to remove my review as a symbol of good faith.  I just want us to reach an agreement to return the unwanted jersey and receive the refund. As a gesture of good will, I will remove the bad review, seeing as you siisted me.  It seems we have reached an accord. I will return the jersey in the original packaging, you will issue a refund after which I will remove the bad review of you and then you will also remove your bad review of me."
2817,buyer," I just want us to reach an agreement to return the unwanted jersey and receive the refund. As a gesture of good will, I will remove the bad review, seeing as you siisted me.  It seems we have reached an accord. I will return the jersey in the original packaging, you will issue a refund after which I will remove the bad review of you and then you will also remove your bad review of me.  Submitted agreement: Buyer gets full refund, seller retracted their review, buyer retracted their review, seller didn't apologize, and buyer didn't apologize."
2817,seller," Good day. I'm sorry to hear you are unhappy. Can you advise exactly what you are unhappy with?  How is it not what was advertised? I need specific details  They was no name specified on the advert and you did not advise that you needed a particular players name on the jersey. The jersey was sold as it. If you require a refund, please return the jersey to me and I will arrange that for you."
2817,seller," How is it not what was advertised? I need specific details  They was no name specified on the advert and you did not advise that you needed a particular players name on the jersey. The jersey was sold as it. If you require a refund, please return the jersey to me and I will arrange that for you.  The advert did not specify a name and the jersey was sold as it. I do not add or change names on jerseys. If you check your confirmation email, you will see that. If you return the jersey and remove your review, I will refund you money."
2817,seller," They was no name specified on the advert and you did not advise that you needed a particular players name on the jersey. The jersey was sold as it. If you require a refund, please return the jersey to me and I will arrange that for you.  The advert did not specify a name and the jersey was sold as it. I do not add or change names on jerseys. If you check your confirmation email, you will see that. If you return the jersey and remove your review, I will refund you money.  I am happy to refund your money once I have received the jersey. I will remove my review once you have removed yours."
2817,seller," The advert did not specify a name and the jersey was sold as it. I do not add or change names on jerseys. If you check your confirmation email, you will see that. If you return the jersey and remove your review, I will refund you money.  I am happy to refund your money once I have received the jersey. I will remove my review once you have removed yours.  That works for me. I look forward to receiving the jersey back. Take care."
2817,seller, I am happy to refund your money once I have received the jersey. I will remove my review once you have removed yours.  That works for me. I look forward to receiving the jersey back. Take care.  Accept Deal
2819,buyer," The item i purchase was not exactly what was advertised.  Please can you give me a partial refund of 50%.  I am removing your negative review even if you dont.   I found it misleading.  I bought it with the intention it would be Kobi Bryant, as that was how it was advertised.  Why did you remove the Kobe Bryant of the advert after the sale?  It seems all a bit fishy to me, but havent said that I mean no malice so i will remove my bad review of you. Please will you do the same. Would you be williong to offer any sort of refund?  Yes that will be good. How much can you refund?"
2819,buyer," I found it misleading.  I bought it with the intention it would be Kobi Bryant, as that was how it was advertised.  Why did you remove the Kobe Bryant of the advert after the sale?  It seems all a bit fishy to me, but havent said that I mean no malice so i will remove my bad review of you. Please will you do the same. Would you be williong to offer any sort of refund?  Yes that will be good. How much can you refund?  Yes definitely, will you remove your review as well?  I am sorry that i put it on in the first place I just felt let down, but i really appreciate how you have handled this now."
2819,buyer," Yes that will be good. How much can you refund?  Yes definitely, will you remove your review as well?  I am sorry that i put it on in the first place I just felt let down, but i really appreciate how you have handled this now.  Submitted agreement: Buyer gets partial refund, seller retracted their review, buyer retracted their review, seller did apologize, and buyer did apologize."
2819,seller," Oh C'mon, the item description was fully stated right. So it was clearly advertised. Might just be an omission from you  Okay. For business sake. I can do a partial refund. Is that okay  Let's do a partial 50% refund then. I guess you will take retract the bad review"
2819,seller, Okay. For business sake. I can do a partial refund. Is that okay  Let's do a partial 50% refund then. I guess you will take retract the bad review  Yes. I will do that as well. I am sorry as well. We have a deal? 
2819,seller, Let's do a partial 50% refund then. I guess you will take retract the bad review  Yes. I will do that as well. I am sorry as well. We have a deal?   Accept Deal
2820,buyer," Hi, the jersey I received was for the wrong player. It was supposed to be a Kobe Bryant jersey, I need you to refund me as you sent the wrong item.  Ok great, so you will refund me for the jersey?  You sent the wrong item, if you want me to remove my negative review you will have to refund me!"
2820,buyer," Ok great, so you will refund me for the jersey?  You sent the wrong item, if you want me to remove my negative review you will have to refund me!  No, it has to be a Kobe Bryant jersey. It is a gift for my terminally ill nephew. Your listing was clearly for a Kobe Bryant jersey and you sent the wrong one!"
2820,buyer," You sent the wrong item, if you want me to remove my negative review you will have to refund me!  No, it has to be a Kobe Bryant jersey. It is a gift for my terminally ill nephew. Your listing was clearly for a Kobe Bryant jersey and you sent the wrong one!  So a partial refund?"
2820,buyer," No, it has to be a Kobe Bryant jersey. It is a gift for my terminally ill nephew. Your listing was clearly for a Kobe Bryant jersey and you sent the wrong one!  So a partial refund?  Reject Deal"
2820,buyer," So a partial refund?  Reject Deal  Submitted agreement: Buyer gets partial refund, seller retracted their review, buyer retracted their review, seller didn't apologize, and buyer didn't apologize."
2820,seller, Let me help you  No refunds  You can choose another jersey atleast
2820,seller, No refunds  You can choose another jersey atleast  I can help with a free shipping if that's fine with you and a compensation 
2820,seller," You can choose another jersey atleast  I can help with a free shipping if that's fine with you and a compensation   Submitted agreement: Buyer gets no refund, seller retracted their review, buyer kept their review, seller didn't apologize, and buyer did apologize."
2820,seller," I can help with a free shipping if that's fine with you and a compensation   Submitted agreement: Buyer gets no refund, seller retracted their review, buyer kept their review, seller didn't apologize, and buyer did apologize.  Accept Deal"
2821,buyer, Based on the sale of the item please can I have a refund.  The jumper did not have the correct player's name on the back. I do not recognise the player. The jumper was a present for a family member and the player is their idol.  Thank you for your response. I do not neces
2821,buyer," The jumper did not have the correct player's name on the back. I do not recognise the player. The jumper was a present for a family member and the player is their idol.  Thank you for your response. I do not neces  I appreciate that you state it is as advertised however the specific advert was for the named player. I would be willing to remove the advert if a replacement is sent with the Kobe's name. I would remove the review. Alternatively, I would need a refund for the product."
2821,buyer," Thank you for your response. I do not neces  I appreciate that you state it is as advertised however the specific advert was for the named player. I would be willing to remove the advert if a replacement is sent with the Kobe's name. I would remove the review. Alternatively, I would need a refund for the product.  The shirt I purchased has not been worn. As mentioned before it is a present. When it arrived, it had the incorrect name on it. I would be willing to provide proof. I would require a refund or a replacement with Kobe's name on. Secondly the purchased shirt will be returned, I would then remove the review."
2821,buyer," I appreciate that you state it is as advertised however the specific advert was for the named player. I would be willing to remove the advert if a replacement is sent with the Kobe's name. I would remove the review. Alternatively, I would need a refund for the product.  The shirt I purchased has not been worn. As mentioned before it is a present. When it arrived, it had the incorrect name on it. I would be willing to provide proof. I would require a refund or a replacement with Kobe's name on. Secondly the purchased shirt will be returned, I would then remove the review.  Submitted agreement: Buyer gets full refund, seller retracted their review, buyer retracted their review, seller did apologize, and buyer did apologize."
2821,seller," what seems to be the issue?  The Jersey was clearly advertised and still is as generic. This is clearly the case if you recheck the website. The goods are not faulty. If you wish to purchase a specific players shirt, then I am sure I can accommodate that.  I see you have posted a negative review , I kindly request it is removed as My advertising is correct and it would appear you did not check to ensure that the jersey was in a particular players name and not generic as advertised."
2821,seller," The Jersey was clearly advertised and still is as generic. This is clearly the case if you recheck the website. The goods are not faulty. If you wish to purchase a specific players shirt, then I am sure I can accommodate that.  I see you have posted a negative review , I kindly request it is removed as My advertising is correct and it would appear you did not check to ensure that the jersey was in a particular players name and not generic as advertised.  please kindly provide proof that I was falsely advertising. I believe an amicable solution would be for yourself to apologise and remove the negative review and I will consider discounting the price of the now used shirt against the purchase of one with KOBE's name on it."
2821,seller," I see you have posted a negative review , I kindly request it is removed as My advertising is correct and it would appear you did not check to ensure that the jersey was in a particular players name and not generic as advertised.  please kindly provide proof that I was falsely advertising. I believe an amicable solution would be for yourself to apologise and remove the negative review and I will consider discounting the price of the now used shirt against the purchase of one with KOBE's name on it.  It is a gbeneric shirt and has no name on it. It is apparant from your purchasing history, that you have on previous occasions used similar bullying tactics to get refunds and damage sellers reputations. There will be no proof forthcoming from yourself that I advertised the shirt incorrectly as It is clear from I was not at fault and apologise, then a refunds will be forthcoming to resolve this matter."
2821,seller," please kindly provide proof that I was falsely advertising. I believe an amicable solution would be for yourself to apologise and remove the negative review and I will consider discounting the price of the now used shirt against the purchase of one with KOBE's name on it.  It is a gbeneric shirt and has no name on it. It is apparant from your purchasing history, that you have on previous occasions used similar bullying tactics to get refunds and damage sellers reputations. There will be no proof forthcoming from yourself that I advertised the shirt incorrectly as It is clear from I was not at fault and apologise, then a refunds will be forthcoming to resolve this matter.  Accept Deal"
2823,buyer," Hi, the shirt I received was not the one that I ordered. So I would like to receive a refund please.  I ordered a Bryant basketball shirt but received one for another player. I specifically wanted the Bryant shirt so would like a refund as the shirt I received was not the one that I ordered. Thanks   Thanks for your understanding. If that is the case then I'd suggest that the advert is modified to specifically state that fact as otherwise it can be misleading. Any way - can I confirm that you will be able to refund me for this purchase?"
2823,buyer," I ordered a Bryant basketball shirt but received one for another player. I specifically wanted the Bryant shirt so would like a refund as the shirt I received was not the one that I ordered. Thanks   Thanks for your understanding. If that is the case then I'd suggest that the advert is modified to specifically state that fact as otherwise it can be misleading. Any way - can I confirm that you will be able to refund me for this purchase?  That would be great - much appreciated. If your willing to do that then I would see this matter as resolved and will retract my initial negative review, clarifying that after a following discussion that we were able to reach an amicable resolution. In return would you also retract the previous review that you have made of me following our initial communications? Does that seem fair to you?"
2823,buyer," Thanks for your understanding. If that is the case then I'd suggest that the advert is modified to specifically state that fact as otherwise it can be misleading. Any way - can I confirm that you will be able to refund me for this purchase?  That would be great - much appreciated. If your willing to do that then I would see this matter as resolved and will retract my initial negative review, clarifying that after a following discussion that we were able to reach an amicable resolution. In return would you also retract the previous review that you have made of me following our initial communications? Does that seem fair to you?  I surely will. I just wanted to apologise for my comments in our initial exchange and would appreciate if you would apologise for your part in the our initial disagreement. I'm really happy that we were able to reach an agreement. Thanks again."
2823,buyer," That would be great - much appreciated. If your willing to do that then I would see this matter as resolved and will retract my initial negative review, clarifying that after a following discussion that we were able to reach an amicable resolution. In return would you also retract the previous review that you have made of me following our initial communications? Does that seem fair to you?  I surely will. I just wanted to apologise for my comments in our initial exchange and would appreciate if you would apologise for your part in the our initial disagreement. I'm really happy that we were able to reach an agreement. Thanks again.  Submitted agreement: Buyer gets full refund, seller retracted their review, buyer retracted their review, seller did apologize, and buyer did apologize."
2823,seller," Hi, I'm sorry to hear that. What did you order and what did you receive?  I see, I understand. For future reference the shirt ordered didn't have  specific player on the back, but as a Bryant fan myself I can understand your frustration.   I'll have to look at the advert again to make it clearer for future buyers. I'd hate for things to be misleading. I can offer you a refund, and also a short specifically for Bryant if you like? "
2823,seller," I see, I understand. For future reference the shirt ordered didn't have  specific player on the back, but as a Bryant fan myself I can understand your frustration.   I'll have to look at the advert again to make it clearer for future buyers. I'd hate for things to be misleading. I can offer you a refund, and also a short specifically for Bryant if you like?   Of course that's more than fair, I hope you buy from us again. Anything more you need?"
2823,seller," I'll have to look at the advert again to make it clearer for future buyers. I'd hate for things to be misleading. I can offer you a refund, and also a short specifically for Bryant if you like?   Of course that's more than fair, I hope you buy from us again. Anything more you need?  Apologies on my side also. Hope you enjoy the rest of your day!"
2823,seller," Of course that's more than fair, I hope you buy from us again. Anything more you need?  Apologies on my side also. Hope you enjoy the rest of your day!  Accept Deal"
2824,buyer," Hi i would like to receive a refund for the purchase i made  I didnt get what i purchased, i paid $100 for a pair of blue jeans but i received pink ones  Yes not a problem, will send an email with the picture of the pink jeans just, please refund the $100 or i will write a very negative review"
2824,buyer," I didnt get what i purchased, i paid $100 for a pair of blue jeans but i received pink ones  Yes not a problem, will send an email with the picture of the pink jeans just, please refund the $100 or i will write a very negative review  Thats the email sent, I needed the jeans for an event in the coming days, if i wait for the new order, it wont arrive in time unfortunatley. this was your mistake and i did not get what i paid for"
2824,buyer," Yes not a problem, will send an email with the picture of the pink jeans just, please refund the $100 or i will write a very negative review  Thats the email sent, I needed the jeans for an event in the coming days, if i wait for the new order, it wont arrive in time unfortunatley. this was your mistake and i did not get what i paid for  How about i keep the jeans and get $60 back?"
2824,buyer," Thats the email sent, I needed the jeans for an event in the coming days, if i wait for the new order, it wont arrive in time unfortunatley. this was your mistake and i did not get what i paid for  How about i keep the jeans and get $60 back?  Unfortunatlely i can not accept this, i will need to write a negative review"
2824,buyer," How about i keep the jeans and get $60 back?  Unfortunatlely i can not accept this, i will need to write a negative review  Thank you."
2824,buyer," Unfortunatlely i can not accept this, i will need to write a negative review  Thank you.  Accept Deal"
2824,seller, What was the issue sorry?  Could you please send us proof of this as we thoroughly check orders before dispatching  This really isn't necessary. Once we see the email we will send out the correct order as long as you return your
2824,seller, Could you please send us proof of this as we thoroughly check orders before dispatching  This really isn't necessary. Once we see the email we will send out the correct order as long as you return your  I'm really sorry to hear this. Is there anyway you would accept $110 in store credit?
2824,seller, This really isn't necessary. Once we see the email we will send out the correct order as long as you return your  I'm really sorry to hear this. Is there anyway you would accept $110 in store credit?  Unfortunately that wouldn't be possible. We could maybe so $20 dollars back?
2824,seller, I'm really sorry to hear this. Is there anyway you would accept $110 in store credit?  Unfortunately that wouldn't be possible. We could maybe so $20 dollars back?  If indeed we did send the wrong item then it was done as an honest mistake. Send them back and we will process the refund 
2824,seller," Unfortunately that wouldn't be possible. We could maybe so $20 dollars back?  If indeed we did send the wrong item then it was done as an honest mistake. Send them back and we will process the refund   Submitted agreement: Buyer gets full refund, seller retracted their review, buyer retracted their review, seller did apologize, and buyer didn't apologize."
2825,buyer," hello. i would like a refund  because the item that i received does not match up the item that i purchased   i have to disagree with you there, as this is not entirely true. i also see that you have since changed the description of the item. unfortunately, i cannot remove my review as i believe it will serve as a warning to other consumers. some may not find an issue with the differences in the item, but others may be extremely disappointed, just like myself, so i think that it's important that they know before they commit to their purchase"
2825,buyer," because the item that i received does not match up the item that i purchased   i have to disagree with you there, as this is not entirely true. i also see that you have since changed the description of the item. unfortunately, i cannot remove my review as i believe it will serve as a warning to other consumers. some may not find an issue with the differences in the item, but others may be extremely disappointed, just like myself, so i think that it's important that they know before they commit to their purchase  i agree. thank you, i appreciate you meeting me in the middle. i will return the item to you as soon as possible and remove my review shortly after"
2825,buyer," i have to disagree with you there, as this is not entirely true. i also see that you have since changed the description of the item. unfortunately, i cannot remove my review as i believe it will serve as a warning to other consumers. some may not find an issue with the differences in the item, but others may be extremely disappointed, just like myself, so i think that it's important that they know before they commit to their purchase  i agree. thank you, i appreciate you meeting me in the middle. i will return the item to you as soon as possible and remove my review shortly after  apologies to you too, and thank you for your understanding as well"
2825,buyer," i agree. thank you, i appreciate you meeting me in the middle. i will return the item to you as soon as possible and remove my review shortly after  apologies to you too, and thank you for your understanding as well  Accept Deal"
2825,seller," Hi there, may I ask why you would like a refund  according to the information we have on our side the Item sent to you is the item you had requested. I have  also noted you have written a bad review on our business due to this. May  I ask you take this review down and we look at how we can resolve this issue going forward  I think the best way to move forward from this would be to request you to retract your bad review. on our side we will also remove the bad review about you and in turn we send you a refund  as soon as you deliver the item back to us. hopefully this could be a middle ground. "
2825,seller," according to the information we have on our side the Item sent to you is the item you had requested. I have  also noted you have written a bad review on our business due to this. May  I ask you take this review down and we look at how we can resolve this issue going forward  I think the best way to move forward from this would be to request you to retract your bad review. on our side we will also remove the bad review about you and in turn we send you a refund  as soon as you deliver the item back to us. hopefully this could be a middle ground.   thank you for your understanding, i believe this will be good for both our business and your personal reputation. so the final agreement will be full refund, remove bad review of you as our buyer, you retract your review. with that said i would like to apologize for any inconviniences caused on our side and look forward to doing business with you in future"
2825,seller," I think the best way to move forward from this would be to request you to retract your bad review. on our side we will also remove the bad review about you and in turn we send you a refund  as soon as you deliver the item back to us. hopefully this could be a middle ground.   thank you for your understanding, i believe this will be good for both our business and your personal reputation. so the final agreement will be full refund, remove bad review of you as our buyer, you retract your review. with that said i would like to apologize for any inconviniences caused on our side and look forward to doing business with you in future  Submitted agreement: Buyer gets full refund, seller retracted their review, buyer retracted their review, seller did apologize, and buyer did apologize."
2826,buyer," Good morning I would like to request for a refund the product I ordered was incorrect and arrived late  I would gladly return the item I would like would I know the some mistakes would not repeat itself I need to be assured  I can assure the item is in good condition as it was not used I send it back in it's original condition, the reason I need refund it because I need to use the item tomorrow if I agree to your proposal is possible to receive it in 24 hours"
2826,buyer," I would gladly return the item I would like would I know the some mistakes would not repeat itself I need to be assured  I can assure the item is in good condition as it was not used I send it back in it's original condition, the reason I need refund it because I need to use the item tomorrow if I agree to your proposal is possible to receive it in 24 hours  Thank you for the good service, I would wait for the item arrival then the effort you put to solving my problem have change my mind am willing to give it chance hope for good results"
2826,buyer," I can assure the item is in good condition as it was not used I send it back in it's original condition, the reason I need refund it because I need to use the item tomorrow if I agree to your proposal is possible to receive it in 24 hours  Thank you for the good service, I would wait for the item arrival then the effort you put to solving my problem have change my mind am willing to give it chance hope for good results  Submitted agreement: Buyer gets no refund, seller retracted their review, buyer retracted their review, seller did apologize, and buyer did apologize."
2826,seller," Good morningg, we can request a return and have the correct item sent to you.  I apologise for the inconvenience caused. I will make sure that I have the correct  item sent to you at no cost. Upon receiving the incorrect item received in the same condition it was sent.  I had the item checked by the relevant department and will have an express delivery done so that you will receive it within 24 hours."
2826,seller, I apologise for the inconvenience caused. I will make sure that I have the correct  item sent to you at no cost. Upon receiving the incorrect item received in the same condition it was sent.  I had the item checked by the relevant department and will have an express delivery done so that you will receive it within 24 hours.  You are welcome. You will not be disappointed.
2826,seller, I had the item checked by the relevant department and will have an express delivery done so that you will receive it within 24 hours.  You are welcome. You will not be disappointed.  Accept Deal
2827,buyer," I ordered the kobe byrant jersey and received the wrong item, i demand a full refund.  you advertised the kobe jersey and not the item received. Are you going to be so dishonest to rip off a gift for my terminally ill nephew.  Sale can not be final when you are been dishonest, My demand for a full refund remains and l want a formal and public retraction of the bad review plus an apology because you lack good business ethics."
2827,buyer," you advertised the kobe jersey and not the item received. Are you going to be so dishonest to rip off a gift for my terminally ill nephew.  Sale can not be final when you are been dishonest, My demand for a full refund remains and l want a formal and public retraction of the bad review plus an apology because you lack good business ethics.  You are the dishonest party in this case because l would not have ordered if you did not advertise a kobe byrant jersey. I will not be apologising or removing my bad review. The review will stay up to warn other buyers of how unethical you are."
2827,buyer," Sale can not be final when you are been dishonest, My demand for a full refund remains and l want a formal and public retraction of the bad review plus an apology because you lack good business ethics.  You are the dishonest party in this case because l would not have ordered if you did not advertise a kobe byrant jersey. I will not be apologising or removing my bad review. The review will stay up to warn other buyers of how unethical you are.  They might be more expensive but you advertised at a lower price that is why l ordered. You are showing you lack of remorse by mocking me now. Please give me a full refund and retract your bad review as requested earlier. "
2827,buyer," You are the dishonest party in this case because l would not have ordered if you did not advertise a kobe byrant jersey. I will not be apologising or removing my bad review. The review will stay up to warn other buyers of how unethical you are.  They might be more expensive but you advertised at a lower price that is why l ordered. You are showing you lack of remorse by mocking me now. Please give me a full refund and retract your bad review as requested earlier.   No that is not acceptable, a full refund will guarantee that l remove my bad review."
2827,buyer," They might be more expensive but you advertised at a lower price that is why l ordered. You are showing you lack of remorse by mocking me now. Please give me a full refund and retract your bad review as requested earlier.   No that is not acceptable, a full refund will guarantee that l remove my bad review.  Reject Deal"
2827,buyer," No that is not acceptable, a full refund will guarantee that l remove my bad review.  Reject Deal  A full refund from you will be accepted together with retraction and apology as all the fault lie with your now edited advert and the bad reviews were in bad faith because there was no fault on my side."
2827,buyer," Reject Deal  A full refund from you will be accepted together with retraction and apology as all the fault lie with your now edited advert and the bad reviews were in bad faith because there was no fault on my side.  Submitted agreement: Buyer gets full refund, seller retracted their review, buyer retracted their review, seller did apologize, and buyer didn't apologize."
2827,buyer," A full refund from you will be accepted together with retraction and apology as all the fault lie with your now edited advert and the bad reviews were in bad faith because there was no fault on my side.  Submitted agreement: Buyer gets full refund, seller retracted their review, buyer retracted their review, seller did apologize, and buyer didn't apologize.  Reject Deal"
2827,buyer," Submitted agreement: Buyer gets full refund, seller retracted their review, buyer retracted their review, seller did apologize, and buyer didn't apologize.  Reject Deal  Submitted agreement: Buyer gets full refund, seller retracted their review, buyer retracted their review, seller did apologize, and buyer didn't apologize."
2827,seller," But that's what I sent you, why would I give you a refund?  That's a shame, but the sales are marked final  I believe you are lying, you have the correct jersey. I would like you to apologize to me or I will keep the bad review of you up"
2827,seller," That's a shame, but the sales are marked final  I believe you are lying, you have the correct jersey. I would like you to apologize to me or I will keep the bad review of you up  Kobe jerseys are more expensive anyway, you should be lucky"
2827,seller," I believe you are lying, you have the correct jersey. I would like you to apologize to me or I will keep the bad review of you up  Kobe jerseys are more expensive anyway, you should be lucky  OK here's my deal. Partial refund and we both remove our bad reviews and we both apologise"
2827,seller," Kobe jerseys are more expensive anyway, you should be lucky  OK here's my deal. Partial refund and we both remove our bad reviews and we both apologise  Submitted agreement: Buyer gets partial refund, seller retracted their review, buyer retracted their review, seller did apologize, and buyer did apologize."
2827,seller," OK here's my deal. Partial refund and we both remove our bad reviews and we both apologise  Submitted agreement: Buyer gets partial refund, seller retracted their review, buyer retracted their review, seller did apologize, and buyer did apologize.  You clearly have different information to me... I have never edited an advert"
2827,seller," Submitted agreement: Buyer gets partial refund, seller retracted their review, buyer retracted their review, seller did apologize, and buyer did apologize.  You clearly have different information to me... I have never edited an advert  Reject Deal"
2827,seller," You clearly have different information to me... I have never edited an advert  Reject Deal  Submitted agreement: Buyer gets partial refund, seller retracted their review, buyer retracted their review, seller did apologize, and buyer didn't apologize."
2827,seller," Reject Deal  Submitted agreement: Buyer gets partial refund, seller retracted their review, buyer retracted their review, seller did apologize, and buyer didn't apologize.  I Walk Away."
2828,buyer," Hi, I really need the T-shirt I ordered, My nephew isn't doing too well and this has gone too far, please, just give me my money back and end this drama.  Two weeks. I clearly ordered a Kobe Tshirt and you delivered the wrong thing and to make things worse, you went and wrote bad reviews about me and sent the wrong thing.   I made the right order, I'm certain of it. You're also adamant that it's not your fault that we're in this mess, so instead of pointing fingers, don't you think it would be better to give me a refund and cut our losses here? this drama is not benefiting any of us and I really need to get my nephew the right Tshirt before it's too late. please just give me my money, and end this?"
2828,buyer," Two weeks. I clearly ordered a Kobe Tshirt and you delivered the wrong thing and to make things worse, you went and wrote bad reviews about me and sent the wrong thing.   I made the right order, I'm certain of it. You're also adamant that it's not your fault that we're in this mess, so instead of pointing fingers, don't you think it would be better to give me a refund and cut our losses here? this drama is not benefiting any of us and I really need to get my nephew the right Tshirt before it's too late. please just give me my money, and end this?  But It's not. I am sure. My nephew loves Kobe, I looked over 10 stores for a Kobe Tshirt and picked yours because it was cheaper and had a quick delivery. I couldn't have made a mistake  on this. the mistake could've been anywhere but with me. what could be our solution then?"
2828,buyer," I made the right order, I'm certain of it. You're also adamant that it's not your fault that we're in this mess, so instead of pointing fingers, don't you think it would be better to give me a refund and cut our losses here? this drama is not benefiting any of us and I really need to get my nephew the right Tshirt before it's too late. please just give me my money, and end this?  But It's not. I am sure. My nephew loves Kobe, I looked over 10 stores for a Kobe Tshirt and picked yours because it was cheaper and had a quick delivery. I couldn't have made a mistake  on this. the mistake could've been anywhere but with me. what could be our solution then?  send me a Kobe Tshirt then, exchange."
2828,buyer," But It's not. I am sure. My nephew loves Kobe, I looked over 10 stores for a Kobe Tshirt and picked yours because it was cheaper and had a quick delivery. I couldn't have made a mistake  on this. the mistake could've been anywhere but with me. what could be our solution then?  send me a Kobe Tshirt then, exchange.  No, I ordered two weeks ago and it arrived now."
2828,buyer," send me a Kobe Tshirt then, exchange.  No, I ordered two weeks ago and it arrived now.  exchange the tshirt or give me a partial refund. you need to come up with a solution, it's your business, your mistake, why should i be the one suffering?"
2828,buyer," No, I ordered two weeks ago and it arrived now.  exchange the tshirt or give me a partial refund. you need to come up with a solution, it's your business, your mistake, why should i be the one suffering?  Submitted agreement: Buyer gets partial refund, seller retracted their review, buyer retracted their review, seller did apologize, and buyer did apologize."
2828,seller," How long has it been since you ordered the T-shirt, please?  There must be a  mix up somewhere, I am sure we sent out your order and nothing else. The review is because I did not mess with your order, I have no idea how that is my fault.   firstly, I am sorry we are in this mess right now. The thing here is that we don't do refunds that is why I am sure we sent out the right package. We triple check to be sure it is the right package we are sending out before it is sent. I am not saying we can't make mistakes, I am saying what I the fault was rom you?"
2828,seller," There must be a  mix up somewhere, I am sure we sent out your order and nothing else. The review is because I did not mess with your order, I have no idea how that is my fault.   firstly, I am sorry we are in this mess right now. The thing here is that we don't do refunds that is why I am sure we sent out the right package. We triple check to be sure it is the right package we are sending out before it is sent. I am not saying we can't make mistakes, I am saying what I the fault was rom you?  Like I said, we don't do refunds, so I don't have a clue of what we should do right now. "
2828,seller," firstly, I am sorry we are in this mess right now. The thing here is that we don't do refunds that is why I am sure we sent out the right package. We triple check to be sure it is the right package we are sending out before it is sent. I am not saying we can't make mistakes, I am saying what I the fault was rom you?  Like I said, we don't do refunds, so I don't have a clue of what we should do right now.   You have had the other for 2 weeks, haven't you? It just doesn't work like that, I'm sorry."
2828,seller," Like I said, we don't do refunds, so I don't have a clue of what we should do right now.   You have had the other for 2 weeks, haven't you? It just doesn't work like that, I'm sorry.  Due to the fact that we don't do refunds, what do you want me to do now?"
2828,seller," You have had the other for 2 weeks, haven't you? It just doesn't work like that, I'm sorry.  Due to the fact that we don't do refunds, what do you want me to do now?  In as much as it is my business and I will be the one to blamed, I am also sure you made a mistake even i you don't want to agree to it. I will offer a partial reund."
2828,seller," Due to the fact that we don't do refunds, what do you want me to do now?  In as much as it is my business and I will be the one to blamed, I am also sure you made a mistake even i you don't want to agree to it. I will offer a partial reund.  Accept Deal"
2832,buyer," I need you to take down the review you made about me on the site or i will slander your business to the last   I will have your jersey sent back to you and you will refund me. It is not what i ordered for so you have to refund me. I will take down the post i made about you and you will take down what you posted about me so we all go our way.  I cannot apologize to the buyer,the buyer is meant to apologize to me for giving me a wrong product, calling me all sorts of names and slandering me on the site."
2832,buyer," I will have your jersey sent back to you and you will refund me. It is not what i ordered for so you have to refund me. I will take down the post i made about you and you will take down what you posted about me so we all go our way.  I cannot apologize to the buyer,the buyer is meant to apologize to me for giving me a wrong product, calling me all sorts of names and slandering me on the site.  I will get a full refund after returning thr jersey. Then, the seller will take down their review about me and apologize to me before i take down the review i posted about them."
2832,buyer," I cannot apologize to the buyer,the buyer is meant to apologize to me for giving me a wrong product, calling me all sorts of names and slandering me on the site.  I will get a full refund after returning thr jersey. Then, the seller will take down their review about me and apologize to me before i take down the review i posted about them.  Alright, i shall finalize the deal then"
2832,buyer," I will get a full refund after returning thr jersey. Then, the seller will take down their review about me and apologize to me before i take down the review i posted about them.  Alright, i shall finalize the deal then  Reject Deal"
2832,buyer," Alright, i shall finalize the deal then  Reject Deal  Submitted agreement: Buyer gets full refund, seller retracted their review, buyer retracted their review, seller did apologize, and buyer didn't apologize."
2832,seller," RATHER OFFER A REFUND ,   YES AND APPOLOGIZE TO THE BUYER , THIS WILL KEEP A GOOD RELASHIONSHIP   OKAY THAT MAKES SENSE SO WWHAT IS YOUUR FANAL ANSWERS"
2832,seller," YES AND APPOLOGIZE TO THE BUYER , THIS WILL KEEP A GOOD RELASHIONSHIP   OKAY THAT MAKES SENSE SO WWHAT IS YOUUR FANAL ANSWERS  OKAY LETS GGO WITH THAT"
2832,seller," OKAY THAT MAKES SENSE SO WWHAT IS YOUUR FANAL ANSWERS  OKAY LETS GGO WITH THAT  Submitted agreement: Buyer gets full refund, seller retracted their review, buyer retracted their review, seller didn't apologize, and buyer did apologize."
2832,seller," OKAY LETS GGO WITH THAT  Submitted agreement: Buyer gets full refund, seller retracted their review, buyer retracted their review, seller didn't apologize, and buyer did apologize.  Accept Deal"
2835,buyer," Hi, I got a wrong package   I received a replica of the LA Lakers Basketball Championship jersey instead of the jersey Kobe Bryant used for his last championship.  Sure, I understand, but what was sent was a replica of the LA Lakers Basketball Championship jersey. I would like to return the item and get what I initially ordered for."
2835,buyer," I received a replica of the LA Lakers Basketball Championship jersey instead of the jersey Kobe Bryant used for his last championship.  Sure, I understand, but what was sent was a replica of the LA Lakers Basketball Championship jersey. I would like to return the item and get what I initially ordered for.  I would be pleased to receive a replica of the Kobe Bryant jersey worn in his last championship game."
2835,buyer," Sure, I understand, but what was sent was a replica of the LA Lakers Basketball Championship jersey. I would like to return the item and get what I initially ordered for.  I would be pleased to receive a replica of the Kobe Bryant jersey worn in his last championship game.  The Kobe Bryant jersey is a specific player's jersey and not just any other LA Lakers Basketball Championship team player's jersey."
2835,buyer," I would be pleased to receive a replica of the Kobe Bryant jersey worn in his last championship game.  The Kobe Bryant jersey is a specific player's jersey and not just any other LA Lakers Basketball Championship team player's jersey.  I don't even know this player, never heard of him."
2835,buyer," The Kobe Bryant jersey is a specific player's jersey and not just any other LA Lakers Basketball Championship team player's jersey.  I don't even know this player, never heard of him.  "
2835,buyer," I don't even know this player, never heard of him.    John Celestand"
2835,buyer,"   John Celestand  Exactly my point, I did not order for this jersey and I do not know why I received a package I did not place an order for. If it is not possible to return it and get a refund, it is fine, I'll just keep it in my closet. "
2835,buyer," John Celestand  Exactly my point, I did not order for this jersey and I do not know why I received a package I did not place an order for. If it is not possible to return it and get a refund, it is fine, I'll just keep it in my closet.   Thank you for your time. "
2835,buyer," Exactly my point, I did not order for this jersey and I do not know why I received a package I did not place an order for. If it is not possible to return it and get a refund, it is fine, I'll just keep it in my closet.   Thank you for your time.   Accept Deal"
2835,seller," Hi, sorry to hear that, could you advise which item you received  We apologise for any confusion, but it is stated on our website that this is a replica item and not the original item worn by Kobe Bryant  Could you clarify as we provided you with a jersey for the correct team. Which other item would you like to receive"
2835,seller," We apologise for any confusion, but it is stated on our website that this is a replica item and not the original item worn by Kobe Bryant  Could you clarify as we provided you with a jersey for the correct team. Which other item would you like to receive  Could you advise how this would differ from the item which you have received?"
2835,seller, Could you clarify as we provided you with a jersey for the correct team. Which other item would you like to receive  Could you advise how this would differ from the item which you have received?  Which player's jersey have you received?
2835,seller, Could you advise how this would differ from the item which you have received?  Which player's jersey have you received?  Could you advise of the name on the jersey?
2835,seller," Which player's jersey have you received?  Could you advise of the name on the jersey?  I apologise if I wasn't clear, I meant the name of the player that is printed on the jersey"
2835,seller," Could you advise of the name on the jersey?  I apologise if I wasn't clear, I meant the name of the player that is printed on the jersey  That is not possible, as we do not stock this players jersey. He was not a member of the championship team with Kobe Bryant"
2835,seller," I apologise if I wasn't clear, I meant the name of the player that is printed on the jersey  That is not possible, as we do not stock this players jersey. He was not a member of the championship team with Kobe Bryant  I apologise for any inconvenience caused, if you are happy to keep the item, I hope you enjoy it!"
2835,seller," That is not possible, as we do not stock this players jersey. He was not a member of the championship team with Kobe Bryant  I apologise for any inconvenience caused, if you are happy to keep the item, I hope you enjoy it!  Submitted agreement: Buyer gets no refund, seller retracted their review, buyer retracted their review, seller didn't apologize, and buyer didn't apologize."
2837,buyer, i want a refund on a damaged parcel  thank you for swift response parcel number 234567 came in with a broken handle  i will appreciate it if this is sorted out immediately. thank you
2837,buyer, thank you for swift response parcel number 234567 came in with a broken handle  i will appreciate it if this is sorted out immediately. thank you  i will like to receive 75% of the amount i paid
2837,buyer," i will appreciate it if this is sorted out immediately. thank you  i will like to receive 75% of the amount i paid  yes, fair enough. thank you"
2837,buyer," i will like to receive 75% of the amount i paid  yes, fair enough. thank you  Submitted agreement: Buyer gets partial refund, seller retracted their review, buyer retracted their review, seller did apologize, and buyer didn't apologize."
2837,seller," I'm sorry to hear your parcel arrived damaged! Can you please provide your order number and a few details about the damage so I can investigate?  Thanks for letting me know. I'll look into order #234567 and the broken handle. I'll get back to you with a solution as soon as I can.  I've reviewed your order and understand the broken handle is a problem. I'm happy to offer a partial refund for the inconvenience. Please let me know what amount you'd like to be refunded, and I'll process it right away."
2837,seller," Thanks for letting me know. I'll look into order #234567 and the broken handle. I'll get back to you with a solution as soon as I can.  I've reviewed your order and understand the broken handle is a problem. I'm happy to offer a partial refund for the inconvenience. Please let me know what amount you'd like to be refunded, and I'll process it right away.  I understand your request for a 75% refund, but unfortunately, I can only offer a 50% refund for this situation. It's a fair compromise considering the handle is the only damaged part. Would you be open to that?"
2837,seller," I've reviewed your order and understand the broken handle is a problem. I'm happy to offer a partial refund for the inconvenience. Please let me know what amount you'd like to be refunded, and I'll process it right away.  I understand your request for a 75% refund, but unfortunately, I can only offer a 50% refund for this situation. It's a fair compromise considering the handle is the only damaged part. Would you be open to that?  Great! I've processed a 50% refund for you. You should see it reflected in your account within 3 business days. Thanks for your understanding!"
2837,seller," I understand your request for a 75% refund, but unfortunately, I can only offer a 50% refund for this situation. It's a fair compromise considering the handle is the only damaged part. Would you be open to that?  Great! I've processed a 50% refund for you. You should see it reflected in your account within 3 business days. Thanks for your understanding!  Accept Deal"
2846,buyer," Hi, I'm really disappointed in the service received. I was sent the wrong item  Will I receive a full refund once the item has been sent back to me?  Thank you, I would also appreciate if the bad review left for me could be retracted?"
2846,buyer," Will I receive a full refund once the item has been sent back to me?  Thank you, I would also appreciate if the bad review left for me could be retracted?  Thank you, just to confirm once you have the item back to you the bad review will be deleted and I will receive a full refund for the incorrect item sent?"
2846,buyer," Thank you, I would also appreciate if the bad review left for me could be retracted?  Thank you, just to confirm once you have the item back to you the bad review will be deleted and I will receive a full refund for the incorrect item sent?  I am unsure about doing that just because it was your error for sending the incorrect item out. I hope you can understand this was really important for me as the item was a present for my terminally ill nephew. "
2846,buyer," Thank you, just to confirm once you have the item back to you the bad review will be deleted and I will receive a full refund for the incorrect item sent?  I am unsure about doing that just because it was your error for sending the incorrect item out. I hope you can understand this was really important for me as the item was a present for my terminally ill nephew.   Yes I would be happy to do that for you"
2846,buyer," I am unsure about doing that just because it was your error for sending the incorrect item out. I hope you can understand this was really important for me as the item was a present for my terminally ill nephew.   Yes I would be happy to do that for you  Yes I agree, thank you"
2846,buyer," Yes I would be happy to do that for you  Yes I agree, thank you  Accept Deal"
2846,seller," I can only apologise, can you please return the wrong item and we will then send out the correct item  providing it is in the original packaging and is unopened and in a resalable condition.  When we receive the wrong item back and are able to confirm that it was our error in sending the wrong item, then yes we will retract the bad review. "
2846,seller," providing it is in the original packaging and is unopened and in a resalable condition.  When we receive the wrong item back and are able to confirm that it was our error in sending the wrong item, then yes we will retract the bad review.   Yes that's correct.  Can you also remove the bad review you left?"
2846,seller," When we receive the wrong item back and are able to confirm that it was our error in sending the wrong item, then yes we will retract the bad review.   Yes that's correct.  Can you also remove the bad review you left?  ok can you leave a subsequent review to say that we rectified the error to your satisfaction?"
2846,seller, Yes that's correct.  Can you also remove the bad review you left?  ok can you leave a subsequent review to say that we rectified the error to your satisfaction?  ok great thank you for your understanding.  Do you agree that we have reached an agreement?
2846,seller," ok can you leave a subsequent review to say that we rectified the error to your satisfaction?  ok great thank you for your understanding.  Do you agree that we have reached an agreement?  Submitted agreement: Buyer gets full refund, seller retracted their review, buyer kept their review, seller did apologize, and buyer didn't apologize."
2848,buyer, I would like a full refund on the item as it was not what was advertised or what I paid for.  Your website clearly stated it was a Kobe Bryant shirt and that is the reason I bought it.  I wouldn't have purchased it if it was not specifically a Kobe Bryant shirt.  It was 100% advertised as Kobe Bryant.  I was looking for that as it was a gift for a relative.  I'm willing to remove my negative review if I receive a full refund.
2848,buyer, Your website clearly stated it was a Kobe Bryant shirt and that is the reason I bought it.  I wouldn't have purchased it if it was not specifically a Kobe Bryant shirt.  It was 100% advertised as Kobe Bryant.  I was looking for that as it was a gift for a relative.  I'm willing to remove my negative review if I receive a full refund.  The advert for the shirt has changed since my purchase.  I will remove my negative review but it has to be a full refund.  I understand mistakes can happen.  Lets be reasonable with each other and move on.
2848,buyer," It was 100% advertised as Kobe Bryant.  I was looking for that as it was a gift for a relative.  I'm willing to remove my negative review if I receive a full refund.  The advert for the shirt has changed since my purchase.  I will remove my negative review but it has to be a full refund.  I understand mistakes can happen.  Lets be reasonable with each other and move on.  Submitted agreement: Buyer gets full refund, seller retracted their review, buyer retracted their review, seller did apologize, and buyer did apologize."
2848,seller," It was advertised as not being linked to any particular player so I am confused as to why I should offer a refund  I am sure that it advertised as being a Laker's shirt, not specifically any player  The advert was not for a specific player, and you can check this now, it remains the case however I am happy to give you a partial refund for your upset if you remove the review"
2848,seller," I am sure that it advertised as being a Laker's shirt, not specifically any player  The advert was not for a specific player, and you can check this now, it remains the case however I am happy to give you a partial refund for your upset if you remove the review  okay"
2848,seller," The advert was not for a specific player, and you can check this now, it remains the case however I am happy to give you a partial refund for your upset if you remove the review  okay  Accept Deal"
2849,buyer," Hi there, I need to have a refund and your bad review redacted as you supplied the wrong item as advertised when I bought it  That's fine I can return the item to you so long as it's refunded. If this is done I can remove my bad review and you can remove the bad review of me as it will be resolved by then.  Will you remove the bad review of me as well? It's important that my account is in good stnading."
2849,buyer, That's fine I can return the item to you so long as it's refunded. If this is done I can remove my bad review and you can remove the bad review of me as it will be resolved by then.  Will you remove the bad review of me as well? It's important that my account is in good stnading.  It will be returned but I would like a commitment from you saying you will remove the bad review and then I will do the same. There is no use of them as you will have the item returned and I will be refunded.
2849,buyer," Will you remove the bad review of me as well? It's important that my account is in good stnading.  It will be returned but I would like a commitment from you saying you will remove the bad review and then I will do the same. There is no use of them as you will have the item returned and I will be refunded.  Submitted agreement: Buyer gets full refund, seller retracted their review, buyer retracted their review, seller didn't apologize, and buyer didn't apologize."
2849,seller," I'm sorry to hear that you have received the wrong item but you will need to return the wrong item first to receive a refund  Yes that would be perfectly fine, you need to return the item within the next 2 weeks and undamaged  We can discuss that when the item has been returned"
2849,seller," Yes that would be perfectly fine, you need to return the item within the next 2 weeks and undamaged  We can discuss that when the item has been returned  Yes I agree to remove it as long as there is no other problems and the wrong item it send back in a timely manner and is in the condition sent"
2849,seller, We can discuss that when the item has been returned  Yes I agree to remove it as long as there is no other problems and the wrong item it send back in a timely manner and is in the condition sent  Accept Deal
2851,buyer," Hello, I really need a refund as the product wasnt as described, my terminally ill nephew is gutted and I really want him to have the correct item  This really isn't good, I am unable to source the correct item again and this leaves my nephew devastated, as a good will gesture, please could you refund on this occasion? I would remove the negative review and swap this for a positive one   The listing clearly stated it was a Kobe VBryant jersey however this has been removed from the listing since. This is dishonest. I took a screenshot of the listing which proves this adn will have no chose but to raise a formal complaint and a chargeback from my bank. I would like to avoid this where possible as you are a human with feelings and can surely sympathise with my terminally ill nephew?"
2851,buyer," This really isn't good, I am unable to source the correct item again and this leaves my nephew devastated, as a good will gesture, please could you refund on this occasion? I would remove the negative review and swap this for a positive one   The listing clearly stated it was a Kobe VBryant jersey however this has been removed from the listing since. This is dishonest. I took a screenshot of the listing which proves this adn will have no chose but to raise a formal complaint and a chargeback from my bank. I would like to avoid this where possible as you are a human with feelings and can surely sympathise with my terminally ill nephew?  Either way, you will be forced to refund with the evidence I have (screenshot) my bank will force through a chargeback... surely you wish to avoid this and risk your selling profile? A refund and a positive review is better than risking your whole sellers account being removed? Have a heart?"
2851,buyer," The listing clearly stated it was a Kobe VBryant jersey however this has been removed from the listing since. This is dishonest. I took a screenshot of the listing which proves this adn will have no chose but to raise a formal complaint and a chargeback from my bank. I would like to avoid this where possible as you are a human with feelings and can surely sympathise with my terminally ill nephew?  Either way, you will be forced to refund with the evidence I have (screenshot) my bank will force through a chargeback... surely you wish to avoid this and risk your selling profile? A refund and a positive review is better than risking your whole sellers account being removed? Have a heart?  I would be willing to drop the chargeback if you will remove the review of me as agreed, I will keep my negative review of you and would like an apology. This is the best I can agree to given the hassle of a resale"
2851,buyer," Either way, you will be forced to refund with the evidence I have (screenshot) my bank will force through a chargeback... surely you wish to avoid this and risk your selling profile? A refund and a positive review is better than risking your whole sellers account being removed? Have a heart?  I would be willing to drop the chargeback if you will remove the review of me as agreed, I will keep my negative review of you and would like an apology. This is the best I can agree to given the hassle of a resale  Accept Deal"
2851,seller," Hi there, unfortuately the terms of the sale were explicit in that there are no refunds offered.  I do understand this may be frustrating but as there was no error in the listing, I can't offer a refund in this instance.  In this instance I would be happy to remove the negative review I've left you and issue a formal apology  I wouldn't expect you to leave a positive review given the experience you've had wasn't a positive one for you. I can see from previous reviews left for you that it appears you've had similar incidents in the past.  We don't offer any option to choose a specific player jersey so there shouldn't have been any confusion.  I can't make an exception in this instance- perhaps if the item was damaged or had some flaw but that isn't the case  Whilst I do sympathise with your nephews situation, it's tragic, it isn't a valid reason to offer a refund.  Upon reviewing the invoice for the sale I can clearly see there is no specific player mentioned so I am confident there has been no miscommunication or deception.  I can direct you to the methods to raise a formal complaint if that's what you'd like to do but the outcome will be the same as our policy is clear. "
2851,seller," I wouldn't expect you to leave a positive review given the experience you've had wasn't a positive one for you. I can see from previous reviews left for you that it appears you've had similar incidents in the past.  We don't offer any option to choose a specific player jersey so there shouldn't have been any confusion.  I can't make an exception in this instance- perhaps if the item was damaged or had some flaw but that isn't the case  Whilst I do sympathise with your nephews situation, it's tragic, it isn't a valid reason to offer a refund.  Upon reviewing the invoice for the sale I can clearly see there is no specific player mentioned so I am confident there has been no miscommunication or deception.  I can direct you to the methods to raise a formal complaint if that's what you'd like to do but the outcome will be the same as our policy is clear.   I am confident we haven't misrepresented our listing- I would be keen to see this screenshot as there is no evidence of any missale.  In the instane of a chargeback, a thorough investigation is completed which would include a review of the reciept/invoice which is very clear in terms of what was purchased.  Ofcourse if you feel this is the right thing to do, that's your right to exercise.  I would suggest if you are unhappy with the jersey you could consider reselling it. "
2851,seller," Whilst I do sympathise with your nephews situation, it's tragic, it isn't a valid reason to offer a refund.  Upon reviewing the invoice for the sale I can clearly see there is no specific player mentioned so I am confident there has been no miscommunication or deception.  I can direct you to the methods to raise a formal complaint if that's what you'd like to do but the outcome will be the same as our policy is clear.   I am confident we haven't misrepresented our listing- I would be keen to see this screenshot as there is no evidence of any missale.  In the instane of a chargeback, a thorough investigation is completed which would include a review of the reciept/invoice which is very clear in terms of what was purchased.  Ofcourse if you feel this is the right thing to do, that's your right to exercise.  I would suggest if you are unhappy with the jersey you could consider reselling it.   Submitted agreement: Buyer gets no refund, seller retracted their review, buyer kept their review, seller did apologize, and buyer didn't apologize."
2852,buyer, Hello I received the wrong jersey from  your site I'm not happy one bit   That's not right i ordered a specific Kobe Bryan one   I looked multiple times and I definitely purchased it I'm getting stressed over this
2852,buyer, That's not right i ordered a specific Kobe Bryan one   I looked multiple times and I definitely purchased it I'm getting stressed over this  That works
2852,buyer, I looked multiple times and I definitely purchased it I'm getting stressed over this  That works  I think i would prefer a refund
2852,buyer," That works  I think i would prefer a refund  Submitted agreement: Buyer gets full refund, seller retracted their review, buyer retracted their review, seller didn't apologize, and buyer didn't apologize."
2852,seller," Hi, on our website it is stated we dont give specific jersey  I assure you, you can look through the description  Relax, we can come to a solution. I can offer you a swap"
2852,seller," I assure you, you can look through the description  Relax, we can come to a solution. I can offer you a swap  okay can you retract your bad review"
2852,seller," Relax, we can come to a solution. I can offer you a swap  okay can you retract your bad review  okay"
2852,seller, okay can you retract your bad review  okay  Accept Deal
2853,seller," Hi I am sorry to hear that you were unhappy with your order  Yes I understand that, I have checked your order records and unfortunately it does not say that you ordered the Kobe Bryant jersey, we actually are sold out of this jersey and have been for the last few months.  My sincere apologies that the website is not up to date, I will sort that out as soon as possible, and sorry this has misled you. Bceause your order does not state that you chose the Kobe Bryant jersey it is company policy that I cannot offer you a full refund. I will ask my manager if we could come to a deal arrangement as I realise this is a stressful situation."
2853,seller," Yes I understand that, I have checked your order records and unfortunately it does not say that you ordered the Kobe Bryant jersey, we actually are sold out of this jersey and have been for the last few months.  My sincere apologies that the website is not up to date, I will sort that out as soon as possible, and sorry this has misled you. Bceause your order does not state that you chose the Kobe Bryant jersey it is company policy that I cannot offer you a full refund. I will ask my manager if we could come to a deal arrangement as I realise this is a stressful situation.  I have just spoken to my manager now, and she has said due to the stress this has caused you and the item showing as available on the website we could offer you a buy one get one free deal and early access to the Kobe Bryant jersey as soon as it is back in stock?"
2853,seller," My sincere apologies that the website is not up to date, I will sort that out as soon as possible, and sorry this has misled you. Bceause your order does not state that you chose the Kobe Bryant jersey it is company policy that I cannot offer you a full refund. I will ask my manager if we could come to a deal arrangement as I realise this is a stressful situation.  I have just spoken to my manager now, and she has said due to the stress this has caused you and the item showing as available on the website we could offer you a buy one get one free deal and early access to the Kobe Bryant jersey as soon as it is back in stock?  No problem, yes so the jersey will be available in no more than a week and we will email you as soon as it is back in stock. You will also be emailed a code where you can buy this jersey and get another jersey for free, how does that sound?"
2853,seller," I have just spoken to my manager now, and she has said due to the stress this has caused you and the item showing as available on the website we could offer you a buy one get one free deal and early access to the Kobe Bryant jersey as soon as it is back in stock?  No problem, yes so the jersey will be available in no more than a week and we will email you as soon as it is back in stock. You will also be emailed a code where you can buy this jersey and get another jersey for free, how does that sound?  I am afraid that it is company policy that as you did not add the Kobe Bryant jersey to your basket (as per your order record) that I cannot give you a refund for this item I am really sorry. You could try and sell the item on a website such as vinted? And would gain much of the money back from this which you can put towards the new jersey"
2853,seller," No problem, yes so the jersey will be available in no more than a week and we will email you as soon as it is back in stock. You will also be emailed a code where you can buy this jersey and get another jersey for free, how does that sound?  I am afraid that it is company policy that as you did not add the Kobe Bryant jersey to your basket (as per your order record) that I cannot give you a refund for this item I am really sorry. You could try and sell the item on a website such as vinted? And would gain much of the money back from this which you can put towards the new jersey  Your order shows me that you did not choose the KB jersey but instead that you chose the jersey you received, no other consumer has raised this as a problem so I am sorry but policy rules must be followed here"
2853,seller," I am afraid that it is company policy that as you did not add the Kobe Bryant jersey to your basket (as per your order record) that I cannot give you a refund for this item I am really sorry. You could try and sell the item on a website such as vinted? And would gain much of the money back from this which you can put towards the new jersey  Your order shows me that you did not choose the KB jersey but instead that you chose the jersey you received, no other consumer has raised this as a problem so I am sorry but policy rules must be followed here  Can you show me proof of your order confirmation"
2853,seller," Your order shows me that you did not choose the KB jersey but instead that you chose the jersey you received, no other consumer has raised this as a problem so I am sorry but policy rules must be followed here  Can you show me proof of your order confirmation  Yes please send it into this chat"
2853,seller," Can you show me proof of your order confirmation  Yes please send it into this chat  I am afraid this does not show me your official order therefore I am unable to process the refund, if you can provide the original order receipt then we can process the refund otherwise I am sorry but there is nothing more I can do for you"
2853,seller," Yes please send it into this chat  I am afraid this does not show me your official order therefore I am unable to process the refund, if you can provide the original order receipt then we can process the refund otherwise I am sorry but there is nothing more I can do for you  Okay I am going to have to end the conversation as I do not have an email address to provide you"
2854,buyer, Hi i would request a full refund for the product you sent as it was simply not what was ordered.  I ordered a Kobe Bryant replica shirt for my terminally ill nephew and you  sent a jersey for a different player that he does not know  The only reason for that is that you have changed the website since i first ordered. I have used this website many times without issue and this is the first problem i have had. For the sake of future business and common decency please agree to the refund for me.
2854,buyer, I ordered a Kobe Bryant replica shirt for my terminally ill nephew and you  sent a jersey for a different player that he does not know  The only reason for that is that you have changed the website since i first ordered. I have used this website many times without issue and this is the first problem i have had. For the sake of future business and common decency please agree to the refund for me.  Absolutely not as i know what i purchased and can prove that too as I have a screen shot of the website when i ordered the item.. This is such a small amount of money to you so to be so awkward with a loyal customer such as me is terrible. However if i need to get trading standards involved I will so if you are willing to tarnish your reputation over such a small sum please go ahead. Im sure once they get involved your company will be anxious to resolve the issue but by that time it will be too late. So please provide a full refund now.
2854,buyer, The only reason for that is that you have changed the website since i first ordered. I have used this website many times without issue and this is the first problem i have had. For the sake of future business and common decency please agree to the refund for me.  Absolutely not as i know what i purchased and can prove that too as I have a screen shot of the website when i ordered the item.. This is such a small amount of money to you so to be so awkward with a loyal customer such as me is terrible. However if i need to get trading standards involved I will so if you are willing to tarnish your reputation over such a small sum please go ahead. Im sure once they get involved your company will be anxious to resolve the issue but by that time it will be too late. So please provide a full refund now.  That great thank you i will now proceed to return the item
2854,buyer, Absolutely not as i know what i purchased and can prove that too as I have a screen shot of the website when i ordered the item.. This is such a small amount of money to you so to be so awkward with a loyal customer such as me is terrible. However if i need to get trading standards involved I will so if you are willing to tarnish your reputation over such a small sum please go ahead. Im sure once they get involved your company will be anxious to resolve the issue but by that time it will be too late. So please provide a full refund now.  That great thank you i will now proceed to return the item  Yes that sounds entirely reasonable so lets proceed on that basis. Furthermore now the issues is resolved how about we apologise to each other and simply move on
2854,buyer," That great thank you i will now proceed to return the item  Yes that sounds entirely reasonable so lets proceed on that basis. Furthermore now the issues is resolved how about we apologise to each other and simply move on  Submitted agreement: Buyer gets full refund, seller retracted their review, buyer retracted their review, seller did apologize, and buyer did apologize."
2854,seller," Hi there, canIask what the difference was between what was expected and what was received?   I'm sorry to hear about your nephew's health, this must be a hard time for your family. Checking the product description I can see it states that this item isn't for a specific player but rather a team shirt  I understand your strong feelings due to your nephew's health but I can assure you there have been no changes to the website and I would be able to send proof of this if needed.  We have never stocked an individual Kobe Bryant shirt. I'm not able to offer a full refund in this case but I would be able to exchange this shirt for another item your nephew would enjoy more with no postage costs to yourself. Would this be a ood enough resolution? "
2854,seller," I'm sorry to hear about your nephew's health, this must be a hard time for your family. Checking the product description I can see it states that this item isn't for a specific player but rather a team shirt  I understand your strong feelings due to your nephew's health but I can assure you there have been no changes to the website and I would be able to send proof of this if needed.  We have never stocked an individual Kobe Bryant shirt. I'm not able to offer a full refund in this case but I would be able to exchange this shirt for another item your nephew would enjoy more with no postage costs to yourself. Would this be a ood enough resolution?   I'm not able to refund the money to you whilst you keep the item and I can assure you that we have never changed the website and will be able to prove this with timestamped records. However I empathise with your situation and wouldn't want to add more stress to your family. If you are able to return the shirt to us I will be able to process the refund bak to the card it was paid with."
2854,seller, I understand your strong feelings due to your nephew's health but I can assure you there have been no changes to the website and I would be able to send proof of this if needed.  We have never stocked an individual Kobe Bryant shirt. I'm not able to offer a full refund in this case but I would be able to exchange this shirt for another item your nephew would enjoy more with no postage costs to yourself. Would this be a ood enough resolution?   I'm not able to refund the money to you whilst you keep the item and I can assure you that we have never changed the website and will be able to prove this with timestamped records. However I empathise with your situation and wouldn't want to add more stress to your family. If you are able to return the shirt to us I will be able to process the refund bak to the card it was paid with.  As we have have reached an agreement and to avoid further stress and bad name on either sides can I ask that we both remove negative reviews about the other? Ifeel we are both reasonable people on either sides of an issue where we believe we are right and feel in the spirit of good will this issue could be put to bed. Does that sound reasonable to you?
2854,seller," I'm not able to refund the money to you whilst you keep the item and I can assure you that we have never changed the website and will be able to prove this with timestamped records. However I empathise with your situation and wouldn't want to add more stress to your family. If you are able to return the shirt to us I will be able to process the refund bak to the card it was paid with.  As we have have reached an agreement and to avoid further stress and bad name on either sides can I ask that we both remove negative reviews about the other? Ifeel we are both reasonable people on either sides of an issue where we believe we are right and feel in the spirit of good will this issue could be put to bed. Does that sound reasonable to you?  That's great to hear, I'm glad we could discuss this and come to an agreement. Absoloutley, I apologise for any undue stress and upset this has cause you and your family in this difficult time and I would liek to extend my personal thoughts and that of our whole team for your nephew. "
2854,seller," As we have have reached an agreement and to avoid further stress and bad name on either sides can I ask that we both remove negative reviews about the other? Ifeel we are both reasonable people on either sides of an issue where we believe we are right and feel in the spirit of good will this issue could be put to bed. Does that sound reasonable to you?  That's great to hear, I'm glad we could discuss this and come to an agreement. Absoloutley, I apologise for any undue stress and upset this has cause you and your family in this difficult time and I would liek to extend my personal thoughts and that of our whole team for your nephew.   Accept Deal"
2855,buyer," hello, I am hoping we can come to an agreement quickly, if you are already aware of the issue  why is that   then I would like to make a return, given that the item is not as described, Partial compensation is an option "
2855,buyer," why is that   then I would like to make a return, given that the item is not as described, Partial compensation is an option   a reasonable compromise would be some sort of compensation and I can change my review about the service because as it stands, it is my honst opinion on your customer service and business practices"
2855,buyer," then I would like to make a return, given that the item is not as described, Partial compensation is an option   a reasonable compromise would be some sort of compensation and I can change my review about the service because as it stands, it is my honst opinion on your customer service and business practices  thank you, I am willing to take down the comment, however  I would appreciate mutual apologies for the language used "
2855,buyer," a reasonable compromise would be some sort of compensation and I can change my review about the service because as it stands, it is my honst opinion on your customer service and business practices  thank you, I am willing to take down the comment, however  I would appreciate mutual apologies for the language used   as well as take down your bad review of me, thank you for cooperating "
2855,buyer," thank you, I am willing to take down the comment, however  I would appreciate mutual apologies for the language used   as well as take down your bad review of me, thank you for cooperating   alright fine, but how will that work if my feedback is removed "
2855,buyer," as well as take down your bad review of me, thank you for cooperating   alright fine, but how will that work if my feedback is removed   I do not understand what your offer is, I get a refund, take down my feedback and apologise, then you do what"
2855,buyer," alright fine, but how will that work if my feedback is removed   I do not understand what your offer is, I get a refund, take down my feedback and apologise, then you do what  Submitted agreement: Buyer gets partial refund, seller retracted their review, buyer retracted their review, seller did apologize, and buyer did apologize."
2855,seller," I understand your concern, however after great consideration, your request of a refund will not be granted this time.  All item specifics were mentioned with the item.  We have sold you this item as described.  I understand your frustration but it does not match our terms of conditions in accordance to returns.  I am sorry you feel that way, however I disagree that the item is not as described there was no mention of a players name on the item.  I would also be grateful if you could remove the negative comment on my account, there is no place for language of that manner."
2855,seller," All item specifics were mentioned with the item.  We have sold you this item as described.  I understand your frustration but it does not match our terms of conditions in accordance to returns.  I am sorry you feel that way, however I disagree that the item is not as described there was no mention of a players name on the item.  I would also be grateful if you could remove the negative comment on my account, there is no place for language of that manner.  Very well, to prevent going around in circles.  I am happy to offer a partial refund if you are willing to take down your comment and provide an apology for the use of language."
2855,seller," I am sorry you feel that way, however I disagree that the item is not as described there was no mention of a players name on the item.  I would also be grateful if you could remove the negative comment on my account, there is no place for language of that manner.  Very well, to prevent going around in circles.  I am happy to offer a partial refund if you are willing to take down your comment and provide an apology for the use of language.  I will willing to apologize so we are able to move on from this."
2855,seller," Very well, to prevent going around in circles.  I am happy to offer a partial refund if you are willing to take down your comment and provide an apology for the use of language.  I will willing to apologize so we are able to move on from this.  I will be keeping up the comment in response to your feedback, to allow others to be aware of the potential experiences they might come across.  However, I might reconsider on receiving the apology from yourself."
2855,seller," I will willing to apologize so we are able to move on from this.  I will be keeping up the comment in response to your feedback, to allow others to be aware of the potential experiences they might come across.  However, I might reconsider on receiving the apology from yourself.  send the apology first ."
2855,seller," I will be keeping up the comment in response to your feedback, to allow others to be aware of the potential experiences they might come across.  However, I might reconsider on receiving the apology from yourself.  send the apology first .  To clarify, I am willing to offer partial refund after you have removed your comment on my page and have given the apology to me that you have agreed on.  I have apologised on my behalf to resolve this situation.  I will then consider taking down my own comment to further resolve this dispute."
2855,seller," send the apology first .  To clarify, I am willing to offer partial refund after you have removed your comment on my page and have given the apology to me that you have agreed on.  I have apologised on my behalf to resolve this situation.  I will then consider taking down my own comment to further resolve this dispute.  Accept Deal"
2856,buyer, Hello. I am looking for a refund on the item I have purchased as what I have received is incorrect.   I am aware that the original post has been edited to remove the key information that led me to make this purchase. I am requesting the refund so I can get the money back to buy the correct present.   This is not true. I purchased this item which clearly stated it was for a Kobe Jersey. This was a present for my terminally ill Grandson and all I am trying to do is get the money back to buy the correct one. 
2856,buyer, I am aware that the original post has been edited to remove the key information that led me to make this purchase. I am requesting the refund so I can get the money back to buy the correct present.   This is not true. I purchased this item which clearly stated it was for a Kobe Jersey. This was a present for my terminally ill Grandson and all I am trying to do is get the money back to buy the correct one.   Can I ask what you gain from not offering a refund on this item?
2856,buyer, This is not true. I purchased this item which clearly stated it was for a Kobe Jersey. This was a present for my terminally ill Grandson and all I am trying to do is get the money back to buy the correct one.   Can I ask what you gain from not offering a refund on this item?  That is interesting - my pre meeting says I have not done that and that you have edited the sale. I like how we are pitted off against each other on this. Can we not agree to offer a refund and go back to being able to buy and sell. I can offer an apology for my review if you will also? This will allow me to get the correct Jersey for my Grandson.
2856,buyer, Can I ask what you gain from not offering a refund on this item?  That is interesting - my pre meeting says I have not done that and that you have edited the sale. I like how we are pitted off against each other on this. Can we not agree to offer a refund and go back to being able to buy and sell. I can offer an apology for my review if you will also? This will allow me to get the correct Jersey for my Grandson.  That is a good first step and I am happy to do that. 
2856,buyer, That is interesting - my pre meeting says I have not done that and that you have edited the sale. I like how we are pitted off against each other on this. Can we not agree to offer a refund and go back to being able to buy and sell. I can offer an apology for my review if you will also? This will allow me to get the correct Jersey for my Grandson.  That is a good first step and I am happy to do that.   I will also remove my review so that you are able to sell again if you can retract your bad review. This just leaves us the issue of the refund. 
2856,buyer," That is a good first step and I am happy to do that.   I will also remove my review so that you are able to sell again if you can retract your bad review. This just leaves us the issue of the refund.   Submitted agreement: Buyer gets partial refund, seller retracted their review, buyer retracted their review, seller did apologize, and buyer did apologize."
2856,seller," Hello, unfortunately I am unable to process a refund, as stated when buying all sales are final and I have reviewed your order and the correct item was sent to you as per your order  The original post has not been edited and I am unable to process a refund   I am sorry to hear about those circumstances, unfortunately I am still unable to offer a refund on the item."
2856,seller," The original post has not been edited and I am unable to process a refund   I am sorry to hear about those circumstances, unfortunately I am still unable to offer a refund on the item.  As stated at the time of sale, all sales are final. I have reviewed your profile and can see that you have left other businesses reviews stating that similar things have occurred with orders from them.  This leads me to believe you are untrustworthy as a buyer and are trying to scam small businesses."
2856,seller," I am sorry to hear about those circumstances, unfortunately I am still unable to offer a refund on the item.  As stated at the time of sale, all sales are final. I have reviewed your profile and can see that you have left other businesses reviews stating that similar things have occurred with orders from them.  This leads me to believe you are untrustworthy as a buyer and are trying to scam small businesses.  I can offer an apology on my review if you will do that."
2856,seller," As stated at the time of sale, all sales are final. I have reviewed your profile and can see that you have left other businesses reviews stating that similar things have occurred with orders from them.  This leads me to believe you are untrustworthy as a buyer and are trying to scam small businesses.  I can offer an apology on my review if you will do that.  Perfect, I will do that too."
2856,seller," I can offer an apology on my review if you will do that.  Perfect, I will do that too.  I will remove my review, shall we go with a partial refund? "
2856,seller," Perfect, I will do that too.  I will remove my review, shall we go with a partial refund?   Accept Deal"
2857,buyer," Hello, I have been given the wrong jersey, if you're happy refunding me then I will remove the review I left warning others. This was for my sick nephew and I just want the money back to buy him the correct one.  I ordered a Jersey from your store, I got the wrong Jersey. I need a refund on it, and I'm willing to send it back, nobody loses out. I'll also remove my review of you that warns others that you sent the wrong jersey.  When ordering it stated that it was a Kobe jersey, the website has since removed this listing but I am sure my email confirmation shows that. I will upload this to my review for others to see, and potentially impact your future sales due to lack of consumer trust, or we can refund the order and I will change my negative review to a positive."
2857,buyer," I ordered a Jersey from your store, I got the wrong Jersey. I need a refund on it, and I'm willing to send it back, nobody loses out. I'll also remove my review of you that warns others that you sent the wrong jersey.  When ordering it stated that it was a Kobe jersey, the website has since removed this listing but I am sure my email confirmation shows that. I will upload this to my review for others to see, and potentially impact your future sales due to lack of consumer trust, or we can refund the order and I will change my negative review to a positive.  I have my email on hand, as well as an order confirmation - both of these confirm it is for a named jersey. Despite that, consumers are allowed to return unused goods within a certain window of time. As the order has just arrived, I would like to continue with my return and refund."
2857,buyer," When ordering it stated that it was a Kobe jersey, the website has since removed this listing but I am sure my email confirmation shows that. I will upload this to my review for others to see, and potentially impact your future sales due to lack of consumer trust, or we can refund the order and I will change my negative review to a positive.  I have my email on hand, as well as an order confirmation - both of these confirm it is for a named jersey. Despite that, consumers are allowed to return unused goods within a certain window of time. As the order has just arrived, I would like to continue with my return and refund.  How about this - I receive a partial refund, I retract the bad review, we both apologise publicly for what could be a misunderstanding that has got our of hand?"
2857,buyer," I have my email on hand, as well as an order confirmation - both of these confirm it is for a named jersey. Despite that, consumers are allowed to return unused goods within a certain window of time. As the order has just arrived, I would like to continue with my return and refund.  How about this - I receive a partial refund, I retract the bad review, we both apologise publicly for what could be a misunderstanding that has got our of hand?  Reject Deal"
2857,buyer," How about this - I receive a partial refund, I retract the bad review, we both apologise publicly for what could be a misunderstanding that has got our of hand?  Reject Deal  Submitted agreement: Buyer gets partial refund, seller retracted their review, buyer retracted their review, seller did apologize, and buyer did apologize."
2857,buyer," Reject Deal  Submitted agreement: Buyer gets partial refund, seller retracted their review, buyer retracted their review, seller did apologize, and buyer did apologize.  Reject Deal"
2857,buyer," Submitted agreement: Buyer gets partial refund, seller retracted their review, buyer retracted their review, seller did apologize, and buyer did apologize.  Reject Deal  I'm curious, why are you not willing to apologise either. To remain fair, we either both apologise, or we both do not."
2857,buyer," Reject Deal  I'm curious, why are you not willing to apologise either. To remain fair, we either both apologise, or we both do not.  I understand, and an apology from both parties displays that clarification. Or, that clarification is displayed on your site, separate from an apology."
2857,buyer," I'm curious, why are you not willing to apologise either. To remain fair, we either both apologise, or we both do not.  I understand, and an apology from both parties displays that clarification. Or, that clarification is displayed on your site, separate from an apology.  Submitted agreement: Buyer gets partial refund, seller retracted their review, buyer retracted their review, seller didn't apologize, and buyer did apologize."
2857,seller," Hello! Sorry to hear about your sick nephew. What seems to be the issue at hand?  Sorry to hear that. I can see that you ordered the Lakers Jersey, what did you receive?  We do not sell named jerseys at our store. The listing was accurately described, so therefore in this case, we cannot provide a refund. Your email confirmation will confirm that this. This is clearly stated on our website and your email confirmation. The negative review is inaccurate and I would appreciate you removing this please."
2857,seller," Sorry to hear that. I can see that you ordered the Lakers Jersey, what did you receive?  We do not sell named jerseys at our store. The listing was accurately described, so therefore in this case, we cannot provide a refund. Your email confirmation will confirm that this. This is clearly stated on our website and your email confirmation. The negative review is inaccurate and I would appreciate you removing this please.  Our terms are clearly stated and in this case a refund will not be issued. The email confirmation confirms this, as well as our terms and conditions clearly stated upon purchase. Please feel free to leave further feedback on our website, but we will be commenting to avoid any future confusion around our products and terms. We want to ensure our customers understand clearly what they are purchasing. Thank you."
2857,seller," We do not sell named jerseys at our store. The listing was accurately described, so therefore in this case, we cannot provide a refund. Your email confirmation will confirm that this. This is clearly stated on our website and your email confirmation. The negative review is inaccurate and I would appreciate you removing this please.  Our terms are clearly stated and in this case a refund will not be issued. The email confirmation confirms this, as well as our terms and conditions clearly stated upon purchase. Please feel free to leave further feedback on our website, but we will be commenting to avoid any future confusion around our products and terms. We want to ensure our customers understand clearly what they are purchasing. Thank you.  Submitted agreement: Buyer gets partial refund, seller retracted their review, buyer retracted their review, seller didn't apologize, and buyer did apologize."
2857,seller," Our terms are clearly stated and in this case a refund will not be issued. The email confirmation confirms this, as well as our terms and conditions clearly stated upon purchase. Please feel free to leave further feedback on our website, but we will be commenting to avoid any future confusion around our products and terms. We want to ensure our customers understand clearly what they are purchasing. Thank you.  Submitted agreement: Buyer gets partial refund, seller retracted their review, buyer retracted their review, seller didn't apologize, and buyer did apologize.  Reject Deal"
2857,seller," Submitted agreement: Buyer gets partial refund, seller retracted their review, buyer retracted their review, seller didn't apologize, and buyer did apologize.  Reject Deal  Submitted agreement: Buyer gets partial refund, seller retracted their review, buyer retracted their review, seller didn't apologize, and buyer did apologize."
2857,seller," Reject Deal  Submitted agreement: Buyer gets partial refund, seller retracted their review, buyer retracted their review, seller didn't apologize, and buyer did apologize.  This is an exception to our terms. We would only offer partial refund, if this is clarified on our site for future customers to avoid a similar situation going forward. No partial refund will be possible without clarification."
2857,seller," Submitted agreement: Buyer gets partial refund, seller retracted their review, buyer retracted their review, seller didn't apologize, and buyer did apologize.  This is an exception to our terms. We would only offer partial refund, if this is clarified on our site for future customers to avoid a similar situation going forward. No partial refund will be possible without clarification.  An apology would not make this an exception unfortunately - We can offer no refund and you're free to keep your bad review up. We will be commenting on the circumstances however to avoid any confusion in future."
2857,seller," This is an exception to our terms. We would only offer partial refund, if this is clarified on our site for future customers to avoid a similar situation going forward. No partial refund will be possible without clarification.  An apology would not make this an exception unfortunately - We can offer no refund and you're free to keep your bad review up. We will be commenting on the circumstances however to avoid any confusion in future.  Accept Deal"
2858,buyer," greetings Mam/Sir the tshirt arrived and it did not match the description on the website. May i please be refunded or sent the one that matches the description  I will take down the review if you could please atleast give me a 90% refund because it was false adviertising on your website and i have taken pictures as proof. I do not want to end this on a bad note, as this tshirt is for my nephew and he would be disappointed because he is a Kobe fan.   It is not an illegal activity and you know that. This can cause more problems for you because your website did not state that i was not going to get what i ordered. This is actually your store trying to lure customers in. Go ahead and complain i will do so too and you will not be able to sell on any website. I tried to huble myself but i can see that you do not want to resolve this issue properly. You forgetting that you stand a high chance of loosing your business than i do. Its either you apologise to me, give me my refund and i give you your -shirt back, i take down the reviews and we part ways, because this will be bad for your business."
2858,buyer," I will take down the review if you could please atleast give me a 90% refund because it was false adviertising on your website and i have taken pictures as proof. I do not want to end this on a bad note, as this tshirt is for my nephew and he would be disappointed because he is a Kobe fan.   It is not an illegal activity and you know that. This can cause more problems for you because your website did not state that i was not going to get what i ordered. This is actually your store trying to lure customers in. Go ahead and complain i will do so too and you will not be able to sell on any website. I tried to huble myself but i can see that you do not want to resolve this issue properly. You forgetting that you stand a high chance of loosing your business than i do. Its either you apologise to me, give me my refund and i give you your -shirt back, i take down the reviews and we part ways, because this will be bad for your business.  It is fine, I will send over the shirt and delete the bad review and you can refund me and apologise, I hope you will also apologise because if other customers see your comments they might not want to buy so let us keep a good reputation for your shop in terms of good responses. Thank you"
2858,buyer," It is not an illegal activity and you know that. This can cause more problems for you because your website did not state that i was not going to get what i ordered. This is actually your store trying to lure customers in. Go ahead and complain i will do so too and you will not be able to sell on any website. I tried to huble myself but i can see that you do not want to resolve this issue properly. You forgetting that you stand a high chance of loosing your business than i do. Its either you apologise to me, give me my refund and i give you your -shirt back, i take down the reviews and we part ways, because this will be bad for your business.  It is fine, I will send over the shirt and delete the bad review and you can refund me and apologise, I hope you will also apologise because if other customers see your comments they might not want to buy so let us keep a good reputation for your shop in terms of good responses. Thank you  I will issue an apology no problem. Thank you so much enjoy the rest of your day."
2858,buyer," It is fine, I will send over the shirt and delete the bad review and you can refund me and apologise, I hope you will also apologise because if other customers see your comments they might not want to buy so let us keep a good reputation for your shop in terms of good responses. Thank you  I will issue an apology no problem. Thank you so much enjoy the rest of your day.  Accept Deal"
2858,seller," Hello, mam/sir, I would like to inform you that the tshirt wasn't of a specified person on the website therefore I did not do anything wrong in this case, I spent money and resources to send over this item. I would like you to retract a bad review of me as I did nothing wrong.  First of all, I have every right to complain to trade association about your illegal activities in trying to deceive me to get money and the tshirt and you may get fined for lying and trying to deceive, as well as banned from this site altogether. I have proof that I sent  a replica Los Angeles Lakers Basketball Championship jersey. It was not a Kobe shirt and it was never said that it was. You are only trying to get more money out of me, when it is quite shameless to do so.  Except the site never stated that it was a Kobe tshirt so you are in the wrong here. I will offer you a refund if you send over the shirt back, and you delete the bad review of me. Otherwise you won't get refunded and you will be stuck with the shirt. I only want to resolve this in a nice manner. I believe you should apologize to me as you didn't read description of shirt and wanted to get a shirt that was never even existing on our site. We don't sell Kobe shirts and never have. "
2858,seller," First of all, I have every right to complain to trade association about your illegal activities in trying to deceive me to get money and the tshirt and you may get fined for lying and trying to deceive, as well as banned from this site altogether. I have proof that I sent  a replica Los Angeles Lakers Basketball Championship jersey. It was not a Kobe shirt and it was never said that it was. You are only trying to get more money out of me, when it is quite shameless to do so.  Except the site never stated that it was a Kobe tshirt so you are in the wrong here. I will offer you a refund if you send over the shirt back, and you delete the bad review of me. Otherwise you won't get refunded and you will be stuck with the shirt. I only want to resolve this in a nice manner. I believe you should apologize to me as you didn't read description of shirt and wanted to get a shirt that was never even existing on our site. We don't sell Kobe shirts and never have.   We both must apologize because I do my business fairly and it is disheartening to see you shame me like this when I want what's best for customers. I started this business because I wanted to make people happy. I will give you refund too, for sending it back. Great I believe we have a deal. I will finalize it. "
2858,seller," Except the site never stated that it was a Kobe tshirt so you are in the wrong here. I will offer you a refund if you send over the shirt back, and you delete the bad review of me. Otherwise you won't get refunded and you will be stuck with the shirt. I only want to resolve this in a nice manner. I believe you should apologize to me as you didn't read description of shirt and wanted to get a shirt that was never even existing on our site. We don't sell Kobe shirts and never have.   We both must apologize because I do my business fairly and it is disheartening to see you shame me like this when I want what's best for customers. I started this business because I wanted to make people happy. I will give you refund too, for sending it back. Great I believe we have a deal. I will finalize it.   Submitted agreement: Buyer gets full refund, seller kept their review, buyer retracted their review, seller did apologize, and buyer did apologize."
2859,buyer," Hello is it possible to get a refund on my item, please?  Ok i am willing to negociate too. What is your offer then?  That is not fair , as i am not the one in fault here. But i am willing to accept 80% refund with a public apology and a retraction of the negative review"
2859,buyer," Ok i am willing to negociate too. What is your offer then?  That is not fair , as i am not the one in fault here. But i am willing to accept 80% refund with a public apology and a retraction of the negative review  Let make it to 75% and we have a deal. "
2859,buyer," That is not fair , as i am not the one in fault here. But i am willing to accept 80% refund with a public apology and a retraction of the negative review  Let make it to 75% and we have a deal.   ok that is fine, i will remove the bad review. Hope you will do the same. Thanks"
2859,buyer," Let make it to 75% and we have a deal.   ok that is fine, i will remove the bad review. Hope you will do the same. Thanks  Accept Deal"
2859,seller," But it was clearly stated when you purchase that we don't do refunds however I am willing to negotiate  I am willing to give you 65% of the purchase price along with a public apology and a retraction of the negative review  I beg to differ, it was clearly stated on the site that it was a plain Lakers jersey and had no name on the back, 80% is unfair to me given that I have already incurred expenses relating to your order that I can't get a full refund for. However, given that mistakes happen I can push it to 73%"
2859,seller," I am willing to give you 65% of the purchase price along with a public apology and a retraction of the negative review  I beg to differ, it was clearly stated on the site that it was a plain Lakers jersey and had no name on the back, 80% is unfair to me given that I have already incurred expenses relating to your order that I can't get a full refund for. However, given that mistakes happen I can push it to 73%  I can accept 75% "
2859,seller," I beg to differ, it was clearly stated on the site that it was a plain Lakers jersey and had no name on the back, 80% is unfair to me given that I have already incurred expenses relating to your order that I can't get a full refund for. However, given that mistakes happen I can push it to 73%  I can accept 75%   Submitted agreement: Buyer gets partial refund, seller retracted their review, buyer retracted their review, seller didn't apologize, and buyer did apologize."
2860,buyer," My item arrived brkken ,I demand a full refund and an apology!  I want you to refund me the full amount and an apology  Add free delivery because, it mean your courier company is not careful."
2860,buyer," I want you to refund me the full amount and an apology  Add free delivery because, it mean your courier company is not careful.  Please make sure that i receive my order in good condition next time"
2860,buyer," Add free delivery because, it mean your courier company is not careful.  Please make sure that i receive my order in good condition next time  Yes we do"
2860,buyer, Please make sure that i receive my order in good condition next time  Yes we do  Accept Deal
2860,seller," i sincerely apologize,  this may be a logistic issue, how can i help?  I did an investigation and realized that the item was not brokken when it left our store, however in order to compensate you, i'll be offering you a 50% discount on your next purchase  we have a deal then, thank you for your understanding"
2860,seller," I did an investigation and realized that the item was not brokken when it left our store, however in order to compensate you, i'll be offering you a 50% discount on your next purchase  we have a deal then, thank you for your understanding  yes, I'm committed to doing that, do we have a deal now?"
2860,seller," we have a deal then, thank you for your understanding  yes, I'm committed to doing that, do we have a deal now?  Submitted agreement: Buyer gets no refund, seller retracted their review, buyer retracted their review, seller did apologize, and buyer did apologize."
2861,buyer," I would like to receive a refund, have the bad review of me retracted and i would want an apology for what has happened   The item I ordered was for a Kobe Bryant jersey but I did not receive this which does mean there was an issue  That's not possible. I need a refund because my terminally ill nephew was really looking forward to receiving his jersey. Now he does not have anything usable. I need the refund so I can buy the jersey he wants. "
2861,buyer, The item I ordered was for a Kobe Bryant jersey but I did not receive this which does mean there was an issue  That's not possible. I need a refund because my terminally ill nephew was really looking forward to receiving his jersey. Now he does not have anything usable. I need the refund so I can buy the jersey he wants.   If you offer me a refund I would be willing to retract my bad review as the issue will have been resolved. However I would not be willing to aplogize to you because it was clearly not my fault. Your site said it was selling a Kobe Bryant jersey. Only after I received my item did you change your website. I think offering to retract my bad review is generous of me.
2861,buyer, That's not possible. I need a refund because my terminally ill nephew was really looking forward to receiving his jersey. Now he does not have anything usable. I need the refund so I can buy the jersey he wants.   If you offer me a refund I would be willing to retract my bad review as the issue will have been resolved. However I would not be willing to aplogize to you because it was clearly not my fault. Your site said it was selling a Kobe Bryant jersey. Only after I received my item did you change your website. I think offering to retract my bad review is generous of me.  I want a refund for the item because I definitely know that it stated Kobe Bryant and I need to buy a suitable jersey for my nephew. I would also like that you retract your bad review. However I'm willing to also remove the bad review from you and I won't expect an apology from you either since I understand mistakes happen. I won't be apologising either. 
2861,buyer, If you offer me a refund I would be willing to retract my bad review as the issue will have been resolved. However I would not be willing to aplogize to you because it was clearly not my fault. Your site said it was selling a Kobe Bryant jersey. Only after I received my item did you change your website. I think offering to retract my bad review is generous of me.  I want a refund for the item because I definitely know that it stated Kobe Bryant and I need to buy a suitable jersey for my nephew. I would also like that you retract your bad review. However I'm willing to also remove the bad review from you and I won't expect an apology from you either since I understand mistakes happen. I won't be apologising either.   I don't see any reason why there should be a bad review on my account. I am absolutely certain that it said Kobe Bryant on the listing. If you don't retract my review then I will not be able to retract your review either which could hurt your future sales. 
2861,buyer," I want a refund for the item because I definitely know that it stated Kobe Bryant and I need to buy a suitable jersey for my nephew. I would also like that you retract your bad review. However I'm willing to also remove the bad review from you and I won't expect an apology from you either since I understand mistakes happen. I won't be apologising either.   I don't see any reason why there should be a bad review on my account. I am absolutely certain that it said Kobe Bryant on the listing. If you don't retract my review then I will not be able to retract your review either which could hurt your future sales.   Submitted agreement: Buyer gets full refund, seller retracted their review, buyer retracted their review, seller didn't apologize, and buyer did apologize."
2861,seller, Hi! There was no issue with the product and thus I am unable to offer a refund. I would also mot   The listing did not state you would receive a specific product! I would be willing to retract my bad review if you accept that you will not receive a refund and retract your review.  The only way I would be able to offer a refund is you retract your bad review and apologise for this matter. 
2861,seller, The listing did not state you would receive a specific product! I would be willing to retract my bad review if you accept that you will not receive a refund and retract your review.  The only way I would be able to offer a refund is you retract your bad review and apologise for this matter.   My website has always said that the jersey is not player specific and it is very clearly stated in the description! To be offered a refund in this situation is a generous compromise on my part considering I will lose out on this sale and have had my reputation unfairly damaged by this poor review.
2861,seller," The only way I would be able to offer a refund is you retract your bad review and apologise for this matter.   My website has always said that the jersey is not player specific and it is very clearly stated in the description! To be offered a refund in this situation is a generous compromise on my part considering I will lose out on this sale and have had my reputation unfairly damaged by this poor review.  I am unwilling to retract my review, however, I am amenable to your terms otherwise!"
2861,seller," My website has always said that the jersey is not player specific and it is very clearly stated in the description! To be offered a refund in this situation is a generous compromise on my part considering I will lose out on this sale and have had my reputation unfairly damaged by this poor review.  I am unwilling to retract my review, however, I am amenable to your terms otherwise!  My listing clearly states that it is not player specific! Unfortunately, it feels as if you are attempting to extort me so as to have me remove the review. I can either offer a refund and retract my review in exchange for your retraction of your review and an apology. Otherwise, I can offer a refund and accept your retraction but will still keep my review. Thank you!"
2861,seller," I am unwilling to retract my review, however, I am amenable to your terms otherwise!  My listing clearly states that it is not player specific! Unfortunately, it feels as if you are attempting to extort me so as to have me remove the review. I can either offer a refund and retract my review in exchange for your retraction of your review and an apology. Otherwise, I can offer a refund and accept your retraction but will still keep my review. Thank you!  Accept Deal"
2862,buyer, Good day seller. I think you should offer a full refund for the wrong item that was delivered.  I am unable to send you a picture of the item however it was not a Kobe Bryant shirt has described on your website.  The website was misleading. I am happy to remove my negative review if you are able to refund me. 
2862,buyer," I am unable to send you a picture of the item however it was not a Kobe Bryant shirt has described on your website.  The website was misleading. I am happy to remove my negative review if you are able to refund me.   The website advertised a Kobe shirt. The item I received was for a player I have never heard of. If you are not willing to refund me, I will advertise a negative review of your website on every social media available. "
2862,buyer," The website was misleading. I am happy to remove my negative review if you are able to refund me.   The website advertised a Kobe shirt. The item I received was for a player I have never heard of. If you are not willing to refund me, I will advertise a negative review of your website on every social media available.   We should come to a mutually beneficial agreement. You give me a refund, I will remove my negative review. "
2862,buyer," The website advertised a Kobe shirt. The item I received was for a player I have never heard of. If you are not willing to refund me, I will advertise a negative review of your website on every social media available.   We should come to a mutually beneficial agreement. You give me a refund, I will remove my negative review.   I Walk Away."
2862,seller," hi, can i please see the item picture  according to my paperwork we have sent the right item as advertised on my web page  manyn other customer have ordered as you and received the item , they are happy with the item so the website is not missleading"
2862,seller," according to my paperwork we have sent the right item as advertised on my web page  manyn other customer have ordered as you and received the item , they are happy with the item so the website is not missleading  as stated i provided the shirt as advertised on my webpage, so i will not offer a refund"
2862,seller," manyn other customer have ordered as you and received the item , they are happy with the item so the website is not missleading  as stated i provided the shirt as advertised on my webpage, so i will not offer a refund  no sorry i will not give a refund, thank you for your understanding"
2863,buyer," Hey there   So i ordered a coffee machine 3 days ago and i was told i would receive it the next day but i have not received it to this day.  And i understand that it wasn't damaged when you shipped it and am not there,  the issue at hand is that I have not received the package but when I track it says it was delivered.  Is there a way we could solve this quick please. "
2863,buyer," So i ordered a coffee machine 3 days ago and i was told i would receive it the next day but i have not received it to this day.  And i understand that it wasn't damaged when you shipped it and am not there,  the issue at hand is that I have not received the package but when I track it says it was delivered.  Is there a way we could solve this quick please.   Partial refund will do. Thank you for your response ."
2863,buyer," And i understand that it wasn't damaged when you shipped it and am not there,  the issue at hand is that I have not received the package but when I track it says it was delivered.  Is there a way we could solve this quick please.   Partial refund will do. Thank you for your response .  Submitted agreement: Buyer gets partial refund, seller retracted their review, buyer retracted their review, seller did apologize, and buyer did apologize."
2863,seller," Hey there, please what is your concern   I understand your concern, but I clearly stated in my product description that all sales are final, and the item was not damaged when I shipped it  please make your response fast you keep me waiting for  too long I understand your frustration about not receiving your coffee machine on time. I'm willing to offer you store credit or a partial refund, but I cannot provide a full refund. I also expect you to retract your negative review, as it's unfair and harmful to my business. Let's work together to find a solution."
2863,seller," I understand your concern, but I clearly stated in my product description that all sales are final, and the item was not damaged when I shipped it  please make your response fast you keep me waiting for  too long I understand your frustration about not receiving your coffee machine on time. I'm willing to offer you store credit or a partial refund, but I cannot provide a full refund. I also expect you to retract your negative review, as it's unfair and harmful to my business. Let's work together to find a solution.  I will make the adjustments you also do yours"
2863,seller," please make your response fast you keep me waiting for  too long I understand your frustration about not receiving your coffee machine on time. I'm willing to offer you store credit or a partial refund, but I cannot provide a full refund. I also expect you to retract your negative review, as it's unfair and harmful to my business. Let's work together to find a solution.  I will make the adjustments you also do yours  Accept Deal"
2864,buyer," Hi there, I received the incorrect jersey. I wanted a Kobe one but I got someone else's  The description was altered after I brought it up. I'd like a refund as I only wanted the Kobe one.  I can't accept a discount on some next order. I can't buy another item only to be deceived again. I only bought the jersey for the name. I'd also like you to remove the negative review you put of me."
2864,buyer, The description was altered after I brought it up. I'd like a refund as I only wanted the Kobe one.  I can't accept a discount on some next order. I can't buy another item only to be deceived again. I only bought the jersey for the name. I'd also like you to remove the negative review you put of me.  You have to meet me halfway here. I am willing to remove the negative review of our interaction if you retract the negative review of me and apologise. I need a full refund.
2864,buyer," I can't accept a discount on some next order. I can't buy another item only to be deceived again. I only bought the jersey for the name. I'd also like you to remove the negative review you put of me.  You have to meet me halfway here. I am willing to remove the negative review of our interaction if you retract the negative review of me and apologise. I need a full refund.  Submitted agreement: Buyer gets partial refund, seller retracted their review, buyer retracted their review, seller didn't apologize, and buyer didn't apologize."
2864,seller," Hi, I understand you're upset about the jersey. However, our website clearly states that the jersey is not for a specific player. It’s a general Lakers championship jersey. Let's discuss how we can resolve this.  I understand your concern, but our website has always said this jersey isn't specifically for Kobe Bryant. We don't give refunds for this type of item. However, I want to help. Maybe we can give you a discount on your next order or offer a different item from our store?  I get it, you wanted the Kobe jersey, but our website always said it's a general Lakers jersey. I can't give a refund, but we can talk about other options, like a partial refund or a different product. As for the review, I think it's important for other sellers to know about our experience, but let's find a solution we both agree on. What do you suggest we do next?"
2864,seller," I understand your concern, but our website has always said this jersey isn't specifically for Kobe Bryant. We don't give refunds for this type of item. However, I want to help. Maybe we can give you a discount on your next order or offer a different item from our store?  I get it, you wanted the Kobe jersey, but our website always said it's a general Lakers jersey. I can't give a refund, but we can talk about other options, like a partial refund or a different product. As for the review, I think it's important for other sellers to know about our experience, but let's find a solution we both agree on. What do you suggest we do next?  I understand you want a resolution. While I can't offer a full refund, I'm willing to remove my review if you do the same. Let's find a compromise that works for both of us. How about a partial refund instead?"
2864,seller," I get it, you wanted the Kobe jersey, but our website always said it's a general Lakers jersey. I can't give a refund, but we can talk about other options, like a partial refund or a different product. As for the review, I think it's important for other sellers to know about our experience, but let's find a solution we both agree on. What do you suggest we do next?  I understand you want a resolution. While I can't offer a full refund, I'm willing to remove my review if you do the same. Let's find a compromise that works for both of us. How about a partial refund instead?  Accept Deal"
2867,buyer," Hi, I have recieved a product from your website that stated a particular player on the jersey. When I recieved the shirt it was not the correct player that I ordered and that your website stated.   The jersey description on your website at the time of ordering stated it was a Kobe jersey, which was why I made the initial purchase. The jersey was selected as a gift for a family member as this is his favourite player - this is not something I would have made a mistake on. Selling items that incorrectly described on your website is not allowed and as a result I would request a full refund. Your company can't be trusted as a seller if you are going to continue to ship out products that are different to what is described!  The order description on the website stated that it was a set Kobe design, which was why I selected it. If you are able to provide a full refund and remove the review from my page then I will return the favour and remove the review on your website also as this will show you are happy to rectify mistakes!"
2867,buyer," The jersey description on your website at the time of ordering stated it was a Kobe jersey, which was why I made the initial purchase. The jersey was selected as a gift for a family member as this is his favourite player - this is not something I would have made a mistake on. Selling items that incorrectly described on your website is not allowed and as a result I would request a full refund. Your company can't be trusted as a seller if you are going to continue to ship out products that are different to what is described!  The order description on the website stated that it was a set Kobe design, which was why I selected it. If you are able to provide a full refund and remove the review from my page then I will return the favour and remove the review on your website also as this will show you are happy to rectify mistakes!  That would be perfect, thank you for confirm. For future reference it might be worth stating in your product descriptions that the product may vary in design with a range of players on offer."
2867,buyer," The order description on the website stated that it was a set Kobe design, which was why I selected it. If you are able to provide a full refund and remove the review from my page then I will return the favour and remove the review on your website also as this will show you are happy to rectify mistakes!  That would be perfect, thank you for confirm. For future reference it might be worth stating in your product descriptions that the product may vary in design with a range of players on offer.  Submitted agreement: Buyer gets full refund, seller retracted their review, buyer retracted their review, seller didn't apologize, and buyer didn't apologize."
2867,buyer," That would be perfect, thank you for confirm. For future reference it might be worth stating in your product descriptions that the product may vary in design with a range of players on offer.  Submitted agreement: Buyer gets full refund, seller retracted their review, buyer retracted their review, seller didn't apologize, and buyer didn't apologize.  Accept Deal"
2867,seller," Hello, I have looked at your order and you did not specify Kobe on your order, therefore as per the site rules we sent you the jersey ordered.  Whilst I understand your frustration, you have not actually stated what the site both says and has displayed. Whilst we fully appreciate your opinion, contacting us for a discussion before posting a negative review would have been preferable. We do sell our products with the utmost integrity and you are well within your rights to request a refund IF the product shipped to you was not what was requested. I have your order in front of mee and it od  As a business who always seeks for happy customers, we would willingly offer a full refund, if you remove your review, we will remove ours. If we can agree on that I believe we can move forward positively."
2867,seller," Whilst I understand your frustration, you have not actually stated what the site both says and has displayed. Whilst we fully appreciate your opinion, contacting us for a discussion before posting a negative review would have been preferable. We do sell our products with the utmost integrity and you are well within your rights to request a refund IF the product shipped to you was not what was requested. I have your order in front of mee and it od  As a business who always seeks for happy customers, we would willingly offer a full refund, if you remove your review, we will remove ours. If we can agree on that I believe we can move forward positively.  Thank you for positive response, we will definitely take on board your suggestions."
2867,seller," As a business who always seeks for happy customers, we would willingly offer a full refund, if you remove your review, we will remove ours. If we can agree on that I believe we can move forward positively.  Thank you for positive response, we will definitely take on board your suggestions.  Reject Deal"
2867,seller," Thank you for positive response, we will definitely take on board your suggestions.  Reject Deal  Submitted agreement: Buyer gets full refund, seller retracted their review, buyer retracted their review, seller did apologize, and buyer did apologize."
2868,buyer," hey  How are you?  Yes I'm quite upset because I ordered a Kobe Bryant jersey for my ill nephew, but received a different player's jersey instead."
2868,buyer," How are you?  Yes I'm quite upset because I ordered a Kobe Bryant jersey for my ill nephew, but received a different player's jersey instead.  I appreciate your willingness to resolve this. To make things right, I'd like a full refund, the removal of your negative review about me, and an apology clarifying the mistake and retracting the negative claims. If you agree with that then I will will then take down my negative review."
2868,buyer," Yes I'm quite upset because I ordered a Kobe Bryant jersey for my ill nephew, but received a different player's jersey instead.  I appreciate your willingness to resolve this. To make things right, I'd like a full refund, the removal of your negative review about me, and an apology clarifying the mistake and retracting the negative claims. If you agree with that then I will will then take down my negative review.  I understand your view, but I really think my review was fair because the product description was misleading when I bought it. How about a refund so I can then purchase the correct gift for my sick nephew and we both remove our negative reviews? This way, we can move forward amicably."
2868,buyer," I appreciate your willingness to resolve this. To make things right, I'd like a full refund, the removal of your negative review about me, and an apology clarifying the mistake and retracting the negative claims. If you agree with that then I will will then take down my negative review.  I understand your view, but I really think my review was fair because the product description was misleading when I bought it. How about a refund so I can then purchase the correct gift for my sick nephew and we both remove our negative reviews? This way, we can move forward amicably.  I disagree with your point, but I believe that a full refund is necessary due to the misleading product description that included Kobe Bryant. Given the circumstances with my ill nephew, I hope you can empathise and agree to a full refund. If I can get a full refund, I'll remove my negative review and we can move forward. If not, I don't think we can make any progress."
2868,buyer," I understand your view, but I really think my review was fair because the product description was misleading when I bought it. How about a refund so I can then purchase the correct gift for my sick nephew and we both remove our negative reviews? This way, we can move forward amicably.  I disagree with your point, but I believe that a full refund is necessary due to the misleading product description that included Kobe Bryant. Given the circumstances with my ill nephew, I hope you can empathise and agree to a full refund. If I can get a full refund, I'll remove my negative review and we can move forward. If not, I don't think we can make any progress.  Then I suppose we will have to walk away from this."
2868,buyer," I disagree with your point, but I believe that a full refund is necessary due to the misleading product description that included Kobe Bryant. Given the circumstances with my ill nephew, I hope you can empathise and agree to a full refund. If I can get a full refund, I'll remove my negative review and we can move forward. If not, I don't think we can make any progress.  Then I suppose we will have to walk away from this.  I Walk Away."
2868,seller," Hi There  I am doing okay thanks and yourself? I hear you are a bit upset regarding the purchasing of our non player specific shirt   Well I am sorry about that, however as stated on our online store, all our shirts are non player specific.  I also feel your negative review was a bit uncalled for.  How can we resolve this with the least amount of tension where we both can have peace of mind"
2868,seller," I am doing okay thanks and yourself? I hear you are a bit upset regarding the purchasing of our non player specific shirt   Well I am sorry about that, however as stated on our online store, all our shirts are non player specific.  I also feel your negative review was a bit uncalled for.  How can we resolve this with the least amount of tension where we both can have peace of mind  Oh wow, so you feel that you have done nothing wrong? I will need to point out the fact that even upon check out on our ecommerce site it was stated clearly by product description that the shirt is NON PLAYER SPECIFIC.  I am willing to withdraw my negative review about my experience with you, however no full refund will be offered.  I will also request an apology from you as this was not entirely our fault, especially not with the sale side, but I am willing to remove my negative review"
2868,seller," Well I am sorry about that, however as stated on our online store, all our shirts are non player specific.  I also feel your negative review was a bit uncalled for.  How can we resolve this with the least amount of tension where we both can have peace of mind  Oh wow, so you feel that you have done nothing wrong? I will need to point out the fact that even upon check out on our ecommerce site it was stated clearly by product description that the shirt is NON PLAYER SPECIFIC.  I am willing to withdraw my negative review about my experience with you, however no full refund will be offered.  I will also request an apology from you as this was not entirely our fault, especially not with the sale side, but I am willing to remove my negative review  Unfortunately a full refund is not possible as our product description clearly states non player specific, I do have sympathy for your ill nephew however this is strictly business.  We even ensure that the sentence NON PLAYER SPESIFIC is in bold for this exact reason.  Can we agree that we will both remove our negative reviews, and with this we can leave in peace.  The shirt you currently have is still a very well known player "
2868,seller," Oh wow, so you feel that you have done nothing wrong? I will need to point out the fact that even upon check out on our ecommerce site it was stated clearly by product description that the shirt is NON PLAYER SPECIFIC.  I am willing to withdraw my negative review about my experience with you, however no full refund will be offered.  I will also request an apology from you as this was not entirely our fault, especially not with the sale side, but I am willing to remove my negative review  Unfortunately a full refund is not possible as our product description clearly states non player specific, I do have sympathy for your ill nephew however this is strictly business.  We even ensure that the sentence NON PLAYER SPESIFIC is in bold for this exact reason.  Can we agree that we will both remove our negative reviews, and with this we can leave in peace.  The shirt you currently have is still a very well known player   The product description is not misleading at all, if that was the case I would have had countless issues such as this one but yet you are the very first one, so that immediately shows that you did not fully read the product description, where you had three various chances before clicking make payment.  All I am willing to offer is to remove the negative review, and request the same from you.  This will be a learning curve, as all sales are final, and it is the customers responsibility to read the product description.  If we cannot agree to the above I will need to walk away "
2868,seller," Unfortunately a full refund is not possible as our product description clearly states non player specific, I do have sympathy for your ill nephew however this is strictly business.  We even ensure that the sentence NON PLAYER SPESIFIC is in bold for this exact reason.  Can we agree that we will both remove our negative reviews, and with this we can leave in peace.  The shirt you currently have is still a very well known player   The product description is not misleading at all, if that was the case I would have had countless issues such as this one but yet you are the very first one, so that immediately shows that you did not fully read the product description, where you had three various chances before clicking make payment.  All I am willing to offer is to remove the negative review, and request the same from you.  This will be a learning curve, as all sales are final, and it is the customers responsibility to read the product description.  If we cannot agree to the above I will need to walk away   Makes sense, as I cannot negotiate with someone that is very close minded and feels that they have done nothing wrong, a very clear indication of self entitlement "
2869,buyer," Hi, I feel like we need to come to a deal with the miss selling of a product  The top I have purchased seems to have the wrong name from what I ordered, this was meant to be a Kobe Bryant jersey and it has arrived with a different name.  I feel like this may be a fair solution. I can look for a top else where. We have also left negative reviews of each other, would you be happy to correct that? "
2869,buyer," The top I have purchased seems to have the wrong name from what I ordered, this was meant to be a Kobe Bryant jersey and it has arrived with a different name.  I feel like this may be a fair solution. I can look for a top else where. We have also left negative reviews of each other, would you be happy to correct that?   This seems more than fair to me. I can re adjust my reviews also and leave a fresh one. Based on that, I feel receiving a partial refund would be fine. I will retract my review if you do for me and I am also happy to apologise to you if you are willing to do the same for me?"
2869,buyer," I feel like this may be a fair solution. I can look for a top else where. We have also left negative reviews of each other, would you be happy to correct that?   This seems more than fair to me. I can re adjust my reviews also and leave a fresh one. Based on that, I feel receiving a partial refund would be fine. I will retract my review if you do for me and I am also happy to apologise to you if you are willing to do the same for me?  Submitted agreement: Buyer gets partial refund, seller retracted their review, buyer retracted their review, seller did apologize, and buyer did apologize."
2869,seller," Hi, I'm happy to help. What seems to be the issue?  It's possible an error was made at the point of order. I would be happy to offer a partial refund if you would like to keep the jersey?  I would be happy to do that. I will retract my reviews, offer an apology for the mix-up and a partial refund. Would that be an acceptable solution?"
2869,seller," It's possible an error was made at the point of order. I would be happy to offer a partial refund if you would like to keep the jersey?  I would be happy to do that. I will retract my reviews, offer an apology for the mix-up and a partial refund. Would that be an acceptable solution?  I'm happy with all that. So to summarise: Partial refund, both reviews retracted and both apologise. Have a good day!"
2869,seller," I would be happy to do that. I will retract my reviews, offer an apology for the mix-up and a partial refund. Would that be an acceptable solution?  I'm happy with all that. So to summarise: Partial refund, both reviews retracted and both apologise. Have a good day!  Accept Deal"
2871,buyer," Hello  What are we supposed to be discussing here?  Okay, so what is wrong with the product you are requesting a refund for?"
2871,buyer," What are we supposed to be discussing here?  Okay, so what is wrong with the product you are requesting a refund for?  I'm very sorry about that, I will refund your money back. "
2871,buyer," Okay, so what is wrong with the product you are requesting a refund for?  I'm very sorry about that, I will refund your money back.   You're very much welcome. "
2871,buyer," I'm very sorry about that, I will refund your money back.   You're very much welcome.   Accept Deal"
2871,seller, Hi  We are suppose to do a negotiation. I bought a product and I was not satisfied with the product so i am requesting for a refund  The color and the design you sent to me was not the same as what was advertized on your platform
2871,seller, We are suppose to do a negotiation. I bought a product and I was not satisfied with the product so i am requesting for a refund  The color and the design you sent to me was not the same as what was advertized on your platform  Thank you very much
2871,seller," The color and the design you sent to me was not the same as what was advertized on your platform  Thank you very much  Submitted agreement: Buyer gets full refund, seller retracted their review, buyer retracted their review, seller did apologize, and buyer did apologize."
2872,buyer," Hi when i received my parcel it was broken  How can we solve this?  badly damaged, can it be at least exchange"
2872,buyer," How can we solve this?  badly damaged, can it be at least exchange  ok not a problem, but i would suggest you change your courier company, as customers cannot be curtain that its not your fault"
2872,buyer," badly damaged, can it be at least exchange  ok not a problem, but i would suggest you change your courier company, as customers cannot be curtain that its not your fault  i would like an apology to finalize our deal"
2872,buyer," ok not a problem, but i would suggest you change your courier company, as customers cannot be curtain that its not your fault  i would like an apology to finalize our deal  Submitted agreement: Buyer gets no refund, seller retracted their review, buyer retracted their review, seller did apologize, and buyer didn't apologize."
2872,seller," oh, that must have been a courier issue  how damaged is it?  exchanging will cost a lot but what we can do is we can both bear the cost, so as to keep you as a customer"
2872,seller," how damaged is it?  exchanging will cost a lot but what we can do is we can both bear the cost, so as to keep you as a customer  i understand, i will send it via another "
2872,seller," exchanging will cost a lot but what we can do is we can both bear the cost, so as to keep you as a customer  i understand, i will send it via another   ok, not a problem. i will do that"
2872,seller," i understand, i will send it via another   ok, not a problem. i will do that  Accept Deal"
2873,buyer," Will like to seek a refund of the jersey that i purchase via their site because what i got wasnt what was delivery to me, while helping me with this, will compensate you from my end here too.  Okay, im sure i didn't make any mistake while ordering from your wonderful site.   Okay that fine by me will be expecting the  full refund, will also like to send proof of what i order through your site to the authority so they can look into it and take neccessary action.."
2873,buyer," Okay, im sure i didn't make any mistake while ordering from your wonderful site.   Okay that fine by me will be expecting the  full refund, will also like to send proof of what i order through your site to the authority so they can look into it and take neccessary action..  okay, will be expecting an apologies letter from the company and i will also write"
2873,buyer," Okay that fine by me will be expecting the  full refund, will also like to send proof of what i order through your site to the authority so they can look into it and take neccessary action..  okay, will be expecting an apologies letter from the company and i will also write  okay. kindly look into such error in the future"
2873,buyer," okay, will be expecting an apologies letter from the company and i will also write  okay. kindly look into such error in the future  Submitted agreement: Buyer gets full refund, seller retracted their review, buyer kept their review, seller did apologize, and buyer did apologize."
2873,seller," Hello there, hope all is well. We will have to check on our system first whether a mistake was made when delivering the jersey. Further information will be communicated.   We have identified that a mistake didn't occur. You received what you ordered on our site. Before we can authorize your refund, our delivery personnel will come collect the jersey for further inspection.   Our delivery personnel will collect the item on Friday, please avail yourself. The item should be packaged in the same box as it was delivered and with the original proof of receipt. "
2873,seller," We have identified that a mistake didn't occur. You received what you ordered on our site. Before we can authorize your refund, our delivery personnel will come collect the jersey for further inspection.   Our delivery personnel will collect the item on Friday, please avail yourself. The item should be packaged in the same box as it was delivered and with the original proof of receipt.   If an error is identified after inspecting the item we will certainly write an apology letter as you are one of our valued customers. "
2873,seller," Our delivery personnel will collect the item on Friday, please avail yourself. The item should be packaged in the same box as it was delivered and with the original proof of receipt.   If an error is identified after inspecting the item we will certainly write an apology letter as you are one of our valued customers.   We will certainly do. We value your time and patience on this matter. The company will gladly offer you a refund as an error has been identified. "
2873,seller, If an error is identified after inspecting the item we will certainly write an apology letter as you are one of our valued customers.   We will certainly do. We value your time and patience on this matter. The company will gladly offer you a refund as an error has been identified.   Accept Deal
2874,buyer," Hi  Hi, i bought an item which when received it isnt the item which was described on the website. How can this be resolved please?  Sorry this is incorrect. The main image and product description on the website stated the name of the player and a different item was delivered. For this reason can i have a refund? Can you retract the back review? And could i have an apology please?"
2874,buyer," Hi, i bought an item which when received it isnt the item which was described on the website. How can this be resolved please?  Sorry this is incorrect. The main image and product description on the website stated the name of the player and a different item was delivered. For this reason can i have a refund? Can you retract the back review? And could i have an apology please?  I will accept a full refund and i will send the item back. If you agree to retract the bad review if you do as well? And for this agreement we won't need to apologize to each other. Is that ok?"
2874,buyer, Sorry this is incorrect. The main image and product description on the website stated the name of the player and a different item was delivered. For this reason can i have a refund? Can you retract the back review? And could i have an apology please?  I will accept a full refund and i will send the item back. If you agree to retract the bad review if you do as well? And for this agreement we won't need to apologize to each other. Is that ok?  Ok i agree to these terms
2874,buyer," I will accept a full refund and i will send the item back. If you agree to retract the bad review if you do as well? And for this agreement we won't need to apologize to each other. Is that ok?  Ok i agree to these terms  Submitted agreement: Buyer gets partial refund, seller retracted their review, buyer retracted their review, seller did apologize, and buyer did apologize."
2874,seller," Hello I hope you are well, how can I help?  Hi, I apologise for this - it does appear that the item you purchased describes the exact item received, were you aware of this prior to buying?  Unfortunately, due to company policy, I can only offer a partial refund as I am a small business. I would be able to retract the bad review if you would be willing to retract yours. I would be happy to accept providing you with an apology if I could gain one in return. Many thanks"
2874,seller," Hi, I apologise for this - it does appear that the item you purchased describes the exact item received, were you aware of this prior to buying?  Unfortunately, due to company policy, I can only offer a partial refund as I am a small business. I would be able to retract the bad review if you would be willing to retract yours. I would be happy to accept providing you with an apology if I could gain one in return. Many thanks  Apologies, I cannot take the item back once used and as such I am willing to offer a partial refund as I am losing money by giving you the item. I am happy to retract the review as agreed. I feel as if it would be good for us to both apologise as life is too short to hold grudges as you are welcome to shop here again - I would never want to be on poor terms with a buyer. How does that sound?"
2874,seller," Unfortunately, due to company policy, I can only offer a partial refund as I am a small business. I would be able to retract the bad review if you would be willing to retract yours. I would be happy to accept providing you with an apology if I could gain one in return. Many thanks  Apologies, I cannot take the item back once used and as such I am willing to offer a partial refund as I am losing money by giving you the item. I am happy to retract the review as agreed. I feel as if it would be good for us to both apologise as life is too short to hold grudges as you are welcome to shop here again - I would never want to be on poor terms with a buyer. How does that sound?  That is fantastic, glad to hear it."
2874,seller," Apologies, I cannot take the item back once used and as such I am willing to offer a partial refund as I am losing money by giving you the item. I am happy to retract the review as agreed. I feel as if it would be good for us to both apologise as life is too short to hold grudges as you are welcome to shop here again - I would never want to be on poor terms with a buyer. How does that sound?  That is fantastic, glad to hear it.  Accept Deal"
2875,buyer," My product arrived broken , I need a refund today.  I have no reason to lie. I have purchased more than once here and have been a good customer, so why would I lie today? I need a refund.   So if that's the case, why did you run to your blog to post negative comment about me? Can that comment be removed! And what am I getting if you are saying there won't be aby refund? I am asking as a loyal customer who always purchase here and this time, unfortunately I got a broken product."
2875,buyer," I have no reason to lie. I have purchased more than once here and have been a good customer, so why would I lie today? I need a refund.   So if that's the case, why did you run to your blog to post negative comment about me? Can that comment be removed! And what am I getting if you are saying there won't be aby refund? I am asking as a loyal customer who always purchase here and this time, unfortunately I got a broken product.  I do not appreciate how you paint me as a fraudster! I need an apology this is not how you talk to your customers who have been supporting you from day 1."
2875,buyer," So if that's the case, why did you run to your blog to post negative comment about me? Can that comment be removed! And what am I getting if you are saying there won't be aby refund? I am asking as a loyal customer who always purchase here and this time, unfortunately I got a broken product.  I do not appreciate how you paint me as a fraudster! I need an apology this is not how you talk to your customers who have been supporting you from day 1.  So I am not receiving apology? I am not getting any refund? My name is not removed on your blog? is that what we call business skill management? Not wanting to keep peace with your regular customers?"
2875,buyer, I do not appreciate how you paint me as a fraudster! I need an apology this is not how you talk to your customers who have been supporting you from day 1.  So I am not receiving apology? I am not getting any refund? My name is not removed on your blog? is that what we call business skill management? Not wanting to keep peace with your regular customers?  I apologize and I will remove the bad review. Can I get an apology from you too?
2875,buyer," So I am not receiving apology? I am not getting any refund? My name is not removed on your blog? is that what we call business skill management? Not wanting to keep peace with your regular customers?  I apologize and I will remove the bad review. Can I get an apology from you too?  Submitted agreement: Buyer gets no refund, seller retracted their review, buyer retracted their review, seller didn't apologize, and buyer did apologize."
2875,seller," No refund will be given as the product was in perfect condition. This is extortion.   We still maintain that the product delivered was in perfect condition. There is no evidence of the contrary. As a result, there won't be any refund given.   The negative response on our blog reflects the how the transaction went. You as customer tried to extort money from us, which is unfair customer practice. We stand by what was said in our statement. "
2875,seller," We still maintain that the product delivered was in perfect condition. There is no evidence of the contrary. As a result, there won't be any refund given.   The negative response on our blog reflects the how the transaction went. You as customer tried to extort money from us, which is unfair customer practice. We stand by what was said in our statement.   Evidence speaks volume in the case. Unfortunately, there is not evidence to back your claims except tarnishing the good name of our business. "
2875,seller," The negative response on our blog reflects the how the transaction went. You as customer tried to extort money from us, which is unfair customer practice. We stand by what was said in our statement.   Evidence speaks volume in the case. Unfortunately, there is not evidence to back your claims except tarnishing the good name of our business.   The best we can do is removing our bad review on the blog only if you apologize and retract your claim."
2875,seller," Evidence speaks volume in the case. Unfortunately, there is not evidence to back your claims except tarnishing the good name of our business.   The best we can do is removing our bad review on the blog only if you apologize and retract your claim.  Unfortunately there is no reason that warrants an apology in this case. We appreciate your concession and hope you will continue to support our business. After all we take pride in our delivery and customer experience"
2875,seller, The best we can do is removing our bad review on the blog only if you apologize and retract your claim.  Unfortunately there is no reason that warrants an apology in this case. We appreciate your concession and hope you will continue to support our business. After all we take pride in our delivery and customer experience  Accept Deal
2878,buyer, Hello i requesting for a partial refund and an apology   But you were in the wrong here how can that be final?  The order received was not the one that i purchased and the least you could do is refund partial refund and apology. Thats all im asking from you
2878,buyer, But you were in the wrong here how can that be final?  The order received was not the one that i purchased and the least you could do is refund partial refund and apology. Thats all im asking from you  Thank you for being so understanding . My order number is: 12345
2878,buyer," The order received was not the one that i purchased and the least you could do is refund partial refund and apology. Thats all im asking from you  Thank you for being so understanding . My order number is: 12345  Submitted agreement: Buyer gets partial refund, seller retracted their review, buyer kept their review, seller did apologize, and buyer didn't apologize."
2878,seller," Hello,  I understand your concern, but the item description was accurate and clearly stated. Our policy of all sales being final ensures fairness and consistency for all customers. Thank you for your understanding.  I'm sorry to hear about the issue. Could you please provide your order number so I can look into this further for you?"
2878,seller," I understand your concern, but the item description was accurate and clearly stated. Our policy of all sales being final ensures fairness and consistency for all customers. Thank you for your understanding.  I'm sorry to hear about the issue. Could you please provide your order number so I can look into this further for you?  Thank you for your patience. I apologize for any confusion or inconvenience caused. As a gesture of goodwill, I can offer you a 50% partial refund"
2878,seller," I'm sorry to hear about the issue. Could you please provide your order number so I can look into this further for you?  Thank you for your patience. I apologize for any confusion or inconvenience caused. As a gesture of goodwill, I can offer you a 50% partial refund  Accept Deal"
2879,buyer," Hello, I would like to receive refund and demand you to change the review. I did purchase different item and received something else. I am not fraudster and this review will damage my review.  It was described as different player vest and then it was deleted. I would like to return and refund.  I can delete review I gave you but I would like to receive refund and you deleting your review too."
2879,buyer, It was described as different player vest and then it was deleted. I would like to return and refund.  I can delete review I gave you but I would like to receive refund and you deleting your review too.  I know that it was supposed to be specific player and not random one. I would not buy it otherwise. 
2879,buyer, I can delete review I gave you but I would like to receive refund and you deleting your review too.  I know that it was supposed to be specific player and not random one. I would not buy it otherwise.   What about partial refund?
2879,buyer, I know that it was supposed to be specific player and not random one. I would not buy it otherwise.   What about partial refund?  i cannot delete review if you lied to me
2879,buyer, What about partial refund?  i cannot delete review if you lied to me  I know what I seen in description. I was specifically looking for that one player.
2879,buyer, i cannot delete review if you lied to me  I know what I seen in description. I was specifically looking for that one player.  That does not solve my issue. I think we will not make agreement and i will do a chargeback on my card.
2879,seller," it was what you ordered for i got delivered to you and you are asking for a refund now  it wasnt described as such, it said not for a specific player so i dont know how that is my fault that you didnt see what was written and i cannot bring down your bad review if you dont bring yours  down. its bad for my business  ill bring your review my review of you down if yoy bring yours down but there cannot be a refund cause it was stated that no refund after payment and delivery of the said goods"
2879,seller," it wasnt described as such, it said not for a specific player so i dont know how that is my fault that you didnt see what was written and i cannot bring down your bad review if you dont bring yours  down. its bad for my business  ill bring your review my review of you down if yoy bring yours down but there cannot be a refund cause it was stated that no refund after payment and delivery of the said goods  i cant give a refund,im sorry. maybe you should order for a specific jersey and i will give you a discount, thats all i can do but no refund on the former"
2879,seller," ill bring your review my review of you down if yoy bring yours down but there cannot be a refund cause it was stated that no refund after payment and delivery of the said goods  i cant give a refund,im sorry. maybe you should order for a specific jersey and i will give you a discount, thats all i can do but no refund on the former  there cant be any form of refund, the only thing i can do is give you a discount on anotjher order if there will be an order"
2879,seller," i cant give a refund,im sorry. maybe you should order for a specific jersey and i will give you a discount, thats all i can do but no refund on the former  there cant be any form of refund, the only thing i can do is give you a discount on anotjher order if there will be an order  i never lied to you, you failed to check the description of your order. im sorry if you feel i lied to you, im sorry about everything"
2879,seller," there cant be any form of refund, the only thing i can do is give you a discount on anotjher order if there will be an order  i never lied to you, you failed to check the description of your order. im sorry if you feel i lied to you, im sorry about everything  i am sorry but there is nothing i can do except give you a discount"
2879,seller," i never lied to you, you failed to check the description of your order. im sorry if you feel i lied to you, im sorry about everything  i am sorry but there is nothing i can do except give you a discount  I Walk Away."
2881,buyer," Hey, I received my order and I'm not happy at all  I received what was not displayed on your website  Yes, that's correct. "
2881,buyer," I received what was not displayed on your website  Yes, that's correct.   It does sound okay to me. Thank you so much for that. So when should I expect my item?"
2881,buyer," Yes, that's correct.   It does sound okay to me. Thank you so much for that. So when should I expect my item?  I will definitely do so."
2881,buyer, It does sound okay to me. Thank you so much for that. So when should I expect my item?  I will definitely do so.  I will correct that soon.
2881,buyer," I will definitely do so.  I will correct that soon.  Everyone makes mistakes, so I totally accept your apology"
2881,buyer," I will correct that soon.  Everyone makes mistakes, so I totally accept your apology  Okay, thank you."
2881,buyer," Everyone makes mistakes, so I totally accept your apology  Okay, thank you.  Submitted agreement: Buyer gets no refund, seller retracted their review, buyer retracted their review, seller did apologize, and buyer did apologize."
2881,seller," Can you explain the issue please?  ok, let me help witth that. Did you purchase a specific item and received something different?  what would you like me to do for you. I can send the correct item out straight away and arrange collection of the incorrect one. Does that sound ok?"
2881,seller," ok, let me help witth that. Did you purchase a specific item and received something different?  what would you like me to do for you. I can send the correct item out straight away and arrange collection of the incorrect one. Does that sound ok?  I will despatch it today so you should get it tomorrow. The courier will pick up the incorrect one so could you put it back in the package for transit please?"
2881,seller, what would you like me to do for you. I can send the correct item out straight away and arrange collection of the incorrect one. Does that sound ok?  I will despatch it today so you should get it tomorrow. The courier will pick up the incorrect one so could you put it back in the package for transit please?  I hope I have solved your problem to your satisfaction. If you have lleft any bad review anywhere I'd appreciate it if you could withdraw that.
2881,seller," I will despatch it today so you should get it tomorrow. The courier will pick up the incorrect one so could you put it back in the package for transit please?  I hope I have solved your problem to your satisfaction. If you have lleft any bad review anywhere I'd appreciate it if you could withdraw that.  That is much appreciated, thank you. I'm soory about the mix up and I hope it doesn't deter you from shopping with us again?"
2881,seller," I hope I have solved your problem to your satisfaction. If you have lleft any bad review anywhere I'd appreciate it if you could withdraw that.  That is much appreciated, thank you. I'm soory about the mix up and I hope it doesn't deter you from shopping with us again?  Thank you. I will ensure that I leave a good review for you as a buyer."
2881,seller," That is much appreciated, thank you. I'm soory about the mix up and I hope it doesn't deter you from shopping with us again?  Thank you. I will ensure that I leave a good review for you as a buyer.  You have a good day now and I look forward to seeing you back on our website soon!"
2881,seller, Thank you. I will ensure that I leave a good review for you as a buyer.  You have a good day now and I look forward to seeing you back on our website soon!  Accept Deal
2889,buyer," Hi there, thank you for sending the baseball shirt although it is in great condition it is not exactly as advertised (it is not a Kobe Brynt shirt). This was bought for my terminally ill relative and this is a great disappointment to him. Would you kindly refund me for this and I will return it at my own cost.  I did see the listing and it was clearly selling the shirt with Kobe's name on it, hence my purchase. I know this as I was specifically looking for a shirt with his name on as it is my little nephews favourite player and so specifically purchased for this reason. I do appreciate that we have both left negative feedback for each other and so if you refund me and I return it at my own cost then we could both maybe review the feedback we have both left?   This is great thank you, I apologise too if I misread the original listing so as we still need to send three messages after this one if you tell me what you will change my feedback to, I will do the same for you?"
2889,buyer," I did see the listing and it was clearly selling the shirt with Kobe's name on it, hence my purchase. I know this as I was specifically looking for a shirt with his name on as it is my little nephews favourite player and so specifically purchased for this reason. I do appreciate that we have both left negative feedback for each other and so if you refund me and I return it at my own cost then we could both maybe review the feedback we have both left?   This is great thank you, I apologise too if I misread the original listing so as we still need to send three messages after this one if you tell me what you will change my feedback to, I will do the same for you?  Cool no problem, so just to clarify, you will refund me, I will send the item back at my own expense and we both amend the feedback we have both left. Are you happy with this out come?"
2889,buyer," This is great thank you, I apologise too if I misread the original listing so as we still need to send three messages after this one if you tell me what you will change my feedback to, I will do the same for you?  Cool no problem, so just to clarify, you will refund me, I will send the item back at my own expense and we both amend the feedback we have both left. Are you happy with this out come?  Great thanks for this outcome, enjoy the rest of your day and I will get the item posted out to you today. Cheers"
2889,buyer," Cool no problem, so just to clarify, you will refund me, I will send the item back at my own expense and we both amend the feedback we have both left. Are you happy with this out come?  Great thanks for this outcome, enjoy the rest of your day and I will get the item posted out to you today. Cheers  Accept Deal"
2889,seller," Hi there. Thank you for reaching out. Did you not perhaps see what was exactly advertised on our website?  I totally understand. I would like to apologise for any inconvenice this may have caused. You may return it. Thank you.  No problem. It happens sometimes. It will be a positive one, no need to worry about it. I however, cannot get into it."
2889,seller," I totally understand. I would like to apologise for any inconvenice this may have caused. You may return it. Thank you.  No problem. It happens sometimes. It will be a positive one, no need to worry about it. I however, cannot get into it.  I will refund you after you have sent the item back and there will not be any need for  a negative feedback therefore I am happy with the outcome."
2889,seller," No problem. It happens sometimes. It will be a positive one, no need to worry about it. I however, cannot get into it.  I will refund you after you have sent the item back and there will not be any need for  a negative feedback therefore I am happy with the outcome.  Submitted agreement: Buyer gets full refund, seller retracted their review, buyer retracted their review, seller did apologize, and buyer did apologize."
