kodis-id,b_fullChat
2525,"<b>[You]</b>: Hello. I would like to reach an agreement here. <br><b>[Other]</b>: Hello, can you tell me more about the issue that you have? <br><b>[You]</b>: I purchased the Kobe jersey for my sick nephew. I could have gotten it elsewhere for less, but you promised fast delivery. However, I got a jersey for another random player. Now the listing has changed. You have left me a slanderous review as well. I am willing to take my poor review down and I do not need an apology - however I do want a refund. <br><b>[Other]</b>: I am sorry about your nephew. That is awful to hear. The listing was for a random player not specifically a Kobe jersey. It is unfortunate that there was miscommunication there. I am willing to give a refund and take down my review if you are willing to take down your review and send the jersey back to me. <br><b>[You]</b>: I believe this is an acceptable solution. <br><b>[Other]</b>: I am glad that you feel that way. I am willing to cover the cost of shipping it back. Are there any other issues that you have? <br><b>[You]</b>: I do not require that you apolagize to me if you do not require I apolagize to you. This part of the deal is not so important to me<br><b>[Other]</b>: I understand, I will offer an apology due to the nature of the situation regarding your nephew. I can understand your frustration so it is optional if you want to return the apology, <br><b>[You]</b>: 
Issue	Agreement
I receive refund	
Full refund
Seller retracts bad review of you?	
Retracts
I keep bad review of Seller	
Retract
Seller apologizes to you?	
Yes
You apologize to Seller?	
Yes
is this agreeable?<br><b>[Other]</b>: Yes this is agreeable. <br><b>[You]</b>: Submitted agreement: Buyer gets full refund, seller retracted their review, buyer retracted their review, seller did apologize, and buyer did apologize.<br><b>[Other]</b>: Accept Deal<br>"
2526,"<b>[You]</b>: I would like a refund<br><b>[Other]</b>: Our website clearly says all sales are final and no refunds issued.<br><b>[You]</b>: In that case, I would like to keep my review<br><b>[Other]</b>: I  cannot offer a refund, however, I'll give you 50% off your next purchase.<br><b>[You]</b>: Instead of a discount I would prefer to keep the review up so that others know not to take your product descriptions at face value<br><b>[Other]</b>: I have no issue with being entirely honest with my buyers. I'm sorry for the misunderstanding, however, product descriptions are as indicated on all productsf  for sale.<br><b>[You]</b>: Except the description was not honestly indicated on my purhcase, so I would like to keep my review on your site or have you retract your review of me.<br><b>[Other]</b>: My apologies, but you were looking for a Kobe jersey, not an authentic Lakers jersey. Which the description indicated. Therefore, your review is entirely erroneous. Which is why I hope you will remove it, Sir.<br><b>[You]</b>: Submitted agreement: Buyer gets no refund, seller kept their review, buyer kept their review, seller did apologize, and buyer didn't apologize.<br><b>[Other]</b>: Accept Deal<br>"
2527,"<b>[You]</b>: Hello, I'd like to receive a refund. I'm happy to return the product.<br><b>[Other]</b>: please goods sold are not returnable<br><b>[You]</b>: Even if you sent the wrong product? <br><b>[Other]</b>: I apologize for the inconvenience, we'll gladly facilitate a refund for the incorrect product sent.<br><b>[You]</b>: Thank you, I really appreciate it. When I receive the full refund, I'll also be happy to retract the bad review if you will also retract the review you left for me?<br><b>[Other]</b>: you will get your refund as soon as possible<br><b>[You]</b>: Thank you! Will you also retract the bad review you left me? I will do the same for you.<br><b>[Other]</b>: Sure, will need an apology as well.<br><b>[You]</b>: If you apologize to me as well - then yes! <br><b>[Other]</b>: Sure, i will<br><b>[You]</b>: Thanks, I'm happy we could reach an agreement.<br><b>[Other]</b>: Submitted agreement: Buyer gets full refund, seller retracted their review, buyer retracted their review, seller did apologize, and buyer did apologize.<br><b>[You]</b>: Accept Deal<br>"
2528,"<b>[You]</b>: I would like to request a refund for receiving a jersey falsely advertised, please.<br><b>[Other]</b>: What was this issue with your purchase?<br><b>[You]</b>: The listing for the jersey stated it was a Bryant jersey, I received a Lakers jersey but it does not have Bryant on it. <br><b>[Other]</b>: Our store doesn't sell Kobe Bryant jerseys. I believe you purchased a generic Lakers jersey and falsely thought it was a Kobe jersey. That said, I am willing to offer a refund in exchange for you deleting your negative review.<br><b>[You]</b>: I will accept that offer.<br><b>[Other]</b>: Great! Once the negative review is removed I will process your refund.<br><b>[You]</b>: I will remove it now.  Thank you for your assistance.<br><b>[Other]</b>: Have a nice day!<br><b>[You]</b>: Submitted agreement: Buyer gets full refund, seller kept their review, buyer retracted their review, seller didn't apologize, and buyer didn't apologize.<br><b>[Other]</b>: Accept Deal<br>"
2531,"<b>[You]</b>: Hello I would like to receive a refund as this purchase is not what I received. I would like an authentic jersey.<br><b>[Other]</b>: where you specific<br><b>[You]</b>: I would like a full refund please and an apology.<br><b>[Other]</b>: am sorry but can i know the reason<br><b>[You]</b>: This jersey quality is not up to par and I worked hard to earn this money to get a legitimate jersey.<br><b>[Other]</b>: well am sorry to hear that but our product are autentic<br><b>[You]</b>: It is not authentic and my review of you will stand. Please we need to agree with issue and refund and we can remove the ratings and reviews okay.<br><b>[Other]</b>: okay but on an account make sure the jersey is intact cause there will be a penalty if there's any fault<br><b>[You]</b>: Submitted agreement: Buyer gets full refund, seller retracted their review, buyer retracted their review, seller didn't apologize, and buyer didn't apologize.<br><b>[Other]</b>: Reject Deal<br><b>[Other]</b>: am sorry for any inconvenience but can only give you refund if you accept the condition<br><b>[You]</b>: ok i will accept the condition<br><b>[Other]</b>: Submitted agreement: Buyer gets full refund, seller retracted their review, buyer retracted their review, seller did apologize, and buyer didn't apologize.<br><b>[You]</b>: Accept Deal<br>"
2533,"<b>[You]</b>: Hello, I would like to request a full refund for a product i got that didnt match what i ordered on the site.<br><b>[Other]</b>: Hello! I am sorry a problem was experienced. The jersey you ordered was clearly labelled on my site though, as you can see. (provides link to product page), so I cannot offer a refund. I would be willing to make an exchange, but you left a very bad review about me when the error was yours. <br><b>[You]</b>: Ill take an exchange if you can guarantee it will be a Kobe jersey. Then we can take down eachothers bad reviews and apologize to eatchother.<br><b>[Other]</b>: This is acceptable to me, because I want you to get what you wished to purchase. I will take down my bad review if you will, and I will mark this as a refund in the system but will be exchanging it for the Kobe jersey you wanted. <br><b>[You]</b>: That works for me, thank you and I apologize for the bad experience.<br><b>[Other]</b>: I apologize as well, and hope you will consider me for future sportswear memorabilia! <br><b>[You]</b>: I will, thank you for your time and have a great day.<br><b>[Other]</b>: Sounds good, I appreciate it and will finalize the deal after this message.<br><b>[You]</b>: Submitted agreement: Buyer gets no refund, seller retracted their review, buyer retracted their review, seller did apologize, and buyer did apologize.<br><b>[Other]</b>: Accept Deal<br>"
2539,"<b>[You]</b>: the shirt i brought was fake!<br><b>[Other]</b>: This is the second time you made a purchase knowing our policy<br><b>[You]</b>: it isnt my fault you listed it as a real shirt! i want a refund<br><b>[Other]</b>: It was not listed as a real shirt, I'm sorry but all sales are final<br><b>[You]</b>: no i disagree you said it was real i want a refund<br><b>[Other]</b>: Nowhere in the description did it say it was real, you were aware of our policy and this is your second time causing a similar issue.<br><b>[You]</b>: are you gaslighting me?<br><b>[Other]</b>: The best offer I can make you is that if you remove your negative review about us I will remove my negative review about you. There will be no refunds issued. Please make yourself fully aware of our policies should you decide to make purchases in the future.<br><b>[You]</b>: im sorry<br><b>[Other]</b>: Submitted agreement: Buyer gets no refund, seller retracted their review, buyer retracted their review, seller didn't apologize, and buyer didn't apologize.<br><b>[You]</b>: Accept Deal<br>"
2542,"<b>[You]</b>: Hello I am a recent buyer of your's. I receive a different jersey than what was ordered and I demand that you give me a refund and retract the slanderous review of me.<br><b>[Other]</b>: Hello. My jerseys are all sold as random player championship jerseys - I do not sell specific players jerseys. <br><b>[You]</b>: When I first ordered it clearly stated it would be a Kobe jersey not random players. I saw that you changed the description after the order when you were confronted about it.<br><b>[Other]</b>: That is inaccurate (actually not listed in my prompt at all, so that's a new concept!). I'll make a deal with you. I'll remove the bad review of you if you remove the bad review of me. I'll throw in a partial discount of the jersey. I apologize for the confusion on this, but I did not change the listing. <br><b>[You]</b>: This has caused alot of stress to the stress I already have since this was for my terminally ill family member since  Kobe is his favorite player. I would really like a full refund if possible but I accept your apology and would remove my review if you remove your's and give me the refund<br><b>[Other]</b>: My best wishes to your family member, I hope they are able to stay comfortable. My apologies for the stresses. That is okay. <br><b>[You]</b>: Okay I will remove my review as soon as I get my refund and you remove my review. I hope you have a good night.<br><b>[Other]</b>: Sounds good. You as well<br><b>[You]</b>: Submitted agreement: Buyer gets full refund, seller retracted their review, buyer retracted their review, seller did apologize, and buyer didn't apologize.<br><b>[Other]</b>: Accept Deal<br>"
2543,"<b>[You]</b>: HI-I would like to ask for a refund for the jersey.  I can return it to you in exchange for a refund.  It was for my nephew who is terminally ill.<br><b>[Other]</b>: Hi, I would be ok with offering a refund if the jersey is returned and unworn<br><b>[You]</b>: I will mail it out tomorrow.  Also, I agree to remove my bad review of you if you remove your bad review of me.  I apologize if this got heated.<br><b>[Other]</b>: Yes, I agree to remove my bad review if you do so as well. I apologize as well for any misunderstandings.<br><b>[You]</b>: This is good news.  I can then get my nephew the jersey.  He is a big fan of Kobe Bryant.<br><b>[Other]</b>: I hope you are able to find what you are looking for elsewhere. Make sure to read carefully what you are purchasing next time.<br><b>[You]</b>: I will.  Thanks for working with me.  I hope you have a great day!<br><b>[Other]</b>: Thank you, you as well<br><b>[You]</b>: Submitted agreement: Buyer gets full refund, seller retracted their review, buyer retracted their review, seller did apologize, and buyer did apologize.<br><b>[Other]</b>: Accept Deal<br>"
2544,"<b>[You]</b>: Hi, I was hoping that we could come to a middle ground where we both walk away happy<br><b>[Other]</b>: of course, what would make you happy<br><b>[You]</b>: My biggest thing would be to get a refund for the Kobe jersey, that way I can buy it elsewhere for my sick nephew who really wants his jeres<br><b>[Other]</b>: ok if you are willing to pay to ship it back to me i will be more than happy to refund the jersey<br><b>[You]</b>: Since I'll be out of money for shipping, can you in return take down the bad review you have for me?<br><b>[Other]</b>: absoulutely<br><b>[You]</b>: That sounds perfect! Thanks again and sorry on my end for the way things played out<br><b>[Other]</b>: i also want to apologize for any misunderstanding about the name on your jersey<br><b>[You]</b>: Submitted agreement: Buyer gets full refund, seller retracted their review, buyer kept their review, seller did apologize, and buyer did apologize.<br><b>[Other]</b>: Accept Deal<br>"
2545,"<b>[You]</b>: Hi there, I would like to make this right with you.<br><b>[Other]</b>: Okay i would like a refund<br><b>[You]</b>: A refund? I'm the one who purchased the product.<br><b>[Other]</b>: Would you like a refund?<br><b>[You]</b>: A refund would definitely help matters <br><b>[Other]</b>: Okay my apologies for the mistake. I will have that to you now<br><b>[You]</b>: I will be refunded in full, correct?<br><b>[Other]</b>: Yes you will<br><b>[You]</b>: Thank you. I am also concerned about my reputation on the site. An apology would be appreciated and I can also apologize publicly as well so that we can both keep our reputations.<br><b>[Other]</b>: Okay will you be able to retract bad review and i'll retract mines as well with the apologies?<br><b>[You]</b>: That works for me. <br><b>[Other]</b>: Submitted agreement: Buyer gets full refund, seller retracted their review, buyer retracted their review, seller did apologize, and buyer did apologize.<br><b>[You]</b>: Accept Deal<br>"
2546,"<b>[You]</b>: HELLO, PLEASE REFUND MY MONEY TO ME<br><b>[Other]</b>: Hello! Unfortunately, it was clearly stated in the listing all sales are final. What is the issue with the product?<br><b>[You]</b>: I DID NOT LIKE HOW USEFUL AND IT DID NOT SATISFY THE NEED<br><b>[Other]</b>: I'm not sure I understand what you mean. Is the product defective?<br><b>[You]</b>: YES PLEASE<br><b>[Other]</b>: Could you describe how the product was defective? Specifically, what was wrong with your order?<br><b>[You]</b>: I JUST DO NOT  LIKE THE PRODUCT<br><b>[Other]</b>: I am sorry to hear that. Still, if the product is not defective, I cannot issue a refund without you returning the item. Would you be interested in this?<br><b>[You]</b>: I WILL RETURN THE PRODUCT<br><b>[Other]</b>: Ok, and again I apologize that the item was not up to your standards. I will refund  the money when I receive the product. Is this a suitable plan for you?<br><b>[You]</b>: YES PLEASE IT IS AND ALSO SORRY FOR RETURNING THE PRODUCT<br><b>[Other]</b>: Thank you, I am glad we were able to address your concerns. Would you be willing to remove your review of my business? <br><b>[You]</b>: Submitted agreement: Buyer gets full refund, seller retracted their review, buyer retracted their review, seller did apologize, and buyer did apologize.<br><b>[Other]</b>: Accept Deal<br>"
2547,"<b>[You]</b>: Hello, i expect a full refund and to have my retaliatory review taken down. Otherwise I will have to go to the selling platform for further action.<br><b>[Other]</b>: I'm sorry that is unlikely to happen. You may have 70% refund. Deal?<br><b>[You]</b>: I will take 70% if you update your review and issue an apology, my reputation on this platform was impeccable before this transaction.<br><b>[Other]</b>: That would be a fair deal if you retract yours too<br><b>[You]</b>: if i retract mine I will need a full refund<br><b>[Other]</b>: Okay,... deal. How about an apology both ways?<br><b>[You]</b>: I'll just take down my review! <br><b>[Other]</b>: Alright. I'd do same. You owe me an apology. Your review punctured our reputation.<br><b>[You]</b>: I made a purchase in good faith and got sent the wrong item, of course I posted an honest review. Sending my final offer, please let me know if we can finalize.<br><b>[Other]</b>: Let's finalize with an apology please. Both ways. That's fair for everyone<br><b>[You]</b>: Nobody will see my negative review, which deserved to be put out. For all I know you will scam the next customer.<br><b>[Other]</b>: What do you want at this point? Won't an apology both way go for the stress, time and inconveniences? I need an apology from you and I am sorry you feel underserved. It was entirely your fault you know? I just want us to get over this. APOLOGIZE.<br><b>[You]</b>: Submitted agreement: Buyer gets full refund, seller retracted their review, buyer retracted their review, seller did apologize, and buyer didn't apologize.<br><b>[Other]</b>: Accept Deal<br>"
2548,"<b>[You]</b>: Hi. The item I received is broken.  I would like a refund for the purchase.<br><b>[Other]</b>: Hi. I packaged it carefully. I don't do refunds. What's the problem?<br><b>[You]</b>: When I opened the package it was unfortunately broken.  I have done a lot of business with your company and I have never had a problem. I would like to purchase a replacement.  I understand you don't generally do refunds but I was hoping an exception could be made for a damaged item.<br><b>[Other]</b>: You put a bad review of my company up, but I don't think the damage was caused by me. Are you willing to take it down?<br><b>[You]</b>: I am willing to take the review down if you are willing to take down the review of me.  I am not trying to hurt your business.  If I receive a refund I will take the bad review down and write a new review about the excellent customer service I received.<br><b>[Other]</b>: OK. I will give you a refund and you can make a new purchase as you said. We'll call it a partial refund. I will take down the bad review and you will take yours down too. Agreeable?<br><b>[You]</b>: That would be great.  Thank you so much for working with me to come up with a solution.<br><b>[Other]</b>: I'm happy to do business with you. I think there's no reason for us to post apologies.<br><b>[You]</b>: I agree. I do apologize if my negative review did any harm to your business.<br><b>[Other]</b>: Submitted agreement: Buyer gets partial refund, seller retracted their review, buyer retracted their review, seller didn't apologize, and buyer didn't apologize.<br><b>[You]</b>: Accept Deal<br>"
2550,"<b>[You]</b>: I expect a full refund and an apology for your misleading bad review .<br><b>[Other]</b>: I am so sorry for any issues. What was wrong with the product?<br><b>[You]</b>: It was advertised as a Kobe jersey but was in fact just a Laker jersey. The reason I purchased it was specifically because it was described as a Kobe jersey. <br><b>[Other]</b>: The product is a Laker's jersey, but the one depicted could have been a Kobe jersey. In order to resolve this, would you be willing to remove the review you left on our website and we can discusss a refund?<br><b>[You]</b>: No, you intentionally advertised it as a Kobe jersey and changed the description after the fact. That is an intentionally misleading practice that people should have some warning about. and the fact that you left me a negative review in tern adds insult to injury. <br><b>[Other]</b>: I would never change the description of a product I am selling to deceive someone. The only way I will offer a refund is if you retract the review and apologize. I have apologized, so if you would like to receive a refund, that is the only way. You get to keep the product with a full refund, so you are not losing anything here.<br><b>[You]</b>: you have not actually apologized. You have taken no responsibility for your mistake. At this point i don't even want an apology, I just want my money back because you DID NOT give me the item I ordered. I'm not paying for something i did not ask for.<br><b>[Other]</b>: I am apologizing for you receiving an item you believed to be a Kobe Jersey. I will return your funds if you agree to retract the review. Otherwise, no.<br><b>[You]</b>: so you aren't apologizing at all, despite changing your description after the fact and the only way you'll give me my money back after receiving an incorrect item is if i don't warn other people about you irresponsible practices??<br><b>[Other]</b>: I will make sure to keep my review of you falsifying reviews in order to get full refunds and keep merchandise<br><b>[You]</b>: how about we both keep our reviews up.  I'll happily return the item and you can give me my money back.<br><b>[Other]</b>: All sales are final. <br><b>[You]</b>: oh so you're accusing me of trying to keep merchandise but you don't allow returns? yeah seems like a scam to me<br><b>[Other]</b>: Submitted agreement: Buyer gets no refund, seller kept their review, buyer kept their review, seller did apologize, and buyer didn't apologize.<br><b>[You]</b>: Reject Deal<br><b>[You]</b>: I want my money back<br><b>[Other]</b>: You will NOT be getting your money back. I offered a refund if you retracted your review,even though our policy states ALL SALES FINAL<br><b>[You]</b>: fine ill retract the review only if i get my refund. <br><b>[Other]</b>: Deal. I apologize to you for any issues on our part. do you apologize as well? I want this to be an issue we can put in the past. if any issues arise in the future, please email us so we can handle them before you purchase.<br><b>[You]</b>: No, I'd rather be done with this. <br><b>[Other]</b>: Submitted agreement: Buyer gets full refund, seller kept their review, buyer retracted their review, seller did apologize, and buyer didn't apologize.<br><b>[You]</b>: Accept Deal<br>"
2551,"<b>[You]</b>: I will take down the negative review if you issue me a full refund<br><b>[Other]</b>: I will issue you a full refund and take down my bad review if you also take down yours and you apologize<br><b>[You]</b>: Okay, thank you.<br><b>[Other]</b>: Cool, we still need to send a few more messages. I appreciate your willingness to work together<br><b>[You]</b>: I apologize for the negative review. I have taken it down.<br><b>[Other]</b>: I appreciate that, I have take down mine as well and started issuing the refund<br><b>[You]</b>: Thank you for your cooperation<br><b>[Other]</b>: Thanks and have a nice day<br><b>[You]</b>: Submitted agreement: Buyer gets full refund, seller retracted their review, buyer retracted their review, seller didn't apologize, and buyer did apologize.<br><b>[Other]</b>: Accept Deal<br>"
2552,"<b>[You]</b>: Hello! I would like to receive a refund for the Kobe Bryant Jersey I purchased. <br><b>[Other]</b>: Hi there! Thanks for reaching out. Why would you like to make this return?<br><b>[You]</b>: When I received the jersey it was for another player. The pictures on the site indicated it was a signed Kobe Bryant jersey, and that is not what I got. <br><b>[Other]</b>: I am sorry for the misunderstanding. The listing description states that the jersey is not for a specific player, just a lakers<br><b>[You]</b>: I believe that was changed after I made my purchase. If the listing was is in current state (no Kobe Bryant jersey picture, and updated description) I would not have made the purchase.<br><b>[Other]</b>: This listing has not been changed since the time of purchase. However, if you are unhappy with your purchase I will gladly refund it.<br><b>[You]</b>: Since we've come to an agreement on the refund I would be willing to retract my review of you, or make an apology describing your adequate solution. If you would retract your review of me as a buyer. I would like us to both be able to buy and sell with our reputations in tact.<br><b>[Other]</b>: That sounds reasonable to me!<br><b>[You]</b>: Submitted agreement: Buyer gets full refund, seller retracted their review, buyer retracted their review, seller did apologize, and buyer did apologize.<br><b>[Other]</b>: Accept Deal<br>"
2553,"<b>[You]</b>: May I have a refund for the broken item?<br><b>[Other]</b>: Why do you require a refund? Did it come broken?<br><b>[You]</b>: yes unfortunately it did. a picture of the broken item is attached for your review.<br><b>[Other]</b>: can you describe the issues with the item in words for me, please?<br><b>[You]</b>: I am sending you a picture instead which shows the break and the damaged packaging it came in.<br><b>[Other]</b>: im so sorry you are dealing with this. we promise to offer good quality shipping with our products. unfortunately i require a written description of how the item is broken before i can move forward with your refund.<br><b>[You]</b>: the item is cracked and dented<br><b>[Other]</b>: i can see how you are unhappy with this would you like us to send you a new, unbroken product?<br><b>[You]</b>: That would be fine with me<br><b>[Other]</b>: i can see you have a left a poor review of our product? im sorry to hear this. im hoping your opinion of us changes after receiving your replacement.<br><b>[You]</b>: I will write a retraction upon receipt of the replacement. Thanks<br><b>[Other]</b>: thank you very much! i will begin processing a replacement product and have it shipped to you right away. is that all i can help you with today?<br><b>[You]</b>: Thank you for taking care of this for me.<br><b>[Other]</b>: Submitted agreement: Buyer gets no refund, seller retracted their review, buyer retracted their review, seller did apologize, and buyer didn't apologize.<br><b>[You]</b>: Accept Deal<br>"
2556,"<b>[You]</b>: I think that we should be able to resolve this peacefully<br><b>[Other]</b>: i agree with you on this<br><b>[You]</b>: At the very least I think a refund is in order since the initial ad was misleading. I am willing to return the product as well<br><b>[Other]</b>: well a refund may not be okay since it was clearly stated that the jersey is not for a specific player<br><b>[You]</b>: That was not on the original ad though. I would not have purchased a random player jersey I was looking for a very specific one<br><b>[Other]</b>: i can agree for a partial refund... lets meet half way<br><b>[You]</b>: I will agree to that. I am also willing to retract my bad review if you retract yours. <br><b>[Other]</b>: i will retract mine as well<br><b>[You]</b>: I am also willing to post an apology for my bad review if you are willing to do the same so that we can both remain in good standing on the site<br><b>[Other]</b>: i am also willing to do same. thanks for understanding<br><b>[You]</b>: Submitted agreement: Buyer gets partial refund, seller retracted their review, buyer retracted their review, seller did apologize, and buyer did apologize.<br><b>[Other]</b>: Accept Deal<br>"
2557,"<b>[You]</b>: I ordered the Kobe jersey but received the incorrect item. Due to false advertising, I request a full refund<br><b>[Other]</b>: Sorry, but my website specifically stated that you would not get a particular player's jersey. I'd like you to review the website and remove your bad review. <br><b>[You]</b>: I understand your point of view, however at the time of purchase it stated that I would receive a Kobe Jersey. Unfortunately I will not be removing my review until my issue is resolved'<br><b>[Other]</b>: If I offer you a partial refund, will you delete your bad review? <br><b>[You]</b>: Unfortunately a partial refund does not suffice as the website changed the description after purchase<br><b>[Other]</b>: Well, that's not true, and we both know it. <br><b>[You]</b>: I would not have purchased if I knew that. I will not be taking my review down unless this is rectified<br><b>[Other]</b>: If I give you a full refund, will you remove your negative review? <br><b>[You]</b>: Yes i will <br><b>[Other]</b>: Okay, sounds good to me. Take down the negative review, and I'll refund you as soon as I see it is gone. <br><b>[You]</b>: Sure. Please guarantee that you will also remove your review of me<br><b>[Other]</b>: I'm not so sure about that. Other buyers need to know you are running a scam. <br><b>[You]</b>: Unfortunately, I can say the same about you. If we both remove the reviews, I will return the jersey and get out of your hair. I may even consider writing a follow up review telling people that you solved my issue. Deal?<br><b>[Other]</b>: Sure, that sounds great. I agree to that. <br><b>[You]</b>: Submitted agreement: Buyer gets full refund, seller retracted their review, buyer kept their review, seller didn't apologize, and buyer didn't apologize.<br><b>[Other]</b>: Reject Deal<br><b>[Other]</b>: I thought you agreed to retract your review of me? <br><b>[You]</b>: Sure, I will retract<br><b>[Other]</b>: Submitted agreement: Buyer gets full refund, seller retracted their review, buyer retracted their review, seller didn't apologize, and buyer didn't apologize.<br><b>[You]</b>: Accept Deal<br>"
2558,"<b>[You]</b>: Due to the false advertising and deceitful sale of the jersey, I am formally requesting a full refund of my order.<br><b>[Other]</b>: There was no false advertising as the website states that there is no one particular jersey that will be sold. All sales final.<br><b>[You]</b>: When I purchased the item, at the time of sale, the advertisement specifically stated the jersey was for Kobe. It wasn't until after the sale that the verbiage of the advertisement was edited t say any player. I would be interested in offering a second chance to do the right thing and provide a refund in lieu of the removal of my initial bad review of your company that tarnishes your reputation.<br><b>[Other]</b>: Unfortunately, you misunderstood. At no time did it state the jersey was for Kobe. Perhaps you got confused by looking at another website? I'm sorry that you are disappointed in the sale. All our other reviews are by happy customers that read that description and understood what they were buying.<br><b>[You]</b>: I am not misunderstanding and am aware that the company has first hand knowledge of the mistake they made. I am still requesting a full refund.<br><b>[Other]</b>: Perhaps I can offer a compromise.<br><b>[You]</b>: Okay, I am listening<br><b>[Other]</b>: You can return the product at your expense plus a 30% restocking charge. In exchange, you retract your review.<br><b>[You]</b>: I would be willing to retract my review if your review of my buyer profile is also remove with the full refund, return shipping paid, and the 30% restocking fee.<br><b>[Other]</b>: I'm sorry, that won't work.<br><b>[You]</b>: The removal of the bad review isn't worth the shipping expense?<br><b>[Other]</b>: Ok, I'll cover shipping with an apology from you. Seems fair.<br><b>[You]</b>: Submitted agreement: Buyer gets full refund, seller retracted their review, buyer retracted their review, seller did apologize, and buyer didn't apologize.<br><b>[Other]</b>: Accept Deal<br>"
2559,"<b>[You]</b>: Hi, may I receive a full refund as the item was not as described. <br><b>[Other]</b>: There is a policy of no refunds as was stated.<br><b>[You]</b>: I understand but the item was not as described so it is not a valid sale. Also, please retract your bad review of me. I apologize for this mix up but hopefully the outcome will be fair to us both. <br><b>[Other]</b>: The policy says no refunds so I must honor the policy. I can retract the bad review but I can't refund.<br><b>[You]</b>: Thank you for your offer to retract the bad review. I appreciate it. I need the refund and you didn't correctly describe the product. I have the screenshot of the description and don't want to have to escalate this with your site you sell on. It is ok to not offer refunds if you are actually selling the item you said you were selling. Otherwise, you aren't being an honest seller and you cannot do that by law. <br><b>[Other]</b>: I see that you've given another seller a hard time and demanded a refund from them as well.<br><b>[You]</b>: Yes they also did a bait and switch which is illegal. I feel it is important to make other buyers aware so they can be careful. I do not intend to harm and I only will put a factual review if no solution is reached. I'm willing to amend my review if you treat me fairly from here please. <br><b>[Other]</b>: Okay I'll issue the refund, I'm sorry. I'll retract the bad review of you as well.<br><b>[You]</b>: Thank you. I am sorry for how this went down as well. I'll amend my review of you. <br><b>[Other]</b>: Submitted agreement: Buyer gets full refund, seller retracted their review, buyer retracted their review, seller did apologize, and buyer didn't apologize.<br><b>[You]</b>: Accept Deal<br>"
2560,"<b>[You]</b>: I'd like a refund as I didn't receive the jersey that was advertised. It was for someone terminally ill and it was important. <br><b>[Other]</b>: I'm sorry for the issue you had with the jersey, but we did not have any specifics listed for it on the site..<br><b>[You]</b>: It was on the site. I don't want to pay for something I didn't want. I will return the jersey, I just want a refund and you won't be losing anything. I want to take that money and buy the jersey for the person who is terminally ill. Please, it's important. <br><b>[Other]</b>: Alright, I will see about processing the refund as soon as possible, sorry for the inconvenience..<br><b>[You]</b>: I appreciate it, thank you. I will remove the bad review and would you please remove the bad review. Let;s have a clean slate with eachother. Does that sound fair?<br><b>[Other]</b>: It does sound fair to me, I'll remove my own bad review in turn after you remove yours..<br><b>[You]</b>: I apologize for any misunderstanding and wish you well with your business. I'm glad we could come to an agreement. Thank you.<br><b>[Other]</b>: You're very welcome, we do strive to ensure our customers are happy.<br><b>[You]</b>: Submitted agreement: Buyer gets full refund, seller retracted their review, buyer retracted their review, seller didn't apologize, and buyer did apologize.<br><b>[Other]</b>: Accept Deal<br>"
2561,"<b>[You]</b>: hello<br><b>[Other]</b>: Hello<br><b>[You]</b>: I would like a refund for the jersey<br><b>[Other]</b>: Why<br><b>[You]</b>: the jersey listed said specifically it was a kobe jersey and you retracted the description after denying the refund I feel like ive been scammed<br><b>[Other]</b>: No it sais replica of Los Angeles Lakers baskeball championship jersey<br><b>[You]</b>: I have screetshots that prove otherwise please offer a refund so we can resolve this without issue and I will take down the bad review I left for your business<br><b>[Other]</b>: I know exactly what my sites says and it states that it is a replica no certain name is on my site<br><b>[You]</b>: Submitted agreement: Buyer gets full refund, seller retracted their review, buyer kept their review, seller did apologize, and buyer didn't apologize.<br><b>[Other]</b>: Accept Deal<br>"
2562,"<b>[You]</b>: I would like to receive a full refund for my item because it was not what I thought I was ordering.<br><b>[Other]</b>: You should have read better. You will not be getting a refund. Buy I will apologize to you<br><b>[You]</b>: I did read correctly, you should not have used false advertisement. I will accept an apology, but I want half of my money refunded.<br><b>[Other]</b>: That isnot going to happen. But to make it better for you I will remove my bad review and apologizes to you but that is it. If you want a refund I will keep my bad review. You will retracts bad review and apologizes to me. <br><b>[You]</b>: I will apologize and remove my bad review only if I receive half of my refund.<br><b>[Other]</b>: Yes I will accept that. But I will not apologize to you and keep my bad review up. <br><b>[You]</b>: Okay, that sounds fair.<br><b>[Other]</b>: Great<br><b>[You]</b>: Submitted agreement: Buyer gets partial refund, seller kept their review, buyer retracted their review, seller didn't apologize, and buyer did apologize.<br><b>[Other]</b>: Accept Deal<br>"
2563,"<b>[You]</b>: Did you receive my message<br><b>[Other]</b>: No<br><b>[You]</b>: I need a refund<br><b>[Other]</b>: I might be able to help with a refund if you remove the bad review.<br><b>[You]</b>: I will remove it.<br><b>[Other]</b>: Ok, I'll be happy to give you a refund. Would you also be kind enough to make a public apology?<br><b>[You]</b>: no, it not happening<br><b>[Other]</b>: I hope you reconsider, I have done all that I can to give you the refund that you have requested<br><b>[You]</b>: are going to apologize?<br><b>[Other]</b>: I apologize.<br><b>[You]</b>: Ok, i will apologize.<br><b>[Other]</b>: Ok, it has been nice working with you.<br><b>[You]</b>: Submitted agreement: Buyer gets full refund, seller retracted their review, buyer retracted their review, seller did apologize, and buyer did apologize.<br><b>[Other]</b>: Accept Deal<br>"
2564,"<b>[You]</b>: I did not receive the product that I ordered, I need a refund for it.<br><b>[Other]</b>: Hi, I apologize. What product did you order and what product did you receive?<br><b>[You]</b>: I ordered a Kobe Bryant basketball jersey but received a jersey from another Lakers player<br><b>[Other]</b>: I understand. However, the item you ordered states that the jersey is randomized. I cannot offer you a refund<br><b>[You]</b>: When I ordered the jersey the website clearly said that it was a Kobe Bryant jersey. My nephew is sick and really wanted a Bryant jersey for his birthday<br><b>[Other]</b>: I'm sorry about your nephew. It says in the description that it is a randomized jersey. How can I make this up to you?<br><b>[You]</b>: I would like a refund for at least 80% of the cost<br><b>[Other]</b>: How about a 30% refund?<br><b>[You]</b>: That's not enough, when I ordered the jersey it said it was a Bryant one on the website<br><b>[Other]</b>: We can meet in the middle. 50% refund?<br><b>[You]</b>: Ok, but you will have to remove your bad review of me as I had a bad experience with my order that wasn't my fault<br><b>[Other]</b>: I will remove my bad review of you as long as you remove the bad review of me<br><b>[You]</b>: Unfortunately I can't remove my bad review because other customers have a right to know about my bad experience and be able to make their own judgement<br><b>[Other]</b>: I could say the same about you. I won't remove my bad review of you because you could be scamming me and I want to warn other sellers.<br><b>[You]</b>: If you can't remove your bad review, then I'll need more of a refund<br><b>[Other]</b>: I apologize for the confusion, but a 50% refund is the maximum I will offer.<br><b>[You]</b>: If you can't remove your bad review or increase the refund, then I'll need an apology. If not, please either remove your bad review or increase the refund.<br><b>[Other]</b>: I apologized previously, but I sincerely apologize for the confusion with your order and I hope you get your hands on the jersey you need for your nephew<br><b>[You]</b>: Submitted agreement: Buyer gets partial refund, seller kept their review, buyer kept their review, seller did apologize, and buyer didn't apologize.<br><b>[Other]</b>: Accept Deal<br>"
2567,"<b>[You]</b>: You clearly are aware you sent me the wrong item because you changed the description afterwards! I have proof I demand a refund!<br><b>[Other]</b>: I understand that you feel angry and wronged, but I did uphold my part of the transaction and sent you the product you ordered.<br><b>[You]</b>: The item described was a specific jersey! Why would you change the description afterwards?<br><b>[Other]</b>: I did not change the description, you must have read it wrong. Can you please show me a screenshot of what you saw that led you to belive it was a specific jersey?<br><b>[You]</b>: I have it however there is no way to send it through here but believe me I will spread this information all over unless this is resolved. You need to provide a full refund and retract your false review of me. <br><b>[Other]</b>: Unfortunately, I cannot fulfill either of those requests. I would offer you a discount on future orders, but I really do not want you as a customer any longer after this mess. I have read online that you have tried to pull a similar trick on other online vendors in order to get a free product. If you would like to send the jersey back, once I receive it I will give you a refund minus stocking and processing fees.<br><b>[You]</b>: That's unacceptable the item advertised was not received<br><b>[Other]</b>: If you are not satisfied with the product, you are welcome to return it. Why would you want to keep it if it is not what you wanted?<br><b>[You]</b>: I don't want it I'm happy to return it however you need to pay for return shipping at your expense and provide a full refund as well as removing the false review about me. I'm not obligated to incur a cost for your deceptive sales practice. <br><b>[Other]</b>: Submitted agreement: Buyer gets partial refund, seller kept their review, buyer retracted their review, seller didn't apologize, and buyer did apologize.<br><b>[You]</b>: Reject Deal<br><b>[You]</b>: I will return the item for a full refund as well as a retraction of your false review<br><b>[Other]</b>: Submitted agreement: Buyer gets full refund, seller retracted their review, buyer retracted their review, seller didn't apologize, and buyer did apologize.<br><b>[You]</b>: Accept Deal<br>"
2569,"<b>[You]</b>: hello<br><b>[Other]</b>: Hi there how can I help you?<br><b>[You]</b>: I want you to explain your review<br><b>[Other]</b>: Yes, I think you have misunderstood the product, the shirt you received was as advertised.  Our business sent what was ordered here. That is the review. <br><b>[You]</b>: But I do not think that requires such a harsh review<br><b>[Other]</b>: I am adding a review because of the harsh review you have left on my business. I will be happy to take my review down if you write an apology on your review clarifying the misunderstanding or take down your review altogether.<br><b>[You]</b>: Yes I am willing to do that<br><b>[Other]</b>: Thank You! We appreciate your business and will take down the review once ours is taken down as well.<br><b>[You]</b>: Thank you to.  I am taking it down<br><b>[Other]</b>: Submitted agreement: Buyer gets no refund, seller retracted their review, buyer retracted their review, seller didn't apologize, and buyer did apologize.<br><b>[You]</b>: Accept Deal<br>"
2572,"<b>[You]</b>: I need to request a refund on a product as this isn't what I ordered<br><b>[Other]</b>: Thank you for contacting us! Can you please state the item you purchased and explain what the issue is?<br><b>[You]</b>: It was a Kobe Bryant championship jersey I bought for my kid. What ended up coming through was a generic jersey of a player we've never heard of, and what's worse is that the seller changed the item's description after I bought a pair<br><b>[Other]</b>: Thank you for that explanation. The item listed has always stated that the jersey is a generic replica and not for a specific player. We do not sell player specific jerseys. Unfortunately we do not issue refunds as part of our store policy. <br><b>[You]</b>: That's ridiculous and incredibly deceptive. I did not purchase a generic replica, and I understand if you've made a mistake but otherwise I'll have no choice but to take up legal action on the counts of fraudulent advertising. <br><b>[Other]</b>: I'm sorry you feel that way. As I mentioned, the product listing clearly stated it was a generic replica jersey and not for a specific player. I apologize for any confusion you may have had with reading the description. Although we don't offer refunds, we could offer you a store credit if you'd like to return the jersey and purchase something else from the site instead. <br><b>[You]</b>: Will the store credit be for the entirety of the purchase? I think I can work with that<br><b>[Other]</b>: Yes, it would be for the full purchase price. <br><b>[You]</b>: I'll take it, apologies for any miscommunication. Would you also be willing to remove the seller's childish comments on my review? I think I'll be satisfied with that if its possible<br><b>[Other]</b>: Yes, and if you could retract your review of our store after understanding the situation now, we would appreciate that as well!<br><b>[You]</b>: Sure that sounds like something I can agree to, you have a deal<br><b>[Other]</b>: Submitted agreement: Buyer gets partial refund, seller retracted their review, buyer retracted their review, seller did apologize, and buyer did apologize.<br><b>[You]</b>: Accept Deal<br>"
2573,"<b>[You]</b>: Hello I would like a refund and an amendment of your negative review<br><b>[Other]</b>: my policy is to not give refunds.  Can you tell me what is wrong with the product.<br><b>[You]</b>: It was stated to be a Kobe shirt and it is of a different player<br><b>[Other]</b>: I never stated it was a Kobe shirt.  If you go back to the initial post you will see that.<br><b>[You]</b>: The post has since been changed, but it did say that initially<br><b>[Other]</b>: The post was never changed.  It is still the original post.<br><b>[You]</b>: I will amend my negative review and say that it was made right if you refund the price for the shirt<br><b>[Other]</b>: I will refund the price in fuaaa<br><b>[You]</b>: If you retract or amend the review I will as well<br><b>[Other]</b>: I will<br><b>[You]</b>: Submitted agreement: Buyer gets full refund, seller retracted their review, buyer retracted their review, seller didn't apologize, and buyer didn't apologize.<br><b>[Other]</b>: Accept Deal<br>"
2574,"<b>[You]</b>: Good Afternoon, I received my item and unfortunately<br><b>[Other]</b>: What is wrong with the item?<br><b>[You]</b>: It came damaged.  &nbsp;<br><b>[Other]</b>: Okay. I am sorry to hear that. How would you like the situation to be remedied?<br><b>[You]</b>: I appreciate your response and I would like to be fully refund.  <br><b>[Other]</b>: I can offer you a full refund and remove your review so long as you retract your bad review. In that case we can call it even and hopefully you can shop at my store again in the future.<br><b>[You]</b>: I think that sounds great and I truly appreciate your help.  Thank you.<br><b>[Other]</b>: Your welcome.<br><b>[You]</b>: Submitted agreement: Buyer gets full refund, seller retracted their review, buyer retracted their review, seller didn't apologize, and buyer didn't apologize.<br><b>[Other]</b>: Accept Deal<br>"
2576,"<b>[You]</b>: I would like to receive a refund for this purchase. The jersey was not what I ordered.<br><b>[Other]</b>: I think it was clear per the website that the jersey was how it was listed on the page<br><b>[You]</b>: It was changed afterwards. When I made the purchase, it clearly said that it would be a Kobe Bryant jersey, and that was not what I received. If I can receive a refund, I will take down my negative review of you.<br><b>[Other]</b>: Would in-store credit suffice?<br><b>[You]</b>: Yes, if I could get a credit for the full price, that would be great.<br><b>[Other]</b>: I think that's something we can agree upon, so if in-store credit is given, would you take down the review?<br><b>[You]</b>: Yes I can take down the review. Can you also take down your negative review of me?<br><b>[Other]</b>: Potentially, I think it's important you understand our perspective as a store and that we cannot always bend the rules to do these things for customers<br><b>[You]</b>: I understand that. I just feel that I haven't had any issues with sellers before and want to maintain my reputation so that I don't run into potential situations where sellers don't want to sell to me.<br><b>[Other]</b>: Yes I understand, we apologize for the inconvenience that occurred but you must understand our position as well<br><b>[You]</b>: Submitted agreement: Buyer gets full refund, seller retracted their review, buyer retracted their review, seller didn't apologize, and buyer didn't apologize.<br><b>[Other]</b>: Reject Deal<br><b>[Other]</b>: Submitted agreement: Buyer gets full refund, seller retracted their review, buyer retracted their review, seller did apologize, and buyer didn't apologize.<br><b>[You]</b>: Accept Deal<br>"
2577,"<b>[You]</b>: Hey. So I was wondering if I could get a refund for the jersey I purchased?<br><b>[Other]</b>: What is the reason?<br><b>[You]</b>: I had ordered a Kobe Bryant jersey and the one that arrived was for another player.<br><b>[Other]</b>: On the website it clearly states that it will be a generic jersey, not a jersey for a specific player<br><b>[You]</b>: I remember that the site specifically said Kobe Bryant<br><b>[Other]</b>: Well, the page is still there. You can still go there and see that nowhere does it say it is a Kobe Bryant jersey<br><b>[You]</b>: It was there when I made the purchase. It seems like it was changed after I complained.<br><b>[Other]</b>: It was not changed. In general I usually do not mind issuing refunds for any reason. But you left a rude review of my store calling me a crook for no reason, which will hurt my business <br><b>[You]</b>: If I receive a refund I will be happy to retract the bad review.<br><b>[Other]</b>: I would like for you to replace the review with an apology because it was very rude <br><b>[You]</b>: That's fair, if a full refund is issued.<br><b>[Other]</b>: Agreed<br><b>[You]</b>: Submitted agreement: Buyer gets full refund, seller kept their review, buyer retracted their review, seller didn't apologize, and buyer did apologize.<br><b>[Other]</b>: Accept Deal<br>"
2580,"<b>[You]</b>: Hi there, I wanted to reach out about my purchase of a Kobe Bryant jersey that was not fulfilled.<br><b>[Other]</b>: HI THERE, I AM SORRY FOR THAT. WOULD YOU LIKE TO RETURN THE JERSEY FOR A NEW ONE<br><b>[You]</b>: Will the jersey specifically be for Kobe Bryant, not any member of the Lakers? This gift is for my terminally ill nephew so it's extremely important to me for it to be a jersey of the right player.<br><b>[Other]</b>: YES IT SPECIFICALLY FOR KOBE BRYANT<br><b>[You]</b>: Okay, I would be interested as long as you take down your bad review of me as a customer.<br><b>[Other]</b>: THANK YOU, WILL DO JUST THAT<br><b>[You]</b>: Okay, sounds good. Thank you for your apology as well.<br><b>[Other]</b>: YOU ALWAYS WELCOME<br><b>[You]</b>: Submitted agreement: Buyer gets no refund, seller retracted their review, buyer kept their review, seller did apologize, and buyer did apologize.<br><b>[Other]</b>: Accept Deal<br>"
2582,"<b>[You]</b>: Hi! The item that I recently purchased was not at all as I expected. I would like to see if it is possible that I receive a refund for this mistake.<br><b>[Other]</b>: I'm very sorry this happened and I apologize<br><b>[You]</b>: It's okay, things happen. However, I would like to see if we could still proceed with a refund as the item was completely different than what I purchased. <br><b>[Other]</b>: A partial refund may be possible if would be accepted<br><b>[You]</b>: I would not accept that as the item is just completely wrong and not as advertised. In exchange for a full refund, I will remove any negative reviews and consider it a honest mistake.<br><b>[Other]</b>: That's okay. I hope you will apologize also. I would also remove bad review of you if you apologize <br><b>[You]</b>: I will do that. And I do apologize for jumping to conclusions and leaving a review before speaking with you. The refund will be greatly appreciated and I will mention your willingness to do that in the review as well.<br><b>[Other]</b>: Thanks for understanding.<br><b>[You]</b>: Submitted agreement: Buyer gets full refund, seller retracted their review, buyer retracted their review, seller did apologize, and buyer did apologize.<br><b>[Other]</b>: Accept Deal<br>"
2585,"<b>[You]</b>: Hello, I would like a refund for the jersey I received, it is not a Bryant jersey!<br><b>[Other]</b>: but it looks very good<br><b>[You]</b>: The advertisement was for a Kobe Bryant jersey.  If you are willing to refund the cost, I am willing to delete my bad review of you.<br><b>[Other]</b>: How about removing the review first?<br><b>[You]</b>: The review exists because of the current situation.  The review stays until the situation is resolved.  I am willing to apologize publicly if you are as well.<br><b>[Other]</b>: okay I agree to that<br><b>[You]</b>: Great!  A full refund, I remove the review, you remove your bad review of me, and we both apologize!<br><b>[Other]</b>: sounds good to me<br><b>[You]</b>: Submitted agreement: Buyer gets full refund, seller retracted their review, buyer retracted their review, seller did apologize, and buyer did apologize.<br><b>[Other]</b>: Accept Deal<br>"
2587,"<b>[You]</b>: My item arrived not as described. <br><b>[Other]</b>: How was it not as described?<br><b>[You]</b>: I was under the impression that the item I was buying was in fact whole. Unfortunately, the item that I received was actually broken.<br><b>[Other]</b>: Please describe what item you ordered and how it is broken.<br><b>[You]</b>: Actually, I apologize, it wasn't broken, it was actually the incorrect item. I ordered a kobe Bryant jersey and it was another player.<br><b>[Other]</b>: I apologize, but the website clearly states that the Jersey is not for any specific player.<br><b>[You]</b>: That may be what the site says now, but when I ori3<br><b>[Other]</b>: That is not true<br><b>[You]</b>: Sorry, I accidentally sent my message before finishing it. What I was trying to say was that when I originally ordered the item, it clearly stated that it was a Kobe Bryant jersey. While it's true that it no longer says that now, that is because you changed it after the fact.<br><b>[Other]</b>: That did not happen. I see that you have attempted to manipulate other sellers to give you a refund as well. Unfortunately, I won't be doing that today. However, I would be willing to remove your bad review, if you would do the same.<br><b>[You]</b>: The only person making such outrageous claims is you, but I digress. I would probably be willing to move forward with what you suggest as long as you would be willing to refund my money. I will, of course, return the item. <br><b>[Other]</b>: No, thank you. I made no outrageous claims. Have a good day.<br><b>[You]</b>:  I have a screenshot of the original item description, before you made your changes, yet you still insist I'm the one being outrageous? Well, if you won't agree to a refund, then I fear that I must insist that the negative feedback remain, if for no other reason than to act as a warning for other potential buyers.<br><b>[Other]</b>: Submitted agreement: Buyer gets no refund, seller kept their review, buyer kept their review, seller did apologize, and buyer didn't apologize.<br><b>[You]</b>: Reject Deal<br><b>[You]</b>: Submitted agreement: Buyer gets no refund, seller kept their review, buyer kept their review, seller didn't apologize, and buyer didn't apologize.<br><b>[Other]</b>: Accept Deal<br>"
2588,"<b>[You]</b>: I did not receive the item I expected.<br><b>[Other]</b>: have you contacted the post office?<br><b>[You]</b>: I received the wrong product. I was expecting Kobe Bryant's jersey.<br><b>[Other]</b>: Our website states that the jersey's are not for any specific player and only a team jersey<br><b>[You]</b>: That is incorrect. When I viewed the website, it specifically stated that it was Kobe Bryant's jersey.<br><b>[Other]</b>: That is also incorrect. I'm sorry about this misunderstanding but we do have a no-return policy that is also stated on our website.  <br><b>[You]</b>: Well, I would hope that you take down your negative review of myself due to the misunderstanding at the very +least. I would like a refund and maybe I'll retract my review.<br><b>[Other]</b>: I am looking at our website right now and your purchase and there is no where that states this is a Kobe Bryant jersey. Please refer to the website again. I will offer a refund for an apology and for you to remove your review. <br><b>[You]</b>: No. I will not accept this. I am not blind and dumb. I supposedly bought a Kobe Bryant jersey and did not receive it. These are facts.<br><b>[Other]</b>: I will offer a refund if you take your review down as you initially offered. That is our companies final offer. <br><b>[You]</b>: I will take the refund.<br><b>[Other]</b>: and you will remove the review? <br><b>[You]</b>: yes<br><b>[Other]</b>: Submitted agreement: Buyer gets full refund, seller kept their review, buyer retracted their review, seller did apologize, and buyer didn't apologize.<br><b>[You]</b>: Reject Deal<br><b>[You]</b>: No, you can't disparage me still.<br><b>[Other]</b>: I'm sorry I will have to walk away <br><b>[You]</b>: Fine. You're a shitty online store.<br><b>[Other]</b>: Submitted agreement: Buyer gets full refund, seller retracted their review, buyer retracted their review, seller didn't apologize, and buyer didn't apologize.<br><b>[You]</b>: Accept Deal<br>"
2589,"<b>[You]</b>: Hello, I would like to receive a refund as I received a product different from what I ordered. <br><b>[Other]</b>: What was the problem with your product?<br><b>[You]</b>: I ordered a Kobe Bryant jersey and I received the wrong one. It has a player name on it that is not Bryant.<br><b>[Other]</b>: Unfortunately our website stated that Kobe Bryant was not available for purchase. <br><b>[You]</b>: The listing stated that the jersey was a Kobe Bryant jersey and that is what I selected and purchased. If this product was not avaiable the listing should have been taken down. I received a different jersey and I would like a refund.<br><b>[Other]</b>: I can offer a refund as long as the product is shipped back to us. <br><b>[You]</b>: Shipping the product back is not a problem, I will return it as soon as you send over return instructions and the shipping label to my email.<br><b>[Other]</b>: That's fine. I will send it over.<br><b>[You]</b>: I would also like you to retract the bad review you have posted of me calling me a fraud and a liar as this issue is not my fault.<br><b>[Other]</b>: As long as you retract yours as well. I am sorry for the poor buying experience. <br><b>[You]</b>: I will retract my review as long as you do, I agree to this. <br><b>[Other]</b>: Submitted agreement: Buyer gets full refund, seller retracted their review, buyer retracted their review, seller did apologize, and buyer didn't apologize.<br><b>[You]</b>: Accept Deal<br>"
2590,"<b>[You]</b>: what I ordered for is not what I got<br><b>[Other]</b>: You got exactly what you ordered. It did not state it was for a certain team member.<br><b>[You]</b>: No I did not and I request for a refund<br><b>[Other]</b>: Yes you did, if you look at what you ordered it does not state it was for a certain member.<br><b>[You]</b>: What do you say about my refund?<br><b>[Other]</b>: I would give you a refund only if you retract your bad review and you apologize for writing it.<br><b>[You]</b>: I think you should be the ones apologizing for your poor services and also refund<br><b>[Other]</b>: I did not do anything wrong. You have a history of this based on your reviews. I will refund if you retract your review.<br><b>[You]</b>: My review is the truth and you know it, and you can't start making assumptions about my history because you have a history of not delivering the right product and also not refunding<br><b>[Other]</b>: Submitted agreement: Buyer gets full refund, seller retracted their review, buyer retracted their review, seller didn't apologize, and buyer didn't apologize.<br><b>[You]</b>: Accept Deal<br>"
2593,"<b>[You]</b>: I want refund because you sold me the wrong product<br><b>[Other]</b>: How was the item different from what you expected?<br><b>[You]</b>: I expected the Kobe Bryant jersey. You sent me a jersey of another player<br><b>[Other]</b>: We apologize for the confusion. We would glad to correct the mistake.<br><b>[You]</b>: ok. I will return the jersey and can you send me the Kobe Bryant one?<br><b>[Other]</b>: Fantastic<br><b>[You]</b>: Can you remove the bad review you put about me on your site?<br><b>[Other]</b>: I think we both should remove our bad reviews. Do you agree?<br><b>[You]</b>: ok. <br><b>[Other]</b>: Done<br><b>[You]</b>: I also want an apology<br><b>[Other]</b>: We did apologize previously.<br><b>[You]</b>: ok. <br><b>[Other]</b>: Submitted agreement: Buyer gets no refund, seller retracted their review, buyer retracted their review, seller did apologize, and buyer didn't apologize.<br><b>[You]</b>: Accept Deal<br>"
2594,"<b>[You]</b>: I should get a refund for receiving the wrong item.<br><b>[Other]</b>: My website clearly states that a general jersey will be sent for the team requested. All sales are final<br><b>[You]</b>: Please retract the bad review of me, at least.<br><b>[Other]</b>: I can do that. But please retract the bad review of me as well since this was a misunderstanding<br><b>[You]</b>: I can do that. I apologize for the bad review I wrote in anger. I would still like a refund as this was to be a gift for my sick nephew.<br><b>[Other]</b>: Thank you for the apology. I am sorry about your circumstance, but unfortunately all sales are final for this jersy<br><b>[You]</b>: What if I return the item?<br><b>[Other]</b>: If the item is returned in great condition, I can exchange for the specific number you are requesting. But i have to provide a transaction form.<br><b>[You]</b>: That is fine. Thank you very much.<br><b>[Other]</b>: You are welcome.<br><b>[You]</b>: Submitted agreement: Buyer gets no refund, seller retracted their review, buyer retracted their review, seller did apologize, and buyer did apologize.<br><b>[Other]</b>: Accept Deal<br>"
2595,"<b>[You]</b>: i did not receive what i ordered.  this isnt a kobe bryant jersey.<br><b>[Other]</b>: You didn't order a Kobe Bryant jersey. The purchase order clearly states only a Lakers jersey.<br><b>[You]</b>: the desciption has been changed since i placed my order.  my nephew wanted kobe bryant and i made sure i got it right.  please replace or refund my order.<br><b>[Other]</b>: You were sent what you ordered. And no, the standard Lakers jersey description has not changed. It's a standard item that we sell every day. You've pulled this stunt before with other vendors and we know who you are. There will be no refund. And you will take down your offensive review where you called me a crook and you will issue a public apology.<br><b>[You]</b>: Look... this jersey is important to my nephew.  due to his medical issues he cant attend a lakers game but is their biggest fan by far from his hospital bed.  i cant afford another purchase.  my buyer reputation and rating is impeccable on here and I dont understand where you believe there have been past issues.  please take this item back and refund item.  i was angry and will retract and take down negative review.<br><b>[Other]</b>: I am willing to exchange the jersey for you one for one. You'll pay the cost of shipping. I will take down my bad review of you if you remove your review and apologize. Is that fair enough?<br><b>[You]</b>: can we split shipping?  and ill leave a good review?<br><b>[Other]</b>: Fair enough. You pay to ship your jersey back to me and I'll pay to ship the new jersey to you.<br><b>[You]</b>: works for me.  thank you for you help.  my sincere apologies if i misread.  things are stressful and im just trying to make a young boy feel normal for a bit.<br><b>[Other]</b>: I appreciate that. We have an agreement now so let's get it done.<br><b>[You]</b>: thank you.<br><b>[Other]</b>: Thank you.<br><b>[You]</b>: Submitted agreement: Buyer gets full refund, seller retracted their review, buyer retracted their review, seller didn't apologize, and buyer did apologize.<br><b>[Other]</b>: Accept Deal<br>"
2596,"<b>[You]</b>: Hello, the jersey I recieved was not of Kobe Bryant, could I please get a refund?<br><b>[Other]</b>: hello thank you so much for reaching out. unfortunately as stated per website all sales are final and the jersey you placed with us said there was no specific plkayer<br><b>[You]</b>: I was under the impression that it would be the Bryant jersey. It is a special gift for a family member that is sick. Would you be willing to take the jersey as a return to get the Kobe one? I would be willing to remove any bad reviews if we can come to an agreement.<br><b>[Other]</b>: yes that could work. I'm sorry that you had the Wrong impression  of the jersey but I can accept it as a return<br><b>[You]</b>: Thank you so much. I'm sorry for the confusion on my part as well. I will get this returned to you promptly. I have also removed any bad reviews and replaced them with good ones and will reccommend you as a seller from here on out. Thank you again<br><b>[Other]</b>: no problem, I have written a review of you and will retract it with our encounter<br><b>[You]</b>: Perfect, thanks again!<br><b>[Other]</b>: no problem thank you!<br><b>[You]</b>: Submitted agreement: Buyer gets partial refund, seller retracted their review, buyer retracted their review, seller did apologize, and buyer did apologize.<br><b>[Other]</b>: Accept Deal<br>"
2597,"<b>[You]</b>: Hello, I didnt get the correct product I ordered. Can you issue a refund?<br><b>[Other]</b>: Sorry to hear you didn't get the product you ordered. What is it that you ordered? <br><b>[You]</b>: I ordered a Kobe Bryant (rest in peace) jersey for my ill nephew. It was clearly listed as this player when I bought it.<br><b>[Other]</b>: That's not possible as there is no option to select a particular player when purchasing a jersey so I'm not able to issue a refund for this item is there anything else I can help you with? <br><b>[You]</b>: There was no option to select a player because the listing itself was already labeled as Kobe Bryant jersey. I see you have edited the listing to remove the name. No one is paying $75 for a no name player. Please send a refund and I can return the jersey. If not, I will leave a negative review and expose your practices.<br><b>[Other]</b>: It seems you have already left a negative review, I will issue you a partial refund of 25 dollars if you remove the negative review<br><b>[You]</b>: I can remove the negative review if you give a full refund. I am returning the jersey to you. So no harm done to either of us. Will you accept? We can remove all reviews of each other.<br><b>[Other]</b>: We do not accept returns sorry or typically issue refunds <br><b>[You]</b>: Ok give me a partial refund. <br><b>[Other]</b>: Alright, I will issue you a partial refund <br><b>[You]</b>: I am sure you edited the listing. Can you apologize for mislabeling the product and retract my bad review?<br><b>[Other]</b>: I can assure you that the listing was not edited as we track such changes to our website. I apologize for the inconvenience. You have been issued a partial refund<br><b>[You]</b>: Ok then, I apologize for the inconvenience. Thanks.<br><b>[Other]</b>: Submitted agreement: Buyer gets partial refund, seller retracted their review, buyer retracted their review, seller did apologize, and buyer did apologize.<br><b>[You]</b>: Accept Deal<br>"
2599,"<b>[You]</b>: well where is the refund<br><b>[Other]</b>: no refund as stated<br><b>[You]</b>: i want a full refund<br><b>[Other]</b>: replace your negative review with a positive one and I will seriously consider a refund<br><b>[You]</b>: alright ill do that<br><b>[Other]</b>: Sounds like a plan<br><b>[You]</b>: great to hear<br><b>[Other]</b>: I think we have reached a deal and this is the eight message so were good now<br><b>[You]</b>: oh yh<br><b>[Other]</b>: Submitted agreement: Buyer gets partial refund, seller kept their review, buyer retracted their review, seller didn't apologize, and buyer did apologize.<br><b>[You]</b>: Accept Deal<br>"
2600,"<b>[You]</b>: I would like to remedy this situation between us.  Would you be willing to remove the negative review you had of me?<br><b>[Other]</b>: I will do so if you agree to remove your bad review of me.<br><b>[You]</b>: That sounds good to me.  Since the jersey was not the Kobe Bryant one that was listed I was wondering if there is any way I could receive at least a partial refund?<br><b>[Other]</b>: The negative review you sent hurts me in the eyes of other buyers. If you made a formal apology for it after retracting your bad review then I can help you out.<br><b>[You]</b>: Likewise your negative review hurts me in the eyes of other sellers and I am concerned that they may not want to continue to do business with me too.  Would you also be willing to apologize?  Then we could both be on a clean slate.<br><b>[Other]</b>: Okay, yes that sounds good to me. We will both offer apologies to each other. I will offer a partial refund of your item. What seems fair to you.<br><b>[You]</b>: Would a 25% refund be acceptable?<br><b>[Other]</b>: I could also refund the full amount if you ship the item back to me. Which do you prefer?<br><b>[You]</b>: I am ok with the full refund and shipping the item back to you.  Thank you for the understanding.<br><b>[Other]</b>: Okay then sounds good. <br><b>[You]</b>: Submitted agreement: Buyer gets full refund, seller retracted their review, buyer retracted their review, seller did apologize, and buyer did apologize.<br><b>[Other]</b>: Accept Deal<br>"
2602,"<b>[You]</b>: Hello, I was wondering if it is possible to get a refund for the Lakers Jersey I ordered. The item was listed as a Kobe Bryant jersey at the time of purchase, but it is not what I recieved. I would be willing to send the jersey back in order to get a full refund. <br><b>[Other]</b>: I cannot offer a refund because as my website states the Laker jerseys are general they do not represent a player past or present.<br><b>[You]</b>: Yes, however, at the time of purchase, the jersey was listed as a Bryant jersey. I intended this jersey as a gift for my nephew whose idol is Kobe Bryant. I apologized for any confusion, but is there any way that I could get a refund/return. I would also be willing to remove the review I left on your shop in return. <br><b>[Other]</b>: I appreciate your offer. I am willing to give you a 70 percent refund. I know customers do not always read terms on my website. You could also purchase another generic jersey for 20 percent off web listed price.<br><b>[You]</b>: I am willing to negotiate the 70 percent refund if you also remove the bad review you left on my page. Thank you for your help. <br><b>[Other]</b>: I will remove your bad review you wrote. Are you interested in another sports item, maybe a Laker's yearbook for 2024?<br><b>[You]</b>: No, just the refund will be fine. I apologize for any inconvenience this has caused and I thank you for your cooperation.<br><b>[Other]</b>: Ok please send me the jersey back and I will credit your account minus 30%.<br><b>[You]</b>: Will do, thanks<br><b>[Other]</b>: Please visit our website again and chat with me if you are later interested in any more purchases from my store.<br><b>[You]</b>: Submitted agreement: Buyer gets partial refund, seller kept their review, buyer retracted their review, seller didn't apologize, and buyer did apologize.<br><b>[Other]</b>: Accept Deal<br>"
2603,"<b>[You]</b>: I'd like a refund please.  I ordered a Kobe Bryant jersey and you sent me something else.<br><b>[Other]</b>: Hello what is your confirmation and tracking number so I can get the process started?<br><b>[You]</b>: Confirmation # is 12342345, tracking # is ZXCYKM78HGT<br><b>[Other]</b>: Thank you, please hold.<br><b>[You]</b>: Thanks<br><b>[Other]</b>: You have been fully refunded, you should see it in your account withing 1 to 3 business days. Also I have given you a voucher to where we purchase the jersey for you because of the mistake. Thank you for being a customer.<br><b>[You]</b>: Thank you very much!  I expected an argument<br><b>[Other]</b>: Not at all sorry for the mistake.<br><b>[You]</b>: Submitted agreement: Buyer gets full refund, seller retracted their review, buyer retracted their review, seller did apologize, and buyer didn't apologize.<br><b>[Other]</b>: Accept Deal<br>"
2606,"<b>[You]</b>: I would like a full refund for my purchase. The item was broken.<br><b>[Other]</b>: All sales are final, as per policy at time of sale.<br><b>[You]</b>: If you don't refund me then I will have to give you a bad review. <br><b>[Other]</b>: I am willing to issue an apology, but cannot make an exception to the refund policy.<br><b>[You]</b>: I appreciate the apology, but I really need the refund for this item.<br><b>[Other]</b>: Unfortunately, the policy must stand to be fair.  I can offer to retract my Buyer review, if you also issue an apology.<br><b>[You]</b>: I am willing to apologize and retract my review as well if you could please at least issue me a partial refund. <br><b>[Other]</b>: With the above offer, a partial refund will be acceptable.<br><b>[You]</b>: Submitted agreement: Buyer gets partial refund, seller retracted their review, buyer retracted their review, seller did apologize, and buyer did apologize.<br><b>[Other]</b>: Accept Deal<br>"
2607,"<b>[You]</b>: HEY there<br><b>[Other]</b>: Hello!<br><b>[You]</b>: My item arrived broken. I demand a full refund and an apology!<br><b>[Other]</b>: We always make sure to package items for safe delivery. I apologize for the inconvenience this has caused you <br><b>[You]</b>:  I understand your concern, but the item I received was not as described, and I believe a full refund is warranted in this situation. As for the apology, I would appreciate it if we could resolve this matter amicably.<br><b>[Other]</b>: If the item arrived broken, i can offer you a refund.<br><b>[You]</b>: I completely understand your perspective, but I assure you that the item arrived damaged. I can provide photographic evidence if necessary. Regarding the review, I'd be willing to consider removing it if we can come to a fair resolution.<br><b>[Other]</b>: I would appreciate the removal of the negative review, I will offer a refund.<br><b>[You]</b>: Can we proceed with the refund?<br><b>[Other]</b>: Submitted agreement: Buyer gets full refund, seller retracted their review, buyer retracted their review, seller did apologize, and buyer didn't apologize.<br><b>[You]</b>: Accept Deal<br>"
2611,"<b>[You]</b>: Hello<br><b>[Other]</b>: Hey there. I wanted to talk to you about the item you purchased and how we can resolve this issue.<br><b>[You]</b>: Sure thing. I purchased a Kobe Bryant jersey for my sick nephew. But, I did not receive a Kobe jersey - I got some other Laker jersey. I'd like to send you back the item and receive a refund. <br><b>[Other]</b>: Oh, really? I seem to be mistake on what the issue was then. I thought you wanted a laker jersey that had no players on it. I apologize. I was wondering if there was a way that we can resolve this and possibly even having you change your review. I am willing to find a way to make sure you come out of this interaction a happy customer.<br><b>[You]</b>: Ok sure. What do you propose? I am open to change my review if we can come to a happy agreement here. <br><b>[Other]</b>: Yes. Would you like me to send you an exchange at no cost? Or a return? I will send you a small article of lakers merch along with it as a sign of good will.<br><b>[You]</b>: Sure - my nephew is terminally ill and he was a huge Kobe Bryant fan. Do you have a Kobe Bryant jersey that you can send me and I can send you back the jersey I received?<br><b>[Other]</b>: Yes. I do have one. So I will send you a kobe bryant jersey to exchange with the one you have at no cost and you will update your review. And I will send you a piece of free merch at no cost as well. So are we in agreement?<br><b>[You]</b>: Yes - definitely! I agree to that. Thanks for working through this issue with me. <br><b>[Other]</b>: Sounds great. I appreciate being able to work with you on this issue. So to summarize, I will send you merch, give you a free exchange, and you will change your review and I will put my apology to you on my store. I am glad to be dealing with you. I hope you have a great day!<br><b>[You]</b>: Submitted agreement: Buyer gets no refund, seller retracted their review, buyer retracted their review, seller didn't apologize, and buyer didn't apologize.<br><b>[Other]</b>: Accept Deal<br>"
2613,"<b>[You]</b>: HI<br><b>[Other]</b>: Hi<br><b>[You]</b>: HOW ARE U<br><b>[Other]</b>: I am fine<br><b>[You]</b>: you're from which state?<br><b>[Other]</b>: California <br><b>[You]</b>: fine, i'm from georgia<br><b>[Other]</b>: Very good<br><b>[You]</b>: we need to exchange few messages more<br><b>[Other]</b>: Give me your Fb/whats app  number and I will talk to you later<br><b>[You]</b>: okay... coming<br><b>[Other]</b>: Thanks<br><b>[You]</b>: send yours<br><b>[Other]</b>: https://www.facebook.com/AMBERSIMMONS2021/<br><b>[You]</b>: Submitted agreement: Buyer gets full refund, seller retracted their review, buyer retracted their review, seller did apologize, and buyer did apologize.<br><b>[Other]</b>: Accept Deal<br>"
2616,"<b>[You]</b>: I'd like to receive a refund please<br><b>[Other]</b>: I don't think that's fair the item was as described and shipped properly<br><b>[You]</b>: I believe it was an honest mistake but it was definitely wrong and I have photos to prove it<br><b>[Other]</b>: I have a reputation to uphold, So i apologize. would you consider a partial refund?<br><b>[You]</b>: I believe I am entitled to a full refund due to the item being wrong. This was for my sick nephew so it was important that it be right<br><b>[Other]</b>: That's a fair point, I am sorry about that. I will give you a full refund, if you are willing to retract the negative review<br><b>[You]</b>: I appreciate you working with me on the refund. Unfortunately, I can't take the review down. It was honest and accurate- not rude. <br><b>[Other]</b>: While I understand that, but without the negative review being taken down or at least amended to say I made it right there is no incentive for me, if my account will be negatively impacted regardless<br><b>[You]</b>: Would you be willing to also take down the bad review you left of me? The reviews definitely affected us both<br><b>[Other]</b>: Yes, I was always planning on doing that <br><b>[You]</b>: Submitted agreement: Buyer gets full refund, seller retracted their review, buyer retracted their review, seller did apologize, and buyer did apologize.<br><b>[Other]</b>: Accept Deal<br>"
2621,"<b>[You]</b>: If you give me the refound, I will quit the bad review<br><b>[Other]</b>: I can't give you a refund, but I'm willing to remove my bad review of you and apologize if you give up on the refund <br><b>[You]</b>: It's ok but I will not remove the bad review of you<br><b>[Other]</b>: ok that's fine<br><b>[You]</b>: fine <br><b>[Other]</b>: very good. you don't have to apologize to me either<br><b>[You]</b>: perfect :) <br><b>[Other]</b>: sounds good. i think we can finalize now<br><b>[You]</b>: Submitted agreement: Buyer gets full refund, seller kept their review, buyer kept their review, seller didn't apologize, and buyer didn't apologize.<br><b>[Other]</b>: Reject Deal<br><b>[Other]</b>: that's not what we agreed. I will not offer a refund but I will remove my bad review and apologize, whereas you don't have to do either<br><b>[You]</b>: Submitted agreement: Buyer gets no refund, seller retracted their review, buyer retracted their review, seller did apologize, and buyer didn't apologize.<br><b>[Other]</b>: Accept Deal<br>"
2623,"<b>[You]</b>: helllo<br><b>[Other]</b>: Hello, <br><b>[You]</b>: look like we need 8 messages lol, not sure what are we supposed to write about<br><b>[Other]</b>: So basically, following our roles, you are complaining that you did not get the jersey you are looking for. <br><b>[You]</b>: alright I would request a full refund, No need for an apology on either side, and I keep my bad review<br><b>[Other]</b>: I understand you might be upset for the confusion on the jersey. I would like to reach middle ground to avoid having a bad review for something that is more related to a human confusion<br><b>[You]</b>: Fine as long as I receive an apology for the mistake and time, then I would take it down<br><b>[Other]</b>: We would publish an apology and recharge our website to be more clear on the details of the product.<br><b>[You]</b>: i agree <br><b>[Other]</b>: Perfect, I'm glad that we were able to negotiate this through. I would mark the apology and retract th bad review as part of our deal<br><b>[You]</b>: Submitted agreement: Buyer gets full refund, seller retracted their review, buyer retracted their review, seller did apologize, and buyer didn't apologize.<br><b>[Other]</b>: Accept Deal<br>"
2625,"<b>[You]</b>: Hi, how are you? I'm here to talk about an issue with a jersey i bought<br><b>[Other]</b>: Yes, we are sorry for the misunderstanding but there are no refunds, the info on our website about the product was accurate<br><b>[You]</b>: Actually I remember reading it was a Kobe Bryant jersey, and I wouldn't have an issue and wouldn't complain if it wasn't for my nephew that is really sick, like really really sick, and i 'd love to give him that present but i don't have that much money, that's why I wanted the refund<br><b>[Other]</b>: We are sorry to hear that, but the policy of our company doesn't allow refunds. We provide our costumers with exact info about our products and honesty is one of our most important values.<br><b>[You]</b>: I know there must be something you can do to help me, I get you have to try to persuade me but I doubt you can't refund the money, and i don't know the law in the country where your company is but in my country refunds are legally undeniable and i think that's a standard in pretty much every company and country<br><b>[Other]</b>: We understand your predicament but our policy about refunds is clear, we can't provide a refund, specially when the product we sold you was is a good state and the information on our website was accurate.<br><b>[You]</b>: Come on just help me please, like my nephew is literally dying, like I wouldn't care about any of this if it wasn't for my nephew, just help a good man trying to do a loving act for a child, give me the refund, i apologize to you on your site, i erase my bad review, you do the same, we both do something good, we move on, please just help me<br><b>[Other]</b>: We can remove our bad review if you do the same but a refund is beyond our possibilities<br><b>[You]</b>: Okay, we are progressing, what about we do a partial refund, i remove mi bad review, you do the same, i apologize, you do the same and we both agree middle term?<br><b>[Other]</b>: As it happens a partial refund is possible, do we have an agreement?<br><b>[You]</b>: Yes we have an agreement<br><b>[Other]</b>: Submitted agreement: Buyer gets partial refund, seller retracted their review, buyer retracted their review, seller did apologize, and buyer did apologize.<br><b>[You]</b>: Accept Deal<br>"
2626,"<b>[You]</b>: i want to receive full refund, for you tu retract the bad review, ill apologize to you and remove bad review if you apologize<br><b>[Other]</b>: I apologize for the mistake. It mentioned that I had shipped the wrong order. Is that correct?<br><b>[You]</b>: yes, that is correct<br><b>[Other]</b>: Do you have photographic proof of the order? I can pull up the order for you and see what happened.<br><b>[You]</b>: yes, can i please hace a full refund?<br><b>[Other]</b>: Once you have submitted proof of the order to us, I can verify if it was truly our mistake and give you a refund but that will be determined once we have proof. Does that sound alright with you?<br><b>[You]</b>: yes, please retract your bad review of me and i will retract my bad review of you<br><b>[Other]</b>: Yes, I will make sure to do that. Have a nice day!<br><b>[You]</b>: Submitted agreement: Buyer gets full refund, seller retracted their review, buyer retracted their review, seller did apologize, and buyer did apologize.<br><b>[Other]</b>: Accept Deal<br>"
2627,"<b>[You]</b>: Hello, good afternoon<br><b>[Other]</b>: Hello there! How can I help?<br><b>[You]</b>: I would like to ask you for a total or a partial refund of my purchase<br><b>[Other]</b>: What is the reasoning behind this request?<br><b>[You]</b>: My order arrived wrong<br><b>[Other]</b>: How so? I will need details as to what is wrong so we might fix it.<br><b>[You]</b>: Thank you, I ask for the last  Bryant's basketball championship jersey, but I got other player's jersey<br><b>[Other]</b>: Well, all sales are final and I believe the jerseys should be blank. Just team jerseys.<br><b>[You]</b>: That is what other person told me, but you see, I took some screenshots when I was Purchasing, and the site said that the jersey was the Bryant's basketball championship jersey. But later the information was changed<br><b>[Other]</b>: How about this then. If you return the jersey and remove your bad review, I will give you a full refund.<br><b>[You]</b>: You sound like a reasonable person, you must understand, what guarantee do I have that after removing my review you will give me a full refund? <br><b>[Other]</b>: (I know its not an option on the side) Its only natural to refund someone if they return their product. There is no guarantee for you just like if you do the same thing somewhere else. I guess the closest thing would be me also removing my review of you so that makes us pretty much even.<br><b>[You]</b>: I don't have any problem returning the product, and I can also remove my review. Maybe we can make the transaction on a secure website. I have a proposal for you: How about you write an apology below my review and mention how you are going to fix it, and when I receive the money and you the jersey, I remove the bad review and write a new one, mentioning the good treatment you just gave me?<br><b>[Other]</b>: An apology from me will be happening as we did nothing wrong on our end. If all reviews are removed that is fine with me.<br><b>[You]</b>: Well, I think you did wrong calling me a fraud without asking me what was happening. But anyway,I can remove my review when the transaction is completed. I agree all reviews should be removed. I propose cleartransactions.com for the safety of both parts to do the transaction<br><b>[Other]</b>: Agreed<br><b>[You]</b>: Thank you<br><b>[Other]</b>: Submitted agreement: Buyer gets full refund, seller retracted their review, buyer retracted their review, seller didn't apologize, and buyer didn't apologize.<br><b>[You]</b>: Accept Deal<br>"
2628,"<b>[You]</b>: Hello, I ordered this jersey but it was not for the player I ordered. I understand mistakes happen, would you be willing to work with me on a refund? <br><b>[Other]</b>: I´m sorry this happened, Unfortunatly we have a very strict policy for no refunds<br><b>[You]</b>: I understand, is there anything that we can do to potentially work around a refund? I see that there was a negative review posted of me and I likewise posted one. Maybe we could both take the reviews down instead of issuing a refund? <br><b>[Other]</b>: That sounds like a very reasonable deal, we would be happy to remove the review<br><b>[You]</b>: Okay sounds good, would you also be willing to apologize either via phone or via email? I apologize for the review. <br><b>[Other]</b>: We apologize for your inconvenience and will remove the bad review from our page, thank you for reaching out <br><b>[You]</b>: Thank you I appreciate your time and help. <br><b>[Other]</b>: We thank you for reaching out and for solving in a peaceful manner<br><b>[You]</b>: Submitted agreement: Buyer gets no refund, seller retracted their review, buyer retracted their review, seller did apologize, and buyer did apologize.<br><b>[Other]</b>: Accept Deal<br>"
2629,"<b>[You]</b>: Hello my item I purchased arrived broken<br><b>[Other]</b>: Can you send me photographs of it?<br><b>[You]</b>: Yes, I can. How would you like me to send them?<br><b>[Other]</b>: Please email them, once we review them, if your item was broken due to bad packing, we refund.<br><b>[You]</b>: Here are the pictures, as you can see the product has a rip down the side of it<br><b>[Other]</b>: By what I can see it was damaged for bad managing of the package, but I can offer a partial refund.<br><b>[You]</b>: Could you replace the item instead or provide me with a full refund<br><b>[Other]</b>: That will only generate more costs to both of us. And as I said, the damage was caused by the parcel company.<br><b>[You]</b>: I must insist on a full refund as the damage wasn't cause by me, so I shouldn't bare the cost for it.<br><b>[Other]</b>: I understand, but a full refund should be given to you by the parcel company. I offer you a partial refund to show my concern for this situation, but it was not our responsability.<br><b>[You]</b>: I understand, if I have any trouble recieving a refund from the parcel company, can you help provide me with help comfirming that the damage was caused by them and not you or I?<br><b>[Other]</b>: For sure, I will also remove my bad review if you remove yours. I apologize for this situation.<br><b>[You]</b>: Thank you for your help and I will be sure to remove my negetive review<br><b>[Other]</b>: Submitted agreement: Buyer gets partial refund, seller retracted their review, buyer retracted their review, seller did apologize, and buyer did apologize.<br><b>[You]</b>: Accept Deal<br>"
2630,"<b>[You]</b>: Hi man, i saw your bad review about me, you know you did bad, i wan a full refund and a public apology about that review<br><b>[Other]</b>: You left a review about me that simply was not true and called me a liar and a crook.<br><b>[You]</b>: You know you changed your website to make me look like a lier, ok, don't apologize to me, just give me a full refund and delete that review about me<br><b>[Other]</b>: Absolutely not. I didn't change my website and you know it. Are you willing to retract your review if I am willing to offer a refund for the item back?<br><b>[You]</b>: I'ts not the right thing to do, because you will try to scam other people like you did with me but ok, give me my money back and delete that review about me, i will delete my review too.<br><b>[Other]</b>: You are slandering me and my business and I am not going to delete anything until you retract your review. When that is done, I am happy to delete mine and when I receive the item back I will refund you your money. <br><b>[You]</b>: First my money, when i get my money i will delete my review and after that you delete yours, deal?<br><b>[Other]</b>: You want your money back, and the review deleted? Then delete your review first. You have my word <br><b>[You]</b>: I can't trust you after what happened, and probably you won't trust me, give me my money, i return your product and we can delete our reviews at the same time, if one of us don't delete the review we can put them on another time<br><b>[Other]</b>: Fine. I will refund you now. <br><b>[You]</b>: Fine, i will tell you when i send your product back<br><b>[Other]</b>: Submitted agreement: Buyer gets full refund, seller retracted their review, buyer retracted their review, seller didn't apologize, and buyer didn't apologize.<br><b>[You]</b>: Accept Deal<br>"
2632,"<b>[You]</b>: Hello, I received the wrong product, I was expecting to receive the Los Angeles Lakers Jersey for Kobe Bryant, but the one that I received was not from him. I am looking for a refund.<br><b>[Other]</b>: Hi, I understand that there is an inconvenience on your part, however, it is specified on the page that the jerseys are not from any particular player, so I cannot offer you a refund. How else can I help you?<br><b>[You]</b>: I digress with what you said, I took a screenshot and have the receipt that has the image of the product that I was buying, and it is clear that the name Kobe Bryant was on it.<br><b>[Other]</b>: The image displayed on the site is for reference, at the time of the checkout the specifications that I communicated to you are made clear. I apologize if at any time during the purchase the above was not comprehensible. To avoid further setbacks we could reach an agreement. For me, the reputation of my store is very important, so I would like to know if there is a possibility for you to remove your negative review and offer an apology for the misunderstanding. In that case, I can refund a part of your purchase. <br><b>[You]</b>: I am looking for a full refund, I saw that you changed the description of the product at the moment that it arrived to me, that is deceptive and inappropriate for a store that finds its reputation very important. If you agree, I would remove my review.<br><b>[Other]</b>: Sorry, but the specifications are explicitly disclosed on the page at the time of purchase. These specifications were set when the store opened and have not been modified since. I can refund a part of the purchase if you accept the terms I mentioned. If you are not willing, there is no problem, but in that case I cannot offer you a full refund. <br><b>[You]</b>: Fine, I'll take the partial refund and the review. But I will never buy from your store again if you do not take care of those problems.<br><b>[Other]</b>: Thank you for your understanding. Unfortunately, the situation was a misunderstanding that led to inconvenience for both parties.  I appreciate the withdrawing of your bad review and the offering of an apology I respect your decision not to purchase from the store again, but if you ever change your mind, we are here to serve you. Have a nice day. <br><b>[You]</b>: Submitted agreement: Buyer gets partial refund, seller retracted their review, buyer retracted their review, seller did apologize, and buyer did apologize.<br><b>[Other]</b>: Accept Deal<br>"
2633,"<b>[You]</b>: I would like to request a refund because I did not receive the item I was promised.<br><b>[Other]</b>: Hello, thank you for reaching out. I'm sorry your purchasing experience was not satisfactory. However, as you can see on our website, all sales are final.<br><b>[You]</b>: I understand but I'm hoping you will make an exception for me since I thought I was getting a specific item. I can remove my bad review in exchange for a refund.<br><b>[Other]</b>: Could you describe to me why you consider that you did not receive the item you asked for?<br><b>[You]</b>: Of course. On the page there was a picture of a specific jersey and it mentioned the name of it in the listing. Then once I received the item it was a different name than what was shown on the website. I feel that this was false advertising.<br><b>[Other]</b>: I can see how that could be confusing. However, if you review our website, you will see that we do not promise our jerseys will have a specific name. Otherwise, we would immediately offer a refund because we believe that people should take responsability for their mistakes. <br><b>[You]</b>: I would be okay with a partial refund in exchange for me removing my bad review. I do apologize for misunderstanding but I would appreciate some help so I can get what I want. I would hope that this could be fixed for future customers as well.<br><b>[Other]</b>: I understand your position. You wanted a specific jersey but you did not get it because our jerseys don't have a specific name on them. However, for the financial health of our business we have adopted a policy of keeping all sales final, since our website clearly describes the products we offer. If you were a business owner, would you feel comfortable sending a refund while you know that you have sent the product as it is described on the website?<br><b>[You]</b>: Submitted agreement: Buyer gets partial refund, seller retracted their review, buyer retracted their review, seller did apologize, and buyer did apologize.<br><b>[Other]</b>: Accept Deal<br>"
2634,"<b>[You]</b>: Hello, I want my refund of my purchase<br><b>[Other]</b>: Hi! What seems to be the problem?<br><b>[You]</b>: The web page announce a shirt of kobe bryan, but when I got it, that shirt didn't be from that player<br><b>[Other]</b>: I understand your frustation, and I'm really sorry, but the page doesn't mention that the jersey will carry Kobe or any other player's name. And I want to mention that bad reviews can really harm a business. I want to fix this for both of us, are you interested in a deal so we can resolve this peacefully?<br><b>[You]</b>: Sure, I want my refund and I will retract about my bad review<br><b>[Other]</b>: I appreciate it, and I will erase the negative review about you, so you can avoid any repercussions as well. Thanks for being understanding.<br><b>[You]</b>: Thank you I guess.. but  what I really want is my refund, could you be able to do that?<br><b>[Other]</b>: I'll definitely get you your refund, no questions asked. I want all of our customers to have an excellent buying experience with us, so if the product is not what you expected, you'll definitely get your refund.<br><b>[You]</b>: Ok, thank you so much. That would be perfect!<br><b>[Other]</b>: Submitted agreement: Buyer gets full refund, seller retracted their review, buyer retracted their review, seller did apologize, and buyer didn't apologize.<br><b>[You]</b>: Accept Deal<br>"
2635,"<b>[You]</b>: what is your offer<br><b>[Other]</b>: i would like to review what choices you think are fair?<br><b>[You]</b>: It would be fair for both of us to receive what we expect<br><b>[Other]</b>: Is their a solution that you feel works best for the both of us<br><b>[You]</b>: we will probably both get what we expect<br><b>[Other]</b>: how would you feel about retracting the negative review<br><b>[You]</b>: I could do it, but what would I receive in return?<br><b>[Other]</b>: i would send an apology to you as well and remove  my negative review<br><b>[You]</b>: That's fine with me, I'm okay with it if that's the deal.<br><b>[Other]</b>: Submitted agreement: Buyer gets no refund, seller retracted their review, buyer retracted their review, seller did apologize, and buyer didn't apologize.<br><b>[You]</b>: Accept Deal<br>"
2640,"<b>[You]</b>: Hi. I would like to receive a full refund.<br><b>[Other]</b>: Hi, what seems to be the reason for wanting a refund?<br><b>[You]</b>: I received the wrong item.<br><b>[Other]</b>: We shipped the item listed on the order you submitted, we cannot offer a refund for this issue, as the correct item was shipped.<br><b>[You]</b>: No it was not. I have the screenshot of the listing of the item I was supposed to receive.<br><b>[Other]</b>: I can also am able to provide information on the order, and that we shipped the correct item. It seems to have been a computer error. I could offer you a partial refund if you agree to retract the negative review you posted.<br><b>[You]</b>: Yes that is fair. Would you retract the negative review of me as the buyer?<br><b>[Other]</b>: If you offer an apology for your behaviour.<br><b>[You]</b>: I will apologize if you apologize as well.<br><b>[Other]</b>: Sounds like we're in agreement.<br><b>[You]</b>: Yes. I apologize for my behavior.<br><b>[Other]</b>: Submitted agreement: Buyer gets partial refund, seller retracted their review, buyer retracted their review, seller did apologize, and buyer did apologize.<br><b>[You]</b>: Accept Deal<br>"
2641,"<b>[You]</b>: hi<br><b>[Other]</b>: hi<br><b>[You]</b>: im looking for recieving my money back, this wasnt what i ordered<br><b>[Other]</b>: sorry for the inconvenience, the item that you received is the one that states on page, please can you change the bad review, and we could talk about the refund<br><b>[You]</b>: how about you making a apology for the inconvenience, i have the recipt of the purchase, once i reciebe the refound i can take the bad review<br><b>[Other]</b>: the product states that is a jersey without a particular player, I can refund 50% for all inconvenience and you retract the bad review :)<br><b>[You]</b>: sorry i cant take less than the 90%, i double cheked the purchase, once i have the refound  and an apology i wont have a problem retracting the bad review <br><b>[Other]</b>: the information is clearly on the site, it is a sad situation but I can offer you the refund if you return the product :) <br><b>[You]</b>: off course, only if you cover the shipping cost<br><b>[Other]</b>: that is OK <br><b>[You]</b>: all right, ill change the review then the refound its done<br><b>[Other]</b>: good<br><b>[You]</b>: Submitted agreement: Buyer gets full refund, seller kept their review, buyer retracted their review, seller didn't apologize, and buyer didn't apologize.<br><b>[Other]</b>: Accept Deal<br>"
2644,"<b>[You]</b>: Hi<br><b>[Other]</b>: Hi<br><b>[You]</b>: I am here to review the issue of the purchase of my product and that it arrived incorrectly.<br><b>[Other]</b>: in the sale of the product the type of product was exactly described, the teams operating shirt does not specify the player<br><b>[You]</b>: I'm sure it was from a specific player, and now their store has made the change. I'm just here requesting a refund and the return of the product.<br><b>[Other]</b>: This cannot be possible since we have a specific section where you can choose the name of the player<br><b>[You]</b>: Nowhere in the ad did they mention that, I just want to return the product and receive a refund, it is my right. Or I will have to put a bad review about the store.<br><b>[Other]</b>: Maybe you havent explored it on the page but we can make the change. Would you willing and given the misunderstanding, could you remove your negative comment?<br><b>[You]</b>: If there would be no problem, the intention has never been to affect the company, I just don't want this product, maybe I will buy one again with the name of the player I want.<br><b>[Other]</b>: We greatly appreciate the initiative to resolve this misunderstanding, we extend your consideration by offering you an additional discount on your next pursache<br><b>[You]</b>: That sounds great to me. Thank you very much for your attention and understanding. Is there anything else I should do for you?<br><b>[Other]</b>: Just remove the negative review, thank you for choosing us, it will be a pleasure tonserve you again <br><b>[You]</b>: Submitted agreement: Buyer gets full refund, seller retracted their review, buyer retracted their review, seller did apologize, and buyer did apologize.<br><b>[Other]</b>: Accept Deal<br>"
2646,"<b>[You]</b>: My item arrives broken <br><b>[Other]</b>: What is the specific problem with your item?<br><b>[You]</b>: Cuando le pongo las pilas no funciona . Me gustaría un reembolso<br><b>[Other]</b>: Have you tried different brands of batteries?<br><b>[You]</b>: Yes, I tried, but it still doesn't work. It is also scratched, I think it was used previously. Will a refund be possible?<br><b>[Other]</b>: Sure, we will send you a return guide, once we receive the product your refund will be made automatically.<br><b>[You]</b>: Thank you very much, I am happy with your response. Despite not having received my equipment in 100% working order, I will give a good review<br><b>[Other]</b>: Thank you for your understanding. We will also give you a good rating as a customer.<br><b>[You]</b>: Submitted agreement: Buyer gets full refund, seller retracted their review, buyer retracted their review, seller did apologize, and buyer did apologize.<br><b>[Other]</b>: Accept Deal<br>"
2650,"<b>[You]</b>: Hola<br><b>[Other]</b>: Hola, Hello.<br><b>[You]</b>: Se puede llegar a un acuerdo?<br><b>[Other]</b>: Creo que si, pero creo que los de la encuesta quieren que la hagamos en ingles amigo.<br><b>[You]</b>: OK<br><b>[Other]</b>: How about this, I offer a full refund, we both retract the bad reviews, and there is no need to apologize?<br><b>[You]</b>: I agree<br><b>[Other]</b>: Just need to send one more message, we need 8.<br><b>[You]</b>: If it's okay, the agreement can remain like this<br><b>[Other]</b>: Submitted agreement: Buyer gets full refund, seller retracted their review, buyer retracted their review, seller didn't apologize, and buyer didn't apologize.<br><b>[You]</b>: Accept Deal<br>"
2651,"<b>[You]</b>: HI<br><b>[Other]</b>: Hello, how are you doing?<br><b>[You]</b>: I'm good and you<br><b>[Other]</b>: Good! How can I help you?<br><b>[You]</b>: i bought a product and it wasnt whai ordered<br><b>[Other]</b>: Oh no! I am so sorry about that. Can you please tell me what you ordered and what you received instead? <br><b>[You]</b>: i ordered a blue socks and got red<br><b>[Other]</b>: Sorry about that! If you send back the red socks, we can send you the blue pair you ordered!<br><b>[You]</b>: i know but this mistake can be made again<br><b>[Other]</b>: I am the manager and I will make sure I pack the order myself so this issue does not happen again! Again, I am so sorry this happened.<br><b>[You]</b>: i understand<br><b>[Other]</b>: Submitted agreement: Buyer gets no refund, seller retracted their review, buyer retracted their review, seller did apologize, and buyer didn't apologize.<br><b>[You]</b>: Accept Deal<br>"
2652,"<b>[You]</b>: I need a refund first and foremost.<br><b>[Other]</b>: I'm sorry but is it that you demand a refund?<br><b>[You]</b>: The product was not as described, I was trying to purchase a jersey for a younger family member and he is a fan of that particular player, not a generic jersey.<br><b>[Other]</b>: Okay, but in the website I stated clear that the jersey wasn't of a particular player<br><b>[You]</b>: I am 100% certain that you did state it was for a particular player. Regardless, I think a fair compromise is refunding me 80% of the price. I can then return the product to you and you can keep the 20% to offset any shipping costs.<br><b>[Other]</b>: I'm sorry but no, the description in the website was very clear that the jersey is generic. The confusion is out of my responsability <br><b>[You]</b>: Why can you not accept the refund of 80%? If the product was truly described properly, you can get the product back, in the same exact condition and sell it again at the same price. You are keeping 20% of the cost so you don't really lose anything. I will even up my offer to 25%.<br><b>[Other]</b>: Because the only reason you want a refund is because you made the wrong choice of jersey. The product is in perfect conditions, and that is why we won't make a refund.<br><b>[You]</b>: If the product was truly listed correctly as a generic jersey and you priced it properly, why would you not grant me the refund of 75%? 1) If you have the product returned to you, you could sell it again and make the same profit + 25%. I am not asking for a full refund, I am asking for 75% refund. You said the product is in perfect condition and so it should be easy to find a customer to purchase it at the same price. 2) It will remove any needs for the negative feedback left on my page and yours.<br><b>[Other]</b>: The negative feedback is a lie, you know that the product was listed correctly, but you only gave me a bad review to pressure me into giving you a refund. My mind is set, there will be no refund. And since it will not work, I'll appreciate if you delete that comment.<br><b>[You]</b>: You are convinced it was listed properly. I am convinced it was not listed as generic. There is no reason to argue about that point because we both believe we are right. The best option is decide on how to compromise on a solution. You are being unreasonable by not accepting any refund. Can you explain how you can justify not refunding me 60% and getting the product back? You could sell the jersey again and keep 40%. <br><b>[Other]</b>: Business politics, the only thing I can offer you is an apology.<br><b>[You]</b>: Business policies? What sort of policy is that? Lets say you made $75 bucks on the jersey by selling it to me. I am offering to return the jersey, perfect, as you stated back to you. You can sell it again for $75 and keep $30 from my refund so you'll end up with $105.<br><b>[Other]</b>: It's my policy because is MY business, I'm the owner not you, and that's final. <br><b>[You]</b>: So even if it was a mistake on my end, you do not try to work with people who make a mistake? What if I asked for a 20% refund, so you get the jersey back and keep 80% of the price? Are you saying your business policy would not accept that?<br><b>[Other]</b>: No, that's how my business operate. Besides you could also sell the jersey to someone else if I don't accept to make a refund. Again: the only thing I can offer you is an apology for the inconvinience <br><b>[You]</b>: Okay than how about removing the bad review of me? If I agree to remove my review of you.<br><b>[Other]</b>: That sounds fair <br><b>[You]</b>: I apologize for my frustration with you as well.<br><b>[Other]</b>: Submitted agreement: Buyer gets no refund, seller retracted their review, buyer retracted their review, seller did apologize, and buyer did apologize.<br><b>[You]</b>: Accept Deal<br>"
2654,"<b>[You]</b>: Hello! I would like to request a refund as I did not receive the item I purchased.<br><b>[Other]</b>: I'm sorry to hear there has been an issue with your purchase. What item did you receive?<br><b>[You]</b>: I received a different Jersey than I had expected, as the description on the website was wrong.<br><b>[Other]</b>: I see based on your order that you chose our Lakers jersey in yellow. Is this what you received?<br><b>[You]</b>: It is, however, the website said I would be receiving a Kobe Bryant Jersey. I believe there was a mix up with the product description. No worries as these things happen. A refund is all I need!<br><b>[Other]</b>: I understand that's very frustrating. Unfortunately, the Kobe Bryant Jersey is an entirely different listing, with a different price, and the order you placed does clearly state that the jersey will not be specific to any player whatsoever. A refund will not be possible under these circumstances. I do see however that you have already placed a negative review on my business. Reviewing the facts, this is untrue and I must insist you retract the negative review. While I understand your frustrations, the listings are clear and it is unfair to negatively affect my companies reputation over this.<br><b>[You]</b>: I'll retract my negative review when you issue me a refund.<br><b>[Other]</b>: A refund is entirely against my policy, as is listed on my website. If I make an exception, I will require a retraction of the review as well as an apology, a simple acknowledgment of it being a misunderstanding will suffice. Is this an agreeable resolution?<br><b>[You]</b>: Absolutely. I appreciate your help. Please also be sure to remove any negative reviews of me.<br><b>[Other]</b>: I will also advise of the misunderstanding and state that a resolution was amicably reached.<br><b>[You]</b>: Thank you and enjoy your day.<br><b>[Other]</b>: Submitted agreement: Buyer gets full refund, seller retracted their review, buyer retracted their review, seller didn't apologize, and buyer did apologize.<br><b>[You]</b>: Accept Deal<br>"
2656,"<b>[You]</b>: Hello, I'm requesting that I receive a refund, and that you retract your bad review of me.<br><b>[Other]</b>: It was stated on my website that the product is not for a specific player. I'm sorry, but due to being given disclosure I find it unfair to give you a refund.<br><b>[You]</b>: It was stated before you edited the description on your website that it was for a specific player. At the very least I'm requesting a partial refund, but I also need that review of me removed. <br><b>[Other]</b>: I never edited the description on my website. All sales are final, and refunds are not given. A review from another seller says that you have caused them issues as well. Surely you are not trying to extort me with this bad review? <br><b>[You]</b>: There's no extortion in any of what I'm trying to convey. Reviews like that are damaging to reputation, especially when I wrote my review from an honest standpoint. <br><b>[Other]</b>: An honest standpoint? Previous witnesses have stated that your reviews are only used for extortion purposes. Will your review be any worth when your reputation is that of an extortionist? Your review will be useless and you will not end up with a refund, so perhaps it is best we compromise and make a better solution.<br><b>[You]</b>: Well it sounds like there<br><b>[Other]</b>: sorry seems like you mistyped<br><b>[You]</b>: Yes sorry, it sounds like there's no compromise to be found. At the very least if I remove my review of you, would you be willing to remove your review of me?<br><b>[Other]</b>: Perhaps. Would you forget the refund and we would retract each other's reviews?<br><b>[You]</b>: Yes I'm willing to do that.<br><b>[Other]</b>: Deal.<br><b>[You]</b>: Submitted agreement: Buyer gets no refund, seller retracted their review, buyer retracted their review, seller didn't apologize, and buyer didn't apologize.<br><b>[Other]</b>: Accept Deal<br>"
2657,"<b>[You]</b>: Hi I would like to receive a full refund for an item that was falsely advertise<br><b>[Other]</b>: I cannot offer a refund in any amount because the item delivered was in fact identical to the item requested.<br><b>[You]</b>: The customer is always right and if I requested the Kobe Bryant jersey, I wouldn't have mistakenly order something else and I feel like I am being accused of a liar<br><b>[Other]</b>: I am not responsible for your interpretations. I said the item ordered was the item delivered, and that statement remains correct. The customer is obviously not always right; that is a useful shorthand for good customer service, not an infallible guide to the nature of every transaction.  <br><b>[You]</b>: Okay, no problem. I will just show the screenshots captured of the Kobe Bryant jersey and this conversation to my lawyers and take you to court <br><b>[Other]</b>: I am confident in my legal prospects; I have digital records that identify what was ordered. If we want to reach any kind of accommodation, I am going to need to hear some compromise on your end. The maximalist position you are taking will succeed only in wasting both our time.<br><b>[You]</b>: You say you are confident yet you haven't even checked if you actually have those records. It will be nice to see you in court, buddy. <br><b>[Other]</b>: Don't assume what I have and haven't checked. My reputation as a seller remains strong and contains a long list of reviews; yours as a buyer is being negatively affected much more by the reputation you're building for yourself here. You might want to reconsider your tactics. You're not the only one keeping track of this conversation.<br><b>[You]</b>: If I get a refund for my order, I will consider taking down the negative reviews I have posted and write a positive one about your business and recommend more people to visit your store as you have great customer service<br><b>[Other]</b>: I cannot offer a refund that contradicts my business records, but if you were to retract your negative review of my business, I would retract my negative review of you as a seller. <br><b>[You]</b>: I don't see how that could contradict your business as you have not explained how it would. I will still consider taking the review down if you retract the review of me<br><b>[Other]</b>: I have stated repeatedly that my records conflict with rather than confirm your claims; that's the source of the contradiction. If we can agree to remove negative reviews of each other, that would be a step forward from the complete impasse we seem otherwise to be facing. I would agree to that process if you would in turn.<br><b>[You]</b>: That's fine. Yes, we can agree to remove the negative reviews<br><b>[Other]</b>: Agreed. Thank you for the conversation.<br><b>[You]</b>: Thank you and I apologize <br><b>[Other]</b>: Thank you for the apology. I appreciate your understanding and your business.<br><b>[You]</b>: Submitted agreement: Buyer gets no refund, seller retracted their review, buyer retracted their review, seller didn't apologize, and buyer did apologize.<br><b>[Other]</b>: Accept Deal<br>"
2658,"<b>[You]</b>: Hi, I received the wrong jersey and I would like a refund<br><b>[Other]</b>: Hi, it looks like the jersey you received was correctly listed and sent accordingly<br><b>[You]</b>: I know that's what you might have, but I order a size large and I got a size medium.<br><b>[Other]</b>: Okay, I'm sorry about that. If you could return the jersey I will pay for the shipping and send an expedited replacement of the correct size. Does that work for you?<br><b>[You]</b>: That actually works great for me, would I need to send anything else? Would you need my ticket?<br><b>[Other]</b>: Just send everything that was with the jersey when it was sent. <br><b>[You]</b>: Got it. Thank you. I will make sure to let my family and friends know that the company upholds their policies and appreciates their customers.<br><b>[Other]</b>: Thank you<br><b>[You]</b>: Submitted agreement: Buyer gets full refund, seller retracted their review, buyer retracted their review, seller did apologize, and buyer did apologize.<br><b>[Other]</b>: Accept Deal<br>"
2659,"<b>[You]</b>: Hello, I believe I should receive a refund as the product you sold me was not accurate in the description. <br><b>[Other]</b>: Can you please explain how the product you received did not match the description?<br><b>[You]</b>: The jersey you sold me was supposed to be Kobe's jersey but the jersey I received was not. The description was then changed when I complained. I will gladly retract my bad review and apologize if you can make this right<br><b>[Other]</b>: Ok that's fine I will give you a refund if you remove the bad review and apologize for the misunderstanding<br><b>[You]</b>: Okay, I agree, however I would like the refund first before I remove the review and apologize<br><b>[Other]</b>: Yes I agree to those terms. I will also retract your review as a buyer and apologize<br><b>[You]</b>: Sounds great thank you. <br><b>[Other]</b>: Ok we are both in agreement let's finalize the deal<br><b>[You]</b>: Submitted agreement: Buyer gets full refund, seller retracted their review, buyer retracted their review, seller did apologize, and buyer did apologize.<br><b>[Other]</b>: Accept Deal<br>"
2660,"<b>[You]</b>: I am disappointed I didn't get the correct product. I would like to return it for a refund.<br><b>[Other]</b>: I checked the listing and its clearly marked per player<br><b>[You]</b>: At the time I ordered, the listing specifically said Kobe<br><b>[Other]</b>: I'm sorry if the site was confusing to you, but the order I have says otherwie. It could've just been you ordered the incorrect item.<br><b>[You]</b>: I am not satisfied with the item I recieved and would like a refund. In the insterest of customer satisfaction, can you do that?<br><b>[Other]</b>: I can offer an exchange where you send the item back and I send you the item you are looking for with n extra charge to shipping<br><b>[You]</b>: I have already had to source the correct item elsewhere, and I don't need two of them. I can send it back for a refund.<br><b>[Other]</b>: That's totally fine. I'm sorry i couldn't get you the correct jersey, but for future orders I suggest double checking in the cart for the correct item name. Can you please retract your review?<br><b>[You]</b>: I would be happy to do so once I recieve the refund.  Will you do the same for your review of me, please?<br><b>[Other]</b>: I will once I receive the item! I can send a return sticker for you to return the item. thank you<br><b>[You]</b>: Submitted agreement: Buyer gets full refund, seller retracted their review, buyer retracted their review, seller didn't apologize, and buyer didn't apologize.<br><b>[Other]</b>: Accept Deal<br>"
2661,"<b>[You]</b>: Hey, let's start here. I am willing to take down the bad review as long as you take mine down as well<br><b>[Other]</b>: Sure, I can do that.<br><b>[You]</b>: We can also both offer a formal public apology. We can call it a misunderstanding<br><b>[Other]</b>: Okay, sure.<br><b>[You]</b>: Now, I will send the product back and then you can refund my payment as well<br><b>[Other]</b>: I'm sorry but company policy does not permit me to issue a full refund. The most I can do is a partial refund. Is that okay with you?<br><b>[You]</b>: I will accept a partial refund if that's all you can offer. I guess we have a deal<br><b>[Other]</b>: Sounds like we do have a deal, thank you.<br><b>[You]</b>: Submitted agreement: Buyer gets partial refund, seller retracted their review, buyer retracted their review, seller did apologize, and buyer did apologize.<br><b>[Other]</b>: Accept Deal<br>"
2662,"<b>[You]</b>: Hi can we reach an agreemant?<br><b>[Other]</b>: What kind of agreement are you looking for?<br><b>[You]</b>: I would like a few things; a refund, retract ny bad review.<br><b>[Other]</b>: I cannot agree to both. You are discrediting my business on a public forum for a mistake that was not mine to make. You need to remove your review, or retract your statement. <br><b>[You]</b>: I can work with you on those but I have to get both the refund and have you remove the bad review of me.<br><b>[Other]</b>: I will only remove the poor review of you, if you retract your review. The transparency on this mistake needs to be clear for other consumers and businesses. You did not read the full description of the product, therefore your poor review of my business is reactive slander.<br><b>[You]</b>: Look I am willing to remove my poor review but I will need you to refund the money and I will send the jersey back. I also need you to remove the poor review of me.<br><b>[Other]</b>: If you send back the jersey then I will issue you a refund. I will not remove the review, but I do ask that you write a corrective review stating the misunderstanding. I do apologize for my description not being clear, however I need the public to see that this was a misunderstanding, not a poor business practice. I will state the refund that was given to you as well for the misunderstanding. <br><b>[You]</b>: Tell you what we have a deal on sending back the jersey and a refund. I will remove the bad review of you as well. If you remove the bad review of me then I will issue a public apology and let everyone know that it was just a misunderstanding and not bad business practices. <br><b>[Other]</b>: Submitted agreement: Buyer gets full refund, seller retracted their review, buyer retracted their review, seller did apologize, and buyer did apologize.<br><b>[You]</b>: Accept Deal<br>"
2664,"<b>[You]</b>: hello<br><b>[Other]</b>: hi<br><b>[You]</b>: i want to receive a refund<br><b>[Other]</b>: Would you retract the bad review and apologize?<br><b>[You]</b>: yes just give me a refund<br><b>[Other]</b>: okay<br><b>[You]</b>: will you retract  your bad review of me<br><b>[Other]</b>: I can give you refund or retract the bad review, pick one<br><b>[You]</b>: how about partial refund and retract bad review<br><b>[Other]</b>: ok if I agree does that finalize our deal then<br><b>[You]</b>: yes that sounds good to me<br><b>[Other]</b>: okay deal agreed<br><b>[You]</b>: Submitted agreement: Buyer gets partial refund, seller retracted their review, buyer retracted their review, seller didn't apologize, and buyer did apologize.<br><b>[Other]</b>: Accept Deal<br>"
2665,"<b>[You]</b>: I will remove my bad review if I receive a full refund and you retract my bad review of you<br><b>[Other]</b>: I sorry for the inconvenience, but We just checked our system and we notice that you ordered the wrond item, so a refund wont be possible since we didnt do anything wrong<br><b>[You]</b>: I ordered the Kobe jersey and did not receive it. I should be able to receive a refund. What are you willing to do?<br><b>[Other]</b>: You can return the Lakers jersey that you received and we can gladly change it for the Kobe Brynt one. The only thing is that is a little bit more expensive. Should I proceed with the change?<br><b>[You]</b>: Yes that is fine. Can you retract my bad review if I retract my review as well?<br><b>[Other]</b>: Of course, we can do that. For that we will offer you a 15% discount on your next purchase with us :)<br><b>[You]</b>: Ok, thanks. That sounds good. And should we write apologies on the website or just neither one of us apologize?<br><b>[Other]</b>: no need to apologize, it was just a misunderstanding. I amGlad we worked it out<br><b>[You]</b>: Me too. Thank you for your cooperation.<br><b>[Other]</b>: Submitted agreement: Buyer gets no refund, seller retracted their review, buyer retracted their review, seller didn't apologize, and buyer didn't apologize.<br><b>[You]</b>: Accept Deal<br>"
2667,"<b>[You]</b>: Hello, I'd like to receive a refund for the Kobe Bryant jersey I purchased. I received the wrong item.<br><b>[Other]</b>: Hello, what is the issue with the jersey?<br><b>[You]</b>: The jersey I received was for a different player, not the Kobe Bryant one I ordered.<br><b>[Other]</b>: Okay, I will send a refund now.<br><b>[You]</b>: Okay, great. Thanks.<br><b>[Other]</b>: Have a great day.<br><b>[You]</b>: One more thing, can you please retract the bad review you left for me since this was an error by the shipping department.<br><b>[Other]</b>: Yes I will<br><b>[You]</b>: Do you think I can get an apology from you for sending the wrong item and ruining my nephews birthday surprise?<br><b>[Other]</b>: I am sorry for sending the wrong item.<br><b>[You]</b>: Submitted agreement: Buyer gets full refund, seller retracted their review, buyer kept their review, seller did apologize, and buyer didn't apologize.<br><b>[Other]</b>: Accept Deal<br>"
2669,"<b>[You]</b>: I'm willing to remove my negative review if you delete yours and give me a full refund for my purchase.<br><b>[Other]</b>: Sorry but I disagree. My listing was accurate and specified the jersey was not for a specific player<br><b>[You]</b>: The listing was changed after I made a complaint about my order. I left an accurate review of my experience, and in return you posted a spiteful and libelous message. I'll only delete my review if you delete yours.<br><b>[Other]</b>: That is not true. The listing remained the same as it originally was. I am willing to offer a partial refund and we both can remove the reviews<br><b>[You]</b>: I'll accept those terms if you also post an apology stating our dispute was resolved.<br><b>[Other]</b>: OK, I can do that. Thank you<br><b>[You]</b>: You're welcome, and thanks for your time.<br><b>[Other]</b>: Perfect, we have an agreement then<br><b>[You]</b>: Submitted agreement: Buyer gets partial refund, seller retracted their review, buyer retracted their review, seller did apologize, and buyer didn't apologize.<br><b>[Other]</b>: Accept Deal<br>"
2671,"<b>[You]</b>: I think I should recieve a refund<br><b>[Other]</b>: Hey, whats the issue. Why do you need a refund.<br><b>[You]</b>: I ordered a jersey that should have koby's name but got a jersey with a different player<br><b>[Other]</b>: No, I only sell Lakers Jerseys, i do not gaurantee specific player names.<br><b>[You]</b>: When I ordered the jersey the description specified that I would be getting Koby<br><b>[Other]</b>: Ah okay, if it's in the description than yes, i should honor that.<br><b>[You]</b>: Thank you!<br><b>[Other]</b>: How about a full refund, And <br><b>[You]</b>: That sounds good to me<br><b>[Other]</b>: Remove your negative review and i will retract my review.<br><b>[You]</b>: alright<br><b>[Other]</b>: I am really sorry for the trouble and would like to sincerly apologize to you.<br><b>[You]</b>: Thank you for your apology and Id also like to apologize for the hastle<br><b>[Other]</b>: Alright, sounds good thank you, and if you ever need another jersey let me know and ill sent the correct one<br><b>[You]</b>: Submitted agreement: Buyer gets full refund, seller retracted their review, buyer retracted their review, seller did apologize, and buyer did apologize.<br><b>[Other]</b>: Accept Deal<br>"
2675,"<b>[You]</b>: Hello! I would like to know if you could give me a refund for the jersey? I would appreciate it if you could since the product didnt match the description. I will be more than willing to return the jersey too as well as remove my bad review<br><b>[Other]</b>: Hi, I'm sorry but the description on the website did say that the shirt didn't come with a players name. I can't give you a refund but would be willing to remove my review if you remove yours.<br><b>[You]</b>: I would really appreciate if you gave us a refund as well, we could really use that extra money to help out with our terminally ill son. He doesn't have many more days to live, life has been really hard and I don't know what to do. His mood is already at a low and with the extra money would could invest it in buying something else that might make him smile one last time. <br><b>[Other]</b>: I'm sorry for the misunderstanding and your situation and might be willing to give a refund if we can negotiate. If you can remove the negative review and post an apology I will do the same.<br><b>[You]</b>: That is a deal! Thank you for the apology as well. I am sorry for the misunderstanding as well. I will remove my review :)<br><b>[Other]</b>: This is great. You agree to the deal?<br><b>[You]</b>: I do! So we both will remove our reviews, I receive a full refund, and we both apologized!<br><b>[Other]</b>: Yes! Great. I will give a refund, apologize and remove the review. Thanks for working with me.<br><b>[You]</b>: Submitted agreement: Buyer gets full refund, seller retracted their review, buyer retracted their review, seller did apologize, and buyer did apologize.<br><b>[Other]</b>: Accept Deal<br>"
2676,"<b>[You]</b>: I didn't get what I asked for I deserve a refund<br><b>[Other]</b>: What exactly was wrong with the product?<br><b>[You]</b>: It had the name of a random player I haven't heard of. I paid for Kobe Bryant's jersey.<br><b>[Other]</b>: Okay, i'm sorry to hear that. Since you're unhappy with the product we can have you ship it back. Once it's in our posession we will be able to provide you with a full refund. How does that sound to you?<br><b>[You]</b>: That sounds great! Thank you so much!<br><b>[Other]</b>: Would you be willing to leave a review of our product?<br><b>[You]</b>: When I get my refund then possibly. Can you take away the bad review you made of me?<br><b>[Other]</b>: Absolutely. I apologize for writing a bad review about you in haste. There are instances where buyers are disingenuous when trying to get a refund. Seeing as we were able to come to an amicable agreement I am willing to retract the review of you.<br><b>[You]</b>: That's good and I will also retract yours!<br><b>[Other]</b>: Thank you so much! Have a wonderful rest of your day.<br><b>[You]</b>: You too! I'm sorry for any trouble I might have caused<br><b>[Other]</b>: Submitted agreement: Buyer gets full refund, seller retracted their review, buyer retracted their review, seller did apologize, and buyer didn't apologize.<br><b>[You]</b>: Accept Deal<br>"
2677,"<b>[You]</b>: Hello<br><b>[Other]</b>: Hi customer I know you are upset from your review of the jersey you received not being a Kobe Bryant one. However if you look again at the item listing it's nonspecific and random. Please let me know how we can best work out the dispute here.<br><b>[You]</b>: I would like to receive a refund, can you please help with that?&nbsp;<br><b>[Other]</b>: Okay I can offer a refund however you did post a review for my business which is slanderous. I'd like for you to first apologize for that and update your review.<br><b>[You]</b>: Sure, I have no issues apologizing to you and updating my review.<br><b>[Other]</b>: Okay great I will also take the time to also apologize as well for this mishap. Do you have any further questions?<br><b>[You]</b>: Will you retract the bad review you left of me as well?<br><b>[Other]</b>: Yes I will also go ahead and do that as well. I'll work on updating that review and get your refund processed shortly, thanks!<br><b>[You]</b>: Submitted agreement: Buyer gets full refund, seller retracted their review, buyer retracted their review, seller did apologize, and buyer did apologize.<br><b>[Other]</b>: Accept Deal<br>"
2678,"<b>[You]</b>: i receive my package and it comes broken and doesn´t works<br><b>[Other]</b>: I am so sorry your package did not arrive as anticipated.  Can you describe why it doesn’t work?<br><b>[You]</b>: well ,It is a lamp, the screen is broken and when connected and turned on it does not turn on<br><b>[Other]</b>: Oh dear, I am very sorry.  How would you like to proceed?  If you send a picture of the broken lamp, I can verify that it doesn’t work and immediately send you a replacement.  Does that work?<br><b>[You]</b>: yes, that would be fine, you would send me a guide to send the lamp back?<br><b>[Other]</b>: Yes, of course. I can send a replacement and a guide.  I did notice you left a very poor review on line and gently request you revise this in lieu of our conversation.  Would you be willing to do that?<br><b>[You]</b>: As soon as my change is resolved, of course<br><b>[Other]</b>: I appreciate you doing this as my reputation stands firm on positive customer service.  I’ll get the lamp right out to you.<br><b>[You]</b>: Thank you very much for your help, I will be happy to change my review to a good one<br><b>[Other]</b>: Submitted agreement: Buyer gets no refund, seller kept their review, buyer retracted their review, seller did apologize, and buyer didn't apologize.<br><b>[You]</b>: Accept Deal<br>"
2679,"<b>[You]</b>: Hello. I recently purchased a Byrant jersey from you, however when it arrived it was another players jersey. I know for sure that the listing explicitly stated it was for a Byrant jersey. As this was for my terminally ill nephew, I can't even express just how disappointed I am. I would really appreciate a refund and that you retract your negative review of me as a seller.<br><b>[Other]</b>: I do my best to represent my listings accurately with photos and descriptions. I'm sorry if you didn't read it throughly and are now disappointed in your purchase. All sales are final so i can't issue you a refund. I would suggest reselling it your self.  <br><b>[You]</b>: Sorry, I meant Bryant. Also, I know that the original listing definitely said it was for his specific jersey. It's really unacceptable that you would just update the listing afterwards and just lie about it. Like I said, this jersey was meant to be a gift for my terminally ill nephew. I'm fully prepared to remove the negative review I left if you can at least meet me halfway.<br><b>[Other]</b>: I can offer a partial refund if you return the item and retract your bad review.<br><b>[You]</b>: A partial refund would be greatly appreciated and I will of course retract my negative review, as long as you also retract your negative review of me as a seller.<br><b>[Other]</b>: I can agree to that. Thanks<br><b>[You]</b>: Great, thank you!<br><b>[Other]</b>: You're welcome. <br><b>[You]</b>: Submitted agreement: Buyer gets partial refund, seller retracted their review, buyer retracted their review, seller didn't apologize, and buyer didn't apologize.<br><b>[Other]</b>: Accept Deal<br>"
2680,"<b>[You]</b>: Hi, I recently received my package, but it contained the incorrect item. I bought a Kobe Bryant jersey, but the jersey was for some other player I've never heard of. <br><b>[Other]</b>: I said in the listing it was not for a specific player how can we resolve this fairly.<br><b>[You]</b>: At the time when I bought the jersey, the listing clearly stated that it was for a Kobe Bryant jersey. I am sure the platform has some record of any recent changes. I would like a refund as this is not the item described in the listing.<br><b>[Other]</b>: How about some of your money back<br><b>[You]</b>: Absolutely not. I purchased a Kobe Bryant jersey and that is not what I received. You misrepresented the item. I will happily return the item to you, but I will require a full refund. I would also appreciate it if you would remove your slanderous review of me as a buyer given that I have upheld my end of our agreement. I gave you the requested price for the item you advertised. You did not give me the item advertised. <br><b>[Other]</b>: I feel I did nothing wrong but I can return your item for a refund. I will not remove the review since the item was described correctly.<br><b>[You]</b>: I am quite confident that if we take this dispute to the platform, they will see that you changed the listing. How can you expect to keep customers if you lie about your products and your customers?<br><b>[Other]</b>: I will give you your money back and will just have to take a chance with future customers. <br><b>[You]</b>: Fine. A full refund. I would also appreciate an apology. I purchased this jersey for my nephew, who is terminally ill. This is really disappointing and I'm not even sure I'll be able to get another one for him in the time he has left. <br><b>[Other]</b>: ok thank send the jersey back and you will have your refund. Have a good day.<br><b>[You]</b>: Submitted agreement: Buyer gets full refund, seller kept their review, buyer kept their review, seller didn't apologize, and buyer didn't apologize.<br><b>[Other]</b>: Accept Deal<br>"
2684,"<b>[You]</b>: I need a refund, I will send back the jersey<br><b>[Other]</b>: All sales are final.<br><b>[You]</b>: If required I will elevate this to the authorities as this seems to be a case of false advertising.<br><b>[Other]</b>: I'm sorry you feel that way. It was clearly stated on the website that this is a team jersey. As well as stating all sales are final. <br><b>[You]</b>: I have an emailed receipt that states otherwise.  I don't think you should risk the required time/money to continue to fight this.<br><b>[Other]</b>: I've seen from your profile that this is a common theme with you. Reporting businesses when you don't get your way not matter who is at fault. I really don't want to continue this any further. I will offer you a discount on future purchases.<br><b>[You]</b>: That is simply not true and not acceptable.  I have not had an issue on this site before.  I will retract my review and issue an apology if you refund my purchase and retract your review and everybody can go their own way. <br><b>[Other]</b>: I can issue a partial refund if the negative review on my business is removed<br><b>[You]</b>: Submitted agreement: Buyer gets full refund, seller retracted their review, buyer retracted their review, seller did apologize, and buyer did apologize.<br><b>[Other]</b>: Accept Deal<br>"
2685,"<b>[You]</b>: Hello I would like to make an agreement<br><b>[Other]</b>: Hi there! I'm sorry you weren't satisfied with your purchase. I strive to keep my customers as satisfied as possible while keeping to store policy.<br><b>[You]</b>: I feel that the product was not as described and I would like a full or partial refund<br><b>[Other]</b>: Thanks for letting me know. Unfortunately, I'm not able to offer a refund as the jersey you purchased was as described in the listing. However, I can understand how that information (that jerseys were nonspecific) was confusing, and I'm happy to fix the product listing going forward. Would you be willing to retract your review if I post a formal apology?<br><b>[You]</b>: The jersey was listed specifically to be a certain number. If it wasn't I wouldn't have purchased it.<br><b>[Other]</b>: Please check the product listing again, you'll see that unfortunately that is not the case. I wish you had contacted me first before posting a review calling me a LIAR AND CROOK, which is really harmful to me as a small business owner. <br><b>[You]</b>: I have checked the product listing and it has been edited. So it doesn't change the fact that I remember what it originally said. I am sorry you posted the item incorrectly. I am willing to remove my comment and forgive you for your mistake.<br><b>[Other]</b>: Thanks, I appreciate very much that you are willing to remove your comment. The listing was not edited and the platform timestamps can confirm that, so in accordance with policy, I am still not able to offer any refund. However I will be happy to remove my negative Buyer rating, which could negatively impact your ability to make future Offers and Deals with other Sellers.<br><b>[You]</b>: Submitted agreement: Buyer gets no refund, seller retracted their review, buyer kept their review, seller did apologize, and buyer didn't apologize.<br><b>[Other]</b>: Reject Deal<br><b>[Other]</b>: Can I persuade you to the same terms except that you remove your unfair review calling me a LIAR AND A CROOK, and I issue a formal apology?<br><b>[You]</b>: Would you be willing to issue a partial refund if i removed the review and replaced it with an extremely positive one?<br><b>[Other]</b>: I really can't because of policy. I will take the original deal if you reissue it. <br><b>[You]</b>: Submitted agreement: Buyer gets no refund, seller retracted their review, buyer retracted their review, seller did apologize, and buyer didn't apologize.<br><b>[Other]</b>: Accept Deal<br>"
2686,"<b>[You]</b>: hello. <br><b>[Other]</b>: Hello. You were unhappy with the item?<br><b>[You]</b>: yes. it is the wrong item. i would like a refund<br><b>[Other]</b>: We can offer a 50% refund if both parties remove both bad reviews. <br><b>[You]</b>: That is not good enough. <br><b>[Other]</b>: Ok if you remove the bad review and make a formal apology we will do the full refund.<br><b>[You]</b>: Ok. I will remove the bad review if you remove the bad review of me. But I will only apologize if you apologize for your inappropriate response too<br><b>[Other]</b>: That is fine. We can agree on all those things and we will issue the full refund.<br><b>[You]</b>: thank you <br><b>[Other]</b>: Submitted agreement: Buyer gets full refund, seller retracted their review, buyer retracted their review, seller did apologize, and buyer did apologize.<br><b>[You]</b>: Accept Deal<br>"
2687,"<b>[You]</b>: I'd like to discuss a refund for the incorrect order, please.<br><b>[Other]</b>: Our store does not offer refunds, but I'd like to make things right for you. What is the issue?<br><b>[You]</b>: The jersey I received is not as advertised. I'll need a refund in order to purchase the correct jersey from another seller.<br><b>[Other]</b>: The jersey is as advertised, a LA Laker jersey. It was not listed as any specific player. However, since you are unsatisfied, I can issue you store credit if you return it, or half store credit if you decide to keep it. In exchange I would kindly ask that you update your review to mention our agreement.<br><b>[You]</b>: I will update my review, but in exchange I'd also like you to retract your bad review of me. Like you, I don't want to lose the opportunity to conduct business on this platform due to a misunderstanding.<br><b>[Other]</b>: Absolutely. We both understand how much reviews can affect things. I will remove your review if we have reached an agreement. Please let me know which option you would prefer.<br><b>[You]</b>: I would like to return the jersey for a credit in full, please.<br><b>[Other]</b>: Great. I can send you a shipping label for an expedited return if you like. Thank you for your patience with this matter.<br><b>[You]</b>: Submitted agreement: Buyer gets partial refund, seller retracted their review, buyer retracted their review, seller didn't apologize, and buyer didn't apologize.<br><b>[Other]</b>: Accept Deal<br>"
2688,"<b>[You]</b>: Hi! I did not receive the correct item that I ordered, I would like to receive a refund.<br><b>[Other]</b>: you received what  you ordered please<br><b>[You]</b>: I ordered a different item, but got the wrong thing. I am willing to send this back, and I want the item that I ordered or I would like to receive the refund please.<br><b>[Other]</b>: what the item you ordered for please<br><b>[You]</b>: I ordered a replica of Kobe Bryant's last basketball championship jersey, specifically his jersey and not just someone else<br><b>[Other]</b>: what item did u get<br><b>[You]</b>: I got it for a different player but from the same team<br><b>[Other]</b>: alright sorry for the inconvenience . can you please return the item for change<br><b>[You]</b>: yes please, thank you!<br><b>[Other]</b>: you are most welcome<br><b>[You]</b>: I would also like to ask if you could take back the bad review that you gave of me, I do not think it is fair, since there was a mistake in this order and it was not my fault<br><b>[Other]</b>: alright i will<br><b>[You]</b>: thank you I appreciate that, and since you have agreed that there was an issue from your end, I would like a formal apology for the hurtful words that you used against me. And in return I also apologize for my negative review as well<br><b>[Other]</b>: alright i also apologies for my negative review<br><b>[You]</b>: Submitted agreement: Buyer gets no refund, seller retracted their review, buyer retracted their review, seller did apologize, and buyer did apologize.<br><b>[Other]</b>: Accept Deal<br>"
2689,"<b>[You]</b>: hello<br><b>[Other]</b>: hi<br><b>[You]</b>: whats good<br><b>[Other]</b>: I'm good, thank you, how about you?<br><b>[You]</b>: same here<br><b>[Other]</b>: alright<br><b>[You]</b>: what the topic<br><b>[Other]</b>: negotiation<br><b>[You]</b>: how much are you exexpecting <br><b>[Other]</b>: 50%, cool?<br><b>[You]</b>: Alright <br><b>[Other]</b>: Submitted agreement: Buyer gets partial refund, seller retracted their review, buyer retracted their review, seller did apologize, and buyer did apologize.<br><b>[You]</b>: Accept Deal<br>"
2691,"<b>[You]</b>: Hello, I would like a full refund as this is not the jersey I ordered! I ordered a Kobe jersey and this is LA Lakers. Thank you!<br><b>[Other]</b>: Hi there!  Thanks so much for your order.  We actually don't offer jerseys for specific players.  Let me share this link with you to the product page (link) for you to glance at again for confirmation.  You will see that there is no option for a Kobe jersey specifically.  I'll wait while you take a look.<br><b>[You]</b>: Thank you but when I ordered it, it was definitely listed as a Kobe jersey and this product page has been edited since my purchase. Please refund me as this is unfair. If I receive a refund, I will retract my negative review and you can do the same for me. I appreciate your help with this issue! <br><b>[Other]</b>: I'm glad to help.  Any fan of the Lakers is a friend of mine!  Regarding your recollection that the product page previously looked different, here is a link to the Way Back Machine for our product page.  This is an internet archive that takes screenshots of the history of the page.  You will see on the independently maintained archive that our product page remains unchanged.  Based on that, and on the statement on the product page that all sales are final, we can't issue a refund.  But I'll tell you what I can do... since it was an innocent mistake, as one Lakers fan to another, I'll gladly agree to a mutual withdrawal of our negative feedback.  No harm, no foul!  We're just glad to have you as a customer.<br><b>[You]</b>: This jersey was a gift for my terminally ill nephew, his favorite player is Kobe so I KNOW I would not have ordered a generic Lakers jersey. If you do not refund me, I will be unable to give him the one thing he really wants before he dies. Are you absolutely sure there is nothing that can be done? I am begging here, I wouldn't usually press the issue but I am sure you can understand why, given the circumstances. Again, I appreciate your help.<br><b>[Other]</b>: Oh no!  What an awful situation.  I'm so sorry to hear about your nephew.  That is really cool of you to try to give him something special.  It speaks well of you.  Here is what I can do to help... while the sale is final on the Lakers jersey, I totally understand what you are trying to do and why it is important to get a Kobe-specific jersey for your nephew.  We don't have Kobe-jerseys, but we do have a few other Kobe-products.  I can't refund your money on that item, but if you return it to us I would be glad to exchange the item for a Kobe product of equal value.  Of course, you've got the option of keeping the first item and just buying an additional one.  If you choose that option, I'll throw in a 10% discount for you.  AWhich of those two options works better for you?  <br><b>[You]</b>: I just realized that I took screenshots of the purchase to show my sister and the order is absolutely for a Kobe jersey through your website. While you have been kind to me here, I am having trouble trusting what you are telling me. I would still prefer a refund but if you are unwilling to work with me, I would have to take the exchange. <br><b>[Other]</b>: Ok, my friend.  I'll send you an email with the instruction for the exchange - along with a link to our site with our available Kobe products.  I'll also give you my contact information in case you have any trouble with the process.  Once I get your item back, I'll ship the other one out right away and I've got a Kobe sticker that I'll toss in for your nephew.  I really wish you guys the best.  You're in a tough spot and I feel for you.  Thanks for working with me on this.  We can remove the negative feedback together and get that item out to your nephew ASAP.  Feel free to reach back out to me if you have any question.  Thanks again for your business.  I appreciate you.<br><b>[You]</b>: Submitted agreement: Buyer gets no refund, seller retracted their review, buyer retracted their review, seller did apologize, and buyer didn't apologize.<br><b>[Other]</b>: Accept Deal<br>"
2694,"<b>[You]</b>: I would like a full refund<br><b>[Other]</b>: What was the problem with the product?<br><b>[You]</b>: It was the wrong jersey. I didin't get the one one the website<br><b>[Other]</b>: Im sorry that you did not get the one that you wanted but it was the one that you ordered.<br><b>[You]</b>: It was not. You changed the website after I posted my review calling you out.<br><b>[Other]</b>: I did not change the website, I just updated it.<br><b>[You]</b>: Oh ok. Well Please give me a refund and I will remove my bad review.<br><b>[Other]</b>: All sales are final.  I don't understand the bad review.<br><b>[You]</b>: Ok then I will keep my bad review and hopefully no one else will get taken by your scam.<br><b>[Other]</b>: I did not scam you.<br><b>[You]</b>: Submitted agreement: Buyer gets no refund, seller kept their review, buyer kept their review, seller didn't apologize, and buyer didn't apologize.<br><b>[Other]</b>: Reject Deal<br><b>[Other]</b>: I can offer you a partial refund since it was a final sale.<br><b>[You]</b>: ok<br><b>[Other]</b>: Im glad we agreed on that.<br><b>[You]</b>: Submitted agreement: Buyer gets partial refund, seller kept their review, buyer kept their review, seller didn't apologize, and buyer didn't apologize.<br><b>[Other]</b>: Reject Deal<br><b>[Other]</b>: Submitted agreement: Buyer gets partial refund, seller retracted their review, buyer kept their review, seller did apologize, and buyer didn't apologize.<br><b>[You]</b>: Accept Deal<br>"
2695,"<b>[You]</b>: Hello, I am writing to request for a refund for the item that I bought<br><b>[Other]</b>: May I know what is wrong with the item?<br><b>[You]</b>: I bought a specific jersey from the website, but I was sent the wrong item<br><b>[Other]</b>: Oh, I am really sorry about that. I can provide you a return label and as soon as we get the item back we would be happy to issue you a refund.<br><b>[You]</b>: Thank you so much, also I believe there was a misunderstanding with my review on your platform. Would you be willing to revise your reply?<br><b>[Other]</b>: Absolutely, that would not be a problem at all.<br><b>[You]</b>: Would it be okay if I leave my original review on your website, just in case a similar incident does not occur?<br><b>[Other]</b>: While we would appreciate it if you do, that will have to be up to you.<br><b>[You]</b>: Okay I understand, sorry for the misunderstanding and thanks again!<br><b>[Other]</b>: Submitted agreement: Buyer gets full refund, seller retracted their review, buyer kept their review, seller did apologize, and buyer did apologize.<br><b>[You]</b>: Accept Deal<br>"
2696,"<b>[You]</b>: Hi there! I received a misleading product and I would like a refund<br><b>[Other]</b>: really ? <br><b>[You]</b>: Yes, I lost out on quite a substantial amount for a jersey that was supposed to be Kobe's. Can you please give me a refund?<br><b>[Other]</b>: Awww sorry , sure i will<br><b>[You]</b>: Thank you so much! I also know I've written a negative review of this experience, and in response, you wrote a negative review of me. Can you also retract your negative review? It doesn't accurately reflect my reputation.<br><b>[Other]</b>: Okay<br><b>[You]</b>: Thank you so much. Final request: You have been so accommodating, but could you also apologize for your business practice? I just want closure and move on.<br><b>[Other]</b>: I apologize<br><b>[You]</b>: Thank you for the full refund, retracting your bad review of me and apologizing<br><b>[Other]</b>: You are welcome<br><b>[You]</b>: If possible, I will keep my bad review of you to warn others, but I will also apologize to you now as you are so accommodating now.<br><b>[Other]</b>: Submitted agreement: Buyer gets full refund, seller retracted their review, buyer retracted their review, seller did apologize, and buyer did apologize.<br><b>[You]</b>: Accept Deal<br>"
2697,"<b>[You]</b>: Hello.<br><b>[Other]</b>: Hello, how are you today?<br><b>[You]</b>: Well. I'd like to receive a refund for the jersey I bought. It was supposed to be a Kobe jersey.<br><b>[Other]</b>: Oh, I'm sorry to hear that. I see you ordered the Lakers Championship jersey. This listing is not for any specific player. I'm sorry for any confusion. It also states on the product that all sales are final.<br><b>[You]</b>: Ok. I'll take down my bad review, if you will. How does that sound?<br><b>[Other]</b>: I appreciate that, and I apologize for any inconvenience. Yes, I can also take down the bad review.<br><b>[You]</b>: I appreciate that. Have a good day. <br><b>[Other]</b>: Thank you, you too!<br><b>[You]</b>: Submitted agreement: Buyer gets no refund, seller retracted their review, buyer retracted their review, seller did apologize, and buyer didn't apologize.<br><b>[Other]</b>: Accept Deal<br>"
2699,"<b>[You]</b>: Hello there. I would like to receive a refund please<br><b>[Other]</b>: What is wrong?<br><b>[You]</b>: Unfortunately I received a jersey with the wrong name of the player listed on it<br><b>[Other]</b>: The listing did not specify the specific name<br><b>[You]</b>: I have been a customer for many years with a solid reputation, as such would you consider making an exception?<br><b>[Other]</b>: I apologize for the misinterpretation but unfortunately all sales are final.<br><b>[You]</b>: I'd rather not keep my negative review of you as I know it hurts business, so I am offering an apology and retraction of my negative review if I can similarly get an apology and a refund. I would like to work out our differences<br><b>[Other]</b>: I will accept the apology and reciprocate the same. However, I can not offer a full refund, would partial refund be sufficiant?<br><b>[You]</b>: Submitted agreement: Buyer gets partial refund, seller retracted their review, buyer retracted their review, seller did apologize, and buyer did apologize.<br><b>[Other]</b>: Accept Deal<br>"
2706,"<b>[You]</b>: I expect to receive a refund for this jersey that was clearly not what you had advertised on your website.<br><b>[Other]</b>: As our listing stated, the jerseys were not for a specific player, and unfortunately all sales are final.<br><b>[You]</b>: You altered your listing after the fact. Then you responded to my negative review by insulting me! This is unacceptable<br><b>[Other]</b>: While I understand your concerns, unfortunately, we are unable to accommodate a refund in this instance due to our policy. I am willing to retract my negative review, if you remove your negative review of my shop. We are a small business and strive to maintain transparency in our listings,<br><b>[You]</b>: Please understand, this jersey was for my nephew who is terminally ill. It's supposed to be his favorite player's jersey. We won't be able to afford it without this refund. I am happy to retract my negative review as well if you can just issue a refund. My goal is not to harm your business.<br><b>[Other]</b>: I understand the importance of this jersey to your nephew, especially considering his circumstances. While I truly empathize with your situation, I must also uphold the policies we have in place to ensure fairness for all our customers. What we can do, is offer a discount on a replacement jersey.<br><b>[You]</b>: A partial refund still won't allow us to replace the jersey. Again I'm happy to remove my review. I am not even concerned if you do not remove your negative review.<br><b>[Other]</b>: Thank you for your understanding and willingness to reconsider your review. Regarding the partial refund, I understand that it may not fully address the cost of replacing the jersey. While we are unable to make exceptions to our policy regarding refunds, we remain committed to assisting you in any other way we can. <br><b>[You]</b>: Submitted agreement: Buyer gets partial refund, seller retracted their review, buyer retracted their review, seller didn't apologize, and buyer didn't apologize.<br><b>[Other]</b>: Accept Deal<br>"
2710,"<b>[You]</b>: Hello, i demand a full refund on a shirt i bought <br><b>[Other]</b>: ok<br><b>[You]</b>: I expect that i get a refund of $75 as i was given the bryant shirt i ordered for my sick cousin<br><b>[Other]</b>: What are your reasons for a refund?<br><b>[You]</b>: It was clearly stated on the site that i will get a Bryant's customized shirt but a different shirt was sent<br><b>[Other]</b>: I understand. but we can reach an agreement<br><b>[You]</b>: I will be glad if i get the refund as i really need the exact shirt i ordered.<br><b>[Other]</b>: No problem, I'm evaluating the options.<br><b>[You]</b>: I will take down my negative review so i don't affect the business in any way. I hope i will get my refund<br><b>[Other]</b>: ok that seems very good to me, so we all win<br><b>[You]</b>: Thanks<br><b>[Other]</b>: anything else I can help you with<br><b>[You]</b>: I will apologize to the seller and i hope he retracts bad review of me too. That will be all. thanks<br><b>[Other]</b>: perfect issue a refund now. something else I can help you with<br><b>[You]</b>: Submitted agreement: Buyer gets full refund, seller retracted their review, buyer retracted their review, seller didn't apologize, and buyer did apologize.<br><b>[Other]</b>: Accept Deal<br>"
2716,"<b>[You]</b>: Hello, I bought a Kobe Bryant jersey from you. However, what I recieved was a jersey from a player I do not even know of so I would like to return it and receive a refund<br><b>[Other]</b>: hi client, i understand the issue you are explaining, and i thank you for contacting us, hopefully i can help with your claim, and i would like to let you know first tthat iwhen you made the purchase at our store it was described at the item that no specific player was send, were sorry you didnt get the player you wanted, i could offer you a partial refund of the product you got <br><b>[You]</b>: The website clearly stated that it was a Kobe Bryant jersey. However, very conveniently, after I made my comment on your page the name of the product was changed. So I do not think it is fair for you buyers to be scammed in this way. Also, you wrote me a review in which you called me a scammer and other things which make me look like a bad buyer and will prevent people from selling me things. I will accept the refund but at the same time I expect the review you wrote to be taken down  <br><b>[Other]</b>: Thank you for accepting the refund we will proceed to to that inmediately, on the other topic the review written by us was a response to the negative review you wrote about our business being we are a legitimate , working business we dont want to affect you as a buyer and neither get affected as a small business, i could take down the review if you do the same for us <br><b>[You]</b>: Ok, it seems like a fair deal to me. I will take down the review I wrote as soon as I see that I have received the refund and you have taken down the bad review about. Once I see that, I promise to take down my review. <br><b>[Other]</b>: Thank you for accepting and buying with our business, i would like to offer an apology for any inconvenience presented in this process and would like to invite you to continue being a client at our business with a discount code of 10% off on your next purchase, you will receive it on your e mail <br><b>[You]</b>: Thank you for your offers and your apology. I understand you are a legitimate business, I would just suggest to next time write down the proper name of the products in order to prevent any further problems such as this one. I appreciate the discount code and the refund, as soon as this is done i will take down my review <br><b>[Other]</b>: The refund will take a few business days depending on your bank institution, we are happy to help you and solve any issues on our side, and receive your recommendations with an open mind and will surely take in account , have a good day<br><b>[You]</b>: Submitted agreement: Buyer gets partial refund, seller retracted their review, buyer retracted their review, seller did apologize, and buyer didn't apologize.<br><b>[Other]</b>: Accept Deal<br>"
2717,"<b>[You]</b>: hello id like to receive a full refund <br><b>[Other]</b>: Im sorry but our policy dictates all sales are final<br><b>[You]</b>: You know i received an item that didnt meet the specifications that were first mentioned<br><b>[Other]</b>: The products on our website were never declared to be for a specific player. If you review the listing once more, you can see that. I appreciate your business and would like to come to a resolution that doesn't involve going against the store policy <br><b>[You]</b>: Also i would like to change the bad review that was made for my comment i think it lacks the bases to insult me<br><b>[Other]</b>: I can definitely change the bad review and even issue a promotional credit to use on your next purchase if you'd also be willing to update your review and how we resolved the issue. <br><b>[You]</b>: I can certainly agree to that, maybe i can get another jersey while knowing that it isnt for an specific player <br><b>[Other]</b>: Certainly. Thank you for your time and patronage.<br><b>[You]</b>: Submitted agreement: Buyer gets no refund, seller retracted their review, buyer retracted their review, seller didn't apologize, and buyer did apologize.<br><b>[Other]</b>: Accept Deal<br>"
2718,"<b>[You]</b>: Hello, I would like a refund, I purchased a jersey and expected it to be a Bryant jersey. I didn't receive the product I expected.<br><b>[Other]</b>: Hello, apologies for the inconvinient, if you could please provide us with your order we could change it for a Bryant jersey<br><b>[You]</b>: I would prefer to just receive a refund for the product instead of exchanging it. Would that be an option?<br><b>[Other]</b>: It sure is, here we value your experience and we dont want you to leave with a bad one<br><b>[You]</b>: Great, I really appreciate it! Will I receive a full refund? I would be willing to retract the bad review of you as a seller, it you retract the bad review of me? <br><b>[Other]</b>: You should receive the refund in approximately 3 days business, I am willing to remove the bad review too and would also like to apologize to you for the misunderstanding about the whole deal<br><b>[You]</b>: Thank you for being so understanding, I also apologize for any misunderstanding that I might have had as a buyer. I really appreciate the refund! Have a great day! <br><b>[Other]</b>: You too, have a great day and thank you for reaching us!<br><b>[You]</b>: Submitted agreement: Buyer gets full refund, seller retracted their review, buyer retracted their review, seller did apologize, and buyer did apologize.<br><b>[Other]</b>: Accept Deal<br>"
2719,"<b>[You]</b>: I want a refund<br><b>[Other]</b>: only if you remove your bad review<br><b>[You]</b>: ok, send refund and i will <br><b>[Other]</b>: and I want you to apologize for your actions<br><b>[You]</b>: I apologize, please send refund<br><b>[Other]</b>: I am going to keep my review about you also<br><b>[You]</b>: id also like an apology<br><b>[Other]</b>: I don't believe I did anything wrong<br><b>[You]</b>: Submitted agreement: Buyer gets no refund, seller kept their review, buyer retracted their review, seller didn't apologize, and buyer did apologize.<br><b>[Other]</b>: Accept Deal<br>"
2720,"<b>[You]</b>: Hello, I would like to request a partial refund for the broken items.<br><b>[Other]</b>: Hello, may i know the reasons of this request?<br><b>[You]</b>: The item received was broken. Since the item was received but broken, I believe a partial refund would be uderstandable. <br><b>[Other]</b>: Of course we could, but please could you share with us images of the packing and the broken items, if the problem comes from the shipment, we´re going to proceed to your reimbursment.<br><b>[You]</b>: Of Course, I understand it could have been broken in transit. I can submit photos of the condition of the box as well as the broken item.<br><b>[Other]</b>: We´re so sorry of the experience you may have, but  i´d like to ask you could it be possible to change the review of the product? Due to this situation was not caused by us.<br><b>[You]</b>: I appreciate the acknowledgment of the experience so far. I will change the review of the product. Is it possible to have the bad review I received as well to be updated, since it was a misunderstanding and we are in process of a better resolution?<br><b>[Other]</b>: Yes, of course we will change the review we´ve sent to you. Indeed this is the process for a propper customer´satisfaction. Our humblest apologies.<br><b>[You]</b>: My apologies as well. I should have made an attempt to make contact before leaving a review to provide an opportunity for the issue to be corrected. Thank you for your communication and resolution to this issue.<br><b>[Other]</b>: We really hope you to buy again at our bussiness, the next time we´re going to change to a new shipping company in order to avoid  such nuisances.<br><b>[You]</b>: Submitted agreement: Buyer gets partial refund, seller retracted their review, buyer retracted their review, seller did apologize, and buyer did apologize.<br><b>[Other]</b>: Accept Deal<br>"
2721,"<b>[You]</b>: Hello<br><b>[Other]</b>: hi<br><b>[You]</b>: this are terms i propose<br><b>[Other]</b>: ok<br><b>[You]</b>: Receive refund and retract on bad review<br><b>[Other]</b>: No on the refund. All sales are final and you ordered a generic jersey. <br><b>[You]</b>: I want a refund, the page was not clear, and I think everyone has to know in case you don't admit it.<br><b>[Other]</b>: The page was clear. There will be no refund. <br><b>[You]</b>: Ok, I can buy another one in other page, but your sales will drop. <br><b>[Other]</b>: Thats ok. I can take down my bad review. You can keep yours up if you want. No apologies either way.  <br><b>[You]</b>: Submitted agreement: Buyer gets no refund, seller retracted their review, buyer kept their review, seller didn't apologize, and buyer didn't apologize.<br><b>[Other]</b>: Accept Deal<br>"
2728,"<b>[You]</b>: i need a refund<br><b>[Other]</b>: I'm sorry to hear that. What is the issue? <br><b>[You]</b>: I bought a kobe bryant jersey from your store but it turns out it was not his but another player<br><b>[Other]</b>: which payer did you receive? <br><b>[You]</b>: A player that is not Kobe Bryant, I need a refund and in also need you to retract the bad review you gave me, can you please do that?<br><b>[Other]</b>: yeah we can do that no problemo<br><b>[You]</b>: Okay thats fine i will also need an apology from you for all the inconviniences and stress this has put me through can you do that,? it will help boost your seller buyer relationship.<br><b>[Other]</b>: I sincerely apologize for any distress you may have experienced when you got a high quality shirt featuring a different elite athlete than he one you intended. <br><b>[You]</b>: Okay i accept the apology, thank you.<br><b>[Other]</b>: no problem bestie, you got anything else I can help out with tonight? <br><b>[You]</b>: Submitted agreement: Buyer gets full refund, seller retracted their review, buyer kept their review, seller did apologize, and buyer didn't apologize.<br><b>[Other]</b>: Accept Deal<br>"
2729,"<b>[You]</b>: Hi I would like to receive a refund please<br><b>[Other]</b>: What seems to be the issue?<br><b>[You]</b>: When I placed the order it stated I would receive a Kobe Bryant jersey and it's another player's <br><b>[Other]</b>: Unfortunately the jersey offered never specified a specific player, rather it was a generic jersey<br><b>[You]</b>: I understand it doesn't say it anymore, however when I bought it, it was clearly stated.<br><b>[Other]</b>: Our website has not changed, however I am able to offer a partial refund excluding costs shipping as well as a return tag. <br><b>[You]</b>: Yes, I'd appreciate the return tag. Since I am returning the product and I am not satisfied with the purchase I would like to receive a refund for the shipping costs as well, especially since this is taking more time from me.<br><b>[Other]</b>: I will happily process the return tag but am unable at this time to give a full refund for this item due to the loss I am taking with the negative review I had seen you'd added to our site. My manager only permits me to give as much as I have offered. If you however would remove the negative review I will eat said shipping fees.<br><b>[You]</b>: I understand. I am willing to update my review to include the resolution of this issue<br><b>[Other]</b>: I shall begin the shipping. Thank you for your time. we do hope that this incident will not deter you from ordering other items from us in the future. We do apologize for the inconvenience and will be emailing that shipping label over to you shortly. Thank you and have a nice day. <br><b>[You]</b>: Thank you for your response and resolution, have a nice day.<br><b>[Other]</b>: Submitted agreement: Buyer gets full refund, seller kept their review, buyer retracted their review, seller did apologize, and buyer didn't apologize.<br><b>[You]</b>: Accept Deal<br>"
2730,"<b>[You]</b>: I received a wrong item, so i claim a full refund <br><b>[Other]</b>: Hi! Thanks for reaching out. What was wrong with the item?<br><b>[You]</b>: I ordered a specific model that was clearly offered on the page, instead I received a wrong model item <br><b>[Other]</b>: Right. According to what i can see on the site, we didnt offered an specific model, but ii understand that maybe it wasnt clearly specified. I really apologize for the situation. Unfortunately i can't offer a full refund, but we can find other solutions. How would you like to proceed?<br><b>[You]</b>: There were specific models offered, but then you changed the product description, so i keep my posture of requesting a full refund, otherwise i will publish negative reviews of your page <br><b>[Other]</b>: I completely understand how are you feeling, so that's why im offering you a 30% discount on your next purchase. How does that sound to you?<br><b>[You]</b>: i would prefer a partial refund then, so i could purchase again<br><b>[Other]</b>: Great! So let me register in my system that information. Im giving you 30% of the total amount of your purchase as a refund. Im adding the information provided, and a review of you as a ciient. <br><b>[You]</b>: ok, i will accept the refund and will close the dispute <br><b>[Other]</b>: Just before finishing, i will kindly ask you if you could remove the negative reviews on the site, and also ask you: Are you happy with the result of this issue?<br><b>[You]</b>: ok i will remove the review on the page <br><b>[Other]</b>: Thanks for your response. I will suggest to look carefully for the details in the next purchase! <br><b>[You]</b>: Submitted agreement: Buyer gets partial refund, seller retracted their review, buyer retracted their review, seller didn't apologize, and buyer didn't apologize.<br><b>[Other]</b>: Reject Deal<br><b>[Other]</b>: Submitted agreement: Buyer gets partial refund, seller kept their review, buyer retracted their review, seller did apologize, and buyer didn't apologize.<br><b>[You]</b>: Accept Deal<br>"
2731,"<b>[You]</b>: I would like to receive a full refund.<br><b>[Other]</b>: Why would you like a refund?<br><b>[You]</b>: The item delivered was not as described.<br><b>[Other]</b>: what was different with the delivered item and the item purchased?<br><b>[You]</b>: The item was specific to be Kobe Bryant, not another player.<br><b>[Other]</b>: I see here that you did not purchase the Kobe Bryant jersey, so the item delivered is correct<br><b>[You]</b>: The listing showed Kobe Bryant. How about I receive a partial refund, if not, I will return the item.<br><b>[Other]</b>: There are no returns per the refund policy, however I will make this exception and refund you 50% off your total purchase<br><b>[You]</b>: I will accept your offer on the condition that you retract the bad review of me and apologize for the confusion.<br><b>[Other]</b>: Im not willing to retract the bad review, as Im doing a favor to you by issuing this refund. if you'd like to remove my bad review then I will consider removing my bad review as well<br><b>[You]</b>: Fair enough.<br><b>[Other]</b>: deal<br><b>[You]</b>: Submitted agreement: Buyer gets partial refund, seller retracted their review, buyer retracted their review, seller didn't apologize, and buyer didn't apologize.<br><b>[Other]</b>: Accept Deal<br>"
2736,"<b>[You]</b>: Hello<br><b>[Other]</b>: Hello, how are you?<br><b>[You]</b>: i'm doing okay, i bought a jersey that wasn't my size<br><b>[Other]</b>: I am sorry that you were not satisfied. However,  I did send the size/style that you selected during the ordering process. <br><b>[You]</b>: i selected large and i got medium and i wanted to use for a football match but unfortunatly i can't anymore<br><b>[Other]</b>: I understand. Unfortunately, as stated on the website, I can not offer refunds. <br><b>[You]</b>: this really upsetting then why  didnt you package the right product for me then, this isn't my fault and you have to fix it<br><b>[Other]</b>: I have double checked your order and I did, in fact, send the correct product. Possibly there was an error when you were ordering?<br><b>[You]</b>: i didnt get the right product please take a look again<br><b>[Other]</b>: I have reviewed the order multiple times and can send you proof that the product matches the description. <br><b>[You]</b>: i know i ordered the write the right product dont  you think there was mix up<br><b>[Other]</b>: I can agree to a partial refund but I will have to give you a negative Buyer review.<br><b>[You]</b>: wow but this isnt my fault i placed the right order but it didnt come through<br><b>[Other]</b>: Once again, the product that was sent matches the description of the product ordered. I do have proof of that. I am offering a partial refund only to keep my customers happy. That is the best I can do for you. <br><b>[You]</b>: thank you<br><b>[Other]</b>: Submitted agreement: Buyer gets partial refund, seller kept their review, buyer kept their review, seller did apologize, and buyer didn't apologize.<br><b>[You]</b>: Accept Deal<br>"
2737,"<b>[You]</b>: What options are you offering me to make this right?<br><b>[Other]</b>: Hello there, what’s the issue?<br><b>[You]</b>: My item arrived broken<br><b>[Other]</b>: That’s unfortunate. We apologize for any inconvenience. Was the package damaged? <br><b>[You]</b>: Yes, It was damaged.<br><b>[Other]</b>: Looks like it was a problem with the transportation company. How can I make it right with you? <br><b>[You]</b>: I would like a refund, and a retract of bad review please.<br><b>[Other]</b>: Unfortunately due to our policy we can not offer a refund but I can send you the same item for now extra cost to you. Would that make it right with you? We would also remove the bad review and we would kindly ask you to remove your bad review as well. How does that sound?<br><b>[You]</b>: Submitted agreement: Buyer gets no refund, seller retracted their review, buyer retracted their review, seller didn't apologize, and buyer didn't apologize.<br><b>[Other]</b>: Accept Deal<br>"
2738,"<b>[You]</b>: I received the wrong jersey.<br><b>[Other]</b>: I apologize for the unclear advertising; the jerseys are not for a specific player. How would you like this to be resolved? I'm happy to work with you on it. <br><b>[You]</b>: I want a full refund and an apology in your review of my purchase from you. <br><b>[Other]</b>: I am willing to refund you and apologize, but I'll need you to retract your bad review.<br><b>[You]</b>: Yes I can do that. I understand mistakes can be made. Please be careful in the future to make your listings accurate initially.<br><b>[Other]</b>: Ok will do, thank you. <br><b>[You]</b>: Thank you. Have a good day<br><b>[Other]</b>: Take care! <br><b>[You]</b>: Submitted agreement: Buyer gets full refund, seller kept their review, buyer retracted their review, seller did apologize, and buyer didn't apologize.<br><b>[Other]</b>: Accept Deal<br>"
2740,"<b>[You]</b>: hello I received the wrong item and would like a refund and apology<br><b>[Other]</b>: hi let see what i can do <br><b>[You]</b>: i'd like you to remove your negative reply to the review I left as well because nothing in the review was untrue<br><b>[Other]</b>: okay u can go ahead <br><b>[You]</b>: I need a refund, apology, and I need you to retract your rude comments about me and my review<br><b>[Other]</b>: wil do that <br><b>[You]</b>: okay think you, I will mark that down. lets wrap this up. it was good we could come to an agreement. I apologize to you for any rudeness or problems caused by me<br><b>[Other]</b>: okay good to hear<br><b>[You]</b>: you are apologizing as well I can assume?<br><b>[Other]</b>: yes i am <br><b>[You]</b>: ok this was productive, thanks again<br><b>[Other]</b>: Submitted agreement: Buyer gets partial refund, seller retracted their review, buyer retracted their review, seller did apologize, and buyer did apologize.<br><b>[You]</b>: Reject Deal<br><b>[You]</b>: i need the full refund<br><b>[Other]</b>: Submitted agreement: Buyer gets full refund, seller retracted their review, buyer retracted their review, seller did apologize, and buyer did apologize.<br><b>[You]</b>: Reject Deal<br><b>[You]</b>: Submitted agreement: Buyer gets full refund, seller retracted their review, buyer kept their review, seller did apologize, and buyer did apologize.<br><b>[Other]</b>: Accept Deal<br>"
2741,"<b>[You]</b>: Hello, I request a full refund for the Kobe Jersey, as it was not Kobe's. The point of the purchase was to get a Kobe jersey, not a Jersey from the Lakers.<br><b>[Other]</b>: It clearly states in the listing that it was not a Kobe jersey<br><b>[You]</b>: It does now, it did not when I bought it. There is proof that the change was made after I made the purschase and complained about it. Please issue my full refund and retract the bad review I left. <br><b>[Other]</b>: It was there when you bought it. You did not read the listing properly. There is no proof that the change was made.<br><b>[You]</b>: It was cleary a listing for a Kobe's replica. It was changed to just LAKERS after I complained. I will send you the request now, and you gotta accept. You know it's just right with the given context.<br><b>[Other]</b>: No it was not but I am ready to resolve this. You can get a refund as long as you retract your bad review and put an apology stating it was a misunderstanding.<br><b>[You]</b>: No dice. it was not a misunderstanding on my part, most likely an issue on the backend if any. So my request is going to be the full refund, you guys retract my bad review, I get to keep my review, and nobody has to apologize, this is just a transaction.<br><b>[Other]</b>: Like I said, you get a refund, retract your bad review and apologize. <br><b>[You]</b>: Submitted agreement: Buyer gets full refund, seller retracted their review, buyer kept their review, seller didn't apologize, and buyer didn't apologize.<br><b>[Other]</b>: Reject Deal<br><b>[Other]</b>: Not fair buddeh<br><b>[You]</b>: hahahah ''buddeh'' okay okay. full refund, both reviews retracted, nobody apologizes? <br><b>[Other]</b>: To make it fair you need to apologize. It will be a win win for both. <br><b>[You]</b>: Submitted agreement: Buyer gets full refund, seller retracted their review, buyer kept their review, seller did apologize, and buyer did apologize.<br><b>[Other]</b>: Reject Deal<br><b>[Other]</b>: You get a full refund, I retract my review, you retract your review and you apologize. 2-2<br><b>[You]</b>: Sure, please send it so I can approve. Deal? I can't send it and also type a message<br><b>[Other]</b>: Submitted agreement: Buyer gets full refund, seller retracted their review, buyer retracted their review, seller didn't apologize, and buyer did apologize.<br><b>[You]</b>: Accept Deal<br>"
2743,"<b>[You]</b>: Hello, I received the wrong Jersey and would like a full refund and for you to take off the false comment you made, please.<br><b>[Other]</b>: Hello and I am extremely sorry to hear about your issue today.<br><b>[You]</b>: Thank you, I realize I should have tried to communicate better with you before writing the review I made and I am sorry as well.<br><b>[Other]</b>: I understand your frustration and would like to ask you to remove your post and we can discuss a possible resolution that you and I am both happy with.<br><b>[You]</b>: Of course, I'd be happy to remove the review. What resolution did you have in mind?<br><b>[Other]</b>: I cannot issue a full refund but I can either send out another jersey for you or I can do a partial refund.<br><b>[You]</b>: I bought the jersey for my family member who is sick to lift his spirit. He is a big Kobe Bryant fan. Are you able to assure me I will receive this jersey?<br><b>[Other]</b>: I will absolutely package the jersey myself to ensure the correct product is shipped. What size do you need?<br><b>[You]</b>: Perfect! That would be wonderful! He is a size Medium. <br><b>[Other]</b>: Great I am going to package that right now to ensure that the product is shipped today.<br><b>[You]</b>: Wow, you are awesome! Thank you! Could you also remove the review you made about me?<br><b>[Other]</b>: Yes once again I apologize about the misunderstanding and am glad that we were about to reach a resolution that worked for the both of us. <br><b>[You]</b>: Thank you so much! I am glad as well! Have an amazing day!<br><b>[Other]</b>: Submitted agreement: Buyer gets no refund, seller retracted their review, buyer retracted their review, seller did apologize, and buyer did apologize.<br><b>[You]</b>: Accept Deal<br>"
2745,"<b>[You]</b>: hi<br><b>[Other]</b>: hello<br><b>[You]</b>: I would like to kindly ask you for a full refund.<br><b>[Other]</b>: Can I ask what is the problem?<br><b>[You]</b>: The item arrived broken, I really wanted the item but in that condition I can't use it<br><b>[Other]</b>: Do you have evidence that the item arrived broken?<br><b>[You]</b>: Yes, I have photos of the article, I would like to reach an amicable agreement<br><b>[Other]</b>: Ok, because I also have evidence that we send you the article in good condition and the state in which it arrives is not on our hands, I can only offer a partial refund<br><b>[You]</b>: ok sounds good, so we are 50 and 50, it seems like a good resolution to me<br><b>[Other]</b>: Perfect, are you going to eliminate now the bad review of our store?<br><b>[You]</b>: Yes, you will receive good comments from me<br><b>[Other]</b>: Thank you, I will also retract my bad comment of you as a buyer<br><b>[You]</b>: perfect, it seems to me that we all win that way<br><b>[Other]</b>: We apologize for the inconvinience and hope you choose to buy from us again<br><b>[You]</b>: thanks have a nice day<br><b>[Other]</b>: Submitted agreement: Buyer gets partial refund, seller retracted their review, buyer retracted their review, seller did apologize, and buyer didn't apologize.<br><b>[You]</b>: Accept Deal<br>"
2746,"<b>[You]</b>: I demand a refund.<br><b>[You]</b>: No, I want a refund and an apology.<br><b>[You]</b>: Do we have a deal?<br><b>[Other]</b>: What do you find more important here, getting the item you wanted or a refund and then you still don't have what you want. <br><b>[You]</b>: I rather have a refund and an apology.<br><b>[Other]</b>: Well 'm certainly sorry you had a bad experience. I'm sorry I can't make it right for you. <br><b>[You]</b>: Are you going to refund me and apologize?<br><b>[Other]</b>: I suppose that's all I can do at this point.<br><b>[You]</b>: Also, I want you to retract the bad review of me.<br><b>[Other]</b>: Well, I can refund you and apologize for your experience, but that review will remain in place.  I believe in trnsparency and I want all the public to see this interaction.  I am not going to budge on this<br><b>[You]</b>: Okay, but I am going to keep my bad review of you.<br><b>[Other]</b>: Fair.  Let everyone see how we both handled the situation. <br><b>[You]</b>: Submitted agreement: Buyer gets full refund, seller kept their review, buyer kept their review, seller did apologize, and buyer didn't apologize.<br><b>[Other]</b>: Accept Deal<br>"
2751,"<b>[You]</b>: hello<br><b>[Other]</b>: Hey<br><b>[You]</b>: how do you feel about deal<br><b>[Other]</b>: It okay. I do not understand what is going on here though <br><b>[You]</b>: there is deal on right, we need 8 messages for bonus<br><b>[Other]</b>: haha.... Then three more to go. but i think its something about refund or?<br><b>[You]</b>: yes we have to agree to deal<br><b>[Other]</b>: Refund is necessary if the item delivered is not what they ordered <br><b>[You]</b>: Submitted agreement: Buyer gets full refund, seller retracted their review, buyer kept their review, seller did apologize, and buyer did apologize.<br><b>[Other]</b>: Accept Deal<br>"
2759,"<b>[You]</b>: i believe the seller should refund me a full payment as their website stated that the jersey is for a specific player and they scammed me .<br><b>[Other]</b>: we can discuss about a partial refund<br><b>[You]</b>: I can not settle for a partial refund because i tried to reach out to you guys and i was told I am a lie and the website stated that the jersey is for a team not the player i wanted<br><b>[Other]</b>: that was not me.It was a scsmmer I dont know how he did it.My appolgize, I will make sure won't happen again<br><b>[You]</b>: then why did you go all out and call me all sort of name and paint me as a bitter buyer. the least you could have done was to apologize and refund me.<br><b>[Other]</b>: like I told you it was not me.My apologize .I will try to make it right<br><b>[You]</b>: how are you planning on rectifying that. should I settle for partial refund how much are we talking about? <br><b>[Other]</b>: I selling jersey team not for a specific player.there was a misunderstanding in the beginning.if you dont want a jersey I m going to do a total refund<br><b>[You]</b>: thank you, I want a total refund. so do we have a deal?<br><b>[Other]</b>: deal<br><b>[You]</b>: Submitted agreement: Buyer gets full refund, seller retracted their review, buyer retracted their review, seller did apologize, and buyer did apologize.<br><b>[Other]</b>: Accept Deal<br>"
2760,"<b>[You]</b>: Hi I did not recieve the correct product <br><b>[Other]</b>: The item was delivered as advertised. Your requirement was not specified<br><b>[You]</b>: I really just wanted the item I ordered , is there a way I can get a refund or return the item for credit?<br><b>[Other]</b>: You can receive the refund if you retract the bad review of my company<br><b>[You]</b>: Yeah sure I will do that <br><b>[Other]</b>: In return I will remove the bad review of you as a buyer<br><b>[You]</b>: I do appreciate it very much , and I am sorry about the bad review I was just dissapointed <br><b>[Other]</b>: I am sorry that the item did not meet your expectation.<br><b>[You]</b>: It is all good , I am glad we could sort it out and come to an agreement <br><b>[Other]</b>: Submitted agreement: Buyer gets full refund, seller retracted their review, buyer retracted their review, seller did apologize, and buyer did apologize.<br><b>[You]</b>: Accept Deal<br>"
2761,"<b>[You]</b>: Please respect my consumer rights and take responsibility <br><b>[Other]</b>: Your rights are observed and we do apologise that you are disgruntled, please understand that the customer carries a duty to verify their purchases<br><b>[You]</b>: I understand that but it's your responsibility to ensure that you sell proper products <br><b>[Other]</b>: The full description of the item was written, perhaps you misread it?<br><b>[You]</b>: I have read everything properly and if you fail to provide me with the product I have ordered it's better to refund me<br><b>[Other]</b>: Unfortunately a refund is not possible. However we do care about the happiness of our customers so can we offer you a discount on your next purchase?<br><b>[You]</b>: Fair enough but what should I do with this product because I'm not satisfied with it <br><b>[Other]</b>: Keep it and resell if possible. we wish you the best. your discount is active and we value your business. <br><b>[You]</b>: Is it possible to exchange the product <br><b>[Other]</b>: If its for another product of the same value, yes... however please note that shipping will be for your account still. Is this something you are interested in doing still.<br><b>[You]</b>: Submitted agreement: Buyer gets partial refund, seller retracted their review, buyer retracted their review, seller did apologize, and buyer did apologize.<br><b>[Other]</b>: Accept Deal<br>"
2762,"<b>[You]</b>: I would like a refund please. If you offer this, I will retract my bad review of you. <br><b>[Other]</b>: Respectfully, I'm not prepared to offer you a refund.  My advertising was clear and I do not deserve a bad review as I did nothing wrong.<br><b>[You]</b>: Sadly, that isn't true. The advertising was not clear and did not match the good that I received. <br><b>[Other]</b>: I don't agree with you on that.  I have a pristine selling reputation and I have never had a customer unhappy.  I do concede though that there may have been some misunderstanding on your part.  I will need you to retract the bad review of me otherwise I will have no alternative but to give you as a buyer a bad review to warn other sellers as I see that you have done this before.<br><b>[You]</b>: I have not done this before. I care more about my reputation than the money so how about you retract your bad review of me? Then I am also prepared to retract my own review of you. <br><b>[Other]</b>: I am happy to do that but I am still not offering a refund.<br><b>[You]</b>: I see... would you like to apologise to me for the distress caused? <br><b>[Other]</b>: Not at all.  I have done nothing wrong.  My selling protocol has always been the same - fair and transparent.  I have nothing to apologise for.  <br><b>[You]</b>: OK, then I will not apologise either. <br><b>[Other]</b>: Submitted agreement: Buyer gets no refund, seller retracted their review, buyer retracted their review, seller didn't apologize, and buyer didn't apologize.<br><b>[You]</b>: Accept Deal<br>"
2765,"<b>[You]</b>: I received the wrong order. I need a refund <br><b>[Other]</b>: The site states that the order is final sale, so no refunds. <br><b>[You]</b>: But what I have ordered is not what I have received.<br><b>[Other]</b>: The site also mentions that you may or may not get a player on the shirt. It's your responsibility to read the listing before purchasing. We haven't done anything wrong, so why should we lose money when it's your mistake?<br><b>[You]</b>: But also you guys are wrong for false advertising I am going to report you and write reviews about you so that I can warn others<br><b>[Other]</b>: There was no false advertising. If you do this, I'll write a bad review about you so people can make their own mind up. Is there any compromise we can make on this?<br><b>[You]</b>: I feel like maybe it was an honest mistake maybe a glitch on your website maybe a genuine apology will do<br><b>[Other]</b>: I think that's the case. If you retract the bad review, I'll remove mine. Let's also be adults and just apologise to each other and leave it at that?<br><b>[You]</b>: Thank you I just did. <br><b>[Other]</b>: I'm sorry for the misunderstanding on my part. Next time, if you still want to buy with us, I'm more than happy to answer any questions you have and also see if I can do you a deal as a way to thank you for being reasonable? At the end of the day, the jersey that you got is still great quality and you got it at a great price too! <br><b>[You]</b>: Submitted agreement: Buyer gets no refund, seller retracted their review, buyer retracted their review, seller did apologize, and buyer did apologize.<br><b>[Other]</b>: Accept Deal<br>"
2766,"<b>[You]</b>: Hello<br><b>[Other]</b>: Hi good day how are you<br><b>[You]</b>: I'm good thanks and you?<br><b>[Other]</b>: All good thanks, how can i assist you?<br><b>[You]</b>: What's a non negotiable for you?<br><b>[Other]</b>: a non negotiable would be that you retract the bad review and we can see if we can resolve the matter first before you post negative reviews<br><b>[You]</b>: I'd be willing to retract the bad review if I got a full refund and an apology...but I wouldn't be willing to apologize<br><b>[Other]</b>: That should be perfectly fine for me. i dont mind a full refund and i can apologize as long as the review is removed and everyone is happy<br><b>[You]</b>: That works for me<br><b>[Other]</b>: Submitted agreement: Buyer gets full refund, seller retracted their review, buyer retracted their review, seller did apologize, and buyer didn't apologize.<br><b>[You]</b>: Accept Deal<br>"
2773,"<b>[You]</b>: i received a product which was not the one i ordered. I kindly request a refund.<br><b>[Other]</b>: hey,  you probably selected the wrong one by mistake while ordering  <br><b>[You]</b>: My bad but I need the money so I can replace the product.  <br><b>[Other]</b>: unfortunately I can't offer you refund because you are the one at fault<br><b>[You]</b>: Any other alternative we can agree on?<br><b>[Other]</b>: unfortunately no, I would advise you to sell to a friend or any one so you can get money to replace the product<br><b>[You]</b>: I think that is also a good option. I apologize for any inconveniences <br><b>[Other]</b>: No problem<br><b>[You]</b>: Submitted agreement: Buyer gets no refund, seller retracted their review, buyer retracted their review, seller did apologize, and buyer did apologize.<br><b>[Other]</b>: Accept Deal<br>"
2774,"<b>[You]</b>: I must receive my full money<br><b>[Other]</b>: is their no other way we can resolve this?<br><b>[You]</b>: Getting the right jersey is it<br><b>[Other]</b>: i can arrange for you to get an exchange for the correct jersey if you remove the bad comment you made about me<br><b>[You]</b>: You must first retracts bad reviews of me then I’ll also remove mine<br><b>[Other]</b>: Fair enough, I can also throw in an apology if you do the same.<br><b>[You]</b>: No problem you start first <br><b>[Other]</b>: so do we have an agreement?<br><b>[You]</b>: Yes I’ll take down the bad reviews , do I also get my full refund?<br><b>[Other]</b>: you get an exchange for the correct jersey<br><b>[You]</b>: When will be that?<br><b>[Other]</b>: As soon as possible<br><b>[You]</b>: No worries I’ll wait to hear from you<br><b>[Other]</b>: Thank you so much for your time. Have a great day.<br><b>[You]</b>: Thank you please try to make it quick <br><b>[Other]</b>: Submitted agreement: Buyer gets no refund, seller retracted their review, buyer retracted their review, seller did apologize, and buyer did apologize.<br><b>[You]</b>: Accept Deal<br>"
2776,"<b>[You]</b>: i received a wrong jersey, I ask for a refund<br><b>[Other]</b>: We do not offer refunds <br><b>[You]</b>: you sent me the wrong product<br><b>[Other]</b>: Did you not notice the item was not the one you wanted while going through the process of purchasing it?<br><b>[You]</b>: It was the correct one when I ordered but there must have been a mistake when packaging on your side<br><b>[Other]</b>: My apologies for that, can you prove that the item is not the one you purchased?<br><b>[You]</b>: Yes, I will send you the invoice and the slips<br><b>[Other]</b>: I will need to see the item too to compare. We can then discuss getting you, your correct purchase.<br><b>[You]</b>: Thank you so much for your understanding. I will send back the item today.<br><b>[Other]</b>: Can I ask that you remove the bad review you have left on the site? I have removed mine as this is just a misunderstanding and can be fixed.<br><b>[You]</b>: Apologies for overreacting before I talk to you. I have removed the bad review. Thank you so much<br><b>[Other]</b>: Submitted agreement: Buyer gets no refund, seller retracted their review, buyer retracted their review, seller did apologize, and buyer did apologize.<br><b>[You]</b>: Accept Deal<br>"
2779,"<b>[You]</b>: Hello I need you to retract a bad review of me, and apologise as you were wrong to send me an item I was not expecting.<br><b>[You]</b>: There is no fair trade at  all, because I am the victim in this situation.<br><b>[You]</b>: That is false information you have received, because I have a good buyer reputation.<br><b>[You]</b>: It seems like your imagination is running wild, which sellers are you talking about?<br><b>[You]</b>: I accept, but I need you to also please retract a bad review of me, because my good buyer reputation is important to me.<br><b>[You]</b>: Please retract the bad review now, I need to see it gone.<br><b>[You]</b>: Oh I see, I am happy, but what about the wrong item I received? The Kobe Bryant regalia will make my nephew very happy you know, which is what I actually ordered.<br><b>[You]</b>: I didn't ask for the refund, I am wondering if you would perhaps make it possible for me to receive the right item which I ordered?<br><b>[Other]</b>: Submitted agreement: Buyer gets no refund, seller retracted their review, buyer kept their review, seller did apologize, and buyer didn't apologize.<br><b>[You]</b>: Accept Deal<br>"
2780,"<b>[You]</b>: Hello, my order was not delivered as expected. The speaker of this laptop does not work, the words on the keyboard are difficult to press. I want my refund fully compensated.<br><b>[Other]</b>: I'm sorry to hear that, when did you realise the laptop has these problems?<br><b>[You]</b>: The same day that I received my package, may I please get a refund. I don't want the laptop no more.<br><b>[Other]</b>: I'm really sorry you had to go through that, I must say it is the first time we get such a review. Unfortunately we have a No return policy, I'm sure you know if you went through our policy you would have seen it written in BOLD. However though, we care deeply for our valued customers and would like to offer you a 40% refund and you get to keep your item.<br><b>[You]</b>: Thank you for that and it is my fault for not reading the policy and I will accept this partial refund. May you please also remove the bad review that you have written about me under your website. I own multiple businesses and my co-workers also order from your store. This will cause great harm for me and my reputation. <br><b>[Other]</b>: That was a statement to clarify the matter at hand not really directed to you, It will come in handy in future disputes so we would like to keep it to avoid such issues in future, your understanding is greatly appreciated. However your review does not labels us in a bad manner, kindly retract it since we have resolved your matter and offered a partial refund. Thank you<br><b>[You]</b>: Thank you for the clarification. However, if you are not willing to retract the bad review I am afraid I will also not be able to retract mine. But I do believe that I need an apology for the bad service and the company not meeting my expectations. <br><b>[Other]</b>: On behalf of the company I would like to apologise. This is not a true reflection of our service, this will be proven in your future purchases. We believe we deserve an apology too for the manner you handled this<br><b>[You]</b>: I believe that I handled it in the manner necessary. However, I would like to apologize to the company for the exchange of words and the bad attitude. <br><b>[Other]</b>: Thank you for your understanding, we will be in contact in regards with your refund<br><b>[You]</b>: Thank you so much for your time and may you please use my email in order to send me the refund. Thank you for your time and patience. <br><b>[Other]</b>: Submitted agreement: Buyer gets partial refund, seller kept their review, buyer kept their review, seller did apologize, and buyer did apologize.<br><b>[You]</b>: Accept Deal<br>"
2781,"<b>[You]</b>: Hi<br><b>[Other]</b>: Hello.<br><b>[You]</b>: I think that the best way to move forward is if you refund me because I didn't get the item that I wanted <br><b>[Other]</b>: I'm sorry the item you received is not what you wanted or expected. However, according to the description on the website, the jersey you purchased does not belong to a certain player.<br><b>[You]</b>: Maybe there was a error somewhere with the transaction process because I remember vividly selecting the t shirt that I wanted. I think that it's only right that I get a refund <br><b>[Other]</b>: I understand. According to our policy, we are unable to issue a refund without you returning the item. Also I see that your return window has passed. In this case a refund is not a possible option. I am sorry.<br><b>[You]</b>: I understand. I would like to apologize if I may have came across as rude. I was looking forward to getting the t-shirt, so the mix up kinda annoyed me<br><b>[Other]</b>: Thank you for your feedback. As a gesture of goodwill, we would like to offer you a 5% discount on your next purchase.<br><b>[You]</b>: Submitted agreement: Buyer gets no refund, seller kept their review, buyer kept their review, seller didn't apologize, and buyer did apologize.<br><b>[Other]</b>: Accept Deal<br>"
2782,"<b>[You]</b>: Hello, I am very disappointed in you guys<br><b>[Other]</b>: I know there might have been a misunderstanding but we can solve that<br><b>[You]</b>: I need a refund, because I have to get the real Kobe's jersey for my sick nephew. He is sick for god's sake. Who scams a sick person<br><b>[Other]</b>: Unfortunately we cannot offer a refund at the moment as we have noticed that your kept the jersey for several days before returning it<br><b>[You]</b>: Lols...really? That's your excuse? I live in a different city., so it took days to send it back<br><b>[Other]</b>: You should atleast tried and contact us immediately you notice that something is wrong with the jersey<br><b>[You]</b>: Well, that doesn't make it right. I was scammed, and I would make sure to take it to the highest and ensure that others don't fall victim like me.<br><b>[Other]</b>: We sincerely apologize but affortunately can't offer a refund as we are not 100% sure if what you are saying is true<br><b>[You]</b>: You advertised a Kobe Bryant's jersey on your website for 70$. I bought it and received a jersey of an unpopular player. I have a screenshot of the jersey on my cart. You can't deny this.<br><b>[Other]</b>: As I have stated before we are sorry we cannot refund you as we have once experienced something like this only to find out that the buyer was scamming us<br><b>[You]</b>: Okay then, I guess I will leave my bad review on your platform and keep dropping more negative reviews under all your posts to deter others .<br><b>[Other]</b>: Submitted agreement: Buyer gets no refund, seller kept their review, buyer retracted their review, seller did apologize, and buyer didn't apologize.<br><b>[You]</b>: Reject Deal<br><b>[You]</b>: Submitted agreement: Buyer gets no refund, seller kept their review, buyer kept their review, seller did apologize, and buyer didn't apologize.<br><b>[Other]</b>: Accept Deal<br>"
2783,"<b>[You]</b>: Hi, I have ordered a Nike jersey at your store but you delivered wrong item, so I would like a refund<br><b>[Other]</b>: Hi, my apologies about that. can we exchange and deliver the right item?<br><b>[You]</b>: As long as you deliver the correct item, I won't have any problem.<br><b>[Other]</b>: We will deliver the correct item as  soon as possible. My apologies again for the inconvenience cost.<br><b>[You]</b>: You are welcome. When can I expect you to deliver the item?<br><b>[Other]</b>: Expect a delivery of the correct item tomorrow. A confirmation email will a link to track the delivery would be sent shortly.<br><b>[You]</b>: I will definitely appreciate that. Please don't disappoint me this time around.<br><b>[Other]</b>: Definitely, we won't disappoint you.<br><b>[You]</b>: Ok. Thank you so much. I will be waiting<br><b>[Other]</b>: It's a pleasure.<br><b>[You]</b>: Submitted agreement: Buyer gets no refund, seller retracted their review, buyer retracted their review, seller did apologize, and buyer didn't apologize.<br><b>[Other]</b>: Accept Deal<br>"
2785,"<b>[You]</b>: Hello<br><b>[Other]</b>: hello how are you?<br><b>[You]</b>: I'm good thank you. I just need to discuss the terms of this incorrect purchase.<br><b>[Other]</b>: Alright. What are the terms?<br><b>[You]</b>: Can I either received a refund and I return the shirt or you remove the negative review about me.<br><b>[Other]</b>: The only thing I can do for you is to remove the negative review about you.<br><b>[You]</b>: That's fine by me<br><b>[Other]</b>: I guess we have a deal then.<br><b>[You]</b>: Great<br><b>[Other]</b>: Submitted agreement: Buyer gets no refund, seller retracted their review, buyer retracted their review, seller didn't apologize, and buyer didn't apologize.<br><b>[You]</b>: Accept Deal<br>"
2787,"<b>[You]</b>: Hi I would like a refund , I recieved an incorrect jersey with some random unknown players  name but I specifically ordered a KOBE BRYANT one. I selected that name on your website, please assist <br><b>[Other]</b>: Hi, thank you for reaching out. However, the jersey that was advertised on the website was not for a specific player that was stated on the description of the item, therefore I can not assist at this current point.<br><b>[You]</b>: I see you removed that option , but previously it had the option to select a name , which is exactly what I did, I selected the Kobe one. This is not only false advertisement but also deceptive on your part<br><b>[Other]</b>: Apologies for that, however, it was not false advertisement and deceptive. There might have been a glitch on the website as on my side, still appears that the item is not of a specific player.<br><b>[You]</b>: Well something needs to be done , either I get a full refund or you send me the correct item . It is for my nephew who is terminally ill and this jersey would mean a lot to him. Please try and assist <br><b>[Other]</b>: So sorry for your nephew, at this current stage, I will not be able to assist you as i have mentioned earlier.<br><b>[You]</b>: So you're saying you won't be able to replace it either ? <br><b>[Other]</b>: Yes, I will not be able to replace it. I can offer a partial refund of the item, and request that the negative review is retracted.<br><b>[You]</b>: Okay a partial refund of how much percent ?<br><b>[Other]</b>: 35%<br><b>[You]</b>: no , 50% and I'll agree.<br><b>[Other]</b>: 35% and a coupon code for a discount for your next purchase?<br><b>[You]</b>: okay how much is the discount code worth and does it have an expiration date ? <br><b>[Other]</b>: 20% off and will be valid indefinitely.<br><b>[You]</b>: Indefinately does not sound convincing. It should be atleast 3months <br><b>[Other]</b>: I need to make sure that I make you happy as my customer, this will be a special coupon for you to show you how much I value you hence it will be valid until you are happy to use it.<br><b>[You]</b>: Okay I appreciate that. cdc<br><b>[Other]</b>: Submitted agreement: Buyer gets partial refund, seller retracted their review, buyer retracted their review, seller did apologize, and buyer didn't apologize.<br><b>[You]</b>: Accept Deal<br>"
2789,"<b>[You]</b>: The jersey you sold me is not as discribed in the ad, I want a refund<br><b>[Other]</b>: Kindly note that a meticulous check was done on the jersey before it was shipped and it was in perfect condition as per the description in the ad. So we won't be able to refund you.<br><b>[You]</b>: I'm afraid I have to disagree, the flaw is not on the workmanship or quality of the jersey but rather the name on the back of it. I was made to believe it's a Kobe Bryant jersey but it's not.<br><b>[Other]</b>: Kindly note that we stated on our website that the jersey is not for any specific player. Kindly visit our website, click on the description and you will then be able to see that it was an oversight on your end.<br><b>[You]</b>: I've already done that, it's not an oversight on my end. You've changed the description to cover your tracks. I would like to return the item and receive a refund. Should we reach this agreement, I'm  willing to withdraw my bad review of you.<br><b>[Other]</b>: Kindly note that these are serious accusations that paint my business in a bad light. I can only offer an exchange on the jersey and not a refund but on condition that you withdraw the bad review.<br><b>[You]</b>: How about you give me a refund, and I remove the bad review. You can keep your bad review of me, and you won't have to apologize either. So basically, I'm only asking for a refund and nothing else.<br><b>[Other]</b>: Kindly note that I will only agree to this if you add an apology on top of removing the bad review.<br><b>[You]</b>: Fine, you refund me. I remove the bad review and apologize. Deal.<br><b>[Other]</b>: Submitted agreement: Buyer gets full refund, seller kept their review, buyer retracted their review, seller didn't apologize, and buyer did apologize.<br><b>[You]</b>: Accept Deal<br>"
2792,"<b>[You]</b>: Id like to receive a refund for my wrong purchase please<br><b>[Other]</b>: I cannot give you a refund at this time because the website states that you chose that specific product. <br><b>[You]</b>: is it possible to exchange the item since it wasnt the one i was looking for?<br><b>[Other]</b>: Yes, instead of a refund, I am willing to offer you an exchange of the product and send you the one you wanted. But I will need you to please retract the negative review you left and apologise publicly. As this will hurt my store sales. <br><b>[You]</b>: okay thank you very much, i will also remove the review from my side and apologize publicly. Id like for you to also please retract the negative review you left as well.<br><b>[Other]</b>: Okay, I am willing to retract the negative review on my side as well. Is there anything else you need from me before we have an agreement?<br><b>[You]</b>: I'd also like to apologise in general for the review i left on your website, and i hope form going forward we will handle situations like this differently to avoid situations like this to occur again.<br><b>[Other]</b>: Thank you. I am happy this is sorted. You will receive an exchange  instead of a refund, I will remove the bad review of you and I accept your apology. I am happy we have an agreement. Goodluck!<br><b>[You]</b>: Submitted agreement: Buyer gets no refund, seller retracted their review, buyer retracted their review, seller did apologize, and buyer did apologize.<br><b>[Other]</b>: Accept Deal<br>"
2796,"<b>[You]</b>: I would like a refund as this product is not as described<br><b>[Other]</b>: But it seems the correct product<br><b>[You]</b>: This is clearly not the product I ordered, and you have now changed the description on the website. <br><b>[Other]</b>: No, its not like that. You might have ordered the wrong product. As we never have done this to any of our customer.<br><b>[You]</b>: Ok, seeing as this seems to be a bit of a miscommunication, I'll be happy to meet in the middle, with a partial refund? Thanks for your cooperation.<br><b>[Other]</b>: Our company does not offer refund , would you please take off your bad review? as it is not our mistake?<br><b>[You]</b>: Sorry, but you're clearly not helping at all. I've agreed to meet in the middle after clearly being scammed, and you're insisting on no refund? If this review stays up, you'll be losing a lot of customers I can guarantee that!<br><b>[Other]</b>: OK. If I offer a partial refund would you take back your reviews or write an apology note ?<br><b>[You]</b>: If you offer a partial refund, take down your bad review of me, and offer an apology, I'd be happy to take down my bad review and also apologise to you.<br><b>[Other]</b>: I can do just one thing partial refund or rake down my bad review. what would like?<br><b>[You]</b>: Does that come with an apology also?<br><b>[Other]</b>: Tell me your choice first. <br><b>[You]</b>: I feel like if you're not giving me a full refund, then you should at least take down the review as well as the partial refund.<br><b>[Other]</b>: We are not talking about full refund . It is about partial refund or take down review?<br><b>[You]</b>: Why can't you offer me both a partial refund and<br><b>[Other]</b>: It is not our company policy sir! We don't usually refund. But on your request I agreed. So lets make a deal of partial refund and you take your bad review back?<br><b>[You]</b>: Ok I'll take my bad review back but I demand an apology as well so I can at least explain the bad review about me.<br><b>[Other]</b>: you will write apology note as well?<br><b>[You]</b>: No, because you're not offering me a full refund, knowing fully well that you've done me wrong.<br><b>[Other]</b>: Sorry then I can't do this either. As I have sent you the exact product you have ordered. It is not my mistake but I was trying to make a deal<br><b>[You]</b>: Ok, partial refund, I'll take down the review, but you also need to take down your review and we'll both apologise because your bad review will affect you worse than me.<br><b>[Other]</b>: ok done!<br><b>[You]</b>: Ok so just to confirm, partial refund, we both retract our reviews and we both apologise?<br><b>[Other]</b>: Submitted agreement: Buyer gets partial refund, seller retracted their review, buyer retracted their review, seller did apologize, and buyer did apologize.<br><b>[You]</b>: Accept Deal<br>"
2800,"<b>[You]</b>: hi i would like to recieve a refund for the wrongly sent product<br><b>[Other]</b>: I appologise for the inconvenience. Lets talk about resolving this<br><b>[You]</b>: definitely, i would like a refund as i recieved the wrong shirt and i would liek you to retract your bad review of me<br><b>[Other]</b>: Sure, since the item was I would like to refund you. Would you also retract your bad review of me?<br><b>[You]</b>: that sounds like a deal, im happy to issue an apology if you issue one to me too<br><b>[Other]</b>: I also would like to take the time to apologise for the inconvenience caused here. I think we can both come away from this just fine. Is there anything else we can help with here?<br><b>[You]</b>: yes i think that is everything and everything can be sorted here<br><b>[Other]</b>: Well, im happy to finalise the deal next message. I refunded you fully, retracted your bad review, you retracted your bad review and we both apologised to each other. Thankyou for your time here!<br><b>[You]</b>: Submitted agreement: Buyer gets full refund, seller retracted their review, buyer retracted their review, seller did apologize, and buyer did apologize.<br><b>[Other]</b>: Accept Deal<br>"
2801,"<b>[You]</b>: I got the wrong order<br><b>[Other]</b>: Hi, sorry to hear this. WHat was wrong?<br><b>[You]</b>: I was sent the wrong jersy and would like a replacement to be sent out<br><b>[Other]</b>: What was wrong with the jersey?<br><b>[You]</b>: it is not the one I ordered<br><b>[Other]</b>: WHich one did you order? We make sure we send out the correct teams<br><b>[You]</b>: kobys, you sent me another one<br><b>[Other]</b>: Are you saying it had Koby's name on the back? If so, we do not offer that service. It seems like you mistakenly thought we did?<br><b>[You]</b>: I bought what you had on your website &amp; I would like either a replacement our refund<br><b>[Other]</b>: Yes and we sent you the item. We can't just refund you unless the item is damaged or we sent the wrong item. You ordered what was listed on our website. It clearly states that you will receive a shirt without a name<br><b>[You]</b>: You did send me the wrong item, that is why I would like a refund, I m happy to send the jearsy back<br><b>[Other]</b>: It was the correct item as per our website. We do not offer personalised shirts. We can offer you a refund, but only if you remove the negative review you left for us.<br><b>[You]</b>: Ok, I can do that, if you apologise for sending the wrong item<br><b>[Other]</b>: As I have said, we sent your exact order. We apologise that you found the website confusing and will look at this in the future.<br><b>[You]</b>: Submitted agreement: Buyer gets full refund, seller retracted their review, buyer retracted their review, seller did apologize, and buyer didn't apologize.<br><b>[Other]</b>: Reject Deal<br><b>[Other]</b>: Submitted agreement: Buyer gets full refund, seller kept their review, buyer retracted their review, seller didn't apologize, and buyer didn't apologize.<br><b>[You]</b>: Accept Deal<br>"
2802,"<b>[You]</b>: my item arrived broken and i cant use it<br><b>[Other]</b>: We have specific terms in the case of refunds, how did this item come to be broken?<br><b>[You]</b>: when i opened the box the item was damaged. The delivery box was also damaged which i assume  happened during delivery process<br><b>[Other]</b>: This is out of our control, but also out of your control. In this case, since it is your first purchase, we can offer a full refund.<br><b>[You]</b>: that would be the most suitable outcome for me <br><b>[Other]</b>: We'd like to apologize for the service. May I ask if it is possible to remove the negative review if this has come to a resolve?<br><b>[You]</b>:  Thank you for your apology. I can confirm I will remove any negative review and thank you for your good customer service<br><b>[Other]</b>: We hope you can purchase from us again. We will also remove the negative review and keep the customer relationship mutual.<br><b>[You]</b>: sorry for hassle and thank you for good customer service <br><b>[Other]</b>: Submitted agreement: Buyer gets full refund, seller retracted their review, buyer retracted their review, seller did apologize, and buyer did apologize.<br><b>[You]</b>: Accept Deal<br>"
2804,"<b>[You]</b>: hello<br><b>[Other]</b>: hello<br><b>[You]</b>: what is the deal we should agree on<br><b>[Other]</b>: Apologize to the buyer<br><b>[You]</b>: But I want a refund since I did not get what I ordered<br><b>[Other]</b>: That is not possible at this point.<br><b>[You]</b>: But what you gave me is way below what I paid for. So its okay to get refund<br><b>[Other]</b>: You are a scam, I saw you did the same with the other seller.<br><b>[You]</b>: How am I a scam? when you clearly put up what you dont have and go about being shady<br><b>[Other]</b>: Will offer partial refund, to keep things fair both sides.<br><b>[You]</b>: okay that's fine by me. I will remove the bad review also remove the bad review on my handle and I deserve an apology as well<br><b>[Other]</b>: Thank you for accepting the deal. I apologize that our service did not meet your expectations.<br><b>[You]</b>: Submitted agreement: Buyer gets partial refund, seller retracted their review, buyer retracted their review, seller didn't apologize, and buyer did apologize.<br><b>[Other]</b>: Accept Deal<br>"
2808,"<b>[You]</b>: Hi i received my item that i purchased from you witch was a Kobe Bryant lakers shirt however it has arrived and it has a different play on this is for my terminally ill nephew is it possible to get a refund please <br><b>[Other]</b>: Hi, I'm sorry to hear about the confusion. The jersey you purchased was actually listed as a generic Lakers championship jersey, not specific to Kobe Bryant. Our policy states that all sales are final, but I'm willing to discuss how we can resolve this amicably.<br><b>[You]</b>: i am sorry i did not realise this as from the listing it looked to be a Kobe Bryant shirt not a generic lakers shirt would it be possible to return for a Kobe Bryant shirt to be sent back or return for a refund on this occasion please <br><b>[Other]</b>:  appreciate your understanding. Unfortunately, our listing clearly stated it's a generic Lakers championship jersey, and our policy states that all sales are final. However, I'm open to discussing alternatives that could work for both of us.<br><b>[You]</b>: ok as am i willing to discuss what would your alternatives be?<br><b>[Other]</b>:  appreciate your willingness to discuss alternatives. While I can't offer a refund or exchange for a Kobe Bryant jersey, I could consider offering you a discount on a future purchase or another item from our store as a gesture of goodwill. How does that sound to you?<br><b>[You]</b>: thank you for the gesture of goodwill however i do not have the money to purchase at a future date and this is for a terminally ill child i understand what your police states however after my purchase your listen has since be changed to clearly show this is a generic shirt not a Kobe Bryant shirt as shown in the listing before i think it would be fair to fully refund me so i can buy him a Kobe one from you also i think it is fair to say there has been misunderstanding on both sides.<br><b>[Other]</b>: I can offer is to facilitate a return of the jersey at our expense and provide you with a full refund. This way, you can use the refunded amount to purchase a Kobe Bryant jersey elsewhere for your nephew. It would resolve the issue promptly and fairly. Is that okay with you? <br><b>[You]</b>: that would be perfect thank you for being so reasonable and understanding of my situation would it be possible to remove or change your review of me as will i change mine as they no longer reflect fairly on this situation that has unfolded?<br><b>[Other]</b>:  I appreciate your willingness to work towards a fair resolution. I will update my review to reflect our amicable resolution and would appreciate it if you could do the same. Let's both adjust our reviews to accurately represent the understanding we've reached.<br><b>[You]</b>: Submitted agreement: Buyer gets full refund, seller retracted their review, buyer retracted their review, seller did apologize, and buyer did apologize.<br><b>[Other]</b>: Accept Deal<br>"
2811,"<b>[You]</b>: I am requesting a refund as I did not receive the jersey I ordered. This is a reasonable request and the minimum I would expect. <br><b>[Other]</b>: You received exactly what you ordered, therefore no refund will be provided. Additionally, I would also like to request for your review to be removed, and in exchange I will remove my review on your buyer profile<br><b>[You]</b>: I ordered a Kobe Bryant jersey for my terminally ill nephew. Your website clearly stated it was a Bryant jersey yet I did not receive this. I have the email proof of this, I cannot understand how you are claiming otherwise. If you provide a refund I will be happy to edit my review to state that a refund was provided and that you have apologised for the misorder. But you must first refund me and apologise, while also removing your review. <br><b>[Other]</b>: I will provide a refund if you return the jersey via post. Once received, your refund will be processed. Additionally, I'd like you to remove your review and once done, I will also remove my review<br><b>[You]</b>: Do you apologise for the mistake you have made? I am not at fault here but your review clearly tried to slander me. I will return the jersey once I see proof of a refund. I have no need for this jersey as my terminally ill nephew does not know who this player is anyway.<br><b>[Other]</b>: I will provide a refund once proof of return postage has been provided, as we only provide refunds if an item has been returned. I apologise for the inconvenience caused by wrongfully fulfilling your order and would like to request that you remove your review and I will remove mine. This way, both of our reputations will be back to normal<br><b>[You]</b>: I can see that there is no real resolution here. You have apologised for the inconvenience but have not apologised for your mistake. Maybe we could start with an apology and then I may be more likely to return the item. <br><b>[Other]</b>: Please accept my apology for my mistake of sending you the wrong item despite you ordering something that was falsely advertised on my website. I sincerely hope you will accept my apology and that we can reach a mutual agreement in this matter<br><b>[You]</b>: Submitted agreement: Buyer gets full refund, seller retracted their review, buyer retracted their review, seller did apologize, and buyer did apologize.<br><b>[Other]</b>: Accept Deal<br>"
2813,"<b>[You]</b>: Hi, I am not happy with how the shirt was missold to me, it stated clearly that it was for a specific player not just for a random one. I would like a refund<br><b>[Other]</b>: Sorry about the misunderstanding but I think we were very clear in the details before the sale. The mistake isn't from us as we've sold toothers without complaint.<br><b>[You]</b>: You may have sold to others, but when a listing clearly states its for a specific player, you cant then decide to send one at random<br><b>[Other]</b>: We sold what you requested and I believe this is a scheme from you to shake us down. We might offer a refund if you're being honest.<br><b>[You]</b>: Im being honest and as a gesture of goodwill back to you, I would remove my review and put this all down to a misunderstanding in exchange for a refund <br><b>[Other]</b>: We are getting somewhere because as a brand our reputation is quite important to us and we'll also need an apology for the bad review as we'll also do for the misunderstanding<br><b>[You]</b>: I shan't be apologizing as like I said I as the customer have been missold this product - like I said I will be willing to remove the review for a full refund <br><b>[Other]</b>: Without the apology you can't get your refund<br><b>[You]</b>: I dont think I should apolgise, Im willing to remove the review, I could ask you to do the same but I will not be removing the review and apologising for your listing error<br><b>[Other]</b>: I cannot apologies for a mistake i am very sure didn't come from us. I am trying to reach a mutual understanding here<br><b>[You]</b>: As am I, whihch is why I will remove the review in exchange for a refund, if the review is gone your reputation is restored<br><b>[Other]</b>: There has to be clarification from you. Removing the review alone doesn't restore what you've done to our reputation. I hope you understand<br><b>[You]</b>: Weill I will remove and apologize, in exchange for a refund and an apology in return <br><b>[Other]</b>: Submitted agreement: Buyer gets full refund, seller retracted their review, buyer retracted their review, seller did apologize, and buyer did apologize.<br><b>[You]</b>: Accept Deal<br>"
2814,"<b>[You]</b>: Hi, I have received the item I bought but it is the wrong thing. I ordered a Bryant jersey and it's a standard Lakers one<br><b>[Other]</b>: Ah, that's a shame. What did it show on the website?<br><b>[You]</b>: It specifically said that it was Bryant's jersey from his last game. My nephew is a fan that's why I wanted to buy that item <br><b>[Other]</b>: I'm just checking the order. This was a standard Lakers jersey. I think you have ordered the wrong item.<br><b>[You]</b>: No, I definitely ordered the Bryant jersey, I wouldn't have bought it otherwise <br><b>[Other]</b>: OK. would you like the return it for an upgrade to the correct one?<br><b>[You]</b>: Yes that would be fine, would it be the same price as I'm not willing to pay anymore given I bought it in the first place believing it was the right item?<br><b>[Other]</b>: I can do that if you retract your bad review. How does that sound?<br><b>[You]</b>: I am happy to amend my review once the new jersey is received<br><b>[Other]</b>: OK, please return the standard Lakers Jersey with the free return postage and once it has arrived I will send out the replacement.<br><b>[You]</b>: Ok<br><b>[Other]</b>: Submitted agreement: Buyer gets no refund, seller kept their review, buyer retracted their review, seller didn't apologize, and buyer didn't apologize.<br><b>[You]</b>: Accept Deal<br>"
2815,"<b>[You]</b>: I demand a full refund for the incorrect shoe size that was delivered. <br><b>[Other]</b>: I can offer you a partial refund<br><b>[You]</b>: Unfortunately I will not accept the partial. I am going to write a bad review than.<br><b>[Other]</b>: I apologize for the incorrect shoe size, we can chat about this<br><b>[You]</b>: Apology accepted. If you are unable to refund fully are you able to exchange the shoe for a correct size and deliver for free?<br><b>[Other]</b>: Yes, i can offer you an exchange<br><b>[You]</b>: Thank you so much. The bad review will be retracted than. <br><b>[Other]</b>: Thank you, for your next purchase you will get a 10% discount as well<br><b>[You]</b>: Apologies for over reacting as well. I definitely accept the 10% discount.<br><b>[Other]</b>: Submitted agreement: Buyer gets no refund, seller retracted their review, buyer retracted their review, seller did apologize, and buyer did apologize.<br><b>[You]</b>: Accept Deal<br>"
2817,"<b>[You]</b>: Good day, I am unhappy with the product I received and also how you have handled the matter.  Is there any way we might resole this?<br><b>[Other]</b>: Good day. I'm sorry to hear you are unhappy. Can you advise exactly what you are unhappy with?<br><b>[You]</b>: The item advertised was not what I received.  I would request a refund for the item so I might buy the correct jersey elsewhere.<br><b>[Other]</b>: How is it not what was advertised? I need specific details<br><b>[You]</b>: The jersey did not feature the name of the correct player as stated and I was sent a jersey with the name of a player I don't even know.  I would like to get a refund, so I can buy from a different seller.  The jersey is a gift and I need the correct one.<br><b>[Other]</b>: They was no name specified on the advert and you did not advise that you needed a particular players name on the jersey. The jersey was sold as it. If you require a refund, please return the jersey to me and I will arrange that for you.<br><b>[You]</b>: I am sure that the image and description was very specific on what I will be buying.  That is why I posted the review, but if we can solve this issue by issuing a refund, I am willing to remove my review as a symbol of good faith.<br><b>[Other]</b>: The advert did not specify a name and the jersey was sold as it. I do not add or change names on jerseys. If you check your confirmation email, you will see that. If you return the jersey and remove your review, I will refund you money.<br><b>[You]</b>: I just want us to reach an agreement to return the unwanted jersey and receive the refund. As a gesture of good will, I will remove the bad review, seeing as you siisted me.<br><b>[Other]</b>: I am happy to refund your money once I have received the jersey. I will remove my review once you have removed yours.<br><b>[You]</b>: It seems we have reached an accord. I will return the jersey in the original packaging, you will issue a refund after which I will remove the bad review of you and then you will also remove your bad review of me.<br><b>[Other]</b>: That works for me. I look forward to receiving the jersey back. Take care.<br><b>[You]</b>: Submitted agreement: Buyer gets full refund, seller retracted their review, buyer retracted their review, seller didn't apologize, and buyer didn't apologize.<br><b>[Other]</b>: Accept Deal<br>"
2819,"<b>[You]</b>: The item i purchase was not exactly what was advertised.  Please can you give me a partial refund of 50%.  I am removing your negative review even if you dont. <br><b>[Other]</b>: Oh C'mon, the item description was fully stated right. So it was clearly advertised. Might just be an omission from you<br><b>[You]</b>: I found it misleading.  I bought it with the intention it would be Kobi Bryant, as that was how it was advertised.  Why did you remove the Kobe Bryant of the advert after the sale?  It seems all a bit fishy to me, but havent said that I mean no malice so i will remove my bad review of you. Please will you do the same. Would you be williong to offer any sort of refund?<br><b>[Other]</b>: Okay. For business sake. I can do a partial refund. Is that okay<br><b>[You]</b>: Yes that will be good. How much can you refund?<br><b>[Other]</b>: Let's do a partial 50% refund then. I guess you will take retract the bad review<br><b>[You]</b>: Yes definitely, will you remove your review as well?  I am sorry that i put it on in the first place I just felt let down, but i really appreciate how you have handled this now.<br><b>[Other]</b>: Yes. I will do that as well. I am sorry as well. We have a deal? <br><b>[You]</b>: Submitted agreement: Buyer gets partial refund, seller retracted their review, buyer retracted their review, seller did apologize, and buyer did apologize.<br><b>[Other]</b>: Accept Deal<br>"
2820,"<b>[You]</b>: Hi, the jersey I received was for the wrong player. It was supposed to be a Kobe Bryant jersey, I need you to refund me as you sent the wrong item.<br><b>[Other]</b>: Let me help you<br><b>[You]</b>: Ok great, so you will refund me for the jersey?<br><b>[Other]</b>: No refunds<br><b>[You]</b>: You sent the wrong item, if you want me to remove my negative review you will have to refund me!<br><b>[Other]</b>: You can choose another jersey atleast<br><b>[You]</b>: No, it has to be a Kobe Bryant jersey. It is a gift for my terminally ill nephew. Your listing was clearly for a Kobe Bryant jersey and you sent the wrong one!<br><b>[Other]</b>: I can help with a free shipping if that's fine with you and a compensation <br><b>[You]</b>: So a partial refund?<br><b>[Other]</b>: Submitted agreement: Buyer gets no refund, seller retracted their review, buyer kept their review, seller didn't apologize, and buyer did apologize.<br><b>[You]</b>: Reject Deal<br><b>[You]</b>: Submitted agreement: Buyer gets partial refund, seller retracted their review, buyer retracted their review, seller didn't apologize, and buyer didn't apologize.<br><b>[Other]</b>: Accept Deal<br>"
2821,"<b>[You]</b>: Based on the sale of the item please can I have a refund.<br><b>[Other]</b>: what seems to be the issue?<br><b>[You]</b>: The jumper did not have the correct player's name on the back. I do not recognise the player. The jumper was a present for a family member and the player is their idol.<br><b>[Other]</b>: The Jersey was clearly advertised and still is as generic. This is clearly the case if you recheck the website. The goods are not faulty. If you wish to purchase a specific players shirt, then I am sure I can accommodate that.<br><b>[You]</b>: Thank you for your response. I do not neces<br><b>[Other]</b>: I see you have posted a negative review , I kindly request it is removed as My advertising is correct and it would appear you did not check to ensure that the jersey was in a particular players name and not generic as advertised.<br><b>[You]</b>: I appreciate that you state it is as advertised however the specific advert was for the named player. I would be willing to remove the advert if a replacement is sent with the Kobe's name. I would remove the review. Alternatively, I would need a refund for the product.<br><b>[Other]</b>: please kindly provide proof that I was falsely advertising. I believe an amicable solution would be for yourself to apologise and remove the negative review and I will consider discounting the price of the now used shirt against the purchase of one with KOBE's name on it.<br><b>[You]</b>: The shirt I purchased has not been worn. As mentioned before it is a present. When it arrived, it had the incorrect name on it. I would be willing to provide proof. I would require a refund or a replacement with Kobe's name on. Secondly the purchased shirt will be returned, I would then remove the review.<br><b>[Other]</b>: It is a gbeneric shirt and has no name on it. It is apparant from your purchasing history, that you have on previous occasions used similar bullying tactics to get refunds and damage sellers reputations. There will be no proof forthcoming from yourself that I advertised the shirt incorrectly as It is clear from I was not at fault and apologise, then a refunds will be forthcoming to resolve this matter.<br><b>[You]</b>: Submitted agreement: Buyer gets full refund, seller retracted their review, buyer retracted their review, seller did apologize, and buyer did apologize.<br><b>[Other]</b>: Accept Deal<br>"
2823,"<b>[You]</b>: Hi, the shirt I received was not the one that I ordered. So I would like to receive a refund please.<br><b>[Other]</b>: Hi, I'm sorry to hear that. What did you order and what did you receive?<br><b>[You]</b>: I ordered a Bryant basketball shirt but received one for another player. I specifically wanted the Bryant shirt so would like a refund as the shirt I received was not the one that I ordered. Thanks <br><b>[Other]</b>: I see, I understand. For future reference the shirt ordered didn't have  specific player on the back, but as a Bryant fan myself I can understand your frustration. <br><b>[You]</b>: Thanks for your understanding. If that is the case then I'd suggest that the advert is modified to specifically state that fact as otherwise it can be misleading. Any way - can I confirm that you will be able to refund me for this purchase?<br><b>[Other]</b>: I'll have to look at the advert again to make it clearer for future buyers. I'd hate for things to be misleading. I can offer you a refund, and also a short specifically for Bryant if you like? <br><b>[You]</b>: That would be great - much appreciated. If your willing to do that then I would see this matter as resolved and will retract my initial negative review, clarifying that after a following discussion that we were able to reach an amicable resolution. In return would you also retract the previous review that you have made of me following our initial communications? Does that seem fair to you?<br><b>[Other]</b>: Of course that's more than fair, I hope you buy from us again. Anything more you need?<br><b>[You]</b>: I surely will. I just wanted to apologise for my comments in our initial exchange and would appreciate if you would apologise for your part in the our initial disagreement. I'm really happy that we were able to reach an agreement. Thanks again.<br><b>[Other]</b>: Apologies on my side also. Hope you enjoy the rest of your day!<br><b>[You]</b>: Submitted agreement: Buyer gets full refund, seller retracted their review, buyer retracted their review, seller did apologize, and buyer did apologize.<br><b>[Other]</b>: Accept Deal<br>"
2824,"<b>[You]</b>: Hi i would like to receive a refund for the purchase i made<br><b>[Other]</b>: What was the issue sorry?<br><b>[You]</b>: I didnt get what i purchased, i paid $100 for a pair of blue jeans but i received pink ones<br><b>[Other]</b>: Could you please send us proof of this as we thoroughly check orders before dispatching<br><b>[You]</b>: Yes not a problem, will send an email with the picture of the pink jeans just, please refund the $100 or i will write a very negative review<br><b>[Other]</b>: This really isn't necessary. Once we see the email we will send out the correct order as long as you return your<br><b>[You]</b>: Thats the email sent, I needed the jeans for an event in the coming days, if i wait for the new order, it wont arrive in time unfortunatley. this was your mistake and i did not get what i paid for<br><b>[Other]</b>: I'm really sorry to hear this. Is there anyway you would accept $110 in store credit?<br><b>[You]</b>: How about i keep the jeans and get $60 back?<br><b>[Other]</b>: Unfortunately that wouldn't be possible. We could maybe so $20 dollars back?<br><b>[You]</b>: Unfortunatlely i can not accept this, i will need to write a negative review<br><b>[Other]</b>: If indeed we did send the wrong item then it was done as an honest mistake. Send them back and we will process the refund <br><b>[You]</b>: Thank you.<br><b>[Other]</b>: Submitted agreement: Buyer gets full refund, seller retracted their review, buyer retracted their review, seller did apologize, and buyer didn't apologize.<br><b>[You]</b>: Accept Deal<br>"
2825,"<b>[You]</b>: hello. i would like a refund<br><b>[Other]</b>: Hi there, may I ask why you would like a refund<br><b>[You]</b>: because the item that i received does not match up the item that i purchased <br><b>[Other]</b>: according to the information we have on our side the Item sent to you is the item you had requested. I have  also noted you have written a bad review on our business due to this. May  I ask you take this review down and we look at how we can resolve this issue going forward<br><b>[You]</b>: i have to disagree with you there, as this is not entirely true. i also see that you have since changed the description of the item. unfortunately, i cannot remove my review as i believe it will serve as a warning to other consumers. some may not find an issue with the differences in the item, but others may be extremely disappointed, just like myself, so i think that it's important that they know before they commit to their purchase<br><b>[Other]</b>: I think the best way to move forward from this would be to request you to retract your bad review. on our side we will also remove the bad review about you and in turn we send you a refund  as soon as you deliver the item back to us. hopefully this could be a middle ground. <br><b>[You]</b>: i agree. thank you, i appreciate you meeting me in the middle. i will return the item to you as soon as possible and remove my review shortly after<br><b>[Other]</b>: thank you for your understanding, i believe this will be good for both our business and your personal reputation. so the final agreement will be full refund, remove bad review of you as our buyer, you retract your review. with that said i would like to apologize for any inconviniences caused on our side and look forward to doing business with you in future<br><b>[You]</b>: apologies to you too, and thank you for your understanding as well<br><b>[Other]</b>: Submitted agreement: Buyer gets full refund, seller retracted their review, buyer retracted their review, seller did apologize, and buyer did apologize.<br><b>[You]</b>: Accept Deal<br>"
2826,"<b>[You]</b>: Good morning I would like to request for a refund the product I ordered was incorrect and arrived late<br><b>[Other]</b>: Good morningg, we can request a return and have the correct item sent to you.<br><b>[You]</b>: I would gladly return the item I would like would I know the some mistakes would not repeat itself I need to be assured<br><b>[Other]</b>: I apologise for the inconvenience caused. I will make sure that I have the correct  item sent to you at no cost. Upon receiving the incorrect item received in the same condition it was sent.<br><b>[You]</b>: I can assure the item is in good condition as it was not used I send it back in it's original condition, the reason I need refund it because I need to use the item tomorrow if I agree to your proposal is possible to receive it in 24 hours<br><b>[Other]</b>: I had the item checked by the relevant department and will have an express delivery done so that you will receive it within 24 hours.<br><b>[You]</b>: Thank you for the good service, I would wait for the item arrival then the effort you put to solving my problem have change my mind am willing to give it chance hope for good results<br><b>[Other]</b>: You are welcome. You will not be disappointed.<br><b>[You]</b>: Submitted agreement: Buyer gets no refund, seller retracted their review, buyer retracted their review, seller did apologize, and buyer did apologize.<br><b>[Other]</b>: Accept Deal<br>"
2828,"<b>[You]</b>: Hi, I really need the T-shirt I ordered, My nephew isn't doing too well and this has gone too far, please, just give me my money back and end this drama.<br><b>[Other]</b>: How long has it been since you ordered the T-shirt, please?<br><b>[You]</b>: Two weeks. I clearly ordered a Kobe Tshirt and you delivered the wrong thing and to make things worse, you went and wrote bad reviews about me and sent the wrong thing. <br><b>[Other]</b>: There must be a  mix up somewhere, I am sure we sent out your order and nothing else. The review is because I did not mess with your order, I have no idea how that is my fault. <br><b>[You]</b>: I made the right order, I'm certain of it. You're also adamant that it's not your fault that we're in this mess, so instead of pointing fingers, don't you think it would be better to give me a refund and cut our losses here? this drama is not benefiting any of us and I really need to get my nephew the right Tshirt before it's too late. please just give me my money, and end this?<br><b>[Other]</b>: firstly, I am sorry we are in this mess right now. The thing here is that we don't do refunds that is why I am sure we sent out the right package. We triple check to be sure it is the right package we are sending out before it is sent. I am not saying we can't make mistakes, I am saying what I the fault was rom you?<br><b>[You]</b>: But It's not. I am sure. My nephew loves Kobe, I looked over 10 stores for a Kobe Tshirt and picked yours because it was cheaper and had a quick delivery. I couldn't have made a mistake  on this. the mistake could've been anywhere but with me. what could be our solution then?<br><b>[Other]</b>: Like I said, we don't do refunds, so I don't have a clue of what we should do right now. <br><b>[You]</b>: send me a Kobe Tshirt then, exchange.<br><b>[Other]</b>: You have had the other for 2 weeks, haven't you? It just doesn't work like that, I'm sorry.<br><b>[You]</b>: No, I ordered two weeks ago and it arrived now.<br><b>[Other]</b>: Due to the fact that we don't do refunds, what do you want me to do now?<br><b>[You]</b>: exchange the tshirt or give me a partial refund. you need to come up with a solution, it's your business, your mistake, why should i be the one suffering?<br><b>[Other]</b>: In as much as it is my business and I will be the one to blamed, I am also sure you made a mistake even i you don't want to agree to it. I will offer a partial reund.<br><b>[You]</b>: Submitted agreement: Buyer gets partial refund, seller retracted their review, buyer retracted their review, seller did apologize, and buyer did apologize.<br><b>[Other]</b>: Accept Deal<br>"
2832,"<b>[You]</b>: I need you to take down the review you made about me on the site or i will slander your business to the last <br><b>[Other]</b>: RATHER OFFER A REFUND , <br><b>[You]</b>: I will have your jersey sent back to you and you will refund me. It is not what i ordered for so you have to refund me. I will take down the post i made about you and you will take down what you posted about me so we all go our way.<br><b>[Other]</b>: YES AND APPOLOGIZE TO THE BUYER , THIS WILL KEEP A GOOD RELASHIONSHIP <br><b>[You]</b>: I cannot apologize to the buyer,the buyer is meant to apologize to me for giving me a wrong product, calling me all sorts of names and slandering me on the site.<br><b>[Other]</b>: OKAY THAT MAKES SENSE SO WWHAT IS YOUUR FANAL ANSWERS<br><b>[You]</b>: I will get a full refund after returning thr jersey. Then, the seller will take down their review about me and apologize to me before i take down the review i posted about them.<br><b>[Other]</b>: OKAY LETS GGO WITH THAT<br><b>[You]</b>: Alright, i shall finalize the deal then<br><b>[Other]</b>: Submitted agreement: Buyer gets full refund, seller retracted their review, buyer retracted their review, seller didn't apologize, and buyer did apologize.<br><b>[You]</b>: Reject Deal<br><b>[You]</b>: Submitted agreement: Buyer gets full refund, seller retracted their review, buyer retracted their review, seller did apologize, and buyer didn't apologize.<br><b>[Other]</b>: Accept Deal<br>"
2835,"<b>[You]</b>: Hi, I got a wrong package <br><b>[Other]</b>: Hi, sorry to hear that, could you advise which item you received<br><b>[You]</b>: I received a replica of the LA Lakers Basketball Championship jersey instead of the jersey Kobe Bryant used for his last championship.<br><b>[Other]</b>: We apologise for any confusion, but it is stated on our website that this is a replica item and not the original item worn by Kobe Bryant<br><b>[You]</b>: Sure, I understand, but what was sent was a replica of the LA Lakers Basketball Championship jersey. I would like to return the item and get what I initially ordered for.<br><b>[Other]</b>: Could you clarify as we provided you with a jersey for the correct team. Which other item would you like to receive<br><b>[You]</b>: I would be pleased to receive a replica of the Kobe Bryant jersey worn in his last championship game.<br><b>[Other]</b>: Could you advise how this would differ from the item which you have received?<br><b>[You]</b>: The Kobe Bryant jersey is a specific player's jersey and not just any other LA Lakers Basketball Championship team player's jersey.<br><b>[Other]</b>: Which player's jersey have you received?<br><b>[You]</b>: I don't even know this player, never heard of him.<br><b>[Other]</b>: Could you advise of the name on the jersey?<br><b>[You]</b>: 
PLAYER	TEAM(S)	GAMES
Carmelo Anthony
-
details
USA (Olympics)
16
Trevor Ariza
-
details
Los Angeles Lakers (USA-1)
137
Chucky Atkins
-
details
Los Angeles Lakers (USA-1)
66
Matt Barnes
-
details
Los Angeles Lakers (USA-1)
130
Jon Barry
-
details
Los Angeles Lakers (USA-1)
52
Brandon Bass
-
details
Los Angeles Lakers (USA-1)
52
Mario Bennett
-
details
Los Angeles Lakers (USA-1)
46
Tarik Black
-
details
Los Angeles Lakers (USA-1)
32
Steve Blake
-
details
Los Angeles Lakers (USA-1)
188
Corie Blount
-
details
Los Angeles Lakers (USA-1)
145
Carlos Boozer
-
details
Los Angeles Lakers (USA-1)
USA (Olympics)
41
Chris Bosh
-
details
USA (Olympics)
8
Tierre Brown
-
details
Los Angeles Lakers (USA-1)
61
Kwame Brown
-
details
Los Angeles Lakers (USA-1)
144
Shannon Brown
-
details
Los Angeles Lakers (USA-1)
226
Anthony Brown
-
details
Los Angeles Lakers (USA-1)
17
Caron Butler
-
details
Los Angeles Lakers (USA-1)
61
Andrew Bynum
-
details
Los Angeles Lakers (USA-1)
451
Elden Campbell
-
details
Los Angeles Lakers (USA-1)
181
Derrick Caracter
-
details
Los Angeles Lakers (USA-1)
41
Maurice Carter
-
details
Los Angeles Lakers (USA-1)
1
Cedric Ceballos
-
details
Los Angeles Lakers (USA-1)
7
John Celestand<br><b>[Other]</b>: I apologise if I wasn't clear, I meant the name of the player that is printed on the jersey<br><b>[You]</b>: John Celestand<br><b>[Other]</b>: That is not possible, as we do not stock this players jersey. He was not a member of the championship team with Kobe Bryant<br><b>[You]</b>: Exactly my point, I did not order for this jersey and I do not know why I received a package I did not place an order for. If it is not possible to return it and get a refund, it is fine, I'll just keep it in my closet. <br><b>[Other]</b>: I apologise for any inconvenience caused, if you are happy to keep the item, I hope you enjoy it!<br><b>[You]</b>: Thank you for your time. <br><b>[Other]</b>: Submitted agreement: Buyer gets no refund, seller retracted their review, buyer retracted their review, seller didn't apologize, and buyer didn't apologize.<br><b>[You]</b>: Accept Deal<br>"
2837,"<b>[You]</b>: i want a refund on a damaged parcel<br><b>[Other]</b>: I'm sorry to hear your parcel arrived damaged! Can you please provide your order number and a few details about the damage so I can investigate?<br><b>[You]</b>: thank you for swift response parcel number 234567 came in with a broken handle<br><b>[Other]</b>: Thanks for letting me know. I'll look into order #234567 and the broken handle. I'll get back to you with a solution as soon as I can.<br><b>[You]</b>: i will appreciate it if this is sorted out immediately. thank you<br><b>[Other]</b>: I've reviewed your order and understand the broken handle is a problem. I'm happy to offer a partial refund for the inconvenience. Please let me know what amount you'd like to be refunded, and I'll process it right away.<br><b>[You]</b>: i will like to receive 75% of the amount i paid<br><b>[Other]</b>: I understand your request for a 75% refund, but unfortunately, I can only offer a 50% refund for this situation. It's a fair compromise considering the handle is the only damaged part. Would you be open to that?<br><b>[You]</b>: yes, fair enough. thank you<br><b>[Other]</b>: Great! I've processed a 50% refund for you. You should see it reflected in your account within 3 business days. Thanks for your understanding!<br><b>[You]</b>: Submitted agreement: Buyer gets partial refund, seller retracted their review, buyer retracted their review, seller did apologize, and buyer didn't apologize.<br><b>[Other]</b>: Accept Deal<br>"
2846,"<b>[You]</b>: Hi, I'm really disappointed in the service received. I was sent the wrong item<br><b>[Other]</b>: I can only apologise, can you please return the wrong item and we will then send out the correct item<br><b>[You]</b>: Will I receive a full refund once the item has been sent back to me?<br><b>[Other]</b>: providing it is in the original packaging and is unopened and in a resalable condition.<br><b>[You]</b>: Thank you, I would also appreciate if the bad review left for me could be retracted?<br><b>[Other]</b>: When we receive the wrong item back and are able to confirm that it was our error in sending the wrong item, then yes we will retract the bad review. <br><b>[You]</b>: Thank you, just to confirm once you have the item back to you the bad review will be deleted and I will receive a full refund for the incorrect item sent?<br><b>[Other]</b>: Yes that's correct.  Can you also remove the bad review you left?<br><b>[You]</b>: I am unsure about doing that just because it was your error for sending the incorrect item out. I hope you can understand this was really important for me as the item was a present for my terminally ill nephew. <br><b>[Other]</b>: ok can you leave a subsequent review to say that we rectified the error to your satisfaction?<br><b>[You]</b>: Yes I would be happy to do that for you<br><b>[Other]</b>: ok great thank you for your understanding.  Do you agree that we have reached an agreement?<br><b>[You]</b>: Yes I agree, thank you<br><b>[Other]</b>: Submitted agreement: Buyer gets full refund, seller retracted their review, buyer kept their review, seller did apologize, and buyer didn't apologize.<br><b>[You]</b>: Accept Deal<br>"
2848,"<b>[You]</b>: I would like a full refund on the item as it was not what was advertised or what I paid for.<br><b>[Other]</b>: It was advertised as not being linked to any particular player so I am confused as to why I should offer a refund<br><b>[You]</b>: Your website clearly stated it was a Kobe Bryant shirt and that is the reason I bought it.  I wouldn't have purchased it if it was not specifically a Kobe Bryant shirt.<br><b>[Other]</b>: I am sure that it advertised as being a Laker's shirt, not specifically any player<br><b>[You]</b>: It was 100% advertised as Kobe Bryant.  I was looking for that as it was a gift for a relative.  I'm willing to remove my negative review if I receive a full refund.<br><b>[Other]</b>: The advert was not for a specific player, and you can check this now, it remains the case however I am happy to give you a partial refund for your upset if you remove the review<br><b>[You]</b>: The advert for the shirt has changed since my purchase.  I will remove my negative review but it has to be a full refund.  I understand mistakes can happen.  Lets be reasonable with each other and move on.<br><b>[Other]</b>: okay<br><b>[You]</b>: Submitted agreement: Buyer gets full refund, seller retracted their review, buyer retracted their review, seller did apologize, and buyer did apologize.<br><b>[Other]</b>: Accept Deal<br>"
2849,"<b>[You]</b>: Hi there, I need to have a refund and your bad review redacted as you supplied the wrong item as advertised when I bought it<br><b>[Other]</b>: I'm sorry to hear that you have received the wrong item but you will need to return the wrong item first to receive a refund<br><b>[You]</b>: That's fine I can return the item to you so long as it's refunded. If this is done I can remove my bad review and you can remove the bad review of me as it will be resolved by then.<br><b>[Other]</b>: Yes that would be perfectly fine, you need to return the item within the next 2 weeks and undamaged<br><b>[You]</b>: Will you remove the bad review of me as well? It's important that my account is in good stnading.<br><b>[Other]</b>: We can discuss that when the item has been returned<br><b>[You]</b>: It will be returned but I would like a commitment from you saying you will remove the bad review and then I will do the same. There is no use of them as you will have the item returned and I will be refunded.<br><b>[Other]</b>: Yes I agree to remove it as long as there is no other problems and the wrong item it send back in a timely manner and is in the condition sent<br><b>[You]</b>: Submitted agreement: Buyer gets full refund, seller retracted their review, buyer retracted their review, seller didn't apologize, and buyer didn't apologize.<br><b>[Other]</b>: Accept Deal<br>"
2851,"<b>[You]</b>: Hello, I really need a refund as the product wasnt as described, my terminally ill nephew is gutted and I really want him to have the correct item<br><b>[Other]</b>: Hi there, unfortuately the terms of the sale were explicit in that there are no refunds offered.  I do understand this may be frustrating but as there was no error in the listing, I can't offer a refund in this instance.  In this instance I would be happy to remove the negative review I've left you and issue a formal apology<br><b>[You]</b>: This really isn't good, I am unable to source the correct item again and this leaves my nephew devastated, as a good will gesture, please could you refund on this occasion? I would remove the negative review and swap this for a positive one <br><b>[Other]</b>: I wouldn't expect you to leave a positive review given the experience you've had wasn't a positive one for you. I can see from previous reviews left for you that it appears you've had similar incidents in the past.  We don't offer any option to choose a specific player jersey so there shouldn't have been any confusion.  I can't make an exception in this instance- perhaps if the item was damaged or had some flaw but that isn't the case<br><b>[You]</b>: The listing clearly stated it was a Kobe VBryant jersey however this has been removed from the listing since. This is dishonest. I took a screenshot of the listing which proves this adn will have no chose but to raise a formal complaint and a chargeback from my bank. I would like to avoid this where possible as you are a human with feelings and can surely sympathise with my terminally ill nephew?<br><b>[Other]</b>: Whilst I do sympathise with your nephews situation, it's tragic, it isn't a valid reason to offer a refund.  Upon reviewing the invoice for the sale I can clearly see there is no specific player mentioned so I am confident there has been no miscommunication or deception.  I can direct you to the methods to raise a formal complaint if that's what you'd like to do but the outcome will be the same as our policy is clear. <br><b>[You]</b>: Either way, you will be forced to refund with the evidence I have (screenshot) my bank will force through a chargeback... surely you wish to avoid this and risk your selling profile? A refund and a positive review is better than risking your whole sellers account being removed? Have a heart?<br><b>[Other]</b>: I am confident we haven't misrepresented our listing- I would be keen to see this screenshot as there is no evidence of any missale.  In the instane of a chargeback, a thorough investigation is completed which would include a review of the reciept/invoice which is very clear in terms of what was purchased.  Ofcourse if you feel this is the right thing to do, that's your right to exercise.  I would suggest if you are unhappy with the jersey you could consider reselling it. <br><b>[You]</b>: I would be willing to drop the chargeback if you will remove the review of me as agreed, I will keep my negative review of you and would like an apology. This is the best I can agree to given the hassle of a resale<br><b>[Other]</b>: Submitted agreement: Buyer gets no refund, seller retracted their review, buyer kept their review, seller did apologize, and buyer didn't apologize.<br><b>[You]</b>: Accept Deal<br>"
2852,"<b>[You]</b>: Hello I received the wrong jersey from  your site I'm not happy one bit <br><b>[Other]</b>: Hi, on our website it is stated we dont give specific jersey<br><b>[You]</b>: That's not right i ordered a specific Kobe Bryan one <br><b>[Other]</b>: I assure you, you can look through the description<br><b>[You]</b>: I looked multiple times and I definitely purchased it I'm getting stressed over this<br><b>[Other]</b>: Relax, we can come to a solution. I can offer you a swap<br><b>[You]</b>: That works<br><b>[Other]</b>: okay can you retract your bad review<br><b>[You]</b>: I think i would prefer a refund<br><b>[Other]</b>: okay<br><b>[You]</b>: Submitted agreement: Buyer gets full refund, seller retracted their review, buyer retracted their review, seller didn't apologize, and buyer didn't apologize.<br><b>[Other]</b>: Accept Deal<br>"
2854,"<b>[You]</b>: Hi i would request a full refund for the product you sent as it was simply not what was ordered.<br><b>[Other]</b>: Hi there, canIask what the difference was between what was expected and what was received? <br><b>[You]</b>: I ordered a Kobe Bryant replica shirt for my terminally ill nephew and you  sent a jersey for a different player that he does not know<br><b>[Other]</b>: I'm sorry to hear about your nephew's health, this must be a hard time for your family. Checking the product description I can see it states that this item isn't for a specific player but rather a team shirt<br><b>[You]</b>: The only reason for that is that you have changed the website since i first ordered. I have used this website many times without issue and this is the first problem i have had. For the sake of future business and common decency please agree to the refund for me.<br><b>[Other]</b>: I understand your strong feelings due to your nephew's health but I can assure you there have been no changes to the website and I would be able to send proof of this if needed.  We have never stocked an individual Kobe Bryant shirt. I'm not able to offer a full refund in this case but I would be able to exchange this shirt for another item your nephew would enjoy more with no postage costs to yourself. Would this be a ood enough resolution? <br><b>[You]</b>: Absolutely not as i know what i purchased and can prove that too as I have a screen shot of the website when i ordered the item.. This is such a small amount of money to you so to be so awkward with a loyal customer such as me is terrible. However if i need to get trading standards involved I will so if you are willing to tarnish your reputation over such a small sum please go ahead. Im sure once they get involved your company will be anxious to resolve the issue but by that time it will be too late. So please provide a full refund now.<br><b>[Other]</b>: I'm not able to refund the money to you whilst you keep the item and I can assure you that we have never changed the website and will be able to prove this with timestamped records. However I empathise with your situation and wouldn't want to add more stress to your family. If you are able to return the shirt to us I will be able to process the refund bak to the card it was paid with.<br><b>[You]</b>: That great thank you i will now proceed to return the item<br><b>[Other]</b>: As we have have reached an agreement and to avoid further stress and bad name on either sides can I ask that we both remove negative reviews about the other? Ifeel we are both reasonable people on either sides of an issue where we believe we are right and feel in the spirit of good will this issue could be put to bed. Does that sound reasonable to you?<br><b>[You]</b>: Yes that sounds entirely reasonable so lets proceed on that basis. Furthermore now the issues is resolved how about we apologise to each other and simply move on<br><b>[Other]</b>: That's great to hear, I'm glad we could discuss this and come to an agreement. Absoloutley, I apologise for any undue stress and upset this has cause you and your family in this difficult time and I would liek to extend my personal thoughts and that of our whole team for your nephew. <br><b>[You]</b>: Submitted agreement: Buyer gets full refund, seller retracted their review, buyer retracted their review, seller did apologize, and buyer did apologize.<br><b>[Other]</b>: Accept Deal<br>"
2855,"<b>[You]</b>: hello, I am hoping we can come to an agreement quickly, if you are already aware of the issue<br><b>[Other]</b>: I understand your concern, however after great consideration, your request of a refund will not be granted this time.<br><b>[You]</b>: why is that <br><b>[Other]</b>: All item specifics were mentioned with the item.  We have sold you this item as described.  I understand your frustration but it does not match our terms of conditions in accordance to returns.<br><b>[You]</b>: then I would like to make a return, given that the item is not as described, Partial compensation is an option <br><b>[Other]</b>: I am sorry you feel that way, however I disagree that the item is not as described there was no mention of a players name on the item.  I would also be grateful if you could remove the negative comment on my account, there is no place for language of that manner.<br><b>[You]</b>: a reasonable compromise would be some sort of compensation and I can change my review about the service because as it stands, it is my honst opinion on your customer service and business practices<br><b>[Other]</b>: Very well, to prevent going around in circles.  I am happy to offer a partial refund if you are willing to take down your comment and provide an apology for the use of language.<br><b>[You]</b>: thank you, I am willing to take down the comment, however  I would appreciate mutual apologies for the language used <br><b>[Other]</b>: I will willing to apologize so we are able to move on from this.<br><b>[You]</b>: as well as take down your bad review of me, thank you for cooperating <br><b>[Other]</b>: I will be keeping up the comment in response to your feedback, to allow others to be aware of the potential experiences they might come across.  However, I might reconsider on receiving the apology from yourself.<br><b>[You]</b>: alright fine, but how will that work if my feedback is removed <br><b>[Other]</b>: send the apology first .<br><b>[You]</b>: I do not understand what your offer is, I get a refund, take down my feedback and apologise, then you do what<br><b>[Other]</b>: To clarify, I am willing to offer partial refund after you have removed your comment on my page and have given the apology to me that you have agreed on.  I have apologised on my behalf to resolve this situation.  I will then consider taking down my own comment to further resolve this dispute.<br><b>[You]</b>: Submitted agreement: Buyer gets partial refund, seller retracted their review, buyer retracted their review, seller did apologize, and buyer did apologize.<br><b>[Other]</b>: Accept Deal<br>"
2856,"<b>[You]</b>: Hello. I am looking for a refund on the item I have purchased as what I have received is incorrect. <br><b>[Other]</b>: Hello, unfortunately I am unable to process a refund, as stated when buying all sales are final and I have reviewed your order and the correct item was sent to you as per your order<br><b>[You]</b>: I am aware that the original post has been edited to remove the key information that led me to make this purchase. I am requesting the refund so I can get the money back to buy the correct present. <br><b>[Other]</b>: The original post has not been edited and I am unable to process a refund <br><b>[You]</b>: This is not true. I purchased this item which clearly stated it was for a Kobe Jersey. This was a present for my terminally ill Grandson and all I am trying to do is get the money back to buy the correct one. <br><b>[Other]</b>: I am sorry to hear about those circumstances, unfortunately I am still unable to offer a refund on the item.<br><b>[You]</b>: Can I ask what you gain from not offering a refund on this item?<br><b>[Other]</b>: As stated at the time of sale, all sales are final. I have reviewed your profile and can see that you have left other businesses reviews stating that similar things have occurred with orders from them.  This leads me to believe you are untrustworthy as a buyer and are trying to scam small businesses.<br><b>[You]</b>: That is interesting - my pre meeting says I have not done that and that you have edited the sale. I like how we are pitted off against each other on this. Can we not agree to offer a refund and go back to being able to buy and sell. I can offer an apology for my review if you will also? This will allow me to get the correct Jersey for my Grandson.<br><b>[Other]</b>: I can offer an apology on my review if you will do that.<br><b>[You]</b>: That is a good first step and I am happy to do that. <br><b>[Other]</b>: Perfect, I will do that too.<br><b>[You]</b>: I will also remove my review so that you are able to sell again if you can retract your bad review. This just leaves us the issue of the refund. <br><b>[Other]</b>: I will remove my review, shall we go with a partial refund? <br><b>[You]</b>: Submitted agreement: Buyer gets partial refund, seller retracted their review, buyer retracted their review, seller did apologize, and buyer did apologize.<br><b>[Other]</b>: Accept Deal<br>"
2857,"<b>[You]</b>: Hello, I have been given the wrong jersey, if you're happy refunding me then I will remove the review I left warning others. This was for my sick nephew and I just want the money back to buy him the correct one.<br><b>[Other]</b>: Hello! Sorry to hear about your sick nephew. What seems to be the issue at hand?<br><b>[You]</b>: I ordered a Jersey from your store, I got the wrong Jersey. I need a refund on it, and I'm willing to send it back, nobody loses out. I'll also remove my review of you that warns others that you sent the wrong jersey.<br><b>[Other]</b>: Sorry to hear that. I can see that you ordered the Lakers Jersey, what did you receive?<br><b>[You]</b>: When ordering it stated that it was a Kobe jersey, the website has since removed this listing but I am sure my email confirmation shows that. I will upload this to my review for others to see, and potentially impact your future sales due to lack of consumer trust, or we can refund the order and I will change my negative review to a positive.<br><b>[Other]</b>: We do not sell named jerseys at our store. The listing was accurately described, so therefore in this case, we cannot provide a refund. Your email confirmation will confirm that this. This is clearly stated on our website and your email confirmation. The negative review is inaccurate and I would appreciate you removing this please.<br><b>[You]</b>: I have my email on hand, as well as an order confirmation - both of these confirm it is for a named jersey. Despite that, consumers are allowed to return unused goods within a certain window of time. As the order has just arrived, I would like to continue with my return and refund.<br><b>[Other]</b>: Our terms are clearly stated and in this case a refund will not be issued. The email confirmation confirms this, as well as our terms and conditions clearly stated upon purchase. Please feel free to leave further feedback on our website, but we will be commenting to avoid any future confusion around our products and terms. We want to ensure our customers understand clearly what they are purchasing. Thank you.<br><b>[You]</b>: How about this - I receive a partial refund, I retract the bad review, we both apologise publicly for what could be a misunderstanding that has got our of hand?<br><b>[Other]</b>: Submitted agreement: Buyer gets partial refund, seller retracted their review, buyer retracted their review, seller didn't apologize, and buyer did apologize.<br><b>[You]</b>: Reject Deal<br><b>[You]</b>: Submitted agreement: Buyer gets partial refund, seller retracted their review, buyer retracted their review, seller did apologize, and buyer did apologize.<br><b>[Other]</b>: Reject Deal<br><b>[Other]</b>: Submitted agreement: Buyer gets partial refund, seller retracted their review, buyer retracted their review, seller didn't apologize, and buyer did apologize.<br><b>[You]</b>: Reject Deal<br><b>[You]</b>: I'm curious, why are you not willing to apologise either. To remain fair, we either both apologise, or we both do not.<br><b>[Other]</b>: This is an exception to our terms. We would only offer partial refund, if this is clarified on our site for future customers to avoid a similar situation going forward. No partial refund will be possible without clarification.<br><b>[You]</b>: I understand, and an apology from both parties displays that clarification. Or, that clarification is displayed on your site, separate from an apology.<br><b>[Other]</b>: An apology would not make this an exception unfortunately - We can offer no refund and you're free to keep your bad review up. We will be commenting on the circumstances however to avoid any confusion in future.<br><b>[You]</b>: Submitted agreement: Buyer gets partial refund, seller retracted their review, buyer retracted their review, seller didn't apologize, and buyer did apologize.<br><b>[Other]</b>: Accept Deal<br>"
2858,"<b>[You]</b>: greetings Mam/Sir the tshirt arrived and it did not match the description on the website. May i please be refunded or sent the one that matches the description<br><b>[Other]</b>: Hello, mam/sir, I would like to inform you that the tshirt wasn't of a specified person on the website therefore I did not do anything wrong in this case, I spent money and resources to send over this item. I would like you to retract a bad review of me as I did nothing wrong.<br><b>[You]</b>: I will take down the review if you could please atleast give me a 90% refund because it was false adviertising on your website and i have taken pictures as proof. I do not want to end this on a bad note, as this tshirt is for my nephew and he would be disappointed because he is a Kobe fan. <br><b>[Other]</b>: First of all, I have every right to complain to trade association about your illegal activities in trying to deceive me to get money and the tshirt and you may get fined for lying and trying to deceive, as well as banned from this site altogether. I have proof that I sent  a replica Los Angeles Lakers Basketball Championship jersey. It was not a Kobe shirt and it was never said that it was. You are only trying to get more money out of me, when it is quite shameless to do so.

 

Powered by Qualtrics<br><b>[You]</b>: It is not an illegal activity and you know that. This can cause more problems for you because your website did not state that i was not going to get what i ordered. This is actually your store trying to lure customers in. Go ahead and complain i will do so too and you will not be able to sell on any website. I tried to huble myself but i can see that you do not want to resolve this issue properly. You forgetting that you stand a high chance of loosing your business than i do. Its either you apologise to me, give me my refund and i give you your -shirt back, i take down the reviews and we part ways, because this will be bad for your business.<br><b>[Other]</b>: Except the site never stated that it was a Kobe tshirt so you are in the wrong here. I will offer you a refund if you send over the shirt back, and you delete the bad review of me. Otherwise you won't get refunded and you will be stuck with the shirt. I only want to resolve this in a nice manner. I believe you should apologize to me as you didn't read description of shirt and wanted to get a shirt that was never even existing on our site. We don't sell Kobe shirts and never have. <br><b>[You]</b>: It is fine, I will send over the shirt and delete the bad review and you can refund me and apologise, I hope you will also apologise because if other customers see your comments they might not want to buy so let us keep a good reputation for your shop in terms of good responses. Thank you<br><b>[Other]</b>: We both must apologize because I do my business fairly and it is disheartening to see you shame me like this when I want what's best for customers. I started this business because I wanted to make people happy. I will give you refund too, for sending it back. Great I believe we have a deal. I will finalize it. <br><b>[You]</b>: I will issue an apology no problem. Thank you so much enjoy the rest of your day.<br><b>[Other]</b>: Submitted agreement: Buyer gets full refund, seller kept their review, buyer retracted their review, seller did apologize, and buyer did apologize.<br><b>[You]</b>: Accept Deal<br>"
2859,"<b>[You]</b>: Hello is it possible to get a refund on my item, please?<br><b>[Other]</b>: But it was clearly stated when you purchase that we don't do refunds however I am willing to negotiate<br><b>[You]</b>: Ok i am willing to negociate too. What is your offer then?<br><b>[Other]</b>: I am willing to give you 65% of the purchase price along with a public apology and a retraction of the negative review<br><b>[You]</b>: That is not fair , as i am not the one in fault here. But i am willing to accept 80% refund with a public apology and a retraction of the negative review<br><b>[Other]</b>: I beg to differ, it was clearly stated on the site that it was a plain Lakers jersey and had no name on the back, 80% is unfair to me given that I have already incurred expenses relating to your order that I can't get a full refund for. However, given that mistakes happen I can push it to 73%<br><b>[You]</b>: Let make it to 75% and we have a deal. <br><b>[Other]</b>: I can accept 75% <br><b>[You]</b>: ok that is fine, i will remove the bad review. Hope you will do the same. Thanks<br><b>[Other]</b>: Submitted agreement: Buyer gets partial refund, seller retracted their review, buyer retracted their review, seller didn't apologize, and buyer did apologize.<br><b>[You]</b>: Accept Deal<br>"
2860,"<b>[You]</b>: My item arrived brkken ,I demand a full refund and an apology!<br><b>[Other]</b>: i sincerely apologize,  this may be a logistic issue, how can i help?<br><b>[You]</b>: I want you to refund me the full amount and an apology<br><b>[Other]</b>: I did an investigation and realized that the item was not brokken when it left our store, however in order to compensate you, i'll be offering you a 50% discount on your next purchase<br><b>[You]</b>: Add free delivery because, it mean your courier company is not careful.<br><b>[Other]</b>: we have a deal then, thank you for your understanding<br><b>[You]</b>: Please make sure that i receive my order in good condition next time<br><b>[Other]</b>: yes, I'm committed to doing that, do we have a deal now?<br><b>[You]</b>: Yes we do<br><b>[Other]</b>: Submitted agreement: Buyer gets no refund, seller retracted their review, buyer retracted their review, seller did apologize, and buyer did apologize.<br><b>[You]</b>: Accept Deal<br>"
2861,"<b>[You]</b>: I would like to receive a refund, have the bad review of me retracted and i would want an apology for what has happened <br><b>[Other]</b>: Hi! There was no issue with the product and thus I am unable to offer a refund. I would also mot <br><b>[You]</b>: The item I ordered was for a Kobe Bryant jersey but I did not receive this which does mean there was an issue<br><b>[Other]</b>: The listing did not state you would receive a specific product! I would be willing to retract my bad review if you accept that you will not receive a refund and retract your review.<br><b>[You]</b>: That's not possible. I need a refund because my terminally ill nephew was really looking forward to receiving his jersey. Now he does not have anything usable. I need the refund so I can buy the jersey he wants. <br><b>[Other]</b>: The only way I would be able to offer a refund is you retract your bad review and apologise for this matter. <br><b>[You]</b>: If you offer me a refund I would be willing to retract my bad review as the issue will have been resolved. However I would not be willing to aplogize to you because it was clearly not my fault. Your site said it was selling a Kobe Bryant jersey. Only after I received my item did you change your website. I think offering to retract my bad review is generous of me.<br><b>[Other]</b>: My website has always said that the jersey is not player specific and it is very clearly stated in the description! To be offered a refund in this situation is a generous compromise on my part considering I will lose out on this sale and have had my reputation unfairly damaged by this poor review.<br><b>[You]</b>: I want a refund for the item because I definitely know that it stated Kobe Bryant and I need to buy a suitable jersey for my nephew. I would also like that you retract your bad review. However I'm willing to also remove the bad review from you and I won't expect an apology from you either since I understand mistakes happen. I won't be apologising either. <br><b>[Other]</b>: I am unwilling to retract my review, however, I am amenable to your terms otherwise!<br><b>[You]</b>: I don't see any reason why there should be a bad review on my account. I am absolutely certain that it said Kobe Bryant on the listing. If you don't retract my review then I will not be able to retract your review either which could hurt your future sales. <br><b>[Other]</b>: My listing clearly states that it is not player specific! Unfortunately, it feels as if you are attempting to extort me so as to have me remove the review. I can either offer a refund and retract my review in exchange for your retraction of your review and an apology. Otherwise, I can offer a refund and accept your retraction but will still keep my review. Thank you!<br><b>[You]</b>: Submitted agreement: Buyer gets full refund, seller retracted their review, buyer retracted their review, seller didn't apologize, and buyer did apologize.<br><b>[Other]</b>: Accept Deal<br>"
2863,"<b>[You]</b>: Hey there <br><b>[Other]</b>: Hey there, please what is your concern <br><b>[You]</b>: So i ordered a coffee machine 3 days ago and i was told i would receive it the next day but i have not received it to this day.<br><b>[Other]</b>: I understand your concern, but I clearly stated in my product description that all sales are final, and the item was not damaged when I shipped it<br><b>[You]</b>: And i understand that it wasn't damaged when you shipped it and am not there,  the issue at hand is that I have not received the package but when I track it says it was delivered.  Is there a way we could solve this quick please. <br><b>[Other]</b>: please make your response fast you keep me waiting for  too long I understand your frustration about not receiving your coffee machine on time. I'm willing to offer you store credit or a partial refund, but I cannot provide a full refund. I also expect you to retract your negative review, as it's unfair and harmful to my business. Let's work together to find a solution.<br><b>[You]</b>: Partial refund will do. Thank you for your response .<br><b>[Other]</b>: I will make the adjustments you also do yours<br><b>[You]</b>: Submitted agreement: Buyer gets partial refund, seller retracted their review, buyer retracted their review, seller did apologize, and buyer did apologize.<br><b>[Other]</b>: Accept Deal<br>"
2864,"<b>[You]</b>: Hi there, I received the incorrect jersey. I wanted a Kobe one but I got someone else's<br><b>[Other]</b>: Hi, I understand you're upset about the jersey. However, our website clearly states that the jersey is not for a specific player. It’s a general Lakers championship jersey. Let's discuss how we can resolve this.<br><b>[You]</b>: The description was altered after I brought it up. I'd like a refund as I only wanted the Kobe one.<br><b>[Other]</b>: I understand your concern, but our website has always said this jersey isn't specifically for Kobe Bryant. We don't give refunds for this type of item. However, I want to help. Maybe we can give you a discount on your next order or offer a different item from our store?<br><b>[You]</b>: I can't accept a discount on some next order. I can't buy another item only to be deceived again. I only bought the jersey for the name. I'd also like you to remove the negative review you put of me.<br><b>[Other]</b>: I get it, you wanted the Kobe jersey, but our website always said it's a general Lakers jersey. I can't give a refund, but we can talk about other options, like a partial refund or a different product. As for the review, I think it's important for other sellers to know about our experience, but let's find a solution we both agree on. What do you suggest we do next?<br><b>[You]</b>: You have to meet me halfway here. I am willing to remove the negative review of our interaction if you retract the negative review of me and apologise. I need a full refund.<br><b>[Other]</b>: I understand you want a resolution. While I can't offer a full refund, I'm willing to remove my review if you do the same. Let's find a compromise that works for both of us. How about a partial refund instead?<br><b>[You]</b>: Submitted agreement: Buyer gets partial refund, seller retracted their review, buyer retracted their review, seller didn't apologize, and buyer didn't apologize.<br><b>[Other]</b>: Accept Deal<br>"
2867,"<b>[You]</b>: Hi, I have recieved a product from your website that stated a particular player on the jersey. When I recieved the shirt it was not the correct player that I ordered and that your website stated. <br><b>[Other]</b>: Hello, I have looked at your order and you did not specify Kobe on your order, therefore as per the site rules we sent you the jersey ordered.<br><b>[You]</b>: The jersey description on your website at the time of ordering stated it was a Kobe jersey, which was why I made the initial purchase. The jersey was selected as a gift for a family member as this is his favourite player - this is not something I would have made a mistake on. Selling items that incorrectly described on your website is not allowed and as a result I would request a full refund. Your company can't be trusted as a seller if you are going to continue to ship out products that are different to what is described!<br><b>[Other]</b>: Whilst I understand your frustration, you have not actually stated what the site both says and has displayed. Whilst we fully appreciate your opinion, contacting us for a discussion before posting a negative review would have been preferable. We do sell our products with the utmost integrity and you are well within your rights to request a refund IF the product shipped to you was not what was requested. I have your order in front of mee and it od<br><b>[You]</b>: The order description on the website stated that it was a set Kobe design, which was why I selected it. If you are able to provide a full refund and remove the review from my page then I will return the favour and remove the review on your website also as this will show you are happy to rectify mistakes!<br><b>[Other]</b>: As a business who always seeks for happy customers, we would willingly offer a full refund, if you remove your review, we will remove ours. If we can agree on that I believe we can move forward positively.<br><b>[You]</b>: That would be perfect, thank you for confirm. For future reference it might be worth stating in your product descriptions that the product may vary in design with a range of players on offer.<br><b>[Other]</b>: Thank you for positive response, we will definitely take on board your suggestions.<br><b>[You]</b>: Submitted agreement: Buyer gets full refund, seller retracted their review, buyer retracted their review, seller didn't apologize, and buyer didn't apologize.<br><b>[Other]</b>: Reject Deal<br><b>[Other]</b>: Submitted agreement: Buyer gets full refund, seller retracted their review, buyer retracted their review, seller did apologize, and buyer did apologize.<br><b>[You]</b>: Accept Deal<br>"
2869,"<b>[You]</b>: Hi, I feel like we need to come to a deal with the miss selling of a product<br><b>[Other]</b>: Hi, I'm happy to help. What seems to be the issue?<br><b>[You]</b>: The top I have purchased seems to have the wrong name from what I ordered, this was meant to be a Kobe Bryant jersey and it has arrived with a different name.<br><b>[Other]</b>: It's possible an error was made at the point of order. I would be happy to offer a partial refund if you would like to keep the jersey?<br><b>[You]</b>: I feel like this may be a fair solution. I can look for a top else where. We have also left negative reviews of each other, would you be happy to correct that? <br><b>[Other]</b>: I would be happy to do that. I will retract my reviews, offer an apology for the mix-up and a partial refund. Would that be an acceptable solution?<br><b>[You]</b>: This seems more than fair to me. I can re adjust my reviews also and leave a fresh one. Based on that, I feel receiving a partial refund would be fine. I will retract my review if you do for me and I am also happy to apologise to you if you are willing to do the same for me?<br><b>[Other]</b>: I'm happy with all that. So to summarise: Partial refund, both reviews retracted and both apologise. Have a good day!<br><b>[You]</b>: Submitted agreement: Buyer gets partial refund, seller retracted their review, buyer retracted their review, seller did apologize, and buyer did apologize.<br><b>[Other]</b>: Accept Deal<br>"
2871,"<b>[You]</b>: Hello<br><b>[Other]</b>: Hi<br><b>[You]</b>: What are we supposed to be discussing here?<br><b>[Other]</b>: We are suppose to do a negotiation. I bought a product and I was not satisfied with the product so i am requesting for a refund<br><b>[You]</b>: Okay, so what is wrong with the product you are requesting a refund for?<br><b>[Other]</b>: The color and the design you sent to me was not the same as what was advertized on your platform<br><b>[You]</b>: I'm very sorry about that, I will refund your money back. <br><b>[Other]</b>: Thank you very much<br><b>[You]</b>: You're very much welcome. <br><b>[Other]</b>: Submitted agreement: Buyer gets full refund, seller retracted their review, buyer retracted their review, seller did apologize, and buyer did apologize.<br><b>[You]</b>: Accept Deal<br>"
2872,"<b>[You]</b>: Hi when i received my parcel it was broken<br><b>[Other]</b>: oh, that must have been a courier issue<br><b>[You]</b>: How can we solve this?<br><b>[Other]</b>: how damaged is it?<br><b>[You]</b>: badly damaged, can it be at least exchange<br><b>[Other]</b>: exchanging will cost a lot but what we can do is we can both bear the cost, so as to keep you as a customer<br><b>[You]</b>: ok not a problem, but i would suggest you change your courier company, as customers cannot be curtain that its not your fault<br><b>[Other]</b>: i understand, i will send it via another <br><b>[You]</b>: i would like an apology to finalize our deal<br><b>[Other]</b>: ok, not a problem. i will do that<br><b>[You]</b>: Submitted agreement: Buyer gets no refund, seller retracted their review, buyer retracted their review, seller did apologize, and buyer didn't apologize.<br><b>[Other]</b>: Accept Deal<br>"
2873,"<b>[You]</b>: Will like to seek a refund of the jersey that i purchase via their site because what i got wasnt what was delivery to me, while helping me with this, will compensate you from my end here too.<br><b>[Other]</b>: Hello there, hope all is well. We will have to check on our system first whether a mistake was made when delivering the jersey. Further information will be communicated. <br><b>[You]</b>: Okay, im sure i didn't make any mistake while ordering from your wonderful site. <br><b>[Other]</b>: We have identified that a mistake didn't occur. You received what you ordered on our site. Before we can authorize your refund, our delivery personnel will come collect the jersey for further inspection. <br><b>[You]</b>: Okay that fine by me will be expecting the  full refund, will also like to send proof of what i order through your site to the authority so they can look into it and take neccessary action..<br><b>[Other]</b>: Our delivery personnel will collect the item on Friday, please avail yourself. The item should be packaged in the same box as it was delivered and with the original proof of receipt. <br><b>[You]</b>: okay, will be expecting an apologies letter from the company and i will also write<br><b>[Other]</b>: If an error is identified after inspecting the item we will certainly write an apology letter as you are one of our valued customers. <br><b>[You]</b>: okay. kindly look into such error in the future<br><b>[Other]</b>: We will certainly do. We value your time and patience on this matter. The company will gladly offer you a refund as an error has been identified. <br><b>[You]</b>: Submitted agreement: Buyer gets full refund, seller retracted their review, buyer kept their review, seller did apologize, and buyer did apologize.<br><b>[Other]</b>: Accept Deal<br>"
2874,"<b>[You]</b>: Hi<br><b>[Other]</b>: Hello I hope you are well, how can I help?<br><b>[You]</b>: Hi, i bought an item which when received it isnt the item which was described on the website. How can this be resolved please?<br><b>[Other]</b>: Hi, I apologise for this - it does appear that the item you purchased describes the exact item received, were you aware of this prior to buying?<br><b>[You]</b>: Sorry this is incorrect. The main image and product description on the website stated the name of the player and a different item was delivered. For this reason can i have a refund? Can you retract the back review? And could i have an apology please?<br><b>[Other]</b>: Unfortunately, due to company policy, I can only offer a partial refund as I am a small business. I would be able to retract the bad review if you would be willing to retract yours. I would be happy to accept providing you with an apology if I could gain one in return. Many thanks<br><b>[You]</b>: I will accept a full refund and i will send the item back. If you agree to retract the bad review if you do as well? And for this agreement we won't need to apologize to each other. Is that ok?<br><b>[Other]</b>: Apologies, I cannot take the item back once used and as such I am willing to offer a partial refund as I am losing money by giving you the item. I am happy to retract the review as agreed. I feel as if it would be good for us to both apologise as life is too short to hold grudges as you are welcome to shop here again - I would never want to be on poor terms with a buyer. How does that sound?<br><b>[You]</b>: Ok i agree to these terms<br><b>[Other]</b>: That is fantastic, glad to hear it.<br><b>[You]</b>: Submitted agreement: Buyer gets partial refund, seller retracted their review, buyer retracted their review, seller did apologize, and buyer did apologize.<br><b>[Other]</b>: Accept Deal<br>"
2875,"<b>[You]</b>: My product arrived broken , I need a refund today.<br><b>[Other]</b>: No refund will be given as the product was in perfect condition. This is extortion. <br><b>[You]</b>: I have no reason to lie. I have purchased more than once here and have been a good customer, so why would I lie today? I need a refund. <br><b>[Other]</b>: We still maintain that the product delivered was in perfect condition. There is no evidence of the contrary. As a result, there won't be any refund given. <br><b>[You]</b>: So if that's the case, why did you run to your blog to post negative comment about me? Can that comment be removed! And what am I getting if you are saying there won't be aby refund? I am asking as a loyal customer who always purchase here and this time, unfortunately I got a broken product.<br><b>[Other]</b>: The negative response on our blog reflects the how the transaction went. You as customer tried to extort money from us, which is unfair customer practice. We stand by what was said in our statement. <br><b>[You]</b>: I do not appreciate how you paint me as a fraudster! I need an apology this is not how you talk to your customers who have been supporting you from day 1.<br><b>[Other]</b>: Evidence speaks volume in the case. Unfortunately, there is not evidence to back your claims except tarnishing the good name of our business. <br><b>[You]</b>: So I am not receiving apology? I am not getting any refund? My name is not removed on your blog? is that what we call business skill management? Not wanting to keep peace with your regular customers?<br><b>[Other]</b>: The best we can do is removing our bad review on the blog only if you apologize and retract your claim.<br><b>[You]</b>: I apologize and I will remove the bad review. Can I get an apology from you too?<br><b>[Other]</b>: Unfortunately there is no reason that warrants an apology in this case. We appreciate your concession and hope you will continue to support our business. After all we take pride in our delivery and customer experience<br><b>[You]</b>: Submitted agreement: Buyer gets no refund, seller retracted their review, buyer retracted their review, seller didn't apologize, and buyer did apologize.<br><b>[Other]</b>: Accept Deal<br>"
2878,"<b>[You]</b>: Hello i requesting for a partial refund and an apology <br><b>[Other]</b>: Hello,

Thank you for reaching out. As stated in our policy, all sales are final, and the item description was clear. Therefore, we cannot offer a partial refund or an apology. We appreciate your understanding.

Best regards<br><b>[You]</b>: But you were in the wrong here how can that be final?<br><b>[Other]</b>: I understand your concern, but the item description was accurate and clearly stated. Our policy of all sales being final ensures fairness and consistency for all customers. Thank you for your understanding.<br><b>[You]</b>: The order received was not the one that i purchased and the least you could do is refund partial refund and apology. Thats all im asking from you<br><b>[Other]</b>: I'm sorry to hear about the issue. Could you please provide your order number so I can look into this further for you?<br><b>[You]</b>: Thank you for being so understanding . My order number is: 12345<br><b>[Other]</b>: Thank you for your patience. I apologize for any confusion or inconvenience caused. As a gesture of goodwill, I can offer you a 50% partial refund<br><b>[You]</b>: Submitted agreement: Buyer gets partial refund, seller retracted their review, buyer kept their review, seller did apologize, and buyer didn't apologize.<br><b>[Other]</b>: Accept Deal<br>"
2881,"<b>[You]</b>: Hey, I received my order and I'm not happy at all<br><b>[Other]</b>: Can you explain the issue please?<br><b>[You]</b>: I received what was not displayed on your website<br><b>[Other]</b>: ok, let me help witth that. Did you purchase a specific item and received something different?<br><b>[You]</b>: Yes, that's correct. <br><b>[Other]</b>: what would you like me to do for you. I can send the correct item out straight away and arrange collection of the incorrect one. Does that sound ok?<br><b>[You]</b>: It does sound okay to me. Thank you so much for that. So when should I expect my item?<br><b>[Other]</b>: I will despatch it today so you should get it tomorrow. The courier will pick up the incorrect one so could you put it back in the package for transit please?<br><b>[You]</b>: I will definitely do so.<br><b>[Other]</b>: I hope I have solved your problem to your satisfaction. If you have lleft any bad review anywhere I'd appreciate it if you could withdraw that.<br><b>[You]</b>: I will correct that soon.<br><b>[Other]</b>: That is much appreciated, thank you. I'm soory about the mix up and I hope it doesn't deter you from shopping with us again?<br><b>[You]</b>: Everyone makes mistakes, so I totally accept your apology<br><b>[Other]</b>: Thank you. I will ensure that I leave a good review for you as a buyer.<br><b>[You]</b>: Okay, thank you.<br><b>[Other]</b>: You have a good day now and I look forward to seeing you back on our website soon!<br><b>[You]</b>: Submitted agreement: Buyer gets no refund, seller retracted their review, buyer retracted their review, seller did apologize, and buyer did apologize.<br><b>[Other]</b>: Accept Deal<br>"
2889,"<b>[You]</b>: Hi there, thank you for sending the baseball shirt although it is in great condition it is not exactly as advertised (it is not a Kobe Brynt shirt). This was bought for my terminally ill relative and this is a great disappointment to him. Would you kindly refund me for this and I will return it at my own cost.<br><b>[Other]</b>: Hi there. Thank you for reaching out. Did you not perhaps see what was exactly advertised on our website?<br><b>[You]</b>: I did see the listing and it was clearly selling the shirt with Kobe's name on it, hence my purchase. I know this as I was specifically looking for a shirt with his name on as it is my little nephews favourite player and so specifically purchased for this reason. I do appreciate that we have both left negative feedback for each other and so if you refund me and I return it at my own cost then we could both maybe review the feedback we have both left? <br><b>[Other]</b>: I totally understand. I would like to apologise for any inconvenice this may have caused. You may return it. Thank you.<br><b>[You]</b>: This is great thank you, I apologise too if I misread the original listing so as we still need to send three messages after this one if you tell me what you will change my feedback to, I will do the same for you?<br><b>[Other]</b>: No problem. It happens sometimes. It will be a positive one, no need to worry about it. I however, cannot get into it.<br><b>[You]</b>: Cool no problem, so just to clarify, you will refund me, I will send the item back at my own expense and we both amend the feedback we have both left. Are you happy with this out come?<br><b>[Other]</b>: I will refund you after you have sent the item back and there will not be any need for  a negative feedback therefore I am happy with the outcome.<br><b>[You]</b>: Great thanks for this outcome, enjoy the rest of your day and I will get the item posted out to you today. Cheers<br><b>[Other]</b>: Submitted agreement: Buyer gets full refund, seller retracted their review, buyer retracted their review, seller did apologize, and buyer did apologize.<br><b>[You]</b>: Accept Deal<br>"
